qwen-run-20260923T053154Z-PF12hU: 42 tasks, modes ['regular', 'lazy']
[1/42] astropy__astropy-12907 regular
minisweagent.environment: DEBUG: Starting container with command: docker run -d --name   
minisweagent-1149aca2 -w /testbed --rm                                                   
docker.io/swebench/sweb.eval.x86_64.astropy_1776_astropy-12907:latest sleep 2h           
minisweagent.environment: INFO: Started container minisweagent-1149aca2 with ID          
e60f182fe2407436d58e365838d29b0166ced39378218cf18509b5df933189bd                         
  [regular] call 1 step 1: 0.328s (orig 0.213s) rc=1 demoted=0.0MiB read=47.4MiB
  [regular] call 2 step 1: 0.204s (orig 0.205s) rc=0 demoted=0.0MiB read=0.0MiB
  [regular] call 3 step 2: 0.181s (orig 0.184s) rc=0 demoted=0.0MiB read=0.1MiB
  [regular] call 4 step 3: 0.183s (orig 0.189s) rc=0 demoted=0.0MiB read=0.0MiB
  [regular] call 5 step 4: 1.375s (orig 1.172s) rc=0 demoted=0.0MiB read=146.7MiB
  [regular] call 6 step 5: 0.182s (orig 0.185s) rc=0 demoted=0.0MiB read=0.0MiB
  [regular] call 7 step 6: 0.187s (orig 0.193s) rc=0 demoted=0.0MiB read=0.0MiB
  [regular] call 8 step 7: 0.710s (orig 0.700s) rc=0 demoted=0.0MiB read=0.0MiB
  [regular] call 9 step 8: 0.197s (orig 0.189s) rc=0 demoted=0.0MiB read=26.8MiB
  [regular] call 10 step 9: 0.180s (orig 0.187s) rc=0 demoted=0.0MiB read=0.0MiB
  [regular] call 11 step 10: 0.182s (orig 0.183s) rc=0 demoted=0.0MiB read=0.0MiB
[1/42] astropy__astropy-12907 regular: total=3.908935599 orig=3.598161577 mismatches=10 err=None
[1/42] astropy__astropy-12907 lazy
minisweagent.environment: DEBUG: Starting container with command: docker run -d --name   
minisweagent-1f17abbf -w /testbed --rm                                                   
docker.io/swebench/sweb.eval.x86_64.astropy_1776_astropy-12907:latest sleep 2h           
minisweagent.environment: INFO: Started container minisweagent-1f17abbf with ID          
48a0292e7149c6c74849e8c6372c42eed4274141df99aff401e6df388da4d2a3                         
  [lazy] call 1 step 1: 0.328s (orig 0.213s) rc=1 demoted=3.5MiB read=51.4MiB
  [lazy] call 2 step 1: 0.329s (orig 0.205s) rc=0 demoted=26.6MiB read=51.0MiB
  [lazy] call 3 step 2: 0.255s (orig 0.184s) rc=0 demoted=25.9MiB read=43.8MiB
  [lazy] call 4 step 3: 0.256s (orig 0.189s) rc=0 demoted=23.5MiB read=43.3MiB
  [lazy] call 5 step 4: 1.452s (orig 1.172s) rc=0 demoted=22.3MiB read=191.0MiB
  [lazy] call 6 step 5: 0.261s (orig 0.185s) rc=0 demoted=102.5MiB read=43.3MiB
  [lazy] call 7 step 6: 0.261s (orig 0.193s) rc=0 demoted=22.3MiB read=43.2MiB
  [lazy] call 8 step 7: 0.974s (orig 0.700s) rc=0 demoted=22.4MiB read=189.0MiB
  [lazy] call 9 step 8: 0.271s (orig 0.189s) rc=0 demoted=96.4MiB read=71.7MiB
  [lazy] call 10 step 9: 0.253s (orig 0.187s) rc=0 demoted=36.4MiB read=43.6MiB
  [lazy] call 11 step 10: 0.259s (orig 0.183s) rc=0 demoted=22.2MiB read=43.8MiB
[1/42] astropy__astropy-12907 lazy: total=4.899313119 orig=3.598161577 mismatches=10 err=None
[2/42] astropy__astropy-13033 regular
minisweagent.environment: DEBUG: Starting container with command: docker run -d --name   
minisweagent-429b9945 -w /testbed --rm                                                   
docker.io/swebench/sweb.eval.x86_64.astropy_1776_astropy-13033:latest sleep 2h           
minisweagent.environment: INFO: Started container minisweagent-429b9945 with ID          
7180af6d5ca921b30f652028e665efaec9d94104f241f5b94b144f9f4207b916                         
  [regular] call 1 step 1: 0.304s (orig 0.199s) rc=0 demoted=0.0MiB read=46.8MiB
  [regular] call 2 step 2: 0.184s (orig 0.188s) rc=1 demoted=0.0MiB read=0.0MiB
  [regular] call 3 step 3: 0.186s (orig 0.181s) rc=0 demoted=0.0MiB read=0.0MiB
  [regular] call 4 step 4: 0.185s (orig 0.182s) rc=0 demoted=0.0MiB read=0.1MiB
  [regular] call 5 step 5: 0.183s (orig 0.184s) rc=0 demoted=0.0MiB read=0.0MiB
  [regular] call 6 step 6: 0.191s (orig 0.182s) rc=0 demoted=0.0MiB read=0.0MiB
  [regular] call 7 step 7: 0.181s (orig 0.179s) rc=0 demoted=0.0MiB read=0.0MiB
  [regular] call 8 step 8: 0.186s (orig 0.182s) rc=0 demoted=0.0MiB read=0.0MiB
  [regular] call 9 step 9: 0.183s (orig 0.180s) rc=0 demoted=0.0MiB read=0.0MiB
  [regular] call 10 step 10: 0.225s (orig 0.210s) rc=1 demoted=0.0MiB read=14.3MiB
  [regular] call 11 step 11: 0.184s (orig 0.180s) rc=0 demoted=0.0MiB read=0.1MiB
  [regular] call 12 step 12: 1.075s (orig 0.922s) rc=1 demoted=0.0MiB read=124.6MiB
  [regular] call 13 step 15: 0.185s (orig 0.186s) rc=1 demoted=0.0MiB read=0.6MiB
  [regular] call 14 step 16: 0.192s (orig 0.182s) rc=0 demoted=0.0MiB read=0.0MiB
  [regular] call 15 step 17: 0.183s (orig 0.178s) rc=0 demoted=0.0MiB read=0.0MiB
  [regular] call 16 step 18: 0.208s (orig 0.203s) rc=0 demoted=0.0MiB read=0.0MiB
  [regular] call 17 step 19: 0.185s (orig 0.178s) rc=1 demoted=0.0MiB read=0.0MiB
  [regular] call 18 step 20: 0.180s (orig 0.184s) rc=0 demoted=0.0MiB read=0.0MiB
  [regular] call 19 step 21: 0.184s (orig 0.184s) rc=1 demoted=0.0MiB read=0.0MiB
  [regular] call 20 step 22: 0.187s (orig 0.180s) rc=0 demoted=0.0MiB read=0.0MiB
  [regular] call 21 step 23: 0.211s (orig 0.206s) rc=1 demoted=0.0MiB read=0.0MiB
  [regular] call 22 step 24: 0.181s (orig 0.183s) rc=0 demoted=0.0MiB read=0.0MiB
  [regular] call 23 step 25: 0.209s (orig 0.203s) rc=1 demoted=0.0MiB read=0.0MiB
  [regular] call 24 step 26: 0.184s (orig 0.185s) rc=0 demoted=0.0MiB read=0.0MiB
  [regular] call 25 step 27: 0.208s (orig 0.205s) rc=0 demoted=0.0MiB read=0.0MiB
  [regular] call 26 step 28: 0.183s (orig 0.181s) rc=0 demoted=0.0MiB read=0.0MiB
  [regular] call 27 step 29: 0.192s (orig 0.185s) rc=1 demoted=0.0MiB read=0.0MiB
  [regular] call 28 step 30: 0.182s (orig 0.183s) rc=0 demoted=0.0MiB read=0.0MiB
  [regular] call 29 step 31: 0.210s (orig 0.206s) rc=0 demoted=0.0MiB read=0.0MiB
  [regular] call 30 step 32: 0.183s (orig 0.187s) rc=0 demoted=0.0MiB read=0.0MiB
  [regular] call 31 step 33: 0.185s (orig 0.180s) rc=0 demoted=0.0MiB read=0.0MiB
  [regular] call 32 step 34: 0.207s (orig 0.200s) rc=1 demoted=0.0MiB read=0.0MiB
  [regular] call 33 step 35: 0.188s (orig 0.180s) rc=0 demoted=0.0MiB read=0.0MiB
  [regular] call 34 step 36: 0.211s (orig 0.212s) rc=0 demoted=0.0MiB read=0.0MiB
  [regular] call 35 step 37: 0.186s (orig 0.183s) rc=0 demoted=0.0MiB read=0.0MiB
  [regular] call 36 step 38: 0.599s (orig 0.581s) rc=1 demoted=0.0MiB read=0.0MiB
  [regular] call 37 step 39: 0.198s (orig 0.183s) rc=0 demoted=0.0MiB read=27.1MiB
  [regular] call 38 step 40: 0.185s (orig 0.176s) rc=0 demoted=0.0MiB read=0.0MiB
  [regular] call 39 step 41: 0.187s (orig 0.181s) rc=0 demoted=0.0MiB read=0.0MiB
[2/42] astropy__astropy-13033 regular: total=8.858957932 orig=8.444148615000001 mismatches=38 err=None
[2/42] astropy__astropy-13033 lazy
minisweagent.environment: DEBUG: Starting container with command: docker run -d --name   
minisweagent-9f8b01ca -w /testbed --rm                                                   
docker.io/swebench/sweb.eval.x86_64.astropy_1776_astropy-13033:latest sleep 2h           
minisweagent.environment: INFO: Started container minisweagent-9f8b01ca with ID          
bf86ba77e40172023278fec385ecd108b51e378e32b1208ebe8e3d3aaa88f4ab                         
  [lazy] call 1 step 1: 0.302s (orig 0.199s) rc=0 demoted=3.1MiB read=51.4MiB
  [lazy] call 2 step 2: 0.261s (orig 0.188s) rc=1 demoted=26.5MiB read=46.5MiB
  [lazy] call 3 step 3: 0.259s (orig 0.181s) rc=0 demoted=23.5MiB read=45.8MiB
  [lazy] call 4 step 4: 0.264s (orig 0.182s) rc=0 demoted=23.3MiB read=45.8MiB
  [lazy] call 5 step 5: 0.257s (orig 0.184s) rc=0 demoted=23.9MiB read=45.7MiB
  [lazy] call 6 step 6: 0.256s (orig 0.182s) rc=0 demoted=23.4MiB read=45.8MiB
  [lazy] call 7 step 7: 0.260s (orig 0.179s) rc=0 demoted=23.5MiB read=45.8MiB
  [lazy] call 8 step 8: 0.259s (orig 0.182s) rc=0 demoted=23.2MiB read=45.8MiB
  [lazy] call 9 step 9: 0.255s (orig 0.180s) rc=0 demoted=23.4MiB read=44.5MiB
  [lazy] call 10 step 10: 0.305s (orig 0.210s) rc=1 demoted=22.7MiB read=58.7MiB
  [lazy] call 11 step 11: 0.255s (orig 0.180s) rc=0 demoted=29.6MiB read=44.6MiB
  [lazy] call 12 step 12: 1.181s (orig 0.922s) rc=1 demoted=22.8MiB read=184.4MiB
  [lazy] call 13 step 15: 0.263s (orig 0.186s) rc=1 demoted=97.3MiB read=47.2MiB
  [lazy] call 14 step 16: 0.257s (orig 0.182s) rc=0 demoted=24.3MiB read=45.8MiB
  [lazy] call 15 step 17: 0.257s (orig 0.178s) rc=0 demoted=23.4MiB read=44.6MiB
  [lazy] call 16 step 18: 0.302s (orig 0.203s) rc=0 demoted=22.7MiB read=58.7MiB
  [lazy] call 17 step 19: 0.259s (orig 0.178s) rc=1 demoted=29.7MiB read=44.8MiB
  [lazy] call 18 step 20: 0.259s (orig 0.184s) rc=0 demoted=23.0MiB read=45.8MiB
  [lazy] call 19 step 21: 0.261s (orig 0.184s) rc=1 demoted=23.4MiB read=47.1MiB
  [lazy] call 20 step 22: 0.258s (orig 0.180s) rc=0 demoted=24.2MiB read=44.6MiB
  [lazy] call 21 step 23: 0.295s (orig 0.206s) rc=1 demoted=22.8MiB read=58.7MiB
  [lazy] call 22 step 24: 0.258s (orig 0.183s) rc=0 demoted=29.6MiB read=44.6MiB
  [lazy] call 23 step 25: 0.297s (orig 0.203s) rc=1 demoted=22.8MiB read=58.6MiB
  [lazy] call 24 step 26: 0.261s (orig 0.185s) rc=0 demoted=29.6MiB read=44.6MiB
  [lazy] call 25 step 27: 0.299s (orig 0.205s) rc=0 demoted=22.9MiB read=58.6MiB
  [lazy] call 26 step 28: 0.256s (orig 0.181s) rc=0 demoted=29.7MiB read=45.0MiB
  [lazy] call 27 step 29: 0.259s (orig 0.185s) rc=1 demoted=23.2MiB read=47.1MiB
  [lazy] call 28 step 30: 0.259s (orig 0.183s) rc=0 demoted=24.1MiB read=44.6MiB
  [lazy] call 29 step 31: 0.298s (orig 0.206s) rc=0 demoted=23.0MiB read=58.6MiB
  [lazy] call 30 step 32: 0.265s (orig 0.187s) rc=0 demoted=30.1MiB read=46.5MiB
  [lazy] call 31 step 33: 0.255s (orig 0.180s) rc=0 demoted=23.5MiB read=44.6MiB
  [lazy] call 32 step 34: 0.304s (orig 0.200s) rc=1 demoted=23.0MiB read=58.7MiB
  [lazy] call 33 step 35: 0.257s (orig 0.180s) rc=0 demoted=29.6MiB read=44.6MiB
  [lazy] call 34 step 36: 0.299s (orig 0.212s) rc=0 demoted=22.9MiB read=58.7MiB
  [lazy] call 35 step 37: 0.256s (orig 0.183s) rc=0 demoted=29.8MiB read=45.8MiB
  [lazy] call 36 step 38: 0.828s (orig 0.581s) rc=1 demoted=23.5MiB read=183.0MiB
  [lazy] call 37 step 39: 0.275s (orig 0.183s) rc=0 demoted=97.2MiB read=73.0MiB
  [lazy] call 38 step 40: 0.259s (orig 0.176s) rc=0 demoted=38.0MiB read=43.7MiB
  [lazy] call 39 step 41: 0.252s (orig 0.181s) rc=0 demoted=23.3MiB read=43.5MiB
[2/42] astropy__astropy-13033 lazy: total=11.961098832000001 orig=8.444148615000001 mismatches=38 err=None
[3/42] astropy__astropy-13236 regular
minisweagent.environment: DEBUG: Starting container with command: docker run -d --name   
minisweagent-2b5c01c9 -w /testbed --rm                                                   
docker.io/swebench/sweb.eval.x86_64.astropy_1776_astropy-13236:latest sleep 2h           
minisweagent.environment: INFO: Started container minisweagent-2b5c01c9 with ID          
ff8996ea12d0966fa9bb722c6b6465d11eaeae74868fea443f8dcbc7cf16db70                         
  [regular] call 1 step 1: 0.303s (orig 0.199s) rc=0 demoted=0.0MiB read=46.5MiB
  [regular] call 2 step 2: 0.355s (orig 0.222s) rc=0 demoted=0.0MiB read=28.1MiB
  [regular] call 3 step 3: 0.188s (orig 0.174s) rc=0 demoted=0.0MiB read=0.0MiB
  [regular] call 4 step 4: 0.182s (orig 0.178s) rc=0 demoted=0.0MiB read=0.5MiB
  [regular] call 5 step 5: 0.183s (orig 0.175s) rc=0 demoted=0.0MiB read=0.1MiB
  [regular] call 6 step 6: 0.189s (orig 0.182s) rc=0 demoted=0.0MiB read=0.0MiB
  [regular] call 7 step 7: 0.187s (orig 0.181s) rc=0 demoted=0.0MiB read=0.0MiB
  [regular] call 8 step 8: 0.205s (orig 0.188s) rc=0 demoted=0.0MiB read=27.1MiB
  [regular] call 9 step 9: 0.190s (orig 0.181s) rc=0 demoted=0.0MiB read=0.0MiB
  [regular] call 10 step 10: 0.201s (orig 0.192s) rc=0 demoted=0.0MiB read=3.9MiB
  [regular] call 11 step 11: 0.191s (orig 0.181s) rc=0 demoted=0.0MiB read=0.0MiB
  [regular] call 12 step 12: 0.194s (orig 0.186s) rc=1 demoted=0.0MiB read=0.0MiB
  [regular] call 13 step 13: 0.493s (orig 0.387s) rc=0 demoted=0.0MiB read=63.4MiB
  [regular] call 14 step 14: 0.208s (orig 0.196s) rc=0 demoted=0.0MiB read=0.1MiB
  [regular] call 15 step 15: 0.188s (orig 0.180s) rc=0 demoted=0.0MiB read=0.0MiB
  [regular] call 16 step 16: 0.190s (orig 0.189s) rc=0 demoted=0.0MiB read=0.0MiB
  [regular] call 17 step 17: 0.187s (orig 0.182s) rc=0 demoted=0.0MiB read=0.0MiB
[3/42] astropy__astropy-13236 regular: total=3.834756369 orig=3.373232304 mismatches=16 err=None
[3/42] astropy__astropy-13236 lazy
minisweagent.environment: DEBUG: Starting container with command: docker run -d --name   
minisweagent-952dfb71 -w /testbed --rm                                                   
docker.io/swebench/sweb.eval.x86_64.astropy_1776_astropy-13236:latest sleep 2h           
minisweagent.environment: INFO: Started container minisweagent-952dfb71 with ID          
1b1ae6b7749e4b75a8d47a30839605b7112b4c6c621058e0616a4c58d1b6cd8a                         
  [lazy] call 1 step 1: 0.301s (orig 0.199s) rc=0 demoted=3.0MiB read=51.0MiB
  [lazy] call 2 step 2: 0.470s (orig 0.222s) rc=0 demoted=26.0MiB read=79.1MiB
  [lazy] call 3 step 3: 0.261s (orig 0.174s) rc=0 demoted=40.3MiB read=47.0MiB
  [lazy] call 4 step 4: 0.268s (orig 0.178s) rc=0 demoted=23.8MiB read=47.3MiB
  [lazy] call 5 step 5: 0.256s (orig 0.175s) rc=0 demoted=25.1MiB read=44.5MiB
  [lazy] call 6 step 6: 0.249s (orig 0.182s) rc=0 demoted=23.4MiB read=43.1MiB
  [lazy] call 7 step 7: 0.250s (orig 0.181s) rc=0 demoted=22.8MiB read=42.7MiB
  [lazy] call 8 step 8: 0.263s (orig 0.188s) rc=0 demoted=21.9MiB read=69.7MiB
  [lazy] call 9 step 9: 0.260s (orig 0.181s) rc=0 demoted=35.4MiB read=45.1MiB
  [lazy] call 10 step 10: 0.282s (orig 0.192s) rc=0 demoted=23.9MiB read=76.0MiB
  [lazy] call 11 step 11: 0.256s (orig 0.181s) rc=0 demoted=39.1MiB read=45.1MiB
  [lazy] call 12 step 12: 0.282s (orig 0.186s) rc=1 demoted=23.1MiB read=78.2MiB
  [lazy] call 13 step 13: 0.612s (orig 0.387s) rc=0 demoted=40.7MiB read=169.6MiB
  [lazy] call 14 step 14: 0.286s (orig 0.196s) rc=0 demoted=91.6MiB read=78.4MiB
  [lazy] call 15 step 15: 0.262s (orig 0.180s) rc=0 demoted=39.9MiB read=46.5MiB
  [lazy] call 16 step 16: 0.274s (orig 0.189s) rc=0 demoted=23.9MiB read=73.9MiB
  [lazy] call 17 step 17: 0.257s (orig 0.182s) rc=0 demoted=37.8MiB read=45.1MiB
[3/42] astropy__astropy-13236 lazy: total=5.089493435 orig=3.373232304 mismatches=16 err=None
[4/42] astropy__astropy-13398 regular
minisweagent.environment: DEBUG: Starting container with command: docker run -d --name   
minisweagent-5cd35e67 -w /testbed --rm                                                   
docker.io/swebench/sweb.eval.x86_64.astropy_1776_astropy-13398:latest sleep 2h           
minisweagent.environment: INFO: Started container minisweagent-5cd35e67 with ID          
4fea6379038c0e553d4f2893b4bd4cf10e64bc9557755e51866ba4e55c8d2a09                         
  [regular] call 1 step 1: 0.315s (orig 0.202s) rc=0 demoted=0.0MiB read=47.1MiB
  [regular] call 2 step 2: 0.184s (orig 0.179s) rc=0 demoted=0.0MiB read=0.1MiB
  [regular] call 3 step 3: 0.180s (orig 0.179s) rc=0 demoted=0.0MiB read=0.0MiB
  [regular] call 4 step 4: 0.179s (orig 0.179s) rc=0 demoted=0.0MiB read=0.0MiB
  [regular] call 5 step 5: 0.360s (orig 0.225s) rc=0 demoted=0.0MiB read=28.2MiB
  [regular] call 6 step 6: 0.181s (orig 0.176s) rc=0 demoted=0.0MiB read=0.0MiB
  [regular] call 7 step 7: 0.230s (orig 0.230s) rc=0 demoted=0.0MiB read=0.0MiB
  [regular] call 8 step 8: 0.200s (orig 0.191s) rc=0 demoted=0.0MiB read=0.0MiB
  [regular] call 9 step 9: 0.183s (orig 0.184s) rc=0 demoted=0.0MiB read=0.0MiB
  [regular] call 10 step 10: 0.230s (orig 0.226s) rc=0 demoted=0.0MiB read=0.0MiB
  [regular] call 11 step 11: 0.181s (orig 0.181s) rc=0 demoted=0.0MiB read=0.0MiB
  [regular] call 12 step 12: 0.223s (orig 0.221s) rc=0 demoted=0.0MiB read=0.0MiB
  [regular] call 13 step 13: 0.182s (orig 0.175s) rc=0 demoted=0.0MiB read=0.0MiB
  [regular] call 14 step 14: 0.229s (orig 0.230s) rc=0 demoted=0.0MiB read=0.0MiB
  [regular] call 15 step 15: 0.229s (orig 0.229s) rc=0 demoted=0.0MiB read=0.0MiB
  [regular] call 16 step 16: 0.223s (orig 0.218s) rc=0 demoted=0.0MiB read=0.0MiB
  [regular] call 17 step 17: 0.236s (orig 0.225s) rc=0 demoted=0.0MiB read=0.0MiB
  [regular] call 18 step 18: 0.182s (orig 0.179s) rc=0 demoted=0.0MiB read=0.0MiB
  [regular] call 19 step 19: 0.186s (orig 0.178s) rc=0 demoted=0.0MiB read=0.0MiB
  [regular] call 20 step 20: 0.187s (orig 0.179s) rc=0 demoted=0.0MiB read=0.4MiB
  [regular] call 21 step 21: 0.179s (orig 0.180s) rc=0 demoted=0.0MiB read=0.0MiB
  [regular] call 22 step 22: 0.200s (orig 0.181s) rc=0 demoted=0.0MiB read=27.3MiB
  [regular] call 23 step 23: 0.180s (orig 0.177s) rc=0 demoted=0.0MiB read=0.0MiB
  [regular] call 24 step 24: 0.183s (orig 0.186s) rc=0 demoted=0.0MiB read=0.0MiB
  [regular] call 25 step 25: 0.421s (orig 0.344s) rc=0 demoted=0.0MiB read=48.3MiB
  [regular] call 26 step 26: 0.180s (orig 0.181s) rc=0 demoted=0.0MiB read=0.1MiB
  [regular] call 27 step 27: 0.176s (orig 0.186s) rc=0 demoted=0.0MiB read=0.0MiB
  [regular] call 28 step 28: 0.187s (orig 0.183s) rc=0 demoted=0.0MiB read=0.0MiB
  [regular] call 29 step 29: 0.179s (orig 0.181s) rc=0 demoted=0.0MiB read=0.0MiB
  [regular] call 30 step 30: 0.187s (orig 0.182s) rc=1 demoted=0.0MiB read=0.3MiB
  [regular] call 31 step 31: 0.182s (orig 0.181s) rc=0 demoted=0.0MiB read=0.0MiB
  [regular] call 32 step 32: 0.183s (orig 0.176s) rc=0 demoted=0.0MiB read=0.0MiB
[4/42] astropy__astropy-13398 regular: total=6.738662292 orig=6.324269662000001 mismatches=31 err=None
[4/42] astropy__astropy-13398 lazy
minisweagent.environment: DEBUG: Starting container with command: docker run -d --name   
minisweagent-0bfb44a9 -w /testbed --rm                                                   
docker.io/swebench/sweb.eval.x86_64.astropy_1776_astropy-13398:latest sleep 2h           
minisweagent.environment: INFO: Started container minisweagent-0bfb44a9 with ID          
1a03a734e3f1c5302176a4a1f2eed075b67b98dfd6b07363c2b8be4dad362de7                         
  [lazy] call 1 step 1: 0.318s (orig 0.202s) rc=0 demoted=3.7MiB read=52.4MiB
  [lazy] call 2 step 2: 0.257s (orig 0.179s) rc=0 demoted=26.7MiB read=45.6MiB
  [lazy] call 3 step 3: 0.260s (orig 0.179s) rc=0 demoted=23.3MiB read=45.4MiB
  [lazy] call 4 step 4: 0.263s (orig 0.179s) rc=0 demoted=23.3MiB read=45.3MiB
  [lazy] call 5 step 5: 0.468s (orig 0.225s) rc=0 demoted=23.0MiB read=79.2MiB
  [lazy] call 6 step 6: 0.258s (orig 0.176s) rc=0 demoted=40.4MiB read=45.4MiB
  [lazy] call 7 step 7: 0.469s (orig 0.230s) rc=0 demoted=23.2MiB read=79.4MiB
  [lazy] call 8 step 8: 0.303s (orig 0.191s) rc=0 demoted=43.7MiB read=49.4MiB
  [lazy] call 9 step 9: 0.257s (orig 0.184s) rc=0 demoted=25.0MiB read=45.4MiB
  [lazy] call 10 step 10: 0.469s (orig 0.226s) rc=0 demoted=23.1MiB read=79.5MiB
  [lazy] call 11 step 11: 0.264s (orig 0.181s) rc=0 demoted=40.9MiB read=46.0MiB
  [lazy] call 12 step 12: 0.467s (orig 0.221s) rc=0 demoted=23.3MiB read=79.4MiB
  [lazy] call 13 step 13: 0.251s (orig 0.175s) rc=0 demoted=42.6MiB read=44.0MiB
  [lazy] call 14 step 14: 0.466s (orig 0.230s) rc=0 demoted=22.6MiB read=77.3MiB
  [lazy] call 15 step 15: 0.468s (orig 0.229s) rc=0 demoted=39.6MiB read=79.5MiB
  [lazy] call 16 step 16: 0.461s (orig 0.218s) rc=0 demoted=40.5MiB read=79.5MiB
  [lazy] call 17 step 17: 0.477s (orig 0.225s) rc=0 demoted=40.4MiB read=79.4MiB
  [lazy] call 18 step 18: 0.256s (orig 0.179s) rc=0 demoted=41.0MiB read=45.4MiB
  [lazy] call 19 step 19: 0.257s (orig 0.178s) rc=0 demoted=23.2MiB read=45.5MiB
  [lazy] call 20 step 20: 0.264s (orig 0.179s) rc=0 demoted=23.3MiB read=47.2MiB
  [lazy] call 21 step 21: 0.265s (orig 0.180s) rc=0 demoted=24.2MiB read=45.4MiB
  [lazy] call 22 step 22: 0.270s (orig 0.181s) rc=0 demoted=23.2MiB read=73.8MiB
  [lazy] call 23 step 23: 0.256s (orig 0.177s) rc=0 demoted=37.6MiB read=45.4MiB
  [lazy] call 24 step 24: 0.261s (orig 0.186s) rc=0 demoted=23.1MiB read=47.3MiB
  [lazy] call 25 step 25: 0.557s (orig 0.344s) rc=0 demoted=24.3MiB read=152.3MiB
  [lazy] call 26 step 26: 0.255s (orig 0.181s) rc=0 demoted=80.8MiB read=43.4MiB
  [lazy] call 27 step 27: 0.256s (orig 0.186s) rc=0 demoted=22.2MiB read=45.1MiB
  [lazy] call 28 step 28: 0.271s (orig 0.183s) rc=0 demoted=23.0MiB read=73.8MiB
  [lazy] call 29 step 29: 0.252s (orig 0.181s) rc=0 demoted=38.2MiB read=42.9MiB
  [lazy] call 30 step 30: 0.258s (orig 0.182s) rc=1 demoted=22.0MiB read=45.5MiB
  [lazy] call 31 step 31: 0.259s (orig 0.181s) rc=0 demoted=23.3MiB read=45.2MiB
  [lazy] call 32 step 32: 0.257s (orig 0.176s) rc=0 demoted=23.1MiB read=45.3MiB
[4/42] astropy__astropy-13398 lazy: total=10.369068138 orig=6.324269662000001 mismatches=31 err=None
[5/42] astropy__astropy-13453 regular
minisweagent.environment: DEBUG: Starting container with command: docker run -d --name   
minisweagent-ef638596 -w /testbed --rm                                                   
docker.io/swebench/sweb.eval.x86_64.astropy_1776_astropy-13453:latest sleep 2h           
minisweagent.environment: INFO: Started container minisweagent-ef638596 with ID          
6fa8d82f2bd7a0138c2e61fb21a88e51a93804aa3d444e6ad87c2f3b95d319bd                         
  [regular] call 1 step 1: 0.310s (orig 0.196s) rc=0 demoted=0.0MiB read=46.4MiB
  [regular] call 2 step 2: 0.190s (orig 0.181s) rc=0 demoted=0.0MiB read=0.1MiB
  [regular] call 3 step 3: 0.205s (orig 0.190s) rc=0 demoted=0.0MiB read=1.5MiB
  [regular] call 4 step 4: 0.181s (orig 0.178s) rc=0 demoted=0.0MiB read=0.0MiB
  [regular] call 5 step 5: 0.187s (orig 0.179s) rc=0 demoted=0.0MiB read=0.0MiB
  [regular] call 6 step 6: 0.183s (orig 0.178s) rc=0 demoted=0.0MiB read=0.0MiB
  [regular] call 7 step 7: 0.184s (orig 0.176s) rc=1 demoted=0.0MiB read=0.0MiB
  [regular] call 8 step 8: 0.185s (orig 0.178s) rc=0 demoted=0.0MiB read=0.0MiB
  [regular] call 9 step 9: 0.188s (orig 0.182s) rc=0 demoted=0.0MiB read=0.0MiB
  [regular] call 10 step 10: 0.180s (orig 0.180s) rc=0 demoted=0.0MiB read=0.0MiB
  [regular] call 11 step 11: 0.185s (orig 0.183s) rc=1 demoted=0.0MiB read=0.0MiB
  [regular] call 12 step 12: 0.188s (orig 0.178s) rc=0 demoted=0.0MiB read=0.0MiB
  [regular] call 13 step 13: 0.183s (orig 0.183s) rc=0 demoted=0.0MiB read=0.0MiB
  [regular] call 14 step 14: 0.185s (orig 0.180s) rc=0 demoted=0.0MiB read=0.0MiB
  [regular] call 15 step 15: 0.183s (orig 0.181s) rc=0 demoted=0.0MiB read=0.1MiB
  [regular] call 16 step 16: 0.186s (orig 0.177s) rc=0 demoted=0.0MiB read=0.0MiB
  [regular] call 17 step 17: 0.193s (orig 0.178s) rc=0 demoted=0.0MiB read=0.1MiB
  [regular] call 18 step 18: 0.188s (orig 0.180s) rc=1 demoted=0.0MiB read=0.0MiB
  [regular] call 19 step 19: 0.189s (orig 0.179s) rc=0 demoted=0.0MiB read=0.0MiB
  [regular] call 20 step 20: 0.186s (orig 0.181s) rc=0 demoted=0.0MiB read=0.0MiB
  [regular] call 21 step 21: 0.186s (orig 0.175s) rc=1 demoted=0.0MiB read=0.0MiB
  [regular] call 22 step 22: 0.186s (orig 0.181s) rc=0 demoted=0.0MiB read=0.0MiB
  [regular] call 23 step 23: 0.189s (orig 0.178s) rc=1 demoted=0.0MiB read=0.0MiB
  [regular] call 24 step 24: 0.186s (orig 0.175s) rc=1 demoted=0.0MiB read=0.0MiB
  [regular] call 25 step 25: 1.914s (orig 1.642s) rc=0 demoted=0.0MiB read=26.6MiB
  [regular] call 26 step 26: 0.187s (orig 0.181s) rc=0 demoted=0.0MiB read=0.0MiB
  [regular] call 27 step 27: 0.183s (orig 0.183s) rc=0 demoted=0.0MiB read=0.0MiB
  [regular] call 28 step 28: 0.200s (orig 0.190s) rc=0 demoted=0.0MiB read=0.0MiB
  [regular] call 29 step 29: 0.184s (orig 0.182s) rc=0 demoted=0.0MiB read=0.0MiB
  [regular] call 30 step 30: 0.196s (orig 0.193s) rc=0 demoted=0.0MiB read=0.0MiB
  [regular] call 31 step 31: 0.184s (orig 0.181s) rc=0 demoted=0.0MiB read=0.0MiB
  [regular] call 32 step 32: 0.187s (orig 0.181s) rc=0 demoted=0.0MiB read=0.0MiB
  [regular] call 33 step 33: 0.184s (orig 0.182s) rc=1 demoted=0.0MiB read=0.0MiB
  [regular] call 34 step 34: 0.185s (orig 0.179s) rc=0 demoted=0.0MiB read=0.0MiB
  [regular] call 35 step 35: 0.188s (orig 0.184s) rc=0 demoted=0.0MiB read=0.0MiB
  [regular] call 36 step 36: 0.184s (orig 0.184s) rc=1 demoted=0.0MiB read=0.0MiB
  [regular] call 37 step 37: 0.183s (orig 0.187s) rc=0 demoted=0.0MiB read=0.0MiB
  [regular] call 38 step 38: 0.185s (orig 0.179s) rc=0 demoted=0.0MiB read=0.0MiB
  [regular] call 39 step 39: 0.186s (orig 0.175s) rc=0 demoted=0.0MiB read=0.0MiB
  [regular] call 40 step 40: 0.181s (orig 0.178s) rc=0 demoted=0.0MiB read=0.0MiB
  [regular] call 41 step 41: 0.183s (orig 0.178s) rc=1 demoted=0.0MiB read=0.0MiB
  [regular] call 42 step 42: 0.184s (orig 0.183s) rc=1 demoted=0.0MiB read=0.0MiB
  [regular] call 43 step 43: 0.183s (orig 0.178s) rc=1 demoted=0.0MiB read=0.0MiB
  [regular] call 44 step 44: 0.180s (orig 0.180s) rc=0 demoted=0.0MiB read=0.0MiB
  [regular] call 45 step 45: 0.188s (orig 0.183s) rc=0 demoted=0.0MiB read=0.3MiB
  [regular] call 46 step 46: 0.187s (orig 0.182s) rc=0 demoted=0.0MiB read=0.0MiB
  [regular] call 47 step 47: 0.183s (orig 0.177s) rc=0 demoted=0.0MiB read=0.3MiB
  [regular] call 48 step 48: 0.188s (orig 0.181s) rc=0 demoted=0.0MiB read=0.3MiB
  [regular] call 49 step 49: 0.181s (orig 0.184s) rc=1 demoted=0.0MiB read=0.0MiB
  [regular] call 50 step 50: 0.195s (orig 0.186s) rc=0 demoted=0.0MiB read=0.6MiB
  [regular] call 51 step 51: 0.184s (orig 0.183s) rc=0 demoted=0.0MiB read=0.0MiB
  [regular] call 52 step 52: 0.195s (orig 0.186s) rc=0 demoted=0.0MiB read=27.3MiB
  [regular] call 53 step 53: 0.182s (orig 0.183s) rc=0 demoted=0.0MiB read=0.0MiB
  [regular] call 54 step 54: 0.187s (orig 0.181s) rc=0 demoted=0.0MiB read=0.0MiB
[5/42] astropy__astropy-13453 regular: total=11.915966415 orig=11.251060628 mismatches=53 err=None
[5/42] astropy__astropy-13453 lazy
minisweagent.environment: DEBUG: Starting container with command: docker run -d --name   
minisweagent-55737548 -w /testbed --rm                                                   
docker.io/swebench/sweb.eval.x86_64.astropy_1776_astropy-13453:latest sleep 2h           
minisweagent.environment: INFO: Started container minisweagent-55737548 with ID          
d98b5012b060f4b9b47b595ae998d41679b352794d14e3ec3dc385db1307deb7                         
  [lazy] call 1 step 1: 0.312s (orig 0.196s) rc=0 demoted=3.5MiB read=52.4MiB
  [lazy] call 2 step 2: 0.259s (orig 0.181s) rc=0 demoted=27.0MiB read=45.9MiB
  [lazy] call 3 step 3: 0.312s (orig 0.190s) rc=0 demoted=23.5MiB read=53.2MiB
  [lazy] call 4 step 4: 0.264s (orig 0.178s) rc=0 demoted=27.3MiB read=46.8MiB
  [lazy] call 5 step 5: 0.259s (orig 0.179s) rc=0 demoted=24.1MiB read=46.2MiB
  [lazy] call 6 step 6: 0.258s (orig 0.178s) rc=0 demoted=24.2MiB read=46.5MiB
  [lazy] call 7 step 7: 0.256s (orig 0.176s) rc=1 demoted=24.8MiB read=45.1MiB
  [lazy] call 8 step 8: 0.263s (orig 0.178s) rc=0 demoted=23.2MiB read=46.6MiB
  [lazy] call 9 step 9: 0.263s (orig 0.182s) rc=0 demoted=24.3MiB read=46.8MiB
  [lazy] call 10 step 10: 0.263s (orig 0.180s) rc=0 demoted=24.2MiB read=46.7MiB
  [lazy] call 11 step 11: 0.257s (orig 0.183s) rc=1 demoted=23.8MiB read=46.7MiB
  [lazy] call 12 step 12: 0.262s (orig 0.178s) rc=0 demoted=24.1MiB read=46.7MiB
  [lazy] call 13 step 13: 0.259s (orig 0.183s) rc=0 demoted=24.2MiB read=46.7MiB
  [lazy] call 14 step 14: 0.260s (orig 0.180s) rc=0 demoted=24.1MiB read=46.8MiB
  [lazy] call 15 step 15: 0.259s (orig 0.181s) rc=0 demoted=23.9MiB read=46.5MiB
  [lazy] call 16 step 16: 0.259s (orig 0.177s) rc=0 demoted=24.6MiB read=46.5MiB
  [lazy] call 17 step 17: 0.258s (orig 0.178s) rc=0 demoted=23.8MiB read=46.9MiB
  [lazy] call 18 step 18: 0.257s (orig 0.180s) rc=1 demoted=24.5MiB read=46.8MiB
  [lazy] call 19 step 19: 0.263s (orig 0.179s) rc=0 demoted=24.0MiB read=46.7MiB
  [lazy] call 20 step 20: 0.260s (orig 0.181s) rc=0 demoted=23.9MiB read=46.8MiB
  [lazy] call 21 step 21: 0.261s (orig 0.175s) rc=1 demoted=24.0MiB read=46.7MiB
  [lazy] call 22 step 22: 0.258s (orig 0.181s) rc=0 demoted=24.2MiB read=46.8MiB
  [lazy] call 23 step 23: 0.262s (orig 0.178s) rc=1 demoted=24.1MiB read=46.8MiB
  [lazy] call 24 step 24: 0.259s (orig 0.175s) rc=1 demoted=24.2MiB read=47.2MiB
  [lazy] call 25 step 25: 2.026s (orig 1.642s) rc=0 demoted=24.5MiB read=80.0MiB
  [lazy] call 26 step 26: 0.263s (orig 0.181s) rc=0 demoted=43.0MiB read=47.6MiB
  [lazy] call 27 step 27: 0.257s (orig 0.183s) rc=0 demoted=24.2MiB read=45.7MiB
  [lazy] call 28 step 28: 0.293s (orig 0.190s) rc=0 demoted=23.7MiB read=47.0MiB
  [lazy] call 29 step 29: 0.259s (orig 0.182s) rc=0 demoted=24.0MiB read=45.8MiB
  [lazy] call 30 step 30: 0.296s (orig 0.193s) rc=0 demoted=23.4MiB read=50.1MiB
  [lazy] call 31 step 31: 0.260s (orig 0.181s) rc=0 demoted=25.7MiB read=45.8MiB
  [lazy] call 32 step 32: 0.252s (orig 0.181s) rc=0 demoted=24.3MiB read=44.7MiB
  [lazy] call 33 step 33: 0.255s (orig 0.182s) rc=1 demoted=22.9MiB read=45.2MiB
  [lazy] call 34 step 34: 0.256s (orig 0.179s) rc=0 demoted=23.6MiB read=46.3MiB
  [lazy] call 35 step 35: 0.260s (orig 0.184s) rc=0 demoted=23.9MiB read=46.9MiB
  [lazy] call 36 step 36: 0.257s (orig 0.184s) rc=1 demoted=24.5MiB read=46.9MiB
  [lazy] call 37 step 37: 0.262s (orig 0.187s) rc=0 demoted=24.4MiB read=46.9MiB
  [lazy] call 38 step 38: 0.259s (orig 0.179s) rc=0 demoted=24.1MiB read=47.0MiB
  [lazy] call 39 step 39: 0.265s (orig 0.175s) rc=0 demoted=24.5MiB read=47.0MiB
  [lazy] call 40 step 40: 0.267s (orig 0.178s) rc=0 demoted=24.2MiB read=47.0MiB
  [lazy] call 41 step 41: 0.261s (orig 0.178s) rc=1 demoted=24.2MiB read=47.0MiB
  [lazy] call 42 step 42: 0.261s (orig 0.183s) rc=1 demoted=24.5MiB read=47.0MiB
  [lazy] call 43 step 43: 0.261s (orig 0.178s) rc=1 demoted=24.4MiB read=47.0MiB
  [lazy] call 44 step 44: 0.259s (orig 0.180s) rc=0 demoted=24.6MiB read=47.1MiB
  [lazy] call 45 step 45: 0.257s (orig 0.183s) rc=0 demoted=24.4MiB read=48.8MiB
  [lazy] call 46 step 46: 0.259s (orig 0.182s) rc=0 demoted=25.2MiB read=46.9MiB
  [lazy] call 47 step 47: 0.250s (orig 0.177s) rc=0 demoted=24.8MiB read=43.4MiB
  [lazy] call 48 step 48: 0.259s (orig 0.181s) rc=0 demoted=22.3MiB read=47.3MiB
  [lazy] call 49 step 49: 0.263s (orig 0.184s) rc=1 demoted=24.7MiB read=47.2MiB
  [lazy] call 50 step 50: 0.261s (orig 0.186s) rc=0 demoted=24.1MiB read=47.6MiB
  [lazy] call 51 step 51: 0.260s (orig 0.183s) rc=0 demoted=24.7MiB read=47.0MiB
  [lazy] call 52 step 52: 0.267s (orig 0.186s) rc=0 demoted=24.1MiB read=74.2MiB
  [lazy] call 53 step 53: 0.255s (orig 0.183s) rc=0 demoted=37.6MiB read=45.6MiB
  [lazy] call 54 step 54: 0.251s (orig 0.181s) rc=0 demoted=23.3MiB read=45.5MiB
[5/42] astropy__astropy-13453 lazy: total=15.948889892 orig=11.251060628 mismatches=53 err=None
[6/42] astropy__astropy-13579 regular
minisweagent.environment: DEBUG: Starting container with command: docker run -d --name   
minisweagent-67f00cc2 -w /testbed --rm                                                   
docker.io/swebench/sweb.eval.x86_64.astropy_1776_astropy-13579:latest sleep 2h           
minisweagent.environment: INFO: Started container minisweagent-67f00cc2 with ID          
36d67a638eeb4c03c653dfb3065451ab7bcba824167f3d19cb462cff5e47022c                         
  [regular] call 1 step 1: 0.303s (orig 0.200s) rc=0 demoted=0.0MiB read=46.9MiB
  [regular] call 2 step 2: 0.189s (orig 0.177s) rc=0 demoted=0.0MiB read=0.1MiB
  [regular] call 3 step 3: 0.185s (orig 0.179s) rc=0 demoted=0.0MiB read=0.0MiB
  [regular] call 4 step 4: 0.184s (orig 0.179s) rc=0 demoted=0.0MiB read=0.0MiB
  [regular] call 5 step 5: 1.236s (orig 1.035s) rc=1 demoted=0.0MiB read=144.1MiB
  [regular] call 6 step 6: 0.187s (orig 0.185s) rc=0 demoted=0.0MiB read=0.0MiB
  [regular] call 7 step 7: 0.649s (orig 0.624s) rc=0 demoted=0.0MiB read=0.0MiB
  [regular] call 8 step 8: 0.191s (orig 0.183s) rc=1 demoted=0.0MiB read=0.6MiB
  [regular] call 9 step 9: 0.217s (orig 0.210s) rc=2 demoted=0.0MiB read=0.0MiB
  [regular] call 10 step 10: 0.211s (orig 0.205s) rc=2 demoted=0.0MiB read=0.0MiB
  [regular] call 11 step 11: 0.185s (orig 0.180s) rc=0 demoted=0.0MiB read=0.0MiB
  [regular] call 12 step 12: 0.212s (orig 0.201s) rc=1 demoted=0.0MiB read=0.2MiB
  [regular] call 13 step 13: 0.185s (orig 0.181s) rc=0 demoted=0.0MiB read=0.0MiB
  [regular] call 14 step 14: 0.192s (orig 0.179s) rc=0 demoted=0.0MiB read=0.0MiB
  [regular] call 15 step 15: 0.211s (orig 0.203s) rc=0 demoted=0.0MiB read=0.0MiB
  [regular] call 16 step 16: 0.189s (orig 0.180s) rc=0 demoted=0.0MiB read=0.0MiB
  [regular] call 17 step 17: 0.646s (orig 0.632s) rc=0 demoted=0.0MiB read=0.0MiB
  [regular] call 18 step 18: 0.202s (orig 0.184s) rc=0 demoted=0.0MiB read=27.2MiB
  [regular] call 19 step 19: 0.183s (orig 0.182s) rc=0 demoted=0.0MiB read=0.0MiB
  [regular] call 20 step 20: 0.186s (orig 0.179s) rc=0 demoted=0.0MiB read=0.0MiB
[6/42] astropy__astropy-13579 regular: total=5.941450525 orig=5.478247946 mismatches=19 err=None
[6/42] astropy__astropy-13579 lazy
minisweagent.environment: DEBUG: Starting container with command: docker run -d --name   
minisweagent-891c57a5 -w /testbed --rm                                                   
docker.io/swebench/sweb.eval.x86_64.astropy_1776_astropy-13579:latest sleep 2h           
minisweagent.environment: INFO: Started container minisweagent-891c57a5 with ID          
f7dc46591afea5f633c2f9c40ee3061a3b980c1ecf006263e593fadcd555544d                         
  [lazy] call 1 step 1: 0.302s (orig 0.200s) rc=0 demoted=3.3MiB read=52.4MiB
  [lazy] call 2 step 2: 0.261s (orig 0.177s) rc=0 demoted=26.7MiB read=45.9MiB
  [lazy] call 3 step 3: 0.264s (orig 0.179s) rc=0 demoted=23.4MiB read=45.8MiB
  [lazy] call 4 step 4: 0.256s (orig 0.179s) rc=0 demoted=23.5MiB read=45.7MiB
  [lazy] call 5 step 5: 1.302s (orig 1.035s) rc=1 demoted=23.3MiB read=190.8MiB
  [lazy] call 6 step 6: 0.257s (orig 0.185s) rc=0 demoted=101.5MiB read=45.7MiB
  [lazy] call 7 step 7: 0.895s (orig 0.624s) rc=0 demoted=23.5MiB read=188.5MiB
  [lazy] call 8 step 8: 0.263s (orig 0.183s) rc=1 demoted=96.1MiB read=47.8MiB
  [lazy] call 9 step 9: 0.305s (orig 0.210s) rc=2 demoted=24.5MiB read=59.7MiB
  [lazy] call 10 step 10: 0.299s (orig 0.205s) rc=2 demoted=30.6MiB read=59.8MiB
  [lazy] call 11 step 11: 0.263s (orig 0.180s) rc=0 demoted=30.6MiB read=45.6MiB
  [lazy] call 12 step 12: 0.301s (orig 0.201s) rc=1 demoted=23.4MiB read=60.0MiB
  [lazy] call 13 step 13: 0.261s (orig 0.181s) rc=0 demoted=30.3MiB read=46.9MiB
  [lazy] call 14 step 14: 0.261s (orig 0.179s) rc=0 demoted=24.0MiB read=45.5MiB
  [lazy] call 15 step 15: 0.298s (orig 0.203s) rc=0 demoted=23.6MiB read=59.7MiB
  [lazy] call 16 step 16: 0.261s (orig 0.180s) rc=0 demoted=30.4MiB read=46.8MiB
  [lazy] call 17 step 17: 0.887s (orig 0.632s) rc=0 demoted=23.9MiB read=188.4MiB
  [lazy] call 18 step 18: 0.273s (orig 0.184s) rc=0 demoted=96.5MiB read=74.1MiB
  [lazy] call 19 step 19: 0.258s (orig 0.182s) rc=0 demoted=37.7MiB read=45.7MiB
  [lazy] call 20 step 20: 0.256s (orig 0.179s) rc=0 demoted=23.4MiB read=45.7MiB
[6/42] astropy__astropy-13579 lazy: total=7.721187802999999 orig=5.478247946 mismatches=19 err=None
[7/42] astropy__astropy-13977 regular
minisweagent.environment: DEBUG: Starting container with command: docker run -d --name   
minisweagent-ee1b7ae6 -w /testbed --rm                                                   
docker.io/swebench/sweb.eval.x86_64.astropy_1776_astropy-13977:latest sleep 2h           
minisweagent.environment: INFO: Started container minisweagent-ee1b7ae6 with ID          
341aaed0e7488795b22f83519f56a3ea388cebc0124009e395648d412fc6e80f                         
  [regular] call 1 step 1: 0.313s (orig 0.199s) rc=0 demoted=0.0MiB read=47.2MiB
  [regular] call 2 step 2: 0.192s (orig 0.178s) rc=0 demoted=0.0MiB read=0.2MiB
  [regular] call 3 step 3: 0.185s (orig 0.181s) rc=0 demoted=0.0MiB read=0.3MiB
  [regular] call 4 step 4: 0.186s (orig 0.172s) rc=0 demoted=0.0MiB read=0.0MiB
  [regular] call 5 step 5: 0.186s (orig 0.180s) rc=1 demoted=0.0MiB read=0.0MiB
  [regular] call 6 step 6: 1.964s (orig 1.690s) rc=0 demoted=0.0MiB read=28.3MiB
  [regular] call 7 step 7: 0.190s (orig 0.182s) rc=0 demoted=0.0MiB read=0.1MiB
  [regular] call 8 step 8: 0.184s (orig 0.179s) rc=0 demoted=0.0MiB read=0.0MiB
  [regular] call 9 step 9: 0.687s (orig 0.561s) rc=0 demoted=0.0MiB read=116.2MiB
  [regular] call 10 step 10: 0.196s (orig 0.187s) rc=0 demoted=0.0MiB read=0.3MiB
  [regular] call 11 step 11: 0.186s (orig 0.179s) rc=0 demoted=0.0MiB read=0.0MiB
  [regular] call 12 step 12: 0.189s (orig 0.189s) rc=0 demoted=0.0MiB read=0.0MiB
  [regular] call 13 step 13: 0.183s (orig 0.182s) rc=0 demoted=0.0MiB read=0.0MiB
  [regular] call 14 step 14: 0.188s (orig 0.184s) rc=0 demoted=0.0MiB read=0.0MiB
  [regular] call 15 step 15: 0.188s (orig 0.178s) rc=0 demoted=0.0MiB read=0.0MiB
  [regular] call 16 step 16: 0.183s (orig 0.180s) rc=0 demoted=0.0MiB read=0.0MiB
  [regular] call 17 step 17: 0.208s (orig 0.209s) rc=0 demoted=0.0MiB read=0.0MiB
  [regular] call 18 step 18: 0.186s (orig 0.181s) rc=0 demoted=0.0MiB read=0.0MiB
  [regular] call 19 step 19: 0.184s (orig 0.183s) rc=0 demoted=0.0MiB read=0.0MiB
  [regular] call 20 step 20: 0.400s (orig 0.387s) rc=1 demoted=0.0MiB read=0.0MiB
  [regular] call 21 step 21: 0.189s (orig 0.184s) rc=0 demoted=0.0MiB read=0.0MiB
  [regular] call 22 step 22: 0.392s (orig 0.384s) rc=1 demoted=0.0MiB read=0.0MiB
  [regular] call 23 step 23: 0.186s (orig 0.180s) rc=0 demoted=0.0MiB read=0.0MiB
  [regular] call 24 step 24: 0.213s (orig 0.199s) rc=1 demoted=0.0MiB read=0.0MiB
  [regular] call 25 step 25: 0.201s (orig 0.183s) rc=0 demoted=0.0MiB read=27.7MiB
  [regular] call 26 step 26: 0.186s (orig 0.183s) rc=0 demoted=0.0MiB read=0.0MiB
  [regular] call 27 step 27: 0.188s (orig 0.190s) rc=0 demoted=0.0MiB read=0.0MiB
  [regular] call 28 step 28: 0.197s (orig 0.191s) rc=0 demoted=0.0MiB read=12.0MiB
  [regular] call 29 step 29: 0.184s (orig 0.179s) rc=0 demoted=0.0MiB read=0.0MiB
  [regular] call 30 step 30: 0.186s (orig 0.185s) rc=1 demoted=0.0MiB read=0.0MiB
  [regular] call 31 step 31: 0.283s (orig 0.261s) rc=0 demoted=0.0MiB read=68.7MiB
  [regular] call 32 step 32: 0.212s (orig 0.205s) rc=1 demoted=0.0MiB read=0.0MiB
  [regular] call 33 step 33: 0.184s (orig 0.183s) rc=0 demoted=0.0MiB read=0.0MiB
  [regular] call 34 step 34: 0.185s (orig 0.184s) rc=0 demoted=0.0MiB read=0.0MiB
  [regular] call 35 step 35: 0.212s (orig 0.202s) rc=0 demoted=0.0MiB read=0.0MiB
  [regular] call 36 step 36: 0.198s (orig 0.189s) rc=0 demoted=0.0MiB read=0.1MiB
  [regular] call 37 step 37: 0.185s (orig 0.181s) rc=0 demoted=0.0MiB read=0.0MiB
  [regular] call 38 step 38: 0.185s (orig 0.182s) rc=0 demoted=0.0MiB read=0.0MiB
[7/42] astropy__astropy-13977 regular: total=10.142548482999999 orig=9.406826901999999 mismatches=37 err=None
[7/42] astropy__astropy-13977 lazy
minisweagent.environment: DEBUG: Starting container with command: docker run -d --name   
minisweagent-d99712b8 -w /testbed --rm                                                   
docker.io/swebench/sweb.eval.x86_64.astropy_1776_astropy-13977:latest sleep 2h           
minisweagent.environment: INFO: Started container minisweagent-d99712b8 with ID          
ab43773e04a193af5ad6e0ea4b3d0aefbf4f7e3f5cd3ff2429df5c8f3d866f16                         
  [lazy] call 1 step 1: 0.310s (orig 0.199s) rc=0 demoted=3.6MiB read=52.5MiB
  [lazy] call 2 step 2: 0.263s (orig 0.178s) rc=0 demoted=26.7MiB read=47.2MiB
  [lazy] call 3 step 3: 0.264s (orig 0.181s) rc=0 demoted=24.1MiB read=47.6MiB
  [lazy] call 4 step 4: 0.267s (orig 0.172s) rc=0 demoted=24.2MiB read=47.5MiB
  [lazy] call 5 step 5: 0.263s (orig 0.180s) rc=1 demoted=24.4MiB read=47.0MiB
  [lazy] call 6 step 6: 2.033s (orig 1.690s) rc=0 demoted=24.1MiB read=80.3MiB
  [lazy] call 7 step 7: 0.260s (orig 0.182s) rc=0 demoted=41.7MiB read=45.6MiB
  [lazy] call 8 step 8: 0.260s (orig 0.179s) rc=0 demoted=23.2MiB read=45.5MiB
  [lazy] call 9 step 9: 0.768s (orig 0.561s) rc=0 demoted=23.3MiB read=164.2MiB
  [lazy] call 10 step 10: 0.266s (orig 0.187s) rc=0 demoted=86.0MiB read=47.8MiB
  [lazy] call 11 step 11: 0.259s (orig 0.179s) rc=0 demoted=24.9MiB read=46.7MiB
  [lazy] call 12 step 12: 0.270s (orig 0.189s) rc=0 demoted=24.1MiB read=47.7MiB
  [lazy] call 13 step 13: 0.260s (orig 0.182s) rc=0 demoted=24.9MiB read=46.8MiB
  [lazy] call 14 step 14: 0.269s (orig 0.184s) rc=0 demoted=24.1MiB read=47.7MiB
  [lazy] call 15 step 15: 0.262s (orig 0.178s) rc=0 demoted=24.8MiB read=46.8MiB
  [lazy] call 16 step 16: 0.263s (orig 0.180s) rc=0 demoted=24.0MiB read=45.6MiB
  [lazy] call 17 step 17: 0.302s (orig 0.209s) rc=0 demoted=23.6MiB read=60.0MiB
  [lazy] call 18 step 18: 0.260s (orig 0.181s) rc=0 demoted=30.3MiB read=46.8MiB
  [lazy] call 19 step 19: 0.260s (orig 0.183s) rc=0 demoted=24.2MiB read=45.6MiB
  [lazy] call 20 step 20: 0.588s (orig 0.387s) rc=1 demoted=24.0MiB read=164.3MiB
  [lazy] call 21 step 21: 0.261s (orig 0.184s) rc=0 demoted=84.0MiB read=45.5MiB
  [lazy] call 22 step 22: 0.589s (orig 0.384s) rc=1 demoted=23.3MiB read=164.1MiB
  [lazy] call 23 step 23: 0.259s (orig 0.180s) rc=0 demoted=83.9MiB read=45.7MiB
  [lazy] call 24 step 24: 0.302s (orig 0.199s) rc=1 demoted=23.3MiB read=59.8MiB
  [lazy] call 25 step 25: 0.279s (orig 0.183s) rc=0 demoted=30.3MiB read=74.6MiB
  [lazy] call 26 step 26: 0.258s (orig 0.183s) rc=0 demoted=38.2MiB read=45.5MiB
  [lazy] call 27 step 27: 0.276s (orig 0.190s) rc=0 demoted=23.4MiB read=75.8MiB
  [lazy] call 28 step 28: 0.285s (orig 0.191s) rc=0 demoted=38.8MiB read=86.4MiB
  [lazy] call 29 step 29: 0.264s (orig 0.179s) rc=0 demoted=44.3MiB read=45.8MiB
  [lazy] call 30 step 30: 0.268s (orig 0.185s) rc=1 demoted=23.4MiB read=55.9MiB
  [lazy] call 31 step 31: 0.375s (orig 0.261s) rc=0 demoted=28.8MiB read=155.4MiB
  [lazy] call 32 step 32: 0.301s (orig 0.205s) rc=1 demoted=122.3MiB read=59.7MiB
  [lazy] call 33 step 33: 0.263s (orig 0.183s) rc=0 demoted=30.2MiB read=47.6MiB
  [lazy] call 34 step 34: 0.260s (orig 0.184s) rc=0 demoted=24.6MiB read=45.5MiB
  [lazy] call 35 step 35: 0.299s (orig 0.202s) rc=0 demoted=23.4MiB read=59.6MiB
  [lazy] call 36 step 36: 0.287s (orig 0.189s) rc=0 demoted=30.4MiB read=86.3MiB
  [lazy] call 37 step 37: 0.267s (orig 0.181s) rc=0 demoted=43.8MiB read=45.2MiB
  [lazy] call 38 step 38: 0.257s (orig 0.182s) rc=0 demoted=23.3MiB read=45.3MiB
[7/42] astropy__astropy-13977 lazy: total=13.297607869999997 orig=9.406826901999999 mismatches=37 err=None
[8/42] astropy__astropy-14096 regular
minisweagent.environment: DEBUG: Starting container with command: docker run -d --name   
minisweagent-d93f88f3 -w /testbed --rm                                                   
docker.io/swebench/sweb.eval.x86_64.astropy_1776_astropy-14096:latest sleep 2h           
minisweagent.environment: INFO: Started container minisweagent-d93f88f3 with ID          
b3caba78e2f8427e23f321fb31049c315ef749cecdfb920768c16937c41761f7                         
  [regular] call 1 step 2: 0.260s (orig 0.183s) rc=0 demoted=0.0MiB read=41.9MiB
  [regular] call 2 step 3: 0.216s (orig 0.187s) rc=0 demoted=0.0MiB read=3.8MiB
  [regular] call 3 step 4: 0.185s (orig 0.179s) rc=0 demoted=0.0MiB read=0.2MiB
  [regular] call 4 step 5: 0.187s (orig 0.177s) rc=0 demoted=0.0MiB read=0.3MiB
  [regular] call 5 step 6: 0.185s (orig 0.179s) rc=0 demoted=0.0MiB read=0.0MiB
  [regular] call 6 step 7: 0.226s (orig 0.202s) rc=1 demoted=0.0MiB read=14.5MiB
  [regular] call 7 step 8: 1.205s (orig 1.042s) rc=0 demoted=0.0MiB read=125.8MiB
  [regular] call 8 step 9: 0.187s (orig 0.180s) rc=0 demoted=0.0MiB read=0.0MiB
  [regular] call 9 step 10: 0.182s (orig 0.186s) rc=0 demoted=0.0MiB read=0.0MiB
  [regular] call 10 step 11: 0.184s (orig 0.181s) rc=0 demoted=0.0MiB read=0.0MiB
  [regular] call 11 step 12: 0.186s (orig 0.181s) rc=0 demoted=0.0MiB read=0.0MiB
  [regular] call 12 step 13: 0.179s (orig 0.179s) rc=0 demoted=0.0MiB read=0.0MiB
  [regular] call 13 step 14: 0.186s (orig 0.174s) rc=1 demoted=0.0MiB read=0.0MiB
  [regular] call 14 step 15: 0.315s (orig 0.218s) rc=0 demoted=0.0MiB read=18.8MiB
  [regular] call 15 step 16: 0.185s (orig 0.177s) rc=0 demoted=0.0MiB read=0.0MiB
  [regular] call 16 step 17: 0.182s (orig 0.177s) rc=0 demoted=0.0MiB read=0.0MiB
  [regular] call 17 step 18: 0.189s (orig 0.183s) rc=1 demoted=0.0MiB read=0.0MiB
  [regular] call 18 step 19: 0.662s (orig 0.643s) rc=0 demoted=0.0MiB read=0.0MiB
  [regular] call 19 step 20: 0.186s (orig 0.183s) rc=1 demoted=0.0MiB read=0.0MiB
  [regular] call 20 step 21: 0.183s (orig 0.181s) rc=1 demoted=0.0MiB read=0.0MiB
  [regular] call 21 step 22: 0.219s (orig 0.217s) rc=0 demoted=0.0MiB read=0.0MiB
  [regular] call 22 step 23: 0.183s (orig 0.180s) rc=0 demoted=0.0MiB read=0.0MiB
  [regular] call 23 step 24: 0.185s (orig 0.181s) rc=0 demoted=0.0MiB read=0.0MiB
  [regular] call 24 step 25: 0.660s (orig 0.645s) rc=1 demoted=0.0MiB read=0.0MiB
  [regular] call 25 step 26: 0.657s (orig 0.643s) rc=1 demoted=0.0MiB read=0.0MiB
  [regular] call 26 step 27: 0.188s (orig 0.180s) rc=0 demoted=0.0MiB read=0.0MiB
  [regular] call 27 step 29: 0.662s (orig 0.659s) rc=0 demoted=0.0MiB read=0.0MiB
  [regular] call 28 step 30: 0.661s (orig 0.642s) rc=0 demoted=0.0MiB read=0.0MiB
  [regular] call 29 step 31: 0.661s (orig 0.641s) rc=0 demoted=0.0MiB read=0.0MiB
  [regular] call 30 step 32: 0.184s (orig 0.176s) rc=2 demoted=0.0MiB read=0.0MiB
  [regular] call 31 step 33: 0.644s (orig 0.624s) rc=1 demoted=0.0MiB read=0.0MiB
  [regular] call 32 step 34: 0.210s (orig 0.202s) rc=0 demoted=0.0MiB read=0.0MiB
  [regular] call 33 step 35: 0.660s (orig 0.646s) rc=0 demoted=0.0MiB read=0.0MiB
  [regular] call 34 step 36: 0.654s (orig 0.631s) rc=1 demoted=0.0MiB read=0.0MiB
  [regular] call 35 step 37: 0.652s (orig 0.639s) rc=1 demoted=0.0MiB read=0.0MiB
  [regular] call 36 step 38: 0.194s (orig 0.192s) rc=0 demoted=0.0MiB read=0.2MiB
  [regular] call 37 step 39: 0.208s (orig 0.208s) rc=1 demoted=0.0MiB read=0.0MiB
  [regular] call 38 step 40: 0.209s (orig 0.205s) rc=1 demoted=0.0MiB read=0.0MiB
  [regular] call 39 step 41: 0.190s (orig 0.187s) rc=0 demoted=0.0MiB read=0.0MiB
  [regular] call 40 step 42: 1.003s (orig 0.889s) rc=1 demoted=0.0MiB read=14.2MiB
  [regular] call 41 step 43: 0.189s (orig 0.230s) rc=2 demoted=0.0MiB read=0.3MiB
  [regular] call 42 step 44: 0.210s (orig 0.206s) rc=1 demoted=0.0MiB read=0.0MiB
  [regular] call 43 step 45: 0.653s (orig 0.629s) rc=1 demoted=0.0MiB read=0.0MiB
  [regular] call 44 step 46: 0.209s (orig 0.232s) rc=0 demoted=0.0MiB read=0.0MiB
  [regular] call 45 step 47: 0.654s (orig 0.635s) rc=1 demoted=0.0MiB read=0.0MiB
  [regular] call 46 step 48: 0.181s (orig 0.178s) rc=0 demoted=0.0MiB read=0.0MiB
  [regular] call 47 step 49: 0.185s (orig 0.181s) rc=0 demoted=0.0MiB read=0.1MiB
  [regular] call 48 step 50: 0.186s (orig 0.181s) rc=0 demoted=0.0MiB read=0.0MiB
  [regular] call 49 step 51: 0.188s (orig 0.182s) rc=0 demoted=0.0MiB read=0.0MiB
  [regular] call 50 step 52: 0.189s (orig 0.185s) rc=0 demoted=0.0MiB read=0.3MiB
  [regular] call 51 step 53: 0.190s (orig 0.188s) rc=2 demoted=0.0MiB read=0.0MiB
  [regular] call 52 step 54: 0.208s (orig 0.205s) rc=1 demoted=0.0MiB read=0.0MiB
  [regular] call 53 step 55: 0.210s (orig 0.205s) rc=1 demoted=0.0MiB read=0.0MiB
  [regular] call 54 step 56: 0.216s (orig 0.208s) rc=0 demoted=0.0MiB read=0.0MiB
  [regular] call 55 step 57: 0.183s (orig 0.178s) rc=0 demoted=0.0MiB read=0.0MiB
  [regular] call 56 step 58: 0.181s (orig 0.180s) rc=0 demoted=0.0MiB read=0.0MiB
[8/42] astropy__astropy-14096 regular: total=18.386237522000002 orig=17.581118425 mismatches=55 err=None
[8/42] astropy__astropy-14096 lazy
minisweagent.environment: DEBUG: Starting container with command: docker run -d --name   
minisweagent-8aa38380 -w /testbed --rm                                                   
docker.io/swebench/sweb.eval.x86_64.astropy_1776_astropy-14096:latest sleep 2h           
minisweagent.environment: INFO: Started container minisweagent-8aa38380 with ID          
c6fe58835dc146adb5b55d157e4159949a53520a3ff5d8c5f972b12e4e27a670                         
  [lazy] call 1 step 2: 0.268s (orig 0.183s) rc=0 demoted=3.4MiB read=46.7MiB
  [lazy] call 2 step 3: 0.296s (orig 0.187s) rc=0 demoted=24.0MiB read=49.8MiB
  [lazy] call 3 step 4: 0.265s (orig 0.179s) rc=0 demoted=25.4MiB read=46.0MiB
  [lazy] call 4 step 5: 0.259s (orig 0.177s) rc=0 demoted=23.7MiB read=46.2MiB
  [lazy] call 5 step 6: 0.256s (orig 0.179s) rc=0 demoted=23.9MiB read=44.9MiB
  [lazy] call 6 step 7: 0.300s (orig 0.202s) rc=1 demoted=23.3MiB read=58.9MiB
  [lazy] call 7 step 8: 1.299s (orig 1.042s) rc=0 demoted=29.6MiB read=185.2MiB
  [lazy] call 8 step 9: 0.256s (orig 0.180s) rc=0 demoted=98.7MiB read=45.6MiB
  [lazy] call 9 step 10: 0.258s (orig 0.186s) rc=0 demoted=23.5MiB read=46.2MiB
  [lazy] call 10 step 11: 0.258s (orig 0.181s) rc=0 demoted=23.9MiB read=45.5MiB
  [lazy] call 11 step 12: 0.254s (orig 0.181s) rc=0 demoted=23.8MiB read=45.3MiB
  [lazy] call 12 step 13: 0.258s (orig 0.179s) rc=0 demoted=23.2MiB read=46.0MiB
  [lazy] call 13 step 14: 0.253s (orig 0.174s) rc=1 demoted=23.6MiB read=45.0MiB
  [lazy] call 14 step 15: 0.442s (orig 0.218s) rc=0 demoted=23.1MiB read=77.3MiB
  [lazy] call 15 step 16: 0.256s (orig 0.177s) rc=0 demoted=43.4MiB read=44.8MiB
  [lazy] call 16 step 17: 0.260s (orig 0.177s) rc=0 demoted=23.1MiB read=45.9MiB
  [lazy] call 17 step 18: 0.255s (orig 0.183s) rc=1 demoted=23.6MiB read=45.2MiB
  [lazy] call 18 step 19: 0.896s (orig 0.643s) rc=0 demoted=23.4MiB read=182.8MiB
  [lazy] call 19 step 20: 0.256s (orig 0.183s) rc=1 demoted=93.5MiB read=45.4MiB
  [lazy] call 20 step 21: 0.257s (orig 0.181s) rc=1 demoted=23.4MiB read=45.2MiB
  [lazy] call 21 step 22: 0.449s (orig 0.217s) rc=0 demoted=23.3MiB read=77.9MiB
  [lazy] call 22 step 23: 0.255s (orig 0.180s) rc=0 demoted=42.2MiB read=43.8MiB
  [lazy] call 23 step 24: 0.254s (orig 0.181s) rc=0 demoted=23.3MiB read=44.3MiB
  [lazy] call 24 step 25: 0.898s (orig 0.645s) rc=1 demoted=22.7MiB read=183.0MiB
  [lazy] call 25 step 26: 0.902s (orig 0.643s) rc=1 demoted=93.5MiB read=183.0MiB
  [lazy] call 26 step 27: 0.260s (orig 0.180s) rc=0 demoted=94.0MiB read=46.9MiB
  [lazy] call 27 step 29: 0.898s (orig 0.659s) rc=0 demoted=23.9MiB read=183.4MiB
  [lazy] call 28 step 30: 0.897s (orig 0.642s) rc=0 demoted=93.7MiB read=183.4MiB
  [lazy] call 29 step 31: 0.902s (orig 0.641s) rc=0 demoted=93.7MiB read=183.2MiB
  [lazy] call 30 step 32: 0.260s (orig 0.176s) rc=2 demoted=93.7MiB read=46.3MiB
  [lazy] call 31 step 33: 0.886s (orig 0.624s) rc=1 demoted=23.9MiB read=183.1MiB
  [lazy] call 32 step 34: 0.300s (orig 0.202s) rc=0 demoted=93.3MiB read=58.5MiB
  [lazy] call 33 step 35: 0.898s (orig 0.646s) rc=0 demoted=29.8MiB read=182.8MiB
  [lazy] call 34 step 36: 0.888s (orig 0.631s) rc=1 demoted=93.3MiB read=182.9MiB
  [lazy] call 35 step 37: 0.885s (orig 0.639s) rc=1 demoted=93.5MiB read=182.9MiB
  [lazy] call 36 step 38: 0.272s (orig 0.192s) rc=0 demoted=93.7MiB read=47.9MiB
  [lazy] call 37 step 39: 0.297s (orig 0.208s) rc=1 demoted=26.5MiB read=58.2MiB
  [lazy] call 38 step 40: 0.298s (orig 0.205s) rc=1 demoted=29.7MiB read=58.2MiB
  [lazy] call 39 step 41: 0.260s (orig 0.187s) rc=0 demoted=29.9MiB read=45.9MiB
  [lazy] call 40 step 42: 1.122s (orig 0.889s) rc=1 demoted=24.1MiB read=102.3MiB
  [lazy] call 41 step 43: 0.267s (orig 0.230s) rc=2 demoted=52.4MiB read=47.2MiB
  [lazy] call 42 step 44: 0.301s (orig 0.206s) rc=1 demoted=24.4MiB read=58.6MiB
  [lazy] call 43 step 45: 0.893s (orig 0.629s) rc=1 demoted=29.7MiB read=183.0MiB
  [lazy] call 44 step 46: 0.296s (orig 0.232s) rc=0 demoted=94.9MiB read=58.4MiB
  [lazy] call 45 step 47: 0.887s (orig 0.635s) rc=1 demoted=29.6MiB read=183.1MiB
  [lazy] call 46 step 48: 0.257s (orig 0.178s) rc=0 demoted=93.3MiB read=44.3MiB
  [lazy] call 47 step 49: 0.259s (orig 0.181s) rc=0 demoted=22.7MiB read=44.4MiB
  [lazy] call 48 step 50: 0.260s (orig 0.181s) rc=0 demoted=23.2MiB read=46.1MiB
  [lazy] call 49 step 51: 0.259s (orig 0.182s) rc=0 demoted=24.2MiB read=46.5MiB
  [lazy] call 50 step 52: 0.260s (orig 0.185s) rc=0 demoted=24.0MiB read=46.6MiB
  [lazy] call 51 step 53: 0.258s (orig 0.188s) rc=2 demoted=24.4MiB read=46.8MiB
  [lazy] call 52 step 54: 0.298s (orig 0.205s) rc=1 demoted=24.0MiB read=58.5MiB
  [lazy] call 53 step 55: 0.300s (orig 0.205s) rc=1 demoted=29.6MiB read=58.5MiB
  [lazy] call 54 step 56: 0.299s (orig 0.208s) rc=0 demoted=29.8MiB read=58.8MiB
  [lazy] call 55 step 57: 0.254s (orig 0.178s) rc=0 demoted=30.0MiB read=44.1MiB
  [lazy] call 56 step 58: 0.253s (orig 0.180s) rc=0 demoted=22.6MiB read=44.1MiB
[8/42] astropy__astropy-14096 lazy: total=24.784435309000003 orig=17.581118425 mismatches=55 err=None
[9/42] astropy__astropy-14182 regular
minisweagent.environment: DEBUG: Starting container with command: docker run -d --name   
minisweagent-9f379ceb -w /testbed --rm                                                   
docker.io/swebench/sweb.eval.x86_64.astropy_1776_astropy-14182:latest sleep 2h           
minisweagent.environment: INFO: Started container minisweagent-9f379ceb with ID          
1cbda5b01aba003ae309c1c9c268a29b8606b2d12979d3e6ed4bd1f7d253a239                         
  [regular] call 1 step 1: 0.340s (orig 0.199s) rc=0 demoted=0.0MiB read=47.3MiB
  [regular] call 2 step 1: 0.208s (orig 0.194s) rc=0 demoted=0.0MiB read=0.0MiB
  [regular] call 3 step 2: 0.188s (orig 0.178s) rc=0 demoted=0.0MiB read=0.1MiB
  [regular] call 4 step 3: 0.182s (orig 0.172s) rc=0 demoted=0.0MiB read=0.0MiB
  [regular] call 5 step 4: 0.183s (orig 0.176s) rc=0 demoted=0.0MiB read=0.2MiB
  [regular] call 6 step 5: 0.186s (orig 0.183s) rc=1 demoted=0.0MiB read=0.0MiB
  [regular] call 7 step 6: 0.189s (orig 0.185s) rc=1 demoted=0.0MiB read=0.0MiB
  [regular] call 8 step 7: 0.184s (orig 0.179s) rc=0 demoted=0.0MiB read=0.0MiB
  [regular] call 9 step 8: 0.185s (orig 0.179s) rc=0 demoted=0.0MiB read=0.3MiB
  [regular] call 10 step 9: 0.187s (orig 0.179s) rc=0 demoted=0.0MiB read=0.0MiB
  [regular] call 11 step 10: 0.189s (orig 0.180s) rc=0 demoted=0.0MiB read=0.0MiB
  [regular] call 12 step 11: 0.183s (orig 0.181s) rc=0 demoted=0.0MiB read=0.0MiB
  [regular] call 13 step 12: 0.181s (orig 0.182s) rc=0 demoted=0.0MiB read=0.0MiB
  [regular] call 14 step 13: 0.185s (orig 0.183s) rc=0 demoted=0.0MiB read=0.0MiB
  [regular] call 15 step 14: 0.181s (orig 0.182s) rc=0 demoted=0.0MiB read=0.0MiB
  [regular] call 16 step 15: 0.185s (orig 0.181s) rc=0 demoted=0.0MiB read=0.0MiB
  [regular] call 17 step 16: 0.183s (orig 0.183s) rc=0 demoted=0.0MiB read=0.0MiB
  [regular] call 18 step 17: 0.189s (orig 0.181s) rc=0 demoted=0.0MiB read=0.0MiB
  [regular] call 19 step 18: 1.082s (orig 0.913s) rc=0 demoted=0.0MiB read=138.3MiB
  [regular] call 20 step 19: 0.188s (orig 0.180s) rc=0 demoted=0.0MiB read=0.0MiB
  [regular] call 21 step 20: 0.610s (orig 0.585s) rc=0 demoted=0.0MiB read=0.0MiB
  [regular] call 22 step 21: 0.186s (orig 0.182s) rc=0 demoted=0.0MiB read=0.0MiB
  [regular] call 23 step 22: 0.598s (orig 0.586s) rc=0 demoted=0.0MiB read=0.0MiB
  [regular] call 24 step 23: 0.190s (orig 0.181s) rc=0 demoted=0.0MiB read=0.0MiB
  [regular] call 25 step 24: 0.607s (orig 0.575s) rc=0 demoted=0.0MiB read=0.0MiB
  [regular] call 26 step 25: 0.186s (orig 0.178s) rc=0 demoted=0.0MiB read=0.0MiB
  [regular] call 27 step 26: 0.596s (orig 0.585s) rc=0 demoted=0.0MiB read=0.0MiB
  [regular] call 28 step 27: 0.185s (orig 0.181s) rc=0 demoted=0.0MiB read=0.0MiB
  [regular] call 29 step 28: 0.184s (orig 0.183s) rc=0 demoted=0.0MiB read=0.0MiB
  [regular] call 30 step 29: 0.593s (orig 0.582s) rc=0 demoted=0.0MiB read=0.0MiB
  [regular] call 31 step 30: 0.191s (orig 0.181s) rc=0 demoted=0.0MiB read=0.0MiB
  [regular] call 32 step 31: 0.185s (orig 0.180s) rc=0 demoted=0.0MiB read=0.0MiB
  [regular] call 33 step 32: 0.598s (orig 0.590s) rc=0 demoted=0.0MiB read=0.0MiB
  [regular] call 34 step 33: 0.182s (orig 0.181s) rc=0 demoted=0.0MiB read=0.0MiB
  [regular] call 35 step 34: 0.598s (orig 0.574s) rc=0 demoted=0.0MiB read=0.0MiB
  [regular] call 36 step 35: 0.187s (orig 0.180s) rc=0 demoted=0.0MiB read=0.0MiB
  [regular] call 37 step 36: 0.600s (orig 0.575s) rc=0 demoted=0.0MiB read=0.0MiB
  [regular] call 38 step 37: 0.185s (orig 0.181s) rc=0 demoted=0.0MiB read=0.0MiB
  [regular] call 39 step 38: 0.594s (orig 0.584s) rc=0 demoted=0.0MiB read=0.0MiB
  [regular] call 40 step 39: 0.183s (orig 0.175s) rc=0 demoted=0.0MiB read=0.0MiB
  [regular] call 41 step 40: 0.601s (orig 0.593s) rc=0 demoted=0.0MiB read=0.0MiB
  [regular] call 42 step 41: 0.183s (orig 0.182s) rc=0 demoted=0.0MiB read=0.0MiB
  [regular] call 43 step 42: 0.595s (orig 0.584s) rc=0 demoted=0.0MiB read=0.0MiB
  [regular] call 44 step 43: 0.187s (orig 0.184s) rc=0 demoted=0.0MiB read=0.0MiB
  [regular] call 45 step 44: 0.598s (orig 0.585s) rc=0 demoted=0.0MiB read=0.0MiB
  [regular] call 46 step 45: 0.186s (orig 0.178s) rc=0 demoted=0.0MiB read=0.0MiB
  [regular] call 47 step 46: 0.190s (orig 0.180s) rc=0 demoted=0.0MiB read=0.0MiB
  [regular] call 48 step 47: 0.182s (orig 0.183s) rc=0 demoted=0.0MiB read=0.0MiB
  [regular] call 49 step 48: 0.184s (orig 0.185s) rc=0 demoted=0.0MiB read=0.0MiB
  [regular] call 50 step 49: 0.593s (orig 0.580s) rc=0 demoted=0.0MiB read=0.0MiB
  [regular] call 51 step 50: 0.187s (orig 0.186s) rc=0 demoted=0.0MiB read=0.0MiB
  [regular] call 52 step 51: 0.604s (orig 0.590s) rc=0 demoted=0.0MiB read=0.0MiB
  [regular] call 53 step 52: 0.198s (orig 0.182s) rc=0 demoted=0.0MiB read=27.5MiB
  [regular] call 54 step 53: 0.183s (orig 0.175s) rc=0 demoted=0.0MiB read=0.0MiB
  [regular] call 55 step 54: 0.180s (orig 0.180s) rc=0 demoted=0.0MiB read=0.0MiB
[9/42] astropy__astropy-14182 regular: total=17.070052901999997 orig=16.335335625000003 mismatches=54 err=None
[9/42] astropy__astropy-14182 lazy
minisweagent.environment: DEBUG: Starting container with command: docker run -d --name   
minisweagent-7e7dba52 -w /testbed --rm                                                   
docker.io/swebench/sweb.eval.x86_64.astropy_1776_astropy-14182:latest sleep 2h           
minisweagent.environment: INFO: Started container minisweagent-7e7dba52 with ID          
1ba694f10d86b50e8c03d5a11b47f7b2a0e61185cdb093aaf65298e06a8678c8                         
  [lazy] call 1 step 1: 0.339s (orig 0.199s) rc=0 demoted=3.3MiB read=52.2MiB
  [lazy] call 2 step 1: 0.331s (orig 0.194s) rc=0 demoted=26.8MiB read=52.2MiB
  [lazy] call 3 step 2: 0.261s (orig 0.178s) rc=0 demoted=26.6MiB read=45.0MiB
  [lazy] call 4 step 3: 0.261s (orig 0.172s) rc=0 demoted=23.0MiB read=44.9MiB
  [lazy] call 5 step 4: 0.260s (orig 0.176s) rc=0 demoted=22.9MiB read=46.3MiB
  [lazy] call 6 step 5: 0.263s (orig 0.183s) rc=1 demoted=23.7MiB read=46.2MiB
  [lazy] call 7 step 6: 0.262s (orig 0.185s) rc=1 demoted=23.5MiB read=46.2MiB
  [lazy] call 8 step 7: 0.262s (orig 0.179s) rc=0 demoted=23.6MiB read=46.3MiB
  [lazy] call 9 step 8: 0.264s (orig 0.179s) rc=0 demoted=23.5MiB read=46.8MiB
  [lazy] call 10 step 9: 0.259s (orig 0.179s) rc=0 demoted=24.7MiB read=45.4MiB
  [lazy] call 11 step 10: 0.261s (orig 0.180s) rc=0 demoted=23.4MiB read=47.1MiB
  [lazy] call 12 step 11: 0.258s (orig 0.181s) rc=0 demoted=24.0MiB read=46.9MiB
  [lazy] call 13 step 12: 0.254s (orig 0.182s) rc=0 demoted=24.6MiB read=45.1MiB
  [lazy] call 14 step 13: 0.262s (orig 0.183s) rc=0 demoted=23.0MiB read=45.6MiB
  [lazy] call 15 step 14: 0.258s (orig 0.182s) rc=0 demoted=23.1MiB read=46.3MiB
  [lazy] call 16 step 15: 0.262s (orig 0.181s) rc=0 demoted=23.7MiB read=44.6MiB
  [lazy] call 17 step 16: 0.255s (orig 0.183s) rc=0 demoted=22.7MiB read=44.7MiB
  [lazy] call 18 step 17: 0.257s (orig 0.181s) rc=0 demoted=23.0MiB read=44.6MiB
  [lazy] call 19 step 18: 1.157s (orig 0.913s) rc=0 demoted=22.8MiB read=184.2MiB
  [lazy] call 20 step 19: 0.263s (orig 0.180s) rc=0 demoted=97.2MiB read=45.1MiB
  [lazy] call 21 step 20: 0.831s (orig 0.585s) rc=0 demoted=23.3MiB read=182.5MiB
  [lazy] call 22 step 21: 0.263s (orig 0.182s) rc=0 demoted=93.0MiB read=44.9MiB
  [lazy] call 23 step 22: 0.839s (orig 0.586s) rc=0 demoted=23.0MiB read=182.6MiB
  [lazy] call 24 step 23: 0.259s (orig 0.181s) rc=0 demoted=92.9MiB read=44.6MiB
  [lazy] call 25 step 24: 0.824s (orig 0.575s) rc=0 demoted=22.8MiB read=182.1MiB
  [lazy] call 26 step 25: 0.256s (orig 0.178s) rc=0 demoted=95.4MiB read=44.1MiB
  [lazy] call 27 step 26: 0.831s (orig 0.585s) rc=0 demoted=22.7MiB read=182.4MiB
  [lazy] call 28 step 27: 0.253s (orig 0.181s) rc=0 demoted=95.1MiB read=44.3MiB
  [lazy] call 29 step 28: 0.259s (orig 0.183s) rc=0 demoted=22.8MiB read=44.8MiB
  [lazy] call 30 step 29: 0.824s (orig 0.582s) rc=0 demoted=22.9MiB read=182.3MiB
  [lazy] call 31 step 30: 0.259s (orig 0.181s) rc=0 demoted=93.9MiB read=45.2MiB
  [lazy] call 32 step 31: 0.257s (orig 0.180s) rc=0 demoted=23.0MiB read=44.7MiB
  [lazy] call 33 step 32: 0.826s (orig 0.590s) rc=0 demoted=22.9MiB read=182.5MiB
  [lazy] call 34 step 33: 0.259s (orig 0.181s) rc=0 demoted=92.9MiB read=44.9MiB
  [lazy] call 35 step 34: 0.825s (orig 0.574s) rc=0 demoted=23.1MiB read=182.4MiB
  [lazy] call 36 step 35: 0.255s (orig 0.180s) rc=0 demoted=92.9MiB read=44.8MiB
  [lazy] call 37 step 36: 0.825s (orig 0.575s) rc=0 demoted=22.9MiB read=182.4MiB
  [lazy] call 38 step 37: 0.258s (orig 0.181s) rc=0 demoted=92.9MiB read=44.8MiB
  [lazy] call 39 step 38: 0.828s (orig 0.584s) rc=0 demoted=22.9MiB read=182.5MiB
  [lazy] call 40 step 39: 0.258s (orig 0.175s) rc=0 demoted=93.1MiB read=44.9MiB
  [lazy] call 41 step 40: 0.838s (orig 0.593s) rc=0 demoted=23.0MiB read=182.5MiB
  [lazy] call 42 step 41: 0.262s (orig 0.182s) rc=0 demoted=93.0MiB read=44.9MiB
  [lazy] call 43 step 42: 0.826s (orig 0.584s) rc=0 demoted=23.0MiB read=182.4MiB
  [lazy] call 44 step 43: 0.262s (orig 0.184s) rc=0 demoted=93.1MiB read=44.8MiB
  [lazy] call 45 step 44: 0.832s (orig 0.585s) rc=0 demoted=23.0MiB read=182.5MiB
  [lazy] call 46 step 45: 0.262s (orig 0.178s) rc=0 demoted=92.9MiB read=46.2MiB
  [lazy] call 47 step 46: 0.264s (orig 0.180s) rc=0 demoted=23.9MiB read=46.9MiB
  [lazy] call 48 step 47: 0.262s (orig 0.183s) rc=0 demoted=23.8MiB read=46.9MiB
  [lazy] call 49 step 48: 0.254s (orig 0.185s) rc=0 demoted=24.9MiB read=44.7MiB
  [lazy] call 50 step 49: 0.831s (orig 0.580s) rc=0 demoted=22.8MiB read=182.4MiB
  [lazy] call 51 step 50: 0.261s (orig 0.186s) rc=0 demoted=93.1MiB read=45.0MiB
  [lazy] call 52 step 51: 0.829s (orig 0.590s) rc=0 demoted=23.1MiB read=182.5MiB
  [lazy] call 53 step 52: 0.270s (orig 0.182s) rc=0 demoted=93.0MiB read=73.5MiB
  [lazy] call 54 step 53: 0.255s (orig 0.175s) rc=0 demoted=37.3MiB read=44.3MiB
  [lazy] call 55 step 54: 0.259s (orig 0.180s) rc=0 demoted=22.6MiB read=44.3MiB
[9/42] astropy__astropy-14182 lazy: total=23.307212034000003 orig=16.335335625000003 mismatches=54 err=None
[10/42] astropy__astropy-14309 regular
minisweagent.environment: DEBUG: Starting container with command: docker run -d --name   
minisweagent-97246f96 -w /testbed --rm                                                   
docker.io/swebench/sweb.eval.x86_64.astropy_1776_astropy-14309:latest sleep 2h           
minisweagent.environment: INFO: Started container minisweagent-97246f96 with ID          
52ea01f9a9cb2bd1f08e0b9f205b622ad80d484c3da2b60c58ebb16152c18679                         
  [regular] call 1 step 1: 0.304s (orig 0.200s) rc=0 demoted=0.0MiB read=46.8MiB
  [regular] call 2 step 1: 0.198s (orig 0.197s) rc=0 demoted=0.0MiB read=0.0MiB
  [regular] call 3 step 1: 0.203s (orig 0.194s) rc=0 demoted=0.0MiB read=0.0MiB
  [regular] call 4 step 2: 0.185s (orig 0.181s) rc=0 demoted=0.0MiB read=0.0MiB
  [regular] call 5 step 2: 0.187s (orig 0.175s) rc=0 demoted=0.0MiB read=0.0MiB
  [regular] call 6 step 3: 0.188s (orig 0.181s) rc=0 demoted=0.0MiB read=0.1MiB
  [regular] call 7 step 3: 0.189s (orig 0.210s) rc=0 demoted=0.0MiB read=0.0MiB
  [regular] call 8 step 4: 0.189s (orig 0.182s) rc=0 demoted=0.0MiB read=0.0MiB
  [regular] call 9 step 5: 0.229s (orig 0.202s) rc=1 demoted=0.0MiB read=14.3MiB
  [regular] call 10 step 6: 0.184s (orig 0.184s) rc=0 demoted=0.0MiB read=0.0MiB
  [regular] call 11 step 7: 1.073s (orig 0.920s) rc=0 demoted=0.0MiB read=121.3MiB
  [regular] call 12 step 8: 0.187s (orig 0.175s) rc=0 demoted=0.0MiB read=0.0MiB
  [regular] call 13 step 9: 0.186s (orig 0.184s) rc=0 demoted=0.0MiB read=0.3MiB
  [regular] call 14 step 10: 0.575s (orig 0.551s) rc=1 demoted=0.0MiB read=0.0MiB
  [regular] call 15 step 11: 0.185s (orig 0.182s) rc=0 demoted=0.0MiB read=0.0MiB
  [regular] call 16 step 12: 0.589s (orig 0.580s) rc=0 demoted=0.0MiB read=0.0MiB
  [regular] call 17 step 13: 0.184s (orig 0.181s) rc=0 demoted=0.0MiB read=0.0MiB
  [regular] call 18 step 14: 0.183s (orig 0.180s) rc=0 demoted=0.0MiB read=0.0MiB
  [regular] call 19 step 15: 0.593s (orig 0.576s) rc=0 demoted=0.0MiB read=0.0MiB
  [regular] call 20 step 16: 0.196s (orig 0.184s) rc=0 demoted=0.0MiB read=27.8MiB
  [regular] call 21 step 17: 0.186s (orig 0.180s) rc=0 demoted=0.0MiB read=0.0MiB
  [regular] call 22 step 18: 0.195s (orig 0.192s) rc=0 demoted=0.0MiB read=4.0MiB
  [regular] call 23 step 19: 0.184s (orig 0.176s) rc=0 demoted=0.0MiB read=0.0MiB
  [regular] call 24 step 20: 0.190s (orig 0.187s) rc=0 demoted=0.0MiB read=0.0MiB
  [regular] call 25 step 21: 0.202s (orig 0.195s) rc=0 demoted=0.0MiB read=0.1MiB
  [regular] call 26 step 22: 0.193s (orig 0.193s) rc=0 demoted=0.0MiB read=0.0MiB
  [regular] call 27 step 23: 0.189s (orig 0.183s) rc=0 demoted=0.0MiB read=0.0MiB
  [regular] call 28 step 24: 0.187s (orig 0.183s) rc=0 demoted=0.0MiB read=0.0MiB
  [regular] call 29 step 25: 0.182s (orig 0.181s) rc=0 demoted=0.0MiB read=0.0MiB
  [regular] call 30 step 26: 0.193s (orig 0.192s) rc=0 demoted=0.0MiB read=0.0MiB
  [regular] call 31 step 27: 0.193s (orig 0.191s) rc=0 demoted=0.0MiB read=0.0MiB
  [regular] call 32 step 28: 0.197s (orig 0.195s) rc=0 demoted=0.0MiB read=0.0MiB
  [regular] call 33 step 29: 0.191s (orig 0.184s) rc=1 demoted=0.0MiB read=0.0MiB
  [regular] call 34 step 30: 0.214s (orig 0.207s) rc=1 demoted=0.0MiB read=0.0MiB
  [regular] call 35 step 31: 0.212s (orig 0.213s) rc=1 demoted=0.0MiB read=0.0MiB
  [regular] call 36 step 32: 0.198s (orig 0.191s) rc=0 demoted=0.0MiB read=0.0MiB
  [regular] call 37 step 33: 0.184s (orig 0.183s) rc=0 demoted=0.0MiB read=0.0MiB
  [regular] call 38 step 34: 0.200s (orig 0.192s) rc=0 demoted=0.0MiB read=0.3MiB
  [regular] call 39 step 35: 0.199s (orig 0.192s) rc=0 demoted=0.0MiB read=0.0MiB
  [regular] call 40 step 36: 0.188s (orig 0.183s) rc=0 demoted=0.0MiB read=0.0MiB
  [regular] call 41 step 37: 0.190s (orig 0.189s) rc=1 demoted=0.0MiB read=0.0MiB
  [regular] call 42 step 38: 0.216s (orig 0.203s) rc=1 demoted=0.0MiB read=0.0MiB
  [regular] call 43 step 39: 0.218s (orig 0.213s) rc=1 demoted=0.0MiB read=0.0MiB
  [regular] call 44 step 40: 0.190s (orig 0.184s) rc=2 demoted=0.0MiB read=0.0MiB
  [regular] call 45 step 41: 0.189s (orig 0.185s) rc=2 demoted=0.0MiB read=0.0MiB
  [regular] call 46 step 42: 0.187s (orig 0.182s) rc=0 demoted=0.0MiB read=0.0MiB
  [regular] call 47 step 43: 0.186s (orig 0.182s) rc=0 demoted=0.0MiB read=0.0MiB
  [regular] call 48 step 44: 0.316s (orig 0.313s) rc=0 demoted=0.0MiB read=0.4MiB
  [regular] call 49 step 45: 0.189s (orig 0.184s) rc=0 demoted=0.0MiB read=0.0MiB
  [regular] call 50 step 46: 0.184s (orig 0.181s) rc=0 demoted=0.0MiB read=0.0MiB
  [regular] call 51 step 47: 0.569s (orig 0.557s) rc=1 demoted=0.0MiB read=0.0MiB
  [regular] call 52 step 48: 0.194s (orig 0.193s) rc=0 demoted=0.0MiB read=0.0MiB
  [regular] call 53 step 49: 0.183s (orig 0.179s) rc=0 demoted=0.0MiB read=0.0MiB
  [regular] call 54 step 50: 0.190s (orig 0.188s) rc=1 demoted=0.0MiB read=0.0MiB
  [regular] call 55 step 51: 0.213s (orig 0.215s) rc=1 demoted=0.0MiB read=0.0MiB
  [regular] call 56 step 52: 0.191s (orig 0.241s) rc=2 demoted=0.0MiB read=0.0MiB
  [regular] call 57 step 53: 0.190s (orig 0.186s) rc=0 demoted=0.0MiB read=0.0MiB
  [regular] call 58 step 54: 0.183s (orig 0.184s) rc=0 demoted=0.0MiB read=0.0MiB
  [regular] call 59 step 55: 0.210s (orig 0.203s) rc=0 demoted=0.0MiB read=0.0MiB
  [regular] call 60 step 56: 0.183s (orig 0.186s) rc=0 demoted=0.0MiB read=0.0MiB
  [regular] call 61 step 57: 0.182s (orig 0.181s) rc=0 demoted=0.0MiB read=0.0MiB
  [regular] call 62 step 58: 0.600s (orig 0.588s) rc=0 demoted=0.0MiB read=0.0MiB
  [regular] call 63 step 59: 0.598s (orig 0.581s) rc=0 demoted=0.0MiB read=0.0MiB
  [regular] call 64 step 60: 0.189s (orig 0.179s) rc=0 demoted=0.0MiB read=0.0MiB
[10/42] astropy__astropy-14309 regular: total=15.822859509 orig=15.286413944 mismatches=63 err=None
[10/42] astropy__astropy-14309 lazy
minisweagent.environment: DEBUG: Starting container with command: docker run -d --name   
minisweagent-365236f2 -w /testbed --rm                                                   
docker.io/swebench/sweb.eval.x86_64.astropy_1776_astropy-14309:latest sleep 2h           
minisweagent.environment: INFO: Started container minisweagent-365236f2 with ID          
4f3f054d67e1f26185665e80ecdc097547f6d7422ec3b09c3df472741fd28cb1                         
  [lazy] call 1 step 1: 0.314s (orig 0.200s) rc=0 demoted=3.4MiB read=52.1MiB
  [lazy] call 2 step 1: 0.300s (orig 0.197s) rc=0 demoted=26.7MiB read=51.8MiB
  [lazy] call 3 step 1: 0.310s (orig 0.194s) rc=0 demoted=26.4MiB read=51.7MiB
  [lazy] call 4 step 2: 0.260s (orig 0.181s) rc=0 demoted=26.5MiB read=47.0MiB
  [lazy] call 5 step 2: 0.261s (orig 0.175s) rc=0 demoted=23.8MiB read=46.8MiB
  [lazy] call 6 step 3: 0.261s (orig 0.181s) rc=0 demoted=24.0MiB read=47.1MiB
  [lazy] call 7 step 3: 0.262s (orig 0.210s) rc=0 demoted=23.8MiB read=46.9MiB
  [lazy] call 8 step 4: 0.258s (orig 0.182s) rc=0 demoted=24.2MiB read=45.5MiB
  [lazy] call 9 step 5: 0.300s (orig 0.202s) rc=1 demoted=23.2MiB read=59.8MiB
  [lazy] call 10 step 6: 0.259s (orig 0.184s) rc=0 demoted=30.2MiB read=45.5MiB
  [lazy] call 11 step 7: 1.166s (orig 0.920s) rc=0 demoted=23.3MiB read=181.8MiB
  [lazy] call 12 step 8: 0.259s (orig 0.175s) rc=0 demoted=95.9MiB read=47.1MiB
  [lazy] call 13 step 9: 0.266s (orig 0.184s) rc=0 demoted=24.3MiB read=47.6MiB
  [lazy] call 14 step 10: 0.798s (orig 0.551s) rc=1 demoted=24.3MiB read=178.9MiB
  [lazy] call 15 step 11: 0.259s (orig 0.182s) rc=0 demoted=91.6MiB read=45.6MiB
  [lazy] call 16 step 12: 0.826s (orig 0.580s) rc=0 demoted=23.5MiB read=179.5MiB
  [lazy] call 17 step 13: 0.265s (orig 0.181s) rc=0 demoted=92.1MiB read=46.2MiB
  [lazy] call 18 step 14: 0.261s (orig 0.180s) rc=0 demoted=23.7MiB read=45.7MiB
  [lazy] call 19 step 15: 0.820s (orig 0.576s) rc=0 demoted=23.7MiB read=179.7MiB
  [lazy] call 20 step 16: 0.274s (orig 0.184s) rc=0 demoted=91.7MiB read=74.8MiB
  [lazy] call 21 step 17: 0.259s (orig 0.180s) rc=0 demoted=38.4MiB read=45.6MiB
  [lazy] call 22 step 18: 0.285s (orig 0.192s) rc=0 demoted=23.4MiB read=77.8MiB
  [lazy] call 23 step 19: 0.255s (orig 0.176s) rc=0 demoted=39.9MiB read=44.9MiB
  [lazy] call 24 step 20: 0.279s (orig 0.187s) rc=0 demoted=23.1MiB read=78.1MiB
  [lazy] call 25 step 21: 0.383s (orig 0.195s) rc=0 demoted=39.8MiB read=157.0MiB
  [lazy] call 26 step 22: 0.289s (orig 0.193s) rc=0 demoted=124.0MiB read=78.9MiB
  [lazy] call 27 step 23: 0.256s (orig 0.183s) rc=0 demoted=40.6MiB read=44.8MiB
  [lazy] call 28 step 24: 0.258s (orig 0.183s) rc=0 demoted=23.8MiB read=45.2MiB
  [lazy] call 29 step 25: 0.261s (orig 0.181s) rc=0 demoted=24.0MiB read=44.9MiB
  [lazy] call 30 step 26: 0.285s (orig 0.192s) rc=0 demoted=23.9MiB read=78.2MiB
  [lazy] call 31 step 27: 0.277s (orig 0.191s) rc=0 demoted=40.3MiB read=78.0MiB
  [lazy] call 32 step 28: 0.286s (orig 0.195s) rc=0 demoted=39.7MiB read=78.9MiB
  [lazy] call 33 step 29: 0.280s (orig 0.184s) rc=1 demoted=40.9MiB read=78.9MiB
  [lazy] call 34 step 30: 0.315s (orig 0.207s) rc=1 demoted=40.2MiB read=80.7MiB
  [lazy] call 35 step 31: 0.312s (orig 0.213s) rc=1 demoted=42.0MiB read=78.5MiB
  [lazy] call 36 step 32: 0.287s (orig 0.191s) rc=0 demoted=40.0MiB read=79.2MiB
  [lazy] call 37 step 33: 0.260s (orig 0.183s) rc=0 demoted=40.8MiB read=46.8MiB
  [lazy] call 38 step 34: 0.288s (orig 0.192s) rc=0 demoted=23.9MiB read=79.4MiB
  [lazy] call 39 step 35: 0.286s (orig 0.192s) rc=0 demoted=40.6MiB read=79.1MiB
  [lazy] call 40 step 36: 0.258s (orig 0.183s) rc=0 demoted=40.8MiB read=45.1MiB
  [lazy] call 41 step 37: 0.278s (orig 0.189s) rc=1 demoted=23.1MiB read=76.9MiB
  [lazy] call 42 step 38: 0.310s (orig 0.203s) rc=1 demoted=39.4MiB read=77.9MiB
  [lazy] call 43 step 39: 0.326s (orig 0.213s) rc=1 demoted=40.0MiB read=81.5MiB
  [lazy] call 44 step 40: 0.277s (orig 0.184s) rc=2 demoted=41.0MiB read=67.0MiB
  [lazy] call 45 step 41: 0.273s (orig 0.185s) rc=2 demoted=34.0MiB read=66.9MiB
  [lazy] call 46 step 42: 0.275s (orig 0.182s) rc=0 demoted=34.0MiB read=66.9MiB
  [lazy] call 47 step 43: 0.262s (orig 0.182s) rc=0 demoted=33.9MiB read=45.6MiB
  [lazy] call 48 step 44: 0.399s (orig 0.313s) rc=0 demoted=23.5MiB read=48.2MiB
  [lazy] call 49 step 45: 0.268s (orig 0.184s) rc=0 demoted=25.2MiB read=70.8MiB
  [lazy] call 50 step 46: 0.250s (orig 0.181s) rc=0 demoted=36.4MiB read=41.3MiB
  [lazy] call 51 step 47: 0.802s (orig 0.557s) rc=1 demoted=21.2MiB read=178.9MiB
  [lazy] call 52 step 48: 0.279s (orig 0.193s) rc=0 demoted=92.2MiB read=75.4MiB
  [lazy] call 53 step 49: 0.259s (orig 0.179s) rc=0 demoted=38.6MiB read=45.3MiB
  [lazy] call 54 step 50: 0.279s (orig 0.188s) rc=1 demoted=23.3MiB read=79.3MiB
  [lazy] call 55 step 51: 0.315s (orig 0.215s) rc=1 demoted=40.4MiB read=80.6MiB
  [lazy] call 56 step 52: 0.276s (orig 0.241s) rc=2 demoted=40.6MiB read=66.7MiB
  [lazy] call 57 step 53: 0.279s (orig 0.186s) rc=0 demoted=34.3MiB read=66.8MiB
  [lazy] call 58 step 54: 0.260s (orig 0.184s) rc=0 demoted=33.9MiB read=45.6MiB
  [lazy] call 59 step 55: 0.307s (orig 0.203s) rc=0 demoted=23.5MiB read=60.0MiB
  [lazy] call 60 step 56: 0.275s (orig 0.186s) rc=0 demoted=30.4MiB read=74.7MiB
  [lazy] call 61 step 57: 0.260s (orig 0.181s) rc=0 demoted=38.0MiB read=45.6MiB
  [lazy] call 62 step 58: 0.826s (orig 0.588s) rc=0 demoted=23.3MiB read=180.0MiB
  [lazy] call 63 step 59: 0.826s (orig 0.581s) rc=0 demoted=92.1MiB read=179.8MiB
  [lazy] call 64 step 60: 0.258s (orig 0.179s) rc=0 demoted=91.7MiB read=45.1MiB
[10/42] astropy__astropy-14309 lazy: total=22.055807401 orig=15.286413944 mismatches=63 err=None
[11/42] astropy__astropy-14365 regular
minisweagent.environment: DEBUG: Starting container with command: docker run -d --name   
minisweagent-9e10e42a -w /testbed --rm                                                   
docker.io/swebench/sweb.eval.x86_64.astropy_1776_astropy-14365:latest sleep 2h           
minisweagent.environment: INFO: Started container minisweagent-9e10e42a with ID          
744474f9bc4c00e2cd8768d85884a8d3f10dc4a198e5e54f1c77e0d504d4e917                         
  [regular] call 1 step 1: 0.341s (orig 0.201s) rc=0 demoted=0.0MiB read=47.3MiB
  [regular] call 2 step 2: 0.185s (orig 0.180s) rc=0 demoted=0.0MiB read=0.1MiB
  [regular] call 3 step 3: 0.186s (orig 0.178s) rc=0 demoted=0.0MiB read=0.0MiB
  [regular] call 4 step 4: 0.188s (orig 0.181s) rc=1 demoted=0.0MiB read=0.3MiB
  [regular] call 5 step 5: 0.183s (orig 0.180s) rc=0 demoted=0.0MiB read=0.0MiB
  [regular] call 6 step 6: 0.183s (orig 0.175s) rc=0 demoted=0.0MiB read=0.0MiB
  [regular] call 7 step 7: 0.183s (orig 0.178s) rc=0 demoted=0.0MiB read=0.0MiB
  [regular] call 8 step 8: 1.093s (orig 0.924s) rc=0 demoted=0.0MiB read=135.9MiB
  [regular] call 9 step 9: 0.201s (orig 0.192s) rc=0 demoted=0.0MiB read=27.8MiB
  [regular] call 10 step 10: 0.183s (orig 0.174s) rc=0 demoted=0.0MiB read=0.0MiB
  [regular] call 11 step 13: 0.185s (orig 0.179s) rc=0 demoted=0.0MiB read=0.0MiB
[11/42] astropy__astropy-14365 regular: total=3.109934734 orig=2.742573783 mismatches=10 err=None
[11/42] astropy__astropy-14365 lazy
minisweagent.environment: DEBUG: Starting container with command: docker run -d --name   
minisweagent-02e658bb -w /testbed --rm                                                   
docker.io/swebench/sweb.eval.x86_64.astropy_1776_astropy-14365:latest sleep 2h           
minisweagent.environment: INFO: Started container minisweagent-02e658bb with ID          
6a2531630e97fe439b741ae667109e3f83a055c9294651aa6db48946aa3bdc50                         
  [lazy] call 1 step 1: 0.335s (orig 0.201s) rc=0 demoted=3.2MiB read=52.3MiB
  [lazy] call 2 step 2: 0.261s (orig 0.180s) rc=0 demoted=26.7MiB read=44.7MiB
  [lazy] call 3 step 3: 0.261s (orig 0.178s) rc=0 demoted=22.8MiB read=45.9MiB
  [lazy] call 4 step 4: 0.260s (orig 0.181s) rc=1 demoted=23.4MiB read=46.2MiB
  [lazy] call 5 step 5: 0.257s (orig 0.180s) rc=0 demoted=23.5MiB read=45.9MiB
  [lazy] call 6 step 6: 0.258s (orig 0.175s) rc=0 demoted=23.5MiB read=46.4MiB
  [lazy] call 7 step 7: 0.260s (orig 0.178s) rc=0 demoted=23.6MiB read=45.9MiB
  [lazy] call 8 step 8: 1.180s (orig 0.924s) rc=0 demoted=23.3MiB read=181.3MiB
  [lazy] call 9 step 9: 0.270s (orig 0.192s) rc=0 demoted=95.7MiB read=73.8MiB
  [lazy] call 10 step 10: 0.260s (orig 0.174s) rc=0 demoted=37.6MiB read=44.8MiB
  [lazy] call 11 step 13: 0.264s (orig 0.179s) rc=0 demoted=22.9MiB read=44.8MiB
[11/42] astropy__astropy-14365 lazy: total=3.8669233729999997 orig=2.742573783 mismatches=10 err=None
[12/42] astropy__astropy-14369 regular
minisweagent.environment: DEBUG: Starting container with command: docker run -d --name   
minisweagent-85c3cdd3 -w /testbed --rm                                                   
docker.io/swebench/sweb.eval.x86_64.astropy_1776_astropy-14369:latest sleep 2h           
minisweagent.environment: INFO: Started container minisweagent-85c3cdd3 with ID          
717c37a2b48e29902682e90860541a817b9c3ae18ae0246335e69c7c5f581986                         
  [regular] call 1 step 1: 0.311s (orig 0.198s) rc=0 demoted=0.0MiB read=46.6MiB
  [regular] call 2 step 2: 0.185s (orig 0.179s) rc=0 demoted=0.0MiB read=0.1MiB
  [regular] call 3 step 3: 0.182s (orig 0.179s) rc=0 demoted=0.0MiB read=0.0MiB
  [regular] call 4 step 5: 0.183s (orig 0.177s) rc=0 demoted=0.0MiB read=0.0MiB
[12/42] astropy__astropy-14369 regular: total=0.861131863 orig=0.7334179470000001 mismatches=0 err=None
[12/42] astropy__astropy-14369 lazy
minisweagent.environment: DEBUG: Starting container with command: docker run -d --name   
minisweagent-2c6d9590 -w /testbed --rm                                                   
docker.io/swebench/sweb.eval.x86_64.astropy_1776_astropy-14369:latest sleep 2h           
minisweagent.environment: INFO: Started container minisweagent-2c6d9590 with ID          
f423579260bef4eabe8a27e741b765907ad0d9155eccdb0072be8582d60e242b                         
  [lazy] call 1 step 1: 0.310s (orig 0.198s) rc=0 demoted=3.5MiB read=51.8MiB
  [lazy] call 2 step 2: 0.259s (orig 0.179s) rc=0 demoted=26.6MiB read=45.2MiB
  [lazy] call 3 step 3: 0.262s (orig 0.179s) rc=0 demoted=23.0MiB read=45.4MiB
  [lazy] call 4 step 5: 0.258s (orig 0.177s) rc=0 demoted=23.1MiB read=46.2MiB
[12/42] astropy__astropy-14369 lazy: total=1.089752281 orig=0.7334179470000001 mismatches=0 err=None
[13/42] astropy__astropy-14508 regular
minisweagent.environment: DEBUG: Starting container with command: docker run -d --name   
minisweagent-17c80108 -w /testbed --rm                                                   
docker.io/swebench/sweb.eval.x86_64.astropy_1776_astropy-14508:latest sleep 2h           
minisweagent.environment: INFO: Started container minisweagent-17c80108 with ID          
ecef9a9eb2c01ae070e46d21a05eae53c4f6815317ca047e357f49bd10c92bb8                         
  [regular] call 1 step 1: 0.305s (orig 0.194s) rc=0 demoted=0.0MiB read=45.9MiB
  [regular] call 2 step 2: 0.183s (orig 0.182s) rc=0 demoted=0.0MiB read=0.1MiB
  [regular] call 3 step 3: 0.181s (orig 0.175s) rc=0 demoted=0.0MiB read=0.0MiB
  [regular] call 4 step 4: 0.185s (orig 0.179s) rc=0 demoted=0.0MiB read=0.2MiB
  [regular] call 5 step 5: 0.190s (orig 0.184s) rc=0 demoted=0.0MiB read=0.6MiB
  [regular] call 6 step 6: 0.184s (orig 0.182s) rc=0 demoted=0.0MiB read=0.0MiB
  [regular] call 7 step 7: 0.517s (orig 0.412s) rc=1 demoted=0.0MiB read=114.3MiB
  [regular] call 8 step 8: 0.182s (orig 0.180s) rc=0 demoted=0.0MiB read=0.0MiB
  [regular] call 9 step 9: 0.184s (orig 0.180s) rc=0 demoted=0.0MiB read=0.0MiB
  [regular] call 10 step 10: 0.207s (orig 0.205s) rc=0 demoted=0.0MiB read=0.0MiB
  [regular] call 11 step 11: 0.386s (orig 0.375s) rc=1 demoted=0.0MiB read=0.0MiB
  [regular] call 12 step 12: 0.188s (orig 0.181s) rc=0 demoted=0.0MiB read=0.0MiB
  [regular] call 13 step 13: 0.189s (orig 0.182s) rc=0 demoted=0.0MiB read=0.0MiB
  [regular] call 14 step 14: 0.208s (orig 0.206s) rc=0 demoted=0.0MiB read=0.0MiB
  [regular] call 15 step 15: 0.390s (orig 0.376s) rc=1 demoted=0.0MiB read=0.0MiB
  [regular] call 16 step 16: 0.184s (orig 0.177s) rc=0 demoted=0.0MiB read=0.0MiB
  [regular] call 17 step 17: 0.183s (orig 0.174s) rc=0 demoted=0.0MiB read=0.0MiB
  [regular] call 18 step 18: 0.182s (orig 0.181s) rc=0 demoted=0.0MiB read=0.0MiB
  [regular] call 19 step 19: 0.187s (orig 0.179s) rc=0 demoted=0.0MiB read=0.0MiB
  [regular] call 20 step 20: 0.187s (orig 0.180s) rc=0 demoted=0.0MiB read=0.0MiB
  [regular] call 21 step 21: 0.182s (orig 0.181s) rc=0 demoted=0.0MiB read=0.0MiB
  [regular] call 22 step 22: 0.179s (orig 0.183s) rc=0 demoted=0.0MiB read=0.0MiB
  [regular] call 23 step 23: 0.205s (orig 0.208s) rc=0 demoted=0.0MiB read=0.0MiB
  [regular] call 24 step 24: 0.180s (orig 0.181s) rc=0 demoted=0.0MiB read=0.0MiB
  [regular] call 25 step 25: 0.505s (orig 0.485s) rc=0 demoted=0.0MiB read=6.6MiB
  [regular] call 26 step 26: 0.183s (orig 0.175s) rc=0 demoted=0.0MiB read=0.0MiB
  [regular] call 27 step 27: 0.418s (orig 0.411s) rc=0 demoted=0.0MiB read=0.0MiB
  [regular] call 28 step 28: 0.195s (orig 0.180s) rc=0 demoted=0.0MiB read=28.2MiB
  [regular] call 29 step 29: 0.185s (orig 0.181s) rc=0 demoted=0.0MiB read=0.0MiB
  [regular] call 30 step 30: 0.182s (orig 0.181s) rc=0 demoted=0.0MiB read=0.0MiB
[13/42] astropy__astropy-14508 regular: total=7.013496163 orig=6.648995259 mismatches=29 err=None
[13/42] astropy__astropy-14508 lazy
minisweagent.environment: DEBUG: Starting container with command: docker run -d --name   
minisweagent-3bb69e9a -w /testbed --rm                                                   
docker.io/swebench/sweb.eval.x86_64.astropy_1776_astropy-14508:latest sleep 2h           
minisweagent.environment: INFO: Started container minisweagent-3bb69e9a with ID          
8614f5d6057fbd16146c95287bd5e9bd59d519397aa038862394345eeb427e83                         
  [lazy] call 1 step 1: 0.320s (orig 0.194s) rc=0 demoted=3.6MiB read=52.7MiB
  [lazy] call 2 step 2: 0.266s (orig 0.182s) rc=0 demoted=26.9MiB read=46.8MiB
  [lazy] call 3 step 3: 0.260s (orig 0.175s) rc=0 demoted=23.8MiB read=46.6MiB
  [lazy] call 4 step 4: 0.269s (orig 0.179s) rc=0 demoted=23.8MiB read=47.3MiB
  [lazy] call 5 step 5: 0.268s (orig 0.184s) rc=0 demoted=24.2MiB read=47.5MiB
  [lazy] call 6 step 6: 0.259s (orig 0.182s) rc=0 demoted=24.5MiB read=45.4MiB
  [lazy] call 7 step 7: 0.600s (orig 0.412s) rc=1 demoted=23.3MiB read=160.5MiB
  [lazy] call 8 step 8: 0.261s (orig 0.180s) rc=0 demoted=84.8MiB read=46.7MiB
  [lazy] call 9 step 9: 0.257s (orig 0.180s) rc=0 demoted=24.6MiB read=42.6MiB
  [lazy] call 10 step 10: 0.315s (orig 0.205s) rc=0 demoted=22.0MiB read=59.9MiB
  [lazy] call 11 step 11: 0.570s (orig 0.375s) rc=1 demoted=30.1MiB read=160.1MiB
  [lazy] call 12 step 12: 0.259s (orig 0.181s) rc=0 demoted=81.7MiB read=47.3MiB
  [lazy] call 13 step 13: 0.261s (orig 0.182s) rc=0 demoted=24.1MiB read=45.5MiB
  [lazy] call 14 step 14: 0.305s (orig 0.206s) rc=0 demoted=23.4MiB read=59.7MiB
  [lazy] call 15 step 15: 0.568s (orig 0.376s) rc=1 demoted=30.3MiB read=160.2MiB
  [lazy] call 16 step 16: 0.266s (orig 0.177s) rc=0 demoted=82.3MiB read=47.5MiB
  [lazy] call 17 step 17: 0.261s (orig 0.174s) rc=0 demoted=24.0MiB read=47.3MiB
  [lazy] call 18 step 18: 0.259s (orig 0.181s) rc=0 demoted=25.3MiB read=45.8MiB
  [lazy] call 19 step 19: 0.265s (orig 0.179s) rc=0 demoted=23.4MiB read=47.3MiB
  [lazy] call 20 step 20: 0.253s (orig 0.180s) rc=0 demoted=24.9MiB read=43.6MiB
  [lazy] call 21 step 21: 0.262s (orig 0.181s) rc=0 demoted=23.5MiB read=45.9MiB
  [lazy] call 22 step 22: 0.250s (orig 0.183s) rc=0 demoted=24.1MiB read=41.3MiB
  [lazy] call 23 step 23: 0.300s (orig 0.208s) rc=0 demoted=21.2MiB read=60.1MiB
  [lazy] call 24 step 24: 0.263s (orig 0.181s) rc=0 demoted=30.5MiB read=46.5MiB
  [lazy] call 25 step 25: 0.691s (orig 0.485s) rc=0 demoted=24.1MiB read=166.9MiB
  [lazy] call 26 step 26: 0.263s (orig 0.175s) rc=0 demoted=85.9MiB read=45.6MiB
  [lazy] call 27 step 27: 0.610s (orig 0.411s) rc=0 demoted=23.5MiB read=166.3MiB
  [lazy] call 28 step 28: 0.275s (orig 0.180s) rc=0 demoted=84.7MiB read=75.3MiB
  [lazy] call 29 step 29: 0.261s (orig 0.181s) rc=0 demoted=38.1MiB read=45.6MiB
  [lazy] call 30 step 30: 0.263s (orig 0.181s) rc=0 demoted=23.3MiB read=45.6MiB
[13/42] astropy__astropy-14508 lazy: total=9.77881486 orig=6.648995259 mismatches=29 err=None
[14/42] astropy__astropy-14539 regular
minisweagent.environment: DEBUG: Starting container with command: docker run -d --name   
minisweagent-8545931b -w /testbed --rm                                                   
docker.io/swebench/sweb.eval.x86_64.astropy_1776_astropy-14539:latest sleep 2h           
minisweagent.environment: INFO: Started container minisweagent-8545931b with ID          
2ea10a74620da744c648e6e5fc749e49b945a10c89bb3c72db452b42c64bc4e4                         
  [regular] call 1 step 1: 0.313s (orig 0.198s) rc=1 demoted=0.0MiB read=46.8MiB
  [regular] call 2 step 2: 0.185s (orig 0.187s) rc=0 demoted=0.0MiB read=0.3MiB
  [regular] call 3 step 3: 0.187s (orig 0.175s) rc=0 demoted=0.0MiB read=0.2MiB
  [regular] call 4 step 4: 0.189s (orig 0.178s) rc=0 demoted=0.0MiB read=0.2MiB
  [regular] call 5 step 5: 0.182s (orig 0.178s) rc=0 demoted=0.0MiB read=0.1MiB
  [regular] call 6 step 6: 0.180s (orig 0.180s) rc=1 demoted=0.0MiB read=0.0MiB
  [regular] call 7 step 7: 0.182s (orig 0.177s) rc=0 demoted=0.0MiB read=0.0MiB
  [regular] call 8 step 8: 0.183s (orig 0.179s) rc=0 demoted=0.0MiB read=0.0MiB
  [regular] call 9 step 9: 0.224s (orig 0.202s) rc=1 demoted=0.0MiB read=14.5MiB
  [regular] call 10 step 10: 0.183s (orig 0.178s) rc=0 demoted=0.0MiB read=0.0MiB
  [regular] call 11 step 11: 1.086s (orig 0.923s) rc=1 demoted=0.0MiB read=121.3MiB
  [regular] call 12 step 13: 0.186s (orig 0.183s) rc=0 demoted=0.0MiB read=0.0MiB
  [regular] call 13 step 14: 0.187s (orig 0.175s) rc=0 demoted=0.0MiB read=0.1MiB
  [regular] call 14 step 15: 0.183s (orig 0.182s) rc=0 demoted=0.0MiB read=0.0MiB
  [regular] call 15 step 16: 0.182s (orig 0.178s) rc=0 demoted=0.0MiB read=0.1MiB
  [regular] call 16 step 17: 0.186s (orig 0.179s) rc=0 demoted=0.0MiB read=0.3MiB
  [regular] call 17 step 18: 0.413s (orig 0.402s) rc=1 demoted=0.0MiB read=0.0MiB
  [regular] call 18 step 19: 0.185s (orig 0.179s) rc=1 demoted=0.0MiB read=0.0MiB
  [regular] call 19 step 20: 0.183s (orig 0.183s) rc=0 demoted=0.0MiB read=0.0MiB
  [regular] call 20 step 21: 0.208s (orig 0.204s) rc=0 demoted=0.0MiB read=0.0MiB
  [regular] call 21 step 22: 0.619s (orig 0.601s) rc=1 demoted=0.0MiB read=0.0MiB
  [regular] call 22 step 23: 0.185s (orig 0.182s) rc=0 demoted=0.0MiB read=0.0MiB
  [regular] call 23 step 24: 0.207s (orig 0.208s) rc=0 demoted=0.0MiB read=0.0MiB
  [regular] call 24 step 25: 0.418s (orig 0.406s) rc=1 demoted=0.0MiB read=0.0MiB
  [regular] call 25 step 26: 0.185s (orig 0.191s) rc=0 demoted=0.0MiB read=0.0MiB
  [regular] call 26 step 27: 0.206s (orig 0.204s) rc=0 demoted=0.0MiB read=0.0MiB
  [regular] call 27 step 28: 0.411s (orig 0.408s) rc=1 demoted=0.0MiB read=0.0MiB
  [regular] call 28 step 29: 0.187s (orig 0.178s) rc=0 demoted=0.0MiB read=0.0MiB
  [regular] call 29 step 30: 0.184s (orig 0.180s) rc=1 demoted=0.0MiB read=0.0MiB
  [regular] call 30 step 31: 0.190s (orig 0.177s) rc=0 demoted=0.0MiB read=0.0MiB
  [regular] call 31 step 32: 0.212s (orig 0.203s) rc=0 demoted=0.0MiB read=0.0MiB
  [regular] call 32 step 33: 0.184s (orig 0.182s) rc=0 demoted=0.0MiB read=0.0MiB
  [regular] call 33 step 34: 0.188s (orig 0.182s) rc=0 demoted=0.0MiB read=0.0MiB
  [regular] call 34 step 35: 0.208s (orig 0.204s) rc=0 demoted=0.0MiB read=0.0MiB
  [regular] call 35 step 36: 0.184s (orig 0.175s) rc=0 demoted=0.0MiB read=0.0MiB
  [regular] call 36 step 37: 0.181s (orig 0.183s) rc=0 demoted=0.0MiB read=0.0MiB
  [regular] call 37 step 38: 0.181s (orig 0.178s) rc=0 demoted=0.0MiB read=0.0MiB
  [regular] call 38 step 39: 0.182s (orig 0.177s) rc=0 demoted=0.0MiB read=0.0MiB
  [regular] call 39 step 40: 0.179s (orig 0.181s) rc=0 demoted=0.0MiB read=0.0MiB
  [regular] call 40 step 41: 0.204s (orig 0.201s) rc=1 demoted=0.0MiB read=0.0MiB
  [regular] call 41 step 42: 0.185s (orig 0.182s) rc=0 demoted=0.0MiB read=0.0MiB
  [regular] call 42 step 43: 0.208s (orig 0.200s) rc=0 demoted=0.0MiB read=0.0MiB
  [regular] call 43 step 44: 0.180s (orig 0.182s) rc=0 demoted=0.0MiB read=0.0MiB
  [regular] call 44 step 45: 0.188s (orig 0.181s) rc=1 demoted=0.0MiB read=0.0MiB
  [regular] call 45 step 46: 0.184s (orig 0.177s) rc=0 demoted=0.0MiB read=0.0MiB
  [regular] call 46 step 47: 0.210s (orig 0.205s) rc=0 demoted=0.0MiB read=0.0MiB
  [regular] call 47 step 48: 0.181s (orig 0.178s) rc=0 demoted=0.0MiB read=0.0MiB
  [regular] call 48 step 49: 0.184s (orig 0.178s) rc=0 demoted=0.0MiB read=0.0MiB
  [regular] call 49 step 50: 0.185s (orig 0.180s) rc=0 demoted=0.0MiB read=0.0MiB
  [regular] call 50 step 51: 0.208s (orig 0.207s) rc=1 demoted=0.0MiB read=0.0MiB
  [regular] call 51 step 52: 0.184s (orig 0.181s) rc=2 demoted=0.0MiB read=0.0MiB
  [regular] call 52 step 53: 0.191s (orig 0.178s) rc=0 demoted=0.0MiB read=0.0MiB
  [regular] call 53 step 54: 0.184s (orig 0.178s) rc=0 demoted=0.0MiB read=0.0MiB
  [regular] call 54 step 55: 0.189s (orig 0.182s) rc=0 demoted=0.0MiB read=0.3MiB
  [regular] call 55 step 56: 0.183s (orig 0.179s) rc=0 demoted=0.0MiB read=0.0MiB
  [regular] call 56 step 57: 0.185s (orig 0.180s) rc=0 demoted=0.0MiB read=0.0MiB
  [regular] call 57 step 58: 0.613s (orig 0.602s) rc=1 demoted=0.0MiB read=0.0MiB
  [regular] call 58 step 59: 0.184s (orig 0.186s) rc=2 demoted=0.0MiB read=0.0MiB
  [regular] call 59 step 60: 0.185s (orig 0.181s) rc=0 demoted=0.0MiB read=0.0MiB
  [regular] call 60 step 61: 0.183s (orig 0.180s) rc=0 demoted=0.0MiB read=0.0MiB
  [regular] call 61 step 62: 0.186s (orig 0.183s) rc=0 demoted=0.0MiB read=0.0MiB
  [regular] call 62 step 63: 0.416s (orig 0.411s) rc=1 demoted=0.0MiB read=0.0MiB
  [regular] call 63 step 64: 0.181s (orig 0.181s) rc=0 demoted=0.0MiB read=0.0MiB
  [regular] call 64 step 65: 0.183s (orig 0.185s) rc=0 demoted=0.0MiB read=0.0MiB
  [regular] call 65 step 66: 0.181s (orig 0.176s) rc=0 demoted=0.0MiB read=0.0MiB
  [regular] call 66 step 67: 0.186s (orig 0.184s) rc=0 demoted=0.0MiB read=0.0MiB
  [regular] call 67 step 68: 0.189s (orig 0.181s) rc=0 demoted=0.0MiB read=0.0MiB
  [regular] call 68 step 69: 0.182s (orig 0.180s) rc=1 demoted=0.0MiB read=0.0MiB
  [regular] call 69 step 70: 0.188s (orig 0.181s) rc=0 demoted=0.0MiB read=0.0MiB
  [regular] call 70 step 71: 0.181s (orig 0.179s) rc=1 demoted=0.0MiB read=0.0MiB
  [regular] call 71 step 72: 0.185s (orig 0.176s) rc=0 demoted=0.0MiB read=0.0MiB
  [regular] call 72 step 73: 0.187s (orig 0.180s) rc=0 demoted=0.0MiB read=0.0MiB
  [regular] call 73 step 74: 0.183s (orig 0.180s) rc=0 demoted=0.0MiB read=0.0MiB
  [regular] call 74 step 75: 0.184s (orig 0.182s) rc=0 demoted=0.0MiB read=0.0MiB
  [regular] call 75 step 76: 0.188s (orig 0.186s) rc=0 demoted=0.0MiB read=0.0MiB
  [regular] call 76 step 77: 0.617s (orig 0.596s) rc=1 demoted=0.0MiB read=0.1MiB
  [regular] call 77 step 78: 0.189s (orig 0.184s) rc=2 demoted=0.0MiB read=0.0MiB
  [regular] call 78 step 79: 0.188s (orig 0.182s) rc=0 demoted=0.0MiB read=0.0MiB
  [regular] call 79 step 80: 0.185s (orig 0.179s) rc=0 demoted=0.0MiB read=0.0MiB
  [regular] call 80 step 81: 0.188s (orig 0.181s) rc=0 demoted=0.0MiB read=0.0MiB
  [regular] call 81 step 82: 0.188s (orig 0.183s) rc=0 demoted=0.0MiB read=0.0MiB
  [regular] call 82 step 83: 0.420s (orig 0.406s) rc=1 demoted=0.0MiB read=0.0MiB
  [regular] call 83 step 84: 0.185s (orig 0.181s) rc=0 demoted=0.0MiB read=0.0MiB
  [regular] call 84 step 85: 0.187s (orig 0.180s) rc=0 demoted=0.0MiB read=0.0MiB
  [regular] call 85 step 86: 0.185s (orig 0.177s) rc=0 demoted=0.0MiB read=0.0MiB
  [regular] call 86 step 87: 0.182s (orig 0.181s) rc=0 demoted=0.0MiB read=0.0MiB
  [regular] call 87 step 88: 0.625s (orig 0.594s) rc=1 demoted=0.0MiB read=0.0MiB
  [regular] call 88 step 89: 0.182s (orig 0.179s) rc=2 demoted=0.0MiB read=0.0MiB
  [regular] call 89 step 90: 0.181s (orig 0.181s) rc=0 demoted=0.0MiB read=0.0MiB
  [regular] call 90 step 91: 0.181s (orig 0.182s) rc=0 demoted=0.0MiB read=0.0MiB
  [regular] call 91 step 92: 0.181s (orig 0.179s) rc=0 demoted=0.0MiB read=0.0MiB
  [regular] call 92 step 93: 0.182s (orig 0.180s) rc=0 demoted=0.0MiB read=0.0MiB
  [regular] call 93 step 94: 0.418s (orig 0.404s) rc=1 demoted=0.0MiB read=0.0MiB
  [regular] call 94 step 95: 0.186s (orig 0.180s) rc=0 demoted=0.0MiB read=0.0MiB
  [regular] call 95 step 96: 0.186s (orig 0.183s) rc=2 demoted=0.0MiB read=0.0MiB
  [regular] call 96 step 97: 0.178s (orig 0.181s) rc=0 demoted=0.0MiB read=0.0MiB
  [regular] call 97 step 98: 0.184s (orig 0.181s) rc=0 demoted=0.0MiB read=0.0MiB
  [regular] call 98 step 99: 0.187s (orig 0.181s) rc=0 demoted=0.0MiB read=0.0MiB
  [regular] call 99 step 100: 0.186s (orig 0.182s) rc=0 demoted=0.0MiB read=0.0MiB
  [regular] call 100 step 101: 0.418s (orig 0.408s) rc=1 demoted=0.0MiB read=0.0MiB
  [regular] call 101 step 102: 0.182s (orig 0.180s) rc=0 demoted=0.0MiB read=0.0MiB
  [regular] call 102 step 103: 0.188s (orig 0.182s) rc=2 demoted=0.0MiB read=0.0MiB
  [regular] call 103 step 104: 0.184s (orig 0.177s) rc=0 demoted=0.0MiB read=0.0MiB
  [regular] call 104 step 105: 0.182s (orig 0.181s) rc=0 demoted=0.0MiB read=0.0MiB
  [regular] call 105 step 106: 0.181s (orig 0.181s) rc=0 demoted=0.0MiB read=0.0MiB
  [regular] call 106 step 107: 0.186s (orig 0.186s) rc=0 demoted=0.0MiB read=0.0MiB
  [regular] call 107 step 108: 0.615s (orig 0.600s) rc=1 demoted=0.0MiB read=0.0MiB
  [regular] call 108 step 109: 0.183s (orig 0.176s) rc=0 demoted=0.0MiB read=0.0MiB
  [regular] call 109 step 110: 0.189s (orig 0.179s) rc=0 demoted=0.0MiB read=0.0MiB
  [regular] call 110 step 111: 0.187s (orig 0.183s) rc=0 demoted=0.0MiB read=0.0MiB
  [regular] call 111 step 112: 0.183s (orig 0.183s) rc=1 demoted=0.0MiB read=0.0MiB
  [regular] call 112 step 113: 0.185s (orig 0.182s) rc=0 demoted=0.0MiB read=0.0MiB
  [regular] call 113 step 114: 0.185s (orig 0.182s) rc=0 demoted=0.0MiB read=0.0MiB
  [regular] call 114 step 115: 0.185s (orig 0.179s) rc=0 demoted=0.0MiB read=0.0MiB
  [regular] call 115 step 116: 0.210s (orig 0.201s) rc=0 demoted=0.0MiB read=0.0MiB
  [regular] call 116 step 117: 0.613s (orig 0.600s) rc=1 demoted=0.0MiB read=0.0MiB
  [regular] call 117 step 118: 0.185s (orig 0.179s) rc=0 demoted=0.0MiB read=0.0MiB
  [regular] call 118 step 119: 0.208s (orig 0.204s) rc=0 demoted=0.0MiB read=0.0MiB
  [regular] call 119 step 120: 0.620s (orig 0.598s) rc=1 demoted=0.0MiB read=0.0MiB
  [regular] call 120 step 121: 0.183s (orig 0.178s) rc=0 demoted=0.0MiB read=0.0MiB
  [regular] call 121 step 122: 0.183s (orig 0.181s) rc=0 demoted=0.0MiB read=0.0MiB
  [regular] call 122 step 123: 0.210s (orig 0.204s) rc=0 demoted=0.0MiB read=0.0MiB
  [regular] call 123 step 124: 0.616s (orig 0.601s) rc=1 demoted=0.0MiB read=0.0MiB
  [regular] call 124 step 125: 0.183s (orig 0.182s) rc=0 demoted=0.0MiB read=0.0MiB
  [regular] call 125 step 126: 0.183s (orig 0.185s) rc=0 demoted=0.0MiB read=0.0MiB
  [regular] call 126 step 127: 0.211s (orig 0.208s) rc=0 demoted=0.0MiB read=0.0MiB
  [regular] call 127 step 128: 0.415s (orig 0.408s) rc=1 demoted=0.0MiB read=0.0MiB
  [regular] call 128 step 129: 0.184s (orig 0.183s) rc=0 demoted=0.0MiB read=0.0MiB
  [regular] call 129 step 130: 0.184s (orig 0.181s) rc=0 demoted=0.0MiB read=0.0MiB
  [regular] call 130 step 131: 0.208s (orig 0.205s) rc=0 demoted=0.0MiB read=0.0MiB
  [regular] call 131 step 132: 0.619s (orig 0.604s) rc=1 demoted=0.0MiB read=0.0MiB
  [regular] call 132 step 133: 0.186s (orig 0.183s) rc=0 demoted=0.0MiB read=0.0MiB
  [regular] call 133 step 134: 0.182s (orig 0.184s) rc=0 demoted=0.0MiB read=0.0MiB
  [regular] call 134 step 135: 0.211s (orig 0.207s) rc=0 demoted=0.0MiB read=0.0MiB
  [regular] call 135 step 136: 0.624s (orig 0.607s) rc=1 demoted=0.0MiB read=0.0MiB
  [regular] call 136 step 137: 0.183s (orig 0.184s) rc=0 demoted=0.0MiB read=0.0MiB
  [regular] call 137 step 138: 0.181s (orig 0.180s) rc=1 demoted=0.0MiB read=0.0MiB
  [regular] call 138 step 139: 0.184s (orig 0.182s) rc=1 demoted=0.0MiB read=0.0MiB
  [regular] call 139 step 140: 0.188s (orig 0.179s) rc=0 demoted=0.0MiB read=0.0MiB
  [regular] call 140 step 141: 0.184s (orig 0.178s) rc=0 demoted=0.0MiB read=0.0MiB
  [regular] call 141 step 142: 0.190s (orig 0.186s) rc=0 demoted=0.0MiB read=0.0MiB
  [regular] call 142 step 143: 0.184s (orig 0.180s) rc=1 demoted=0.0MiB read=0.0MiB
  [regular] call 143 step 144: 0.181s (orig 0.178s) rc=0 demoted=0.0MiB read=0.0MiB
  [regular] call 144 step 145: 0.182s (orig 0.182s) rc=0 demoted=0.0MiB read=0.0MiB
  [regular] call 145 step 146: 0.208s (orig 0.208s) rc=0 demoted=0.0MiB read=0.0MiB
  [regular] call 146 step 147: 0.619s (orig 0.607s) rc=1 demoted=0.0MiB read=0.0MiB
  [regular] call 147 step 148: 0.186s (orig 0.182s) rc=1 demoted=0.0MiB read=0.0MiB
  [regular] call 148 step 149: 0.183s (orig 0.182s) rc=1 demoted=0.0MiB read=0.0MiB
  [regular] call 149 step 150: 0.186s (orig 0.182s) rc=0 demoted=0.0MiB read=0.0MiB
  [regular] call 150 step 151: 0.184s (orig 0.189s) rc=0 demoted=0.0MiB read=0.0MiB
  [regular] call 151 step 152: 0.207s (orig 0.203s) rc=0 demoted=0.0MiB read=0.0MiB
  [regular] call 152 step 153: 0.621s (orig 0.613s) rc=1 demoted=0.0MiB read=0.0MiB
  [regular] call 153 step 154: 0.188s (orig 0.184s) rc=0 demoted=0.0MiB read=0.0MiB
  [regular] call 154 step 155: 0.614s (orig 0.605s) rc=1 demoted=0.0MiB read=0.0MiB
  [regular] call 155 step 156: 0.183s (orig 0.183s) rc=0 demoted=0.0MiB read=0.0MiB
  [regular] call 156 step 157: 0.184s (orig 0.177s) rc=0 demoted=0.0MiB read=0.0MiB
  [regular] call 157 step 158: 0.181s (orig 0.183s) rc=0 demoted=0.0MiB read=0.0MiB
  [regular] call 158 step 159: 0.183s (orig 0.184s) rc=1 demoted=0.0MiB read=0.0MiB
  [regular] call 159 step 160: 0.183s (orig 0.183s) rc=1 demoted=0.0MiB read=0.0MiB
  [regular] call 160 step 161: 0.184s (orig 0.185s) rc=1 demoted=0.0MiB read=0.0MiB
  [regular] call 161 step 162: 0.184s (orig 0.181s) rc=0 demoted=0.0MiB read=0.0MiB
  [regular] call 162 step 163: 0.183s (orig 0.181s) rc=0 demoted=0.0MiB read=0.0MiB
  [regular] call 163 step 164: 0.210s (orig 0.206s) rc=0 demoted=0.0MiB read=0.0MiB
  [regular] call 164 step 165: 0.620s (orig 0.610s) rc=1 demoted=0.0MiB read=0.0MiB
  [regular] call 165 step 166: 0.185s (orig 0.181s) rc=1 demoted=0.0MiB read=0.0MiB
  [regular] call 166 step 167: 0.182s (orig 0.180s) rc=0 demoted=0.0MiB read=0.0MiB
  [regular] call 167 step 168: 0.185s (orig 0.177s) rc=0 demoted=0.0MiB read=0.0MiB
  [regular] call 168 step 169: 0.182s (orig 0.181s) rc=0 demoted=0.0MiB read=0.0MiB
  [regular] call 169 step 170: 0.183s (orig 0.183s) rc=0 demoted=0.0MiB read=0.0MiB
  [regular] call 170 step 171: 0.183s (orig 0.180s) rc=0 demoted=0.0MiB read=0.0MiB
  [regular] call 171 step 172: 0.181s (orig 0.183s) rc=0 demoted=0.0MiB read=0.0MiB
  [regular] call 172 step 173: 0.415s (orig 0.406s) rc=1 demoted=0.0MiB read=0.0MiB
  [regular] call 173 step 174: 0.182s (orig 0.175s) rc=0 demoted=0.0MiB read=0.0MiB
  [regular] call 174 step 175: 0.182s (orig 0.184s) rc=0 demoted=0.0MiB read=0.0MiB
  [regular] call 175 step 176: 0.617s (orig 0.606s) rc=1 demoted=0.0MiB read=0.0MiB
  [regular] call 176 step 177: 0.186s (orig 0.181s) rc=0 demoted=0.0MiB read=0.0MiB
  [regular] call 177 step 178: 0.183s (orig 0.180s) rc=0 demoted=0.0MiB read=0.0MiB
  [regular] call 178 step 179: 0.184s (orig 0.184s) rc=0 demoted=0.0MiB read=0.0MiB
  [regular] call 179 step 180: 0.185s (orig 0.179s) rc=0 demoted=0.0MiB read=0.0MiB
  [regular] call 180 step 181: 0.620s (orig 0.605s) rc=1 demoted=0.0MiB read=0.0MiB
  [regular] call 181 step 182: 0.194s (orig 0.184s) rc=0 demoted=0.0MiB read=28.0MiB
  [regular] call 182 step 183: 0.188s (orig 0.183s) rc=0 demoted=0.0MiB read=0.0MiB
  [regular] call 183 step 184: 0.180s (orig 0.177s) rc=0 demoted=0.0MiB read=0.0MiB
[14/42] astropy__astropy-14539 regular: total=44.265560254 orig=43.086044091999995 mismatches=182 err=None
[14/42] astropy__astropy-14539 lazy
minisweagent.environment: DEBUG: Starting container with command: docker run -d --name   
minisweagent-f5e05a90 -w /testbed --rm                                                   
docker.io/swebench/sweb.eval.x86_64.astropy_1776_astropy-14539:latest sleep 2h           
minisweagent.environment: INFO: Started container minisweagent-f5e05a90 with ID          
0d492fd0f9215304e20ea444cb948084b5a332343db9c237eadf2ee8ea8980e7                         
  [lazy] call 1 step 1: 0.320s (orig 0.198s) rc=1 demoted=3.4MiB read=52.1MiB
  [lazy] call 2 step 2: 0.261s (orig 0.187s) rc=0 demoted=26.9MiB read=47.6MiB
  [lazy] call 3 step 3: 0.263s (orig 0.175s) rc=0 demoted=24.2MiB read=47.9MiB
  [lazy] call 4 step 4: 0.258s (orig 0.178s) rc=0 demoted=24.5MiB read=45.7MiB
  [lazy] call 5 step 5: 0.263s (orig 0.178s) rc=0 demoted=23.3MiB read=45.8MiB
  [lazy] call 6 step 6: 0.266s (orig 0.180s) rc=1 demoted=23.4MiB read=46.8MiB
  [lazy] call 7 step 7: 0.260s (orig 0.177s) rc=0 demoted=23.9MiB read=46.8MiB
  [lazy] call 8 step 8: 0.258s (orig 0.179s) rc=0 demoted=23.8MiB read=45.4MiB
  [lazy] call 9 step 9: 0.302s (orig 0.202s) rc=1 demoted=23.1MiB read=59.7MiB
  [lazy] call 10 step 10: 0.255s (orig 0.178s) rc=0 demoted=30.1MiB read=45.4MiB
  [lazy] call 11 step 11: 1.178s (orig 0.923s) rc=1 demoted=23.9MiB read=181.1MiB
  [lazy] call 12 step 13: 0.265s (orig 0.183s) rc=0 demoted=95.8MiB read=46.9MiB
  [lazy] call 13 step 14: 0.268s (orig 0.175s) rc=0 demoted=23.8MiB read=47.0MiB
  [lazy] call 14 step 15: 0.258s (orig 0.182s) rc=0 demoted=24.4MiB read=46.8MiB
  [lazy] call 15 step 16: 0.259s (orig 0.178s) rc=0 demoted=24.1MiB read=46.8MiB
  [lazy] call 16 step 17: 0.263s (orig 0.179s) rc=0 demoted=24.1MiB read=47.3MiB
  [lazy] call 17 step 18: 0.610s (orig 0.402s) rc=1 demoted=24.3MiB read=164.8MiB
  [lazy] call 18 step 19: 0.260s (orig 0.179s) rc=1 demoted=84.0MiB read=47.1MiB
  [lazy] call 19 step 20: 0.262s (orig 0.183s) rc=0 demoted=24.9MiB read=44.2MiB
  [lazy] call 20 step 21: 0.309s (orig 0.204s) rc=0 demoted=22.8MiB read=60.4MiB
  [lazy] call 21 step 22: 0.850s (orig 0.601s) rc=1 demoted=30.4MiB read=180.3MiB
  [lazy] call 22 step 23: 0.267s (orig 0.182s) rc=0 demoted=92.1MiB read=45.6MiB
  [lazy] call 23 step 24: 0.310s (orig 0.208s) rc=0 demoted=23.5MiB read=59.9MiB
  [lazy] call 24 step 25: 0.608s (orig 0.406s) rc=1 demoted=30.3MiB read=165.1MiB
  [lazy] call 25 step 26: 0.261s (orig 0.191s) rc=0 demoted=84.3MiB read=45.6MiB
  [lazy] call 26 step 27: 0.300s (orig 0.204s) rc=0 demoted=24.3MiB read=59.2MiB
  [lazy] call 27 step 28: 0.605s (orig 0.408s) rc=1 demoted=30.1MiB read=165.2MiB
  [lazy] call 28 step 29: 0.258s (orig 0.178s) rc=0 demoted=84.2MiB read=46.6MiB
  [lazy] call 29 step 30: 0.261s (orig 0.180s) rc=1 demoted=23.8MiB read=47.1MiB
  [lazy] call 30 step 31: 0.257s (orig 0.177s) rc=0 demoted=24.1MiB read=45.6MiB
  [lazy] call 31 step 32: 0.304s (orig 0.203s) rc=0 demoted=23.5MiB read=59.9MiB
  [lazy] call 32 step 33: 0.261s (orig 0.182s) rc=0 demoted=30.3MiB read=46.9MiB
  [lazy] call 33 step 34: 0.265s (orig 0.182s) rc=0 demoted=23.9MiB read=45.6MiB
  [lazy] call 34 step 35: 0.305s (orig 0.204s) rc=0 demoted=23.3MiB read=59.9MiB
  [lazy] call 35 step 36: 0.259s (orig 0.175s) rc=0 demoted=30.2MiB read=46.9MiB
  [lazy] call 36 step 37: 0.264s (orig 0.183s) rc=0 demoted=23.9MiB read=47.4MiB
  [lazy] call 37 step 38: 0.259s (orig 0.178s) rc=0 demoted=24.2MiB read=46.9MiB
  [lazy] call 38 step 39: 0.261s (orig 0.177s) rc=0 demoted=24.1MiB read=46.9MiB
  [lazy] call 39 step 40: 0.261s (orig 0.181s) rc=0 demoted=24.0MiB read=45.6MiB
  [lazy] call 40 step 41: 0.299s (orig 0.201s) rc=1 demoted=23.4MiB read=60.1MiB
  [lazy] call 41 step 42: 0.259s (orig 0.182s) rc=0 demoted=30.3MiB read=45.9MiB
  [lazy] call 42 step 43: 0.304s (orig 0.200s) rc=0 demoted=23.4MiB read=60.1MiB
  [lazy] call 43 step 44: 0.267s (orig 0.182s) rc=0 demoted=30.3MiB read=47.4MiB
  [lazy] call 44 step 45: 0.262s (orig 0.181s) rc=1 demoted=24.1MiB read=47.1MiB
  [lazy] call 45 step 46: 0.254s (orig 0.177s) rc=0 demoted=24.2MiB read=45.6MiB
  [lazy] call 46 step 47: 0.307s (orig 0.205s) rc=0 demoted=23.4MiB read=60.3MiB
  [lazy] call 47 step 48: 0.263s (orig 0.178s) rc=0 demoted=30.4MiB read=47.0MiB
  [lazy] call 48 step 49: 0.259s (orig 0.178s) rc=0 demoted=23.9MiB read=47.4MiB
  [lazy] call 49 step 50: 0.262s (orig 0.180s) rc=0 demoted=24.2MiB read=45.6MiB
  [lazy] call 50 step 51: 0.303s (orig 0.207s) rc=1 demoted=23.5MiB read=59.8MiB
  [lazy] call 51 step 52: 0.261s (orig 0.181s) rc=2 demoted=30.1MiB read=45.8MiB
  [lazy] call 52 step 53: 0.264s (orig 0.178s) rc=0 demoted=23.6MiB read=45.7MiB
  [lazy] call 53 step 54: 0.256s (orig 0.178s) rc=0 demoted=23.6MiB read=45.6MiB
  [lazy] call 54 step 55: 0.266s (orig 0.182s) rc=0 demoted=23.4MiB read=48.0MiB
  [lazy] call 55 step 56: 0.260s (orig 0.179s) rc=0 demoted=24.6MiB read=46.4MiB
  [lazy] call 56 step 57: 0.260s (orig 0.180s) rc=0 demoted=23.7MiB read=47.4MiB
  [lazy] call 57 step 58: 0.850s (orig 0.602s) rc=1 demoted=24.1MiB read=180.4MiB
  [lazy] call 58 step 59: 0.260s (orig 0.186s) rc=2 demoted=92.1MiB read=45.8MiB
  [lazy] call 59 step 60: 0.261s (orig 0.181s) rc=0 demoted=23.6MiB read=45.7MiB
  [lazy] call 60 step 61: 0.258s (orig 0.180s) rc=0 demoted=23.3MiB read=45.2MiB
  [lazy] call 61 step 62: 0.265s (orig 0.183s) rc=0 demoted=23.2MiB read=47.4MiB
  [lazy] call 62 step 63: 0.606s (orig 0.411s) rc=1 demoted=24.3MiB read=165.2MiB
  [lazy] call 63 step 64: 0.266s (orig 0.181s) rc=0 demoted=84.4MiB read=47.4MiB
  [lazy] call 64 step 65: 0.257s (orig 0.185s) rc=0 demoted=24.4MiB read=45.5MiB
  [lazy] call 65 step 66: 0.261s (orig 0.176s) rc=0 demoted=23.4MiB read=45.6MiB
  [lazy] call 66 step 67: 0.266s (orig 0.184s) rc=0 demoted=23.3MiB read=47.7MiB
  [lazy] call 67 step 68: 0.260s (orig 0.181s) rc=0 demoted=24.4MiB read=47.4MiB
  [lazy] call 68 step 69: 0.256s (orig 0.180s) rc=1 demoted=24.1MiB read=45.8MiB
  [lazy] call 69 step 70: 0.261s (orig 0.181s) rc=0 demoted=23.4MiB read=46.9MiB
  [lazy] call 70 step 71: 0.263s (orig 0.179s) rc=1 demoted=23.9MiB read=46.9MiB
  [lazy] call 71 step 72: 0.262s (orig 0.176s) rc=0 demoted=24.9MiB read=46.3MiB
  [lazy] call 72 step 73: 0.261s (orig 0.180s) rc=0 demoted=23.6MiB read=45.6MiB
  [lazy] call 73 step 74: 0.258s (orig 0.180s) rc=0 demoted=23.5MiB read=45.6MiB
  [lazy] call 74 step 75: 0.257s (orig 0.182s) rc=0 demoted=23.2MiB read=45.5MiB
  [lazy] call 75 step 76: 0.262s (orig 0.186s) rc=0 demoted=23.4MiB read=47.7MiB
  [lazy] call 76 step 77: 0.853s (orig 0.596s) rc=1 demoted=24.4MiB read=180.8MiB
  [lazy] call 77 step 78: 0.263s (orig 0.184s) rc=2 demoted=92.0MiB read=45.8MiB
  [lazy] call 78 step 79: 0.263s (orig 0.182s) rc=0 demoted=23.5MiB read=46.0MiB
  [lazy] call 79 step 80: 0.262s (orig 0.179s) rc=0 demoted=23.5MiB read=45.9MiB
  [lazy] call 80 step 81: 0.259s (orig 0.181s) rc=0 demoted=23.5MiB read=47.7MiB
  [lazy] call 81 step 82: 0.259s (orig 0.183s) rc=0 demoted=24.4MiB read=47.7MiB
  [lazy] call 82 step 83: 0.602s (orig 0.406s) rc=1 demoted=24.9MiB read=162.3MiB
  [lazy] call 83 step 84: 0.261s (orig 0.181s) rc=0 demoted=83.0MiB read=47.3MiB
  [lazy] call 84 step 85: 0.263s (orig 0.180s) rc=0 demoted=24.3MiB read=45.6MiB
  [lazy] call 85 step 86: 0.259s (orig 0.177s) rc=0 demoted=23.3MiB read=45.5MiB
  [lazy] call 86 step 87: 0.266s (orig 0.181s) rc=0 demoted=23.3MiB read=47.7MiB
  [lazy] call 87 step 88: 0.853s (orig 0.594s) rc=1 demoted=24.4MiB read=180.4MiB
  [lazy] call 88 step 89: 0.261s (orig 0.179s) rc=2 demoted=91.9MiB read=45.8MiB
  [lazy] call 89 step 90: 0.255s (orig 0.181s) rc=0 demoted=23.6MiB read=44.4MiB
  [lazy] call 90 step 91: 0.258s (orig 0.182s) rc=0 demoted=23.6MiB read=44.2MiB
  [lazy] call 91 step 92: 0.263s (orig 0.179s) rc=0 demoted=22.8MiB read=47.5MiB
  [lazy] call 92 step 93: 0.260s (orig 0.180s) rc=0 demoted=24.3MiB read=47.4MiB
  [lazy] call 93 step 94: 0.608s (orig 0.404s) rc=1 demoted=24.1MiB read=165.2MiB
  [lazy] call 94 step 95: 0.261s (orig 0.180s) rc=0 demoted=84.4MiB read=47.2MiB
  [lazy] call 95 step 96: 0.263s (orig 0.183s) rc=2 demoted=24.0MiB read=45.6MiB
  [lazy] call 96 step 97: 0.258s (orig 0.181s) rc=0 demoted=23.5MiB read=45.6MiB
  [lazy] call 97 step 98: 0.259s (orig 0.181s) rc=0 demoted=23.4MiB read=45.5MiB
  [lazy] call 98 step 99: 0.263s (orig 0.181s) rc=0 demoted=23.3MiB read=47.4MiB
  [lazy] call 99 step 100: 0.260s (orig 0.182s) rc=0 demoted=24.2MiB read=46.1MiB
  [lazy] call 100 step 101: 0.600s (orig 0.408s) rc=1 demoted=24.3MiB read=161.2MiB
  [lazy] call 101 step 102: 0.265s (orig 0.180s) rc=0 demoted=82.5MiB read=48.0MiB
  [lazy] call 102 step 103: 0.267s (orig 0.182s) rc=2 demoted=24.4MiB read=45.9MiB
  [lazy] call 103 step 104: 0.262s (orig 0.177s) rc=0 demoted=23.6MiB read=45.6MiB
  [lazy] call 104 step 105: 0.261s (orig 0.181s) rc=0 demoted=23.3MiB read=45.4MiB
  [lazy] call 105 step 106: 0.260s (orig 0.181s) rc=0 demoted=23.6MiB read=46.1MiB
  [lazy] call 106 step 107: 0.262s (orig 0.186s) rc=0 demoted=23.9MiB read=47.2MiB
  [lazy] call 107 step 108: 0.855s (orig 0.600s) rc=1 demoted=24.0MiB read=180.2MiB
  [lazy] call 108 step 109: 0.262s (orig 0.176s) rc=0 demoted=91.8MiB read=46.8MiB
  [lazy] call 109 step 110: 0.261s (orig 0.179s) rc=0 demoted=24.0MiB read=46.8MiB
  [lazy] call 110 step 111: 0.260s (orig 0.183s) rc=0 demoted=24.0MiB read=46.8MiB
  [lazy] call 111 step 112: 0.258s (orig 0.183s) rc=1 demoted=24.3MiB read=46.8MiB
  [lazy] call 112 step 113: 0.259s (orig 0.182s) rc=0 demoted=24.1MiB read=46.8MiB
  [lazy] call 113 step 114: 0.256s (orig 0.182s) rc=0 demoted=24.0MiB read=46.8MiB
  [lazy] call 114 step 115: 0.258s (orig 0.179s) rc=0 demoted=24.2MiB read=45.5MiB
  [lazy] call 115 step 116: 0.299s (orig 0.201s) rc=0 demoted=23.2MiB read=59.8MiB
  [lazy] call 116 step 117: 0.856s (orig 0.600s) rc=1 demoted=31.3MiB read=178.6MiB
  [lazy] call 117 step 118: 0.261s (orig 0.179s) rc=0 demoted=90.9MiB read=45.8MiB
  [lazy] call 118 step 119: 0.303s (orig 0.204s) rc=0 demoted=23.4MiB read=60.0MiB
  [lazy] call 119 step 120: 0.846s (orig 0.598s) rc=1 demoted=30.3MiB read=180.1MiB
  [lazy] call 120 step 121: 0.260s (orig 0.178s) rc=0 demoted=91.8MiB read=46.8MiB
  [lazy] call 121 step 122: 0.258s (orig 0.181s) rc=0 demoted=24.3MiB read=45.4MiB
  [lazy] call 122 step 123: 0.299s (orig 0.204s) rc=0 demoted=23.3MiB read=59.8MiB
  [lazy] call 123 step 124: 0.857s (orig 0.601s) rc=1 demoted=30.2MiB read=180.1MiB
  [lazy] call 124 step 125: 0.267s (orig 0.182s) rc=0 demoted=92.2MiB read=47.4MiB
  [lazy] call 125 step 126: 0.259s (orig 0.185s) rc=0 demoted=24.6MiB read=45.5MiB
  [lazy] call 126 step 127: 0.302s (orig 0.208s) rc=0 demoted=23.2MiB read=59.7MiB
  [lazy] call 127 step 128: 0.609s (orig 0.408s) rc=1 demoted=30.4MiB read=164.9MiB
  [lazy] call 128 step 129: 0.262s (orig 0.183s) rc=0 demoted=84.7MiB read=47.4MiB
  [lazy] call 129 step 130: 0.259s (orig 0.181s) rc=0 demoted=24.2MiB read=45.5MiB
  [lazy] call 130 step 131: 0.307s (orig 0.205s) rc=0 demoted=23.3MiB read=60.2MiB
  [lazy] call 131 step 132: 0.870s (orig 0.604s) rc=1 demoted=30.4MiB read=180.3MiB
  [lazy] call 132 step 133: 0.268s (orig 0.183s) rc=0 demoted=92.3MiB read=46.9MiB
  [lazy] call 133 step 134: 0.264s (orig 0.184s) rc=0 demoted=24.7MiB read=45.6MiB
  [lazy] call 134 step 135: 0.304s (orig 0.207s) rc=0 demoted=23.4MiB read=59.8MiB
  [lazy] call 135 step 136: 0.855s (orig 0.607s) rc=1 demoted=30.3MiB read=180.2MiB
  [lazy] call 136 step 137: 0.258s (orig 0.184s) rc=0 demoted=91.9MiB read=46.7MiB
  [lazy] call 137 step 138: 0.260s (orig 0.180s) rc=1 demoted=24.6MiB read=46.7MiB
  [lazy] call 138 step 139: 0.260s (orig 0.182s) rc=1 demoted=24.1MiB read=45.1MiB
  [lazy] call 139 step 140: 0.257s (orig 0.179s) rc=0 demoted=23.3MiB read=45.4MiB
  [lazy] call 140 step 141: 0.261s (orig 0.178s) rc=0 demoted=23.2MiB read=46.7MiB
  [lazy] call 141 step 142: 0.260s (orig 0.186s) rc=0 demoted=24.3MiB read=46.7MiB
  [lazy] call 142 step 143: 0.258s (orig 0.180s) rc=1 demoted=25.6MiB read=46.2MiB
  [lazy] call 143 step 144: 0.259s (orig 0.178s) rc=0 demoted=24.0MiB read=45.5MiB
  [lazy] call 144 step 145: 0.256s (orig 0.182s) rc=0 demoted=23.1MiB read=45.4MiB
  [lazy] call 145 step 146: 0.298s (orig 0.208s) rc=0 demoted=23.1MiB read=59.7MiB
  [lazy] call 146 step 147: 0.851s (orig 0.607s) rc=1 demoted=30.0MiB read=180.1MiB
  [lazy] call 147 step 148: 0.260s (orig 0.182s) rc=1 demoted=92.1MiB read=46.6MiB
  [lazy] call 148 step 149: 0.268s (orig 0.182s) rc=1 demoted=24.5MiB read=47.5MiB
  [lazy] call 149 step 150: 0.259s (orig 0.182s) rc=0 demoted=24.2MiB read=47.0MiB
  [lazy] call 150 step 151: 0.264s (orig 0.189s) rc=0 demoted=24.0MiB read=45.5MiB
  [lazy] call 151 step 152: 0.300s (orig 0.203s) rc=0 demoted=23.2MiB read=59.9MiB
  [lazy] call 152 step 153: 0.854s (orig 0.613s) rc=1 demoted=30.2MiB read=180.4MiB
  [lazy] call 153 step 154: 0.263s (orig 0.184s) rc=0 demoted=92.0MiB read=46.9MiB
  [lazy] call 154 step 155: 0.848s (orig 0.605s) rc=1 demoted=24.3MiB read=180.4MiB
  [lazy] call 155 step 156: 0.260s (orig 0.183s) rc=0 demoted=92.0MiB read=46.9MiB
  [lazy] call 156 step 157: 0.264s (orig 0.177s) rc=0 demoted=23.9MiB read=47.4MiB
  [lazy] call 157 step 158: 0.264s (orig 0.183s) rc=0 demoted=24.1MiB read=46.9MiB
  [lazy] call 158 step 159: 0.262s (orig 0.184s) rc=1 demoted=23.9MiB read=46.9MiB
  [lazy] call 159 step 160: 0.260s (orig 0.183s) rc=1 demoted=24.1MiB read=46.8MiB
  [lazy] call 160 step 161: 0.260s (orig 0.185s) rc=1 demoted=24.1MiB read=46.8MiB
  [lazy] call 161 step 162: 0.259s (orig 0.181s) rc=0 demoted=24.5MiB read=47.4MiB
  [lazy] call 162 step 163: 0.261s (orig 0.181s) rc=0 demoted=24.1MiB read=45.6MiB
  [lazy] call 163 step 164: 0.301s (orig 0.206s) rc=0 demoted=23.3MiB read=60.0MiB
  [lazy] call 164 step 165: 0.852s (orig 0.610s) rc=1 demoted=30.3MiB read=180.4MiB
  [lazy] call 165 step 166: 0.265s (orig 0.181s) rc=1 demoted=92.1MiB read=46.9MiB
  [lazy] call 166 step 167: 0.259s (orig 0.180s) rc=0 demoted=24.5MiB read=47.0MiB
  [lazy] call 167 step 168: 0.260s (orig 0.177s) rc=0 demoted=24.2MiB read=46.9MiB
  [lazy] call 168 step 169: 0.265s (orig 0.181s) rc=0 demoted=23.9MiB read=47.4MiB
  [lazy] call 169 step 170: 0.260s (orig 0.183s) rc=0 demoted=24.1MiB read=47.4MiB
  [lazy] call 170 step 171: 0.261s (orig 0.180s) rc=0 demoted=24.3MiB read=47.4MiB
  [lazy] call 171 step 172: 0.262s (orig 0.183s) rc=0 demoted=24.1MiB read=47.2MiB
  [lazy] call 172 step 173: 0.604s (orig 0.406s) rc=1 demoted=24.1MiB read=165.2MiB
  [lazy] call 173 step 174: 0.265s (orig 0.175s) rc=0 demoted=84.9MiB read=48.0MiB
  [lazy] call 174 step 175: 0.263s (orig 0.184s) rc=0 demoted=24.1MiB read=47.7MiB
  [lazy] call 175 step 176: 0.850s (orig 0.606s) rc=1 demoted=24.3MiB read=180.4MiB
  [lazy] call 176 step 177: 0.258s (orig 0.181s) rc=0 demoted=92.0MiB read=46.8MiB
  [lazy] call 177 step 178: 0.265s (orig 0.180s) rc=0 demoted=23.9MiB read=47.4MiB
  [lazy] call 178 step 179: 0.254s (orig 0.184s) rc=0 demoted=25.0MiB read=43.8MiB
  [lazy] call 179 step 180: 0.253s (orig 0.179s) rc=0 demoted=23.0MiB read=43.8MiB
  [lazy] call 180 step 181: 0.852s (orig 0.605s) rc=1 demoted=23.1MiB read=178.7MiB
  [lazy] call 181 step 182: 0.278s (orig 0.184s) rc=0 demoted=91.3MiB read=74.5MiB
  [lazy] call 182 step 183: 0.277s (orig 0.183s) rc=0 demoted=37.7MiB read=74.5MiB
  [lazy] call 183 step 184: 0.257s (orig 0.177s) rc=0 demoted=37.5MiB read=45.3MiB
[14/42] astropy__astropy-14539 lazy: total=62.140054575 orig=43.086044091999995 mismatches=182 err=None
[15/42] astropy__astropy-14598 regular
minisweagent.environment: DEBUG: Starting container with command: docker run -d --name   
minisweagent-8bddd2b0 -w /testbed --rm                                                   
docker.io/swebench/sweb.eval.x86_64.astropy_1776_astropy-14598:latest sleep 2h           
minisweagent.environment: INFO: Started container minisweagent-8bddd2b0 with ID          
3c7fb38c0eb76edd07b747caab5fd9060561dd94c13a5a63749c23efdad8c41f                         
  [regular] call 1 step 1: 0.309s (orig 0.199s) rc=1 demoted=0.0MiB read=46.7MiB
  [regular] call 2 step 2: 0.196s (orig 0.188s) rc=0 demoted=0.0MiB read=0.3MiB
  [regular] call 3 step 3: 0.187s (orig 0.180s) rc=0 demoted=0.0MiB read=0.0MiB
  [regular] call 4 step 4: 0.190s (orig 0.175s) rc=0 demoted=0.0MiB read=0.2MiB
  [regular] call 5 step 5: 0.186s (orig 0.180s) rc=0 demoted=0.0MiB read=0.0MiB
  [regular] call 6 step 6: 0.191s (orig 0.181s) rc=0 demoted=0.0MiB read=0.0MiB
  [regular] call 7 step 7: 0.185s (orig 0.178s) rc=0 demoted=0.0MiB read=0.0MiB
  [regular] call 8 step 8: 0.189s (orig 0.175s) rc=0 demoted=0.0MiB read=0.0MiB
  [regular] call 9 step 9: 0.188s (orig 0.177s) rc=0 demoted=0.0MiB read=0.0MiB
  [regular] call 10 step 10: 0.190s (orig 0.177s) rc=0 demoted=0.0MiB read=0.0MiB
  [regular] call 11 step 11: 0.229s (orig 0.200s) rc=1 demoted=0.0MiB read=14.5MiB
  [regular] call 12 step 12: 0.187s (orig 0.180s) rc=0 demoted=0.0MiB read=0.0MiB
  [regular] call 13 step 13: 0.630s (orig 0.522s) rc=0 demoted=0.0MiB read=106.3MiB
  [regular] call 14 step 14: 0.190s (orig 0.182s) rc=0 demoted=0.0MiB read=0.0MiB
  [regular] call 15 step 15: 0.186s (orig 0.181s) rc=2 demoted=0.0MiB read=0.0MiB
  [regular] call 16 step 16: 0.215s (orig 0.208s) rc=1 demoted=0.0MiB read=0.0MiB
  [regular] call 17 step 17: 0.219s (orig 0.213s) rc=0 demoted=0.0MiB read=0.0MiB
  [regular] call 18 step 18: 0.190s (orig 0.180s) rc=0 demoted=0.0MiB read=0.0MiB
  [regular] call 19 step 19: 0.189s (orig 0.179s) rc=2 demoted=0.0MiB read=0.0MiB
  [regular] call 20 step 20: 0.212s (orig 0.201s) rc=1 demoted=0.0MiB read=0.0MiB
[15/42] astropy__astropy-14598 regular: total=4.457799492 orig=4.056936369 mismatches=0 err=None
[15/42] astropy__astropy-14598 lazy
minisweagent.environment: DEBUG: Starting container with command: docker run -d --name   
minisweagent-a1a77916 -w /testbed --rm                                                   
docker.io/swebench/sweb.eval.x86_64.astropy_1776_astropy-14598:latest sleep 2h           
minisweagent.environment: INFO: Started container minisweagent-a1a77916 with ID          
0e6b4bd2ce515c1ec16681a838ba774e7df7f077754eab5e18ced65d8359c552                         
  [lazy] call 1 step 1: 0.317s (orig 0.199s) rc=1 demoted=3.4MiB read=52.1MiB
  [lazy] call 2 step 2: 0.285s (orig 0.188s) rc=0 demoted=26.6MiB read=50.0MiB
  [lazy] call 3 step 3: 0.267s (orig 0.180s) rc=0 demoted=25.3MiB read=48.0MiB
  [lazy] call 4 step 4: 0.259s (orig 0.175s) rc=0 demoted=24.3MiB read=45.4MiB
  [lazy] call 5 step 5: 0.262s (orig 0.180s) rc=0 demoted=22.9MiB read=46.5MiB
  [lazy] call 6 step 6: 0.260s (orig 0.181s) rc=0 demoted=24.0MiB read=46.5MiB
  [lazy] call 7 step 7: 0.259s (orig 0.178s) rc=0 demoted=23.6MiB read=46.6MiB
  [lazy] call 8 step 8: 0.263s (orig 0.175s) rc=0 demoted=23.6MiB read=46.6MiB
  [lazy] call 9 step 9: 0.260s (orig 0.177s) rc=0 demoted=23.8MiB read=46.6MiB
  [lazy] call 10 step 10: 0.258s (orig 0.177s) rc=0 demoted=23.6MiB read=44.8MiB
  [lazy] call 11 step 11: 0.300s (orig 0.200s) rc=1 demoted=22.5MiB read=59.1MiB
  [lazy] call 12 step 12: 0.263s (orig 0.180s) rc=0 demoted=29.8MiB read=44.9MiB
  [lazy] call 13 step 13: 0.722s (orig 0.522s) rc=0 demoted=23.1MiB read=165.8MiB
  [lazy] call 14 step 14: 0.258s (orig 0.182s) rc=0 demoted=85.7MiB read=46.0MiB
  [lazy] call 15 step 15: 0.254s (orig 0.181s) rc=2 demoted=23.4MiB read=44.5MiB
  [lazy] call 16 step 16: 0.299s (orig 0.208s) rc=1 demoted=22.7MiB read=58.7MiB
  [lazy] call 17 step 17: 0.306s (orig 0.213s) rc=0 demoted=29.9MiB read=59.1MiB
  [lazy] call 18 step 18: 0.260s (orig 0.180s) rc=0 demoted=29.8MiB read=46.0MiB
  [lazy] call 19 step 19: 0.256s (orig 0.179s) rc=2 demoted=23.9MiB read=44.5MiB
  [lazy] call 20 step 20: 0.304s (orig 0.201s) rc=1 demoted=22.8MiB read=58.7MiB
[15/42] astropy__astropy-14598 lazy: total=5.910939483999999 orig=4.056936369 mismatches=0 err=None
[16/42] astropy__astropy-14995 regular
minisweagent.environment: DEBUG: Starting container with command: docker run -d --name   
minisweagent-1fe56385 -w /testbed --rm                                                   
docker.io/swebench/sweb.eval.x86_64.astropy_1776_astropy-14995:latest sleep 2h           
minisweagent.environment: INFO: Started container minisweagent-1fe56385 with ID          
26e7d72c1f4df32fa47244b9a79d79cfeb6ce7c621533eee8152d482e967340d                         
  [regular] call 1 step 1: 0.333s (orig 0.202s) rc=0 demoted=0.0MiB read=47.1MiB
  [regular] call 2 step 2: 0.188s (orig 0.174s) rc=1 demoted=0.0MiB read=0.0MiB
  [regular] call 3 step 3: 0.181s (orig 0.181s) rc=1 demoted=0.0MiB read=0.0MiB
  [regular] call 4 step 4: 1.878s (orig 1.621s) rc=0 demoted=0.0MiB read=28.4MiB
  [regular] call 5 step 5: 0.183s (orig 0.182s) rc=0 demoted=0.0MiB read=0.0MiB
  [regular] call 6 step 6: 0.185s (orig 0.183s) rc=0 demoted=0.0MiB read=0.1MiB
  [regular] call 7 step 7: 0.178s (orig 0.175s) rc=0 demoted=0.0MiB read=0.0MiB
  [regular] call 8 step 8: 0.184s (orig 0.178s) rc=0 demoted=0.0MiB read=0.3MiB
  [regular] call 9 step 9: 0.184s (orig 0.180s) rc=0 demoted=0.0MiB read=0.0MiB
  [regular] call 10 step 10: 0.221s (orig 0.206s) rc=0 demoted=0.0MiB read=14.1MiB
  [regular] call 11 step 11: 0.188s (orig 0.192s) rc=0 demoted=0.0MiB read=0.3MiB
  [regular] call 12 step 12: 0.208s (orig 0.202s) rc=0 demoted=0.0MiB read=0.0MiB
  [regular] call 13 step 13: 0.187s (orig 0.174s) rc=0 demoted=0.0MiB read=0.0MiB
  [regular] call 14 step 14: 0.211s (orig 0.207s) rc=0 demoted=0.0MiB read=0.0MiB
  [regular] call 15 step 15: 0.184s (orig 0.177s) rc=0 demoted=0.0MiB read=0.0MiB
  [regular] call 16 step 16: 0.208s (orig 0.198s) rc=0 demoted=0.0MiB read=0.0MiB
  [regular] call 17 step 17: 0.206s (orig 0.205s) rc=0 demoted=0.0MiB read=0.0MiB
  [regular] call 18 step 18: 0.182s (orig 0.180s) rc=0 demoted=0.0MiB read=0.0MiB
  [regular] call 19 step 19: 0.487s (orig 0.400s) rc=0 demoted=0.0MiB read=99.2MiB
  [regular] call 20 step 20: 0.209s (orig 0.199s) rc=0 demoted=0.0MiB read=0.0MiB
  [regular] call 21 step 21: 0.185s (orig 0.181s) rc=0 demoted=0.0MiB read=0.0MiB
  [regular] call 22 step 22: 0.187s (orig 0.185s) rc=0 demoted=0.0MiB read=0.3MiB
  [regular] call 23 step 23: 0.187s (orig 0.184s) rc=0 demoted=0.0MiB read=0.0MiB
  [regular] call 24 step 24: 0.213s (orig 0.208s) rc=1 demoted=0.0MiB read=0.0MiB
  [regular] call 25 step 25: 0.186s (orig 0.179s) rc=0 demoted=0.0MiB read=0.0MiB
  [regular] call 26 step 26: 1.094s (orig 1.030s) rc=1 demoted=0.0MiB read=18.6MiB
  [regular] call 27 step 27: 0.188s (orig 0.183s) rc=0 demoted=0.0MiB read=0.0MiB
  [regular] call 28 step 28: 0.666s (orig 0.644s) rc=1 demoted=0.0MiB read=0.0MiB
  [regular] call 29 step 29: 0.180s (orig 0.182s) rc=0 demoted=0.0MiB read=0.0MiB
  [regular] call 30 step 30: 0.188s (orig 0.185s) rc=0 demoted=0.0MiB read=0.0MiB
  [regular] call 31 step 31: 0.182s (orig 0.179s) rc=0 demoted=0.0MiB read=0.0MiB
  [regular] call 32 step 32: 0.190s (orig 0.186s) rc=0 demoted=0.0MiB read=0.0MiB
  [regular] call 33 step 33: 0.671s (orig 0.647s) rc=0 demoted=0.0MiB read=0.0MiB
  [regular] call 34 step 34: 0.200s (orig 0.185s) rc=0 demoted=0.0MiB read=27.9MiB
  [regular] call 35 step 35: 0.181s (orig 0.182s) rc=0 demoted=0.0MiB read=0.0MiB
  [regular] call 36 step 36: 0.179s (orig 0.184s) rc=0 demoted=0.0MiB read=0.0MiB
[16/42] astropy__astropy-14995 regular: total=10.860154021 orig=10.140003307 mismatches=35 err=None
[16/42] astropy__astropy-14995 lazy
minisweagent.environment: DEBUG: Starting container with command: docker run -d --name   
minisweagent-03fbdad0 -w /testbed --rm                                                   
docker.io/swebench/sweb.eval.x86_64.astropy_1776_astropy-14995:latest sleep 2h           
minisweagent.environment: INFO: Started container minisweagent-03fbdad0 with ID          
78782f90d19e3abc2be84ffd1a6f1937b4d501f28a027e4f71aa03be8369a785                         
  [lazy] call 1 step 1: 0.331s (orig 0.202s) rc=0 demoted=3.6MiB read=52.3MiB
  [lazy] call 2 step 2: 0.265s (orig 0.174s) rc=1 demoted=26.6MiB read=46.3MiB
  [lazy] call 3 step 3: 0.259s (orig 0.181s) rc=1 demoted=23.6MiB read=45.9MiB
  [lazy] call 4 step 4: 2.010s (orig 1.621s) rc=0 demoted=23.4MiB read=80.4MiB
  [lazy] call 5 step 5: 0.263s (orig 0.182s) rc=0 demoted=42.1MiB read=45.8MiB
  [lazy] call 6 step 6: 0.264s (orig 0.183s) rc=0 demoted=23.6MiB read=44.6MiB
  [lazy] call 7 step 7: 0.265s (orig 0.175s) rc=0 demoted=22.8MiB read=45.8MiB
  [lazy] call 8 step 8: 0.264s (orig 0.178s) rc=0 demoted=23.4MiB read=46.4MiB
  [lazy] call 9 step 9: 0.264s (orig 0.180s) rc=0 demoted=23.8MiB read=44.9MiB
  [lazy] call 10 step 10: 0.300s (orig 0.206s) rc=0 demoted=22.8MiB read=58.6MiB
  [lazy] call 11 step 11: 0.267s (orig 0.192s) rc=0 demoted=29.5MiB read=46.7MiB
  [lazy] call 12 step 12: 0.301s (orig 0.202s) rc=0 demoted=24.1MiB read=58.5MiB
  [lazy] call 13 step 13: 0.261s (orig 0.174s) rc=0 demoted=29.7MiB read=44.6MiB
  [lazy] call 14 step 14: 0.298s (orig 0.207s) rc=0 demoted=22.9MiB read=58.3MiB
  [lazy] call 15 step 15: 0.258s (orig 0.177s) rc=0 demoted=29.4MiB read=44.6MiB
  [lazy] call 16 step 16: 0.299s (orig 0.198s) rc=0 demoted=23.1MiB read=58.2MiB
  [lazy] call 17 step 17: 0.304s (orig 0.205s) rc=0 demoted=29.3MiB read=58.2MiB
  [lazy] call 18 step 18: 0.259s (orig 0.180s) rc=0 demoted=29.4MiB read=44.8MiB
  [lazy] call 19 step 19: 0.588s (orig 0.400s) rc=0 demoted=23.1MiB read=158.8MiB
  [lazy] call 20 step 20: 0.303s (orig 0.199s) rc=0 demoted=82.1MiB read=59.1MiB
  [lazy] call 21 step 21: 0.261s (orig 0.181s) rc=0 demoted=30.0MiB read=44.9MiB
  [lazy] call 22 step 22: 0.262s (orig 0.185s) rc=0 demoted=23.2MiB read=46.6MiB
  [lazy] call 23 step 23: 0.265s (orig 0.184s) rc=0 demoted=24.1MiB read=44.8MiB
  [lazy] call 24 step 24: 0.306s (orig 0.208s) rc=1 demoted=22.8MiB read=60.6MiB
  [lazy] call 25 step 25: 0.257s (orig 0.179s) rc=0 demoted=30.7MiB read=44.9MiB
  [lazy] call 26 step 26: 1.320s (orig 1.030s) rc=1 demoted=23.9MiB read=187.7MiB
  [lazy] call 27 step 27: 0.266s (orig 0.183s) rc=0 demoted=99.8MiB read=47.2MiB
  [lazy] call 28 step 28: 0.905s (orig 0.644s) rc=1 demoted=24.4MiB read=186.3MiB
  [lazy] call 29 step 29: 0.262s (orig 0.182s) rc=0 demoted=95.2MiB read=46.3MiB
  [lazy] call 30 step 30: 0.268s (orig 0.185s) rc=0 demoted=24.0MiB read=47.2MiB
  [lazy] call 31 step 31: 0.259s (orig 0.179s) rc=0 demoted=24.2MiB read=46.3MiB
  [lazy] call 32 step 32: 0.263s (orig 0.186s) rc=0 demoted=23.6MiB read=46.8MiB
  [lazy] call 33 step 33: 0.922s (orig 0.647s) rc=0 demoted=24.0MiB read=186.2MiB
  [lazy] call 34 step 34: 0.278s (orig 0.185s) rc=0 demoted=95.3MiB read=74.2MiB
  [lazy] call 35 step 35: 0.258s (orig 0.182s) rc=0 demoted=37.8MiB read=44.8MiB
  [lazy] call 36 step 36: 0.260s (orig 0.184s) rc=0 demoted=22.9MiB read=44.8MiB
[16/42] astropy__astropy-14995 lazy: total=14.233248153 orig=10.140003307 mismatches=35 err=None
[17/42] astropy__astropy-7166 regular
minisweagent.environment: DEBUG: Starting container with command: docker run -d --name   
minisweagent-8d1ae621 -w /testbed --rm                                                   
docker.io/swebench/sweb.eval.x86_64.astropy_1776_astropy-7166:latest sleep 2h            
minisweagent.environment: INFO: Started container minisweagent-8d1ae621 with ID          
992b22f42d874b8da3ee2219abc02aa4a567726fd3041ae9a90610e088f928e4                         
  [regular] call 1 step 1: 0.320s (orig 0.197s) rc=0 demoted=0.0MiB read=47.3MiB
  [regular] call 2 step 2: 0.712s (orig 0.314s) rc=0 demoted=0.0MiB read=225.9MiB
  [regular] call 3 step 3: 0.183s (orig 0.182s) rc=0 demoted=0.0MiB read=0.1MiB
  [regular] call 4 step 4: 0.178s (orig 0.174s) rc=0 demoted=0.0MiB read=0.0MiB
  [regular] call 5 step 5: 0.574s (orig 0.463s) rc=0 demoted=0.0MiB read=107.1MiB
  [regular] call 6 step 6: 0.186s (orig 0.179s) rc=0 demoted=0.0MiB read=0.6MiB
  [regular] call 7 step 7: 0.182s (orig 0.181s) rc=0 demoted=0.0MiB read=0.0MiB
  [regular] call 8 step 8: 0.419s (orig 0.409s) rc=1 demoted=0.0MiB read=0.0MiB
  [regular] call 9 step 9: 0.185s (orig 0.178s) rc=0 demoted=0.0MiB read=0.0MiB
  [regular] call 10 step 10: 0.186s (orig 0.186s) rc=0 demoted=0.0MiB read=0.0MiB
  [regular] call 11 step 11: 0.341s (orig 0.330s) rc=1 demoted=0.0MiB read=0.0MiB
  [regular] call 12 step 12: 0.217s (orig 0.204s) rc=1 demoted=0.0MiB read=0.0MiB
  [regular] call 13 step 13: 0.194s (orig 0.180s) rc=0 demoted=0.0MiB read=0.0MiB
  [regular] call 14 step 14: 0.339s (orig 0.335s) rc=1 demoted=0.0MiB read=0.0MiB
  [regular] call 15 step 15: 0.194s (orig 0.178s) rc=0 demoted=0.0MiB read=0.0MiB
  [regular] call 16 step 16: 0.184s (orig 0.181s) rc=2 demoted=0.0MiB read=0.0MiB
  [regular] call 17 step 17: 0.213s (orig 0.211s) rc=1 demoted=0.0MiB read=0.0MiB
  [regular] call 18 step 18: 0.183s (orig 0.181s) rc=0 demoted=0.0MiB read=0.1MiB
  [regular] call 19 step 19: 0.211s (orig 0.203s) rc=1 demoted=0.0MiB read=0.0MiB
  [regular] call 20 step 20: 0.186s (orig 0.184s) rc=0 demoted=0.0MiB read=0.0MiB
  [regular] call 21 step 21: 0.187s (orig 0.179s) rc=0 demoted=0.0MiB read=0.0MiB
  [regular] call 22 step 22: 0.198s (orig 0.195s) rc=0 demoted=0.0MiB read=0.0MiB
  [regular] call 23 step 23: 0.180s (orig 0.181s) rc=0 demoted=0.0MiB read=0.0MiB
  [regular] call 24 step 24: 0.200s (orig 0.197s) rc=0 demoted=0.0MiB read=0.0MiB
  [regular] call 25 step 25: 0.184s (orig 0.177s) rc=0 demoted=0.0MiB read=0.0MiB
  [regular] call 26 step 26: 0.184s (orig 0.181s) rc=0 demoted=0.0MiB read=0.0MiB
  [regular] call 27 step 27: 0.462s (orig 0.462s) rc=0 demoted=0.0MiB read=0.0MiB
  [regular] call 28 step 28: 0.184s (orig 0.176s) rc=0 demoted=0.0MiB read=0.0MiB
  [regular] call 29 step 29: 0.467s (orig 0.462s) rc=0 demoted=0.0MiB read=0.0MiB
  [regular] call 30 step 30: 0.192s (orig 0.185s) rc=0 demoted=0.0MiB read=0.0MiB
  [regular] call 31 step 31: 0.187s (orig 0.180s) rc=0 demoted=0.0MiB read=0.0MiB
  [regular] call 32 step 32: 0.255s (orig 0.242s) rc=0 demoted=0.0MiB read=8.5MiB
  [regular] call 33 step 33: 0.184s (orig 0.180s) rc=0 demoted=0.0MiB read=0.0MiB
  [regular] call 34 step 34: 0.189s (orig 0.185s) rc=0 demoted=0.0MiB read=0.4MiB
  [regular] call 35 step 35: 0.183s (orig 0.178s) rc=0 demoted=0.0MiB read=0.0MiB
  [regular] call 36 step 36: 0.618s (orig 0.583s) rc=1 demoted=0.0MiB read=7.1MiB
  [regular] call 37 step 37: 0.209s (orig 0.202s) rc=0 demoted=0.0MiB read=0.0MiB
  [regular] call 38 step 38: 0.192s (orig 0.184s) rc=0 demoted=0.0MiB read=0.0MiB
  [regular] call 39 step 39: 0.185s (orig 0.183s) rc=0 demoted=0.0MiB read=0.0MiB
  [regular] call 40 step 40: 0.185s (orig 0.183s) rc=0 demoted=0.0MiB read=0.0MiB
  [regular] call 41 step 41: 0.183s (orig 0.176s) rc=0 demoted=0.0MiB read=0.0MiB
  [regular] call 42 step 42: 0.188s (orig 0.182s) rc=0 demoted=0.0MiB read=0.0MiB
  [regular] call 43 step 43: 0.187s (orig 0.179s) rc=0 demoted=0.0MiB read=0.0MiB
  [regular] call 44 step 44: 0.187s (orig 0.175s) rc=0 demoted=0.0MiB read=0.0MiB
[17/42] astropy__astropy-7166 regular: total=10.958460449000002 orig=10.055143246 mismatches=43 err=None
[17/42] astropy__astropy-7166 lazy
minisweagent.environment: DEBUG: Starting container with command: docker run -d --name   
minisweagent-b4eeb7e1 -w /testbed --rm                                                   
docker.io/swebench/sweb.eval.x86_64.astropy_1776_astropy-7166:latest sleep 2h            
minisweagent.environment: INFO: Started container minisweagent-b4eeb7e1 with ID          
2af655e441a0d26f739fcb7c259078e547a54dab71487733023ace76d928378a                         
  [lazy] call 1 step 1: 0.322s (orig 0.197s) rc=0 demoted=3.5MiB read=52.7MiB
  [lazy] call 2 step 2: 0.825s (orig 0.314s) rc=0 demoted=26.7MiB read=275.9MiB
  [lazy] call 3 step 3: 0.264s (orig 0.182s) rc=0 demoted=144.6MiB read=46.6MiB
  [lazy] call 4 step 4: 0.261s (orig 0.174s) rc=0 demoted=24.1MiB read=45.6MiB
  [lazy] call 5 step 5: 0.665s (orig 0.463s) rc=0 demoted=23.4MiB read=163.8MiB
  [lazy] call 6 step 6: 0.266s (orig 0.179s) rc=0 demoted=84.8MiB read=47.4MiB
  [lazy] call 7 step 7: 0.259s (orig 0.181s) rc=0 demoted=24.3MiB read=45.3MiB
  [lazy] call 8 step 8: 0.613s (orig 0.409s) rc=1 demoted=23.3MiB read=159.5MiB
  [lazy] call 9 step 9: 0.265s (orig 0.178s) rc=0 demoted=82.2MiB read=45.1MiB
  [lazy] call 10 step 10: 0.259s (orig 0.186s) rc=0 demoted=23.2MiB read=46.9MiB
  [lazy] call 11 step 11: 0.501s (orig 0.330s) rc=1 demoted=24.5MiB read=153.5MiB
  [lazy] call 12 step 12: 0.305s (orig 0.204s) rc=1 demoted=78.5MiB read=57.7MiB
  [lazy] call 13 step 13: 0.268s (orig 0.180s) rc=0 demoted=29.1MiB read=47.1MiB
  [lazy] call 14 step 14: 0.499s (orig 0.335s) rc=1 demoted=24.1MiB read=153.5MiB
  [lazy] call 15 step 15: 0.267s (orig 0.178s) rc=0 demoted=79.0MiB read=47.2MiB
  [lazy] call 16 step 16: 0.260s (orig 0.181s) rc=2 demoted=24.2MiB read=44.9MiB
  [lazy] call 17 step 17: 0.306s (orig 0.211s) rc=1 demoted=22.8MiB read=57.7MiB
  [lazy] call 18 step 18: 0.268s (orig 0.181s) rc=0 demoted=29.7MiB read=47.3MiB
  [lazy] call 19 step 19: 0.296s (orig 0.203s) rc=1 demoted=24.3MiB read=58.2MiB
  [lazy] call 20 step 20: 0.274s (orig 0.184s) rc=0 demoted=29.4MiB read=48.0MiB
  [lazy] call 21 step 21: 0.266s (orig 0.179s) rc=0 demoted=24.9MiB read=47.2MiB
  [lazy] call 22 step 22: 0.286s (orig 0.195s) rc=0 demoted=24.4MiB read=57.6MiB
  [lazy] call 23 step 23: 0.264s (orig 0.181s) rc=0 demoted=29.4MiB read=47.2MiB
  [lazy] call 24 step 24: 0.284s (orig 0.197s) rc=0 demoted=24.2MiB read=57.2MiB
  [lazy] call 25 step 25: 0.262s (orig 0.177s) rc=0 demoted=29.2MiB read=47.1MiB
  [lazy] call 26 step 26: 0.262s (orig 0.181s) rc=0 demoted=24.3MiB read=45.6MiB
  [lazy] call 27 step 27: 0.664s (orig 0.462s) rc=0 demoted=23.4MiB read=164.8MiB
  [lazy] call 28 step 28: 0.260s (orig 0.176s) rc=0 demoted=84.2MiB read=45.2MiB
  [lazy] call 29 step 29: 0.663s (orig 0.462s) rc=0 demoted=23.3MiB read=164.4MiB
  [lazy] call 30 step 30: 0.268s (orig 0.185s) rc=0 demoted=86.7MiB read=68.1MiB
  [lazy] call 31 step 31: 0.260s (orig 0.180s) rc=0 demoted=34.7MiB read=45.4MiB
  [lazy] call 32 step 32: 0.341s (orig 0.242s) rc=0 demoted=24.3MiB read=119.1MiB
  [lazy] call 33 step 33: 0.257s (orig 0.180s) rc=0 demoted=89.3MiB read=44.6MiB
  [lazy] call 34 step 34: 0.264s (orig 0.185s) rc=0 demoted=23.8MiB read=47.0MiB
  [lazy] call 35 step 35: 0.259s (orig 0.178s) rc=0 demoted=24.1MiB read=44.4MiB
  [lazy] call 36 step 36: 0.861s (orig 0.583s) rc=1 demoted=22.7MiB read=188.4MiB
  [lazy] call 37 step 37: 0.314s (orig 0.202s) rc=0 demoted=97.3MiB read=85.0MiB
  [lazy] call 38 step 38: 0.279s (orig 0.184s) rc=0 demoted=43.1MiB read=72.1MiB
  [lazy] call 39 step 39: 0.261s (orig 0.183s) rc=0 demoted=36.6MiB read=45.2MiB
  [lazy] call 40 step 40: 0.264s (orig 0.183s) rc=0 demoted=23.0MiB read=45.6MiB
  [lazy] call 41 step 41: 0.257s (orig 0.176s) rc=0 demoted=24.4MiB read=44.4MiB
  [lazy] call 42 step 42: 0.266s (orig 0.182s) rc=0 demoted=24.4MiB read=46.3MiB
  [lazy] call 43 step 43: 0.263s (orig 0.179s) rc=0 demoted=23.5MiB read=45.9MiB
  [lazy] call 44 step 44: 0.262s (orig 0.175s) rc=0 demoted=23.4MiB read=45.9MiB
[17/42] astropy__astropy-7166 lazy: total=15.127971141 orig=10.055143246 mismatches=43 err=None
[18/42] astropy__astropy-7336 regular
minisweagent.environment: DEBUG: Starting container with command: docker run -d --name   
minisweagent-7645d03a -w /testbed --rm                                                   
docker.io/swebench/sweb.eval.x86_64.astropy_1776_astropy-7336:latest sleep 2h            
minisweagent.environment: INFO: Started container minisweagent-7645d03a with ID          
eba042facaa4f4ad7d9c9f3164553e184d39454650e5b472a9a33129282219a3                         
  [regular] call 1 step 1: 0.264s (orig 0.181s) rc=0 demoted=0.0MiB read=40.9MiB
  [regular] call 2 step 1: 0.244s (orig 0.204s) rc=0 demoted=0.0MiB read=6.9MiB
  [regular] call 3 step 2: 0.182s (orig 0.179s) rc=0 demoted=0.0MiB read=0.0MiB
  [regular] call 4 step 3: 0.186s (orig 0.181s) rc=0 demoted=0.0MiB read=0.1MiB
  [regular] call 5 step 4: 0.184s (orig 0.182s) rc=0 demoted=0.0MiB read=0.0MiB
  [regular] call 6 step 5: 0.207s (orig 0.192s) rc=1 demoted=0.0MiB read=11.8MiB
  [regular] call 7 step 6: 0.184s (orig 0.177s) rc=0 demoted=0.0MiB read=0.0MiB
  [regular] call 8 step 7: 0.197s (orig 0.192s) rc=1 demoted=0.0MiB read=0.0MiB
  [regular] call 9 step 8: 0.185s (orig 0.179s) rc=0 demoted=0.0MiB read=0.0MiB
  [regular] call 10 step 9: 0.705s (orig 0.589s) rc=1 demoted=0.0MiB read=107.0MiB
  [regular] call 11 step 10: 0.187s (orig 0.183s) rc=0 demoted=0.0MiB read=0.6MiB
  [regular] call 12 step 11: 0.592s (orig 0.580s) rc=0 demoted=0.0MiB read=0.0MiB
  [regular] call 13 step 12: 0.189s (orig 0.179s) rc=0 demoted=0.0MiB read=0.0MiB
  [regular] call 14 step 13: 0.589s (orig 0.584s) rc=0 demoted=0.0MiB read=0.0MiB
  [regular] call 15 step 14: 0.195s (orig 0.181s) rc=0 demoted=0.0MiB read=8.4MiB
  [regular] call 16 step 15: 0.186s (orig 0.177s) rc=0 demoted=0.0MiB read=0.0MiB
  [regular] call 17 step 16: 0.188s (orig 0.185s) rc=0 demoted=0.0MiB read=0.0MiB
  [regular] call 18 step 17: 0.185s (orig 0.179s) rc=0 demoted=0.0MiB read=0.0MiB
  [regular] call 19 step 18: 0.199s (orig 0.189s) rc=0 demoted=0.0MiB read=0.1MiB
  [regular] call 20 step 19: 0.182s (orig 0.181s) rc=0 demoted=0.0MiB read=0.0MiB
  [regular] call 21 step 20: 0.180s (orig 0.180s) rc=0 demoted=0.0MiB read=0.0MiB
[18/42] astropy__astropy-7336 regular: total=5.411271495 orig=5.054537523 mismatches=20 err=None
[18/42] astropy__astropy-7336 lazy
minisweagent.environment: DEBUG: Starting container with command: docker run -d --name   
minisweagent-5968ab84 -w /testbed --rm                                                   
docker.io/swebench/sweb.eval.x86_64.astropy_1776_astropy-7336:latest sleep 2h            
minisweagent.environment: INFO: Started container minisweagent-5968ab84 with ID          
367876be483f8a365a48abcc3a948b2c044dae545850c18340416e87af005e76                         
  [lazy] call 1 step 1: 0.261s (orig 0.181s) rc=0 demoted=3.4MiB read=45.6MiB
  [lazy] call 2 step 1: 0.312s (orig 0.204s) rc=0 demoted=23.2MiB read=52.1MiB
  [lazy] call 3 step 2: 0.258s (orig 0.179s) rc=0 demoted=26.6MiB read=46.8MiB
  [lazy] call 4 step 3: 0.259s (orig 0.181s) rc=0 demoted=23.9MiB read=46.8MiB
  [lazy] call 5 step 4: 0.260s (orig 0.182s) rc=0 demoted=24.1MiB read=47.2MiB
  [lazy] call 6 step 5: 0.286s (orig 0.192s) rc=1 demoted=24.5MiB read=57.6MiB
  [lazy] call 7 step 6: 0.257s (orig 0.177s) rc=0 demoted=29.0MiB read=45.5MiB
  [lazy] call 8 step 7: 0.284s (orig 0.192s) rc=1 demoted=23.3MiB read=57.2MiB
  [lazy] call 9 step 8: 0.260s (orig 0.179s) rc=0 demoted=28.8MiB read=44.4MiB
  [lazy] call 10 step 9: 0.802s (orig 0.589s) rc=1 demoted=23.8MiB read=164.8MiB
  [lazy] call 11 step 10: 0.276s (orig 0.183s) rc=0 demoted=84.3MiB read=47.6MiB
  [lazy] call 12 step 11: 0.792s (orig 0.580s) rc=0 demoted=24.5MiB read=165.7MiB
  [lazy] call 13 step 12: 0.266s (orig 0.179s) rc=0 demoted=85.1MiB read=45.3MiB
  [lazy] call 14 step 13: 0.794s (orig 0.584s) rc=0 demoted=23.2MiB read=165.5MiB
  [lazy] call 15 step 14: 0.270s (orig 0.181s) rc=0 demoted=84.6MiB read=69.6MiB
  [lazy] call 16 step 15: 0.262s (orig 0.177s) rc=0 demoted=35.3MiB read=45.2MiB
  [lazy] call 17 step 16: 0.280s (orig 0.185s) rc=0 demoted=23.3MiB read=70.4MiB
  [lazy] call 18 step 17: 0.257s (orig 0.179s) rc=0 demoted=36.4MiB read=45.2MiB
  [lazy] call 19 step 18: 0.283s (orig 0.189s) rc=0 demoted=23.2MiB read=71.8MiB
  [lazy] call 20 step 19: 0.258s (orig 0.181s) rc=0 demoted=37.5MiB read=45.0MiB
  [lazy] call 21 step 20: 0.258s (orig 0.180s) rc=0 demoted=23.1MiB read=45.2MiB
[18/42] astropy__astropy-7336 lazy: total=7.236850341999999 orig=5.054537523 mismatches=20 err=None
[19/42] astropy__astropy-7606 regular
minisweagent.environment: DEBUG: Starting container with command: docker run -d --name   
minisweagent-b6331e36 -w /testbed --rm                                                   
docker.io/swebench/sweb.eval.x86_64.astropy_1776_astropy-7606:latest sleep 2h            
minisweagent.environment: INFO: Started container minisweagent-b6331e36 with ID          
815553dbc0859c39ff15818149e5bf81669fdacd411f0e80a5a32bd53c9e2266                         
  [regular] call 1 step 1: 0.317s (orig 0.201s) rc=0 demoted=0.0MiB read=48.0MiB
  [regular] call 2 step 2: 0.180s (orig 0.179s) rc=0 demoted=0.0MiB read=0.2MiB
  [regular] call 3 step 3: 0.188s (orig 0.177s) rc=0 demoted=0.0MiB read=0.0MiB
  [regular] call 4 step 4: 0.186s (orig 0.177s) rc=0 demoted=0.0MiB read=0.3MiB
  [regular] call 5 step 5: 0.183s (orig 0.184s) rc=0 demoted=0.0MiB read=0.0MiB
  [regular] call 6 step 6: 0.188s (orig 0.182s) rc=0 demoted=0.0MiB read=0.0MiB
  [regular] call 7 step 7: 0.183s (orig 0.176s) rc=0 demoted=0.0MiB read=0.0MiB
  [regular] call 8 step 8: 0.206s (orig 0.192s) rc=1 demoted=0.0MiB read=11.7MiB
  [regular] call 9 step 9: 0.181s (orig 0.179s) rc=0 demoted=0.0MiB read=0.1MiB
  [regular] call 10 step 10: 0.474s (orig 0.381s) rc=1 demoted=0.0MiB read=98.8MiB
  [regular] call 11 step 11: 0.185s (orig 0.178s) rc=0 demoted=0.0MiB read=0.0MiB
  [regular] call 12 step 12: 0.180s (orig 0.180s) rc=0 demoted=0.0MiB read=0.0MiB
  [regular] call 13 step 13: 0.197s (orig 0.181s) rc=0 demoted=0.0MiB read=0.0MiB
  [regular] call 14 step 14: 0.383s (orig 0.376s) rc=1 demoted=0.0MiB read=0.0MiB
  [regular] call 15 step 15: 0.186s (orig 0.183s) rc=0 demoted=0.0MiB read=0.0MiB
  [regular] call 16 step 16: 0.187s (orig 0.175s) rc=0 demoted=0.0MiB read=0.0MiB
  [regular] call 17 step 17: 0.192s (orig 0.179s) rc=0 demoted=0.0MiB read=0.0MiB
  [regular] call 18 step 18: 0.181s (orig 0.179s) rc=0 demoted=0.0MiB read=0.0MiB
  [regular] call 19 step 19: 0.185s (orig 0.177s) rc=0 demoted=0.0MiB read=0.0MiB
  [regular] call 20 step 20: 0.184s (orig 0.180s) rc=0 demoted=0.0MiB read=0.0MiB
  [regular] call 21 step 21: 0.185s (orig 0.179s) rc=0 demoted=0.0MiB read=0.0MiB
  [regular] call 22 step 22: 0.182s (orig 0.179s) rc=0 demoted=0.0MiB read=0.0MiB
  [regular] call 23 step 23: 0.185s (orig 0.180s) rc=0 demoted=0.0MiB read=0.0MiB
  [regular] call 24 step 24: 0.185s (orig 0.177s) rc=0 demoted=0.0MiB read=0.0MiB
  [regular] call 25 step 25: 0.187s (orig 0.183s) rc=0 demoted=0.0MiB read=0.0MiB
  [regular] call 26 step 26: 0.183s (orig 0.184s) rc=0 demoted=0.0MiB read=0.0MiB
  [regular] call 27 step 27: 0.186s (orig 0.181s) rc=0 demoted=0.0MiB read=0.0MiB
  [regular] call 28 step 28: 0.185s (orig 0.174s) rc=0 demoted=0.0MiB read=0.0MiB
  [regular] call 29 step 29: 0.180s (orig 0.177s) rc=0 demoted=0.0MiB read=0.0MiB
  [regular] call 30 step 30: 0.184s (orig 0.182s) rc=0 demoted=0.0MiB read=0.0MiB
  [regular] call 31 step 31: 0.194s (orig 0.196s) rc=1 demoted=0.0MiB read=0.0MiB
  [regular] call 32 step 32: 0.186s (orig 0.184s) rc=0 demoted=0.0MiB read=0.0MiB
  [regular] call 33 step 33: 0.202s (orig 0.192s) rc=0 demoted=0.0MiB read=0.0MiB
  [regular] call 34 step 34: 0.182s (orig 0.177s) rc=0 demoted=0.0MiB read=0.0MiB
  [regular] call 35 step 35: 0.182s (orig 0.176s) rc=0 demoted=0.0MiB read=0.0MiB
  [regular] call 36 step 36: 0.180s (orig 0.181s) rc=0 demoted=0.0MiB read=0.0MiB
  [regular] call 37 step 37: 0.381s (orig 0.374s) rc=1 demoted=0.0MiB read=0.0MiB
  [regular] call 38 step 38: 0.183s (orig 0.181s) rc=0 demoted=0.0MiB read=0.0MiB
  [regular] call 39 step 39: 0.183s (orig 0.178s) rc=0 demoted=0.0MiB read=0.0MiB
  [regular] call 40 step 40: 0.188s (orig 0.187s) rc=0 demoted=0.0MiB read=0.0MiB
  [regular] call 41 step 41: 0.180s (orig 0.183s) rc=0 demoted=0.0MiB read=0.0MiB
  [regular] call 42 step 42: 0.186s (orig 0.177s) rc=0 demoted=0.0MiB read=0.0MiB
  [regular] call 43 step 43: 0.186s (orig 0.187s) rc=0 demoted=0.0MiB read=0.0MiB
  [regular] call 44 step 44: 0.184s (orig 0.178s) rc=0 demoted=0.0MiB read=0.0MiB
  [regular] call 45 step 45: 0.571s (orig 0.549s) rc=0 demoted=0.0MiB read=5.6MiB
  [regular] call 46 step 46: 0.184s (orig 0.185s) rc=0 demoted=0.0MiB read=8.4MiB
  [regular] call 47 step 47: 0.181s (orig 0.177s) rc=0 demoted=0.0MiB read=0.0MiB
  [regular] call 48 step 48: 0.192s (orig 0.182s) rc=0 demoted=0.0MiB read=0.0MiB
  [regular] call 49 step 49: 0.195s (orig 0.192s) rc=0 demoted=0.0MiB read=0.0MiB
  [regular] call 50 step 50: 0.189s (orig 0.183s) rc=0 demoted=0.0MiB read=0.0MiB
  [regular] call 51 step 51: 0.184s (orig 0.177s) rc=0 demoted=0.0MiB read=0.0MiB
  [regular] call 52 step 52: 0.180s (orig 0.178s) rc=0 demoted=0.0MiB read=0.0MiB
[19/42] astropy__astropy-7606 regular: total=10.860510785999999 orig=10.381144239 mismatches=51 err=None
[19/42] astropy__astropy-7606 lazy
minisweagent.environment: DEBUG: Starting container with command: docker run -d --name   
minisweagent-0830e186 -w /testbed --rm                                                   
docker.io/swebench/sweb.eval.x86_64.astropy_1776_astropy-7606:latest sleep 2h            
minisweagent.environment: INFO: Started container minisweagent-0830e186 with ID          
0022ff9fe11dca595798b285d369a339fb5a0501e79065bbf81d179e2d916c3a                         
  [lazy] call 1 step 1: 0.313s (orig 0.201s) rc=0 demoted=3.5MiB read=53.1MiB
  [lazy] call 2 step 2: 0.259s (orig 0.179s) rc=0 demoted=27.1MiB read=47.0MiB
  [lazy] call 3 step 3: 0.264s (orig 0.177s) rc=0 demoted=24.0MiB read=46.8MiB
  [lazy] call 4 step 4: 0.258s (orig 0.177s) rc=0 demoted=23.8MiB read=47.3MiB
  [lazy] call 5 step 5: 0.258s (orig 0.184s) rc=0 demoted=24.5MiB read=46.6MiB
  [lazy] call 6 step 6: 0.267s (orig 0.182s) rc=0 demoted=23.8MiB read=47.1MiB
  [lazy] call 7 step 7: 0.260s (orig 0.176s) rc=0 demoted=24.3MiB read=45.2MiB
  [lazy] call 8 step 8: 0.288s (orig 0.192s) rc=1 demoted=23.0MiB read=57.0MiB
  [lazy] call 9 step 9: 0.252s (orig 0.179s) rc=0 demoted=29.5MiB read=43.2MiB
  [lazy] call 10 step 10: 0.568s (orig 0.381s) rc=1 demoted=22.3MiB read=158.0MiB
  [lazy] call 11 step 11: 0.260s (orig 0.178s) rc=0 demoted=80.7MiB read=47.1MiB
  [lazy] call 12 step 12: 0.264s (orig 0.180s) rc=0 demoted=24.1MiB read=45.2MiB
  [lazy] call 13 step 13: 0.267s (orig 0.181s) rc=0 demoted=23.2MiB read=47.1MiB
  [lazy] call 14 step 14: 0.560s (orig 0.376s) rc=1 demoted=24.0MiB read=156.8MiB
  [lazy] call 15 step 15: 0.261s (orig 0.183s) rc=0 demoted=80.1MiB read=47.0MiB
  [lazy] call 16 step 16: 0.259s (orig 0.175s) rc=0 demoted=23.9MiB read=45.1MiB
  [lazy] call 17 step 17: 0.264s (orig 0.179s) rc=0 demoted=23.3MiB read=47.0MiB
  [lazy] call 18 step 18: 0.257s (orig 0.179s) rc=0 demoted=24.1MiB read=47.0MiB
  [lazy] call 19 step 19: 0.259s (orig 0.177s) rc=0 demoted=24.0MiB read=46.3MiB
  [lazy] call 20 step 20: 0.267s (orig 0.180s) rc=0 demoted=23.7MiB read=46.8MiB
  [lazy] call 21 step 21: 0.261s (orig 0.179s) rc=0 demoted=24.2MiB read=46.9MiB
  [lazy] call 22 step 22: 0.260s (orig 0.179s) rc=0 demoted=23.9MiB read=46.9MiB
  [lazy] call 23 step 23: 0.263s (orig 0.180s) rc=0 demoted=23.8MiB read=47.3MiB
  [lazy] call 24 step 24: 0.259s (orig 0.177s) rc=0 demoted=24.0MiB read=47.2MiB
  [lazy] call 25 step 25: 0.260s (orig 0.183s) rc=0 demoted=24.3MiB read=45.1MiB
  [lazy] call 26 step 26: 0.261s (orig 0.184s) rc=0 demoted=22.9MiB read=46.4MiB
  [lazy] call 27 step 27: 0.260s (orig 0.181s) rc=0 demoted=23.7MiB read=46.6MiB
  [lazy] call 28 step 28: 0.255s (orig 0.174s) rc=0 demoted=24.0MiB read=46.7MiB
  [lazy] call 29 step 29: 0.263s (orig 0.177s) rc=0 demoted=24.3MiB read=47.9MiB
  [lazy] call 30 step 30: 0.258s (orig 0.182s) rc=0 demoted=24.6MiB read=46.0MiB
  [lazy] call 31 step 31: 0.284s (orig 0.196s) rc=1 demoted=23.4MiB read=57.1MiB
  [lazy] call 32 step 32: 0.258s (orig 0.184s) rc=0 demoted=28.9MiB read=44.6MiB
  [lazy] call 33 step 33: 0.284s (orig 0.192s) rc=0 demoted=22.8MiB read=57.5MiB
  [lazy] call 34 step 34: 0.262s (orig 0.177s) rc=0 demoted=29.0MiB read=47.5MiB
  [lazy] call 35 step 35: 0.260s (orig 0.176s) rc=0 demoted=24.1MiB read=47.0MiB
  [lazy] call 36 step 36: 0.261s (orig 0.181s) rc=0 demoted=24.1MiB read=47.5MiB
  [lazy] call 37 step 37: 0.568s (orig 0.374s) rc=1 demoted=24.1MiB read=158.4MiB
  [lazy] call 38 step 38: 0.261s (orig 0.181s) rc=0 demoted=80.8MiB read=47.2MiB
  [lazy] call 39 step 39: 0.257s (orig 0.178s) rc=0 demoted=24.2MiB read=45.6MiB
  [lazy] call 40 step 40: 0.265s (orig 0.187s) rc=0 demoted=24.3MiB read=46.8MiB
  [lazy] call 41 step 41: 0.257s (orig 0.183s) rc=0 demoted=25.2MiB read=46.5MiB
  [lazy] call 42 step 42: 0.262s (orig 0.177s) rc=0 demoted=23.9MiB read=45.5MiB
  [lazy] call 43 step 43: 0.264s (orig 0.187s) rc=0 demoted=23.2MiB read=47.4MiB
  [lazy] call 44 step 44: 0.261s (orig 0.178s) rc=0 demoted=24.8MiB read=47.5MiB
  [lazy] call 45 step 45: 0.738s (orig 0.549s) rc=0 demoted=24.2MiB read=163.7MiB
  [lazy] call 46 step 46: 0.271s (orig 0.185s) rc=0 demoted=84.4MiB read=70.1MiB
  [lazy] call 47 step 47: 0.256s (orig 0.177s) rc=0 demoted=35.9MiB read=45.6MiB
  [lazy] call 48 step 48: 0.275s (orig 0.182s) rc=0 demoted=23.3MiB read=72.6MiB
  [lazy] call 49 step 49: 0.284s (orig 0.192s) rc=0 demoted=37.4MiB read=57.7MiB
  [lazy] call 50 step 50: 0.272s (orig 0.183s) rc=0 demoted=29.0MiB read=70.1MiB
  [lazy] call 51 step 51: 0.262s (orig 0.177s) rc=0 demoted=35.9MiB read=45.6MiB
  [lazy] call 52 step 52: 0.260s (orig 0.178s) rc=0 demoted=23.3MiB read=45.6MiB
[19/42] astropy__astropy-7606 lazy: total=15.125683012 orig=10.381144239 mismatches=51 err=None
[20/42] astropy__astropy-7671 regular
minisweagent.environment: DEBUG: Starting container with command: docker run -d --name   
minisweagent-0be14513 -w /testbed --rm                                                   
docker.io/swebench/sweb.eval.x86_64.astropy_1776_astropy-7671:latest sleep 2h            
minisweagent.environment: INFO: Started container minisweagent-0be14513 with ID          
e126bb52c36c30701da4cc1f1606c455e141006c3d9a5e125e60bf6b7a477736                         
  [regular] call 1 step 1: 0.316s (orig 0.204s) rc=0 demoted=0.0MiB read=47.4MiB
  [regular] call 2 step 2: 0.189s (orig 0.181s) rc=0 demoted=0.0MiB read=0.1MiB
  [regular] call 3 step 3: 0.184s (orig 0.182s) rc=0 demoted=0.0MiB read=0.0MiB
  [regular] call 4 step 4: 0.185s (orig 0.179s) rc=0 demoted=0.0MiB read=0.0MiB
  [regular] call 5 step 5: 0.183s (orig 0.178s) rc=0 demoted=0.0MiB read=0.0MiB
  [regular] call 6 step 6: 0.184s (orig 0.176s) rc=0 demoted=0.0MiB read=0.1MiB
  [regular] call 7 step 7: 0.183s (orig 0.185s) rc=0 demoted=0.0MiB read=0.3MiB
  [regular] call 8 step 8: 0.185s (orig 0.181s) rc=0 demoted=0.0MiB read=0.0MiB
  [regular] call 9 step 9: 0.183s (orig 0.179s) rc=0 demoted=0.0MiB read=0.0MiB
  [regular] call 10 step 10: 0.179s (orig 0.183s) rc=0 demoted=0.0MiB read=0.0MiB
  [regular] call 11 step 11: 0.180s (orig 0.175s) rc=0 demoted=0.0MiB read=0.0MiB
  [regular] call 12 step 12: 0.182s (orig 0.174s) rc=0 demoted=0.0MiB read=0.0MiB
  [regular] call 13 step 13: 0.206s (orig 0.192s) rc=1 demoted=0.0MiB read=11.7MiB
  [regular] call 14 step 14: 0.183s (orig 0.177s) rc=0 demoted=0.0MiB read=0.0MiB
  [regular] call 15 step 15: 0.510s (orig 0.402s) rc=1 demoted=0.0MiB read=103.2MiB
  [regular] call 16 step 16: 0.186s (orig 0.180s) rc=0 demoted=0.0MiB read=0.0MiB
  [regular] call 17 step 17: 0.178s (orig 0.178s) rc=0 demoted=0.0MiB read=0.0MiB
  [regular] call 18 step 18: 0.465s (orig 0.442s) rc=0 demoted=0.0MiB read=0.5MiB
  [regular] call 19 step 19: 0.177s (orig 0.182s) rc=2 demoted=0.0MiB read=0.0MiB
  [regular] call 20 step 20: 0.179s (orig 0.181s) rc=0 demoted=0.0MiB read=0.0MiB
  [regular] call 21 step 21: 0.454s (orig 0.439s) rc=0 demoted=0.0MiB read=0.0MiB
  [regular] call 22 step 22: 0.190s (orig 0.181s) rc=0 demoted=0.0MiB read=8.4MiB
  [regular] call 23 step 23: 0.184s (orig 0.183s) rc=0 demoted=0.0MiB read=0.0MiB
  [regular] call 24 step 24: 0.180s (orig 0.180s) rc=0 demoted=0.0MiB read=0.0MiB
[20/42] astropy__astropy-7671 regular: total=5.425393971 orig=5.09463416 mismatches=23 err=None
[20/42] astropy__astropy-7671 lazy
minisweagent.environment: DEBUG: Starting container with command: docker run -d --name   
minisweagent-faf404dd -w /testbed --rm                                                   
docker.io/swebench/sweb.eval.x86_64.astropy_1776_astropy-7671:latest sleep 2h            
minisweagent.environment: INFO: Started container minisweagent-faf404dd with ID          
b8bdc77d4234091750e3ab7e1aa6f4737a562851bc79a62be9ec9ccc8d8ef259                         
  [lazy] call 1 step 1: 0.316s (orig 0.204s) rc=0 demoted=3.3MiB read=52.6MiB
  [lazy] call 2 step 2: 0.263s (orig 0.181s) rc=0 demoted=26.9MiB read=46.9MiB
  [lazy] call 3 step 3: 0.263s (orig 0.182s) rc=0 demoted=24.1MiB read=46.6MiB
  [lazy] call 4 step 4: 0.259s (orig 0.179s) rc=0 demoted=24.0MiB read=46.5MiB
  [lazy] call 5 step 5: 0.263s (orig 0.178s) rc=0 demoted=24.0MiB read=46.5MiB
  [lazy] call 6 step 6: 0.260s (orig 0.176s) rc=0 demoted=24.1MiB read=45.4MiB
  [lazy] call 7 step 7: 0.267s (orig 0.185s) rc=0 demoted=24.2MiB read=46.3MiB
  [lazy] call 8 step 8: 0.253s (orig 0.181s) rc=0 demoted=24.9MiB read=45.8MiB
  [lazy] call 9 step 9: 0.267s (orig 0.179s) rc=0 demoted=23.5MiB read=46.5MiB
  [lazy] call 10 step 10: 0.261s (orig 0.183s) rc=0 demoted=23.8MiB read=45.6MiB
  [lazy] call 11 step 11: 0.269s (orig 0.175s) rc=0 demoted=23.7MiB read=47.0MiB
  [lazy] call 12 step 12: 0.255s (orig 0.174s) rc=0 demoted=23.9MiB read=45.3MiB
  [lazy] call 13 step 13: 0.289s (orig 0.192s) rc=1 demoted=24.3MiB read=55.9MiB
  [lazy] call 14 step 14: 0.258s (orig 0.177s) rc=0 demoted=29.1MiB read=43.3MiB
  [lazy] call 15 step 15: 0.600s (orig 0.402s) rc=1 demoted=22.3MiB read=161.2MiB
  [lazy] call 16 step 16: 0.267s (orig 0.180s) rc=0 demoted=82.2MiB read=47.1MiB
  [lazy] call 17 step 17: 0.264s (orig 0.178s) rc=0 demoted=24.1MiB read=45.4MiB
  [lazy] call 18 step 18: 0.638s (orig 0.442s) rc=0 demoted=23.0MiB read=162.6MiB
  [lazy] call 19 step 19: 0.263s (orig 0.182s) rc=2 demoted=83.7MiB read=45.4MiB
  [lazy] call 20 step 20: 0.263s (orig 0.181s) rc=0 demoted=23.3MiB read=45.5MiB
  [lazy] call 21 step 21: 0.644s (orig 0.439s) rc=0 demoted=23.4MiB read=162.6MiB
  [lazy] call 22 step 22: 0.278s (orig 0.181s) rc=0 demoted=83.1MiB read=70.0MiB
  [lazy] call 23 step 23: 0.261s (orig 0.183s) rc=0 demoted=35.8MiB read=45.5MiB
  [lazy] call 24 step 24: 0.262s (orig 0.180s) rc=0 demoted=23.2MiB read=45.5MiB
[20/42] astropy__astropy-7671 lazy: total=7.4832714760000005 orig=5.09463416 mismatches=23 err=None
[21/42] astropy__astropy-8707 regular
minisweagent.environment: DEBUG: Starting container with command: docker run -d --name   
minisweagent-3224abd0 -w /testbed --rm                                                   
docker.io/swebench/sweb.eval.x86_64.astropy_1776_astropy-8707:latest sleep 2h            
minisweagent.environment: INFO: Started container minisweagent-3224abd0 with ID          
17b157e3277699401c0fa14797f05445cd6d3f9505386c7c33e8a0df8fce40fd                         
  [regular] call 1 step 1: 0.333s (orig 0.204s) rc=0 demoted=0.0MiB read=47.9MiB
  [regular] call 2 step 2: 0.188s (orig 0.177s) rc=0 demoted=0.0MiB read=0.2MiB
  [regular] call 3 step 3: 0.186s (orig 0.177s) rc=1 demoted=0.0MiB read=0.0MiB
  [regular] call 4 step 4: 0.184s (orig 0.179s) rc=0 demoted=0.0MiB read=0.0MiB
  [regular] call 5 step 5: 0.187s (orig 0.178s) rc=0 demoted=0.0MiB read=0.3MiB
  [regular] call 6 step 6: 0.180s (orig 0.177s) rc=0 demoted=0.0MiB read=0.0MiB
  [regular] call 7 step 7: 0.178s (orig 0.179s) rc=0 demoted=0.0MiB read=0.0MiB
  [regular] call 8 step 8: 0.184s (orig 0.179s) rc=0 demoted=0.0MiB read=0.0MiB
  [regular] call 9 step 9: 0.181s (orig 0.176s) rc=1 demoted=0.0MiB read=0.0MiB
  [regular] call 10 step 10: 0.185s (orig 0.180s) rc=0 demoted=0.0MiB read=0.0MiB
  [regular] call 11 step 11: 1.929s (orig 1.663s) rc=0 demoted=0.0MiB read=30.8MiB
  [regular] call 12 step 12: 0.185s (orig 0.175s) rc=0 demoted=0.0MiB read=0.0MiB
  [regular] call 13 step 13: 0.184s (orig 0.174s) rc=0 demoted=0.0MiB read=0.0MiB
  [regular] call 14 step 14: 0.183s (orig 0.178s) rc=0 demoted=0.0MiB read=0.0MiB
  [regular] call 15 step 15: 0.205s (orig 0.190s) rc=1 demoted=0.0MiB read=12.6MiB
  [regular] call 16 step 16: 0.181s (orig 0.178s) rc=0 demoted=0.0MiB read=0.0MiB
  [regular] call 17 step 17: 0.196s (orig 0.190s) rc=1 demoted=0.0MiB read=0.0MiB
  [regular] call 18 step 18: 0.181s (orig 0.179s) rc=0 demoted=0.0MiB read=0.1MiB
  [regular] call 19 step 19: 0.619s (orig 0.498s) rc=0 demoted=0.0MiB read=120.4MiB
  [regular] call 20 step 20: 0.186s (orig 0.174s) rc=0 demoted=0.0MiB read=0.0MiB
  [regular] call 21 step 21: 0.180s (orig 0.178s) rc=0 demoted=0.0MiB read=0.0MiB
  [regular] call 22 step 22: 1.779s (orig 1.656s) rc=0 demoted=0.0MiB read=0.0MiB
  [regular] call 23 step 23: 0.181s (orig 0.179s) rc=0 demoted=0.0MiB read=0.0MiB
  [regular] call 24 step 24: 0.187s (orig 0.178s) rc=0 demoted=0.0MiB read=0.0MiB
  [regular] call 25 step 25: 0.186s (orig 0.177s) rc=0 demoted=0.0MiB read=0.0MiB
  [regular] call 26 step 26: 0.185s (orig 0.176s) rc=0 demoted=0.0MiB read=0.0MiB
  [regular] call 27 step 27: 0.182s (orig 0.181s) rc=0 demoted=0.0MiB read=0.1MiB
  [regular] call 28 step 28: 0.184s (orig 0.179s) rc=0 demoted=0.0MiB read=0.0MiB
  [regular] call 29 step 29: 0.185s (orig 0.178s) rc=0 demoted=0.0MiB read=0.0MiB
  [regular] call 30 step 30: 0.183s (orig 0.180s) rc=0 demoted=0.0MiB read=0.0MiB
  [regular] call 31 step 31: 0.448s (orig 0.430s) rc=0 demoted=0.0MiB read=0.3MiB
  [regular] call 32 step 32: 0.184s (orig 0.178s) rc=0 demoted=0.0MiB read=0.0MiB
  [regular] call 33 step 33: 0.421s (orig 0.413s) rc=0 demoted=0.0MiB read=0.0MiB
  [regular] call 34 step 34: 0.193s (orig 0.184s) rc=0 demoted=0.0MiB read=8.6MiB
  [regular] call 35 step 35: 0.187s (orig 0.172s) rc=0 demoted=0.0MiB read=0.0MiB
  [regular] call 36 step 36: 0.180s (orig 0.178s) rc=0 demoted=0.0MiB read=0.0MiB
[21/42] astropy__astropy-8707 regular: total=11.077097866 orig=10.221009089999999 mismatches=35 err=None
[21/42] astropy__astropy-8707 lazy
minisweagent.environment: DEBUG: Starting container with command: docker run -d --name   
minisweagent-1c24c65d -w /testbed --rm                                                   
docker.io/swebench/sweb.eval.x86_64.astropy_1776_astropy-8707:latest sleep 2h            
minisweagent.environment: INFO: Started container minisweagent-1c24c65d with ID          
77135c9ed61850e285023e7f23599c7c787a2fe144745c78407a6740f74ba9e8                         
  [lazy] call 1 step 1: 0.315s (orig 0.204s) rc=0 demoted=3.4MiB read=53.0MiB
  [lazy] call 2 step 2: 0.259s (orig 0.177s) rc=0 demoted=27.3MiB read=47.6MiB
  [lazy] call 3 step 3: 0.268s (orig 0.177s) rc=1 demoted=24.1MiB read=46.9MiB
  [lazy] call 4 step 4: 0.264s (orig 0.179s) rc=0 demoted=24.2MiB read=46.8MiB
  [lazy] call 5 step 5: 0.258s (orig 0.178s) rc=0 demoted=24.0MiB read=47.4MiB
  [lazy] call 6 step 6: 0.260s (orig 0.177s) rc=0 demoted=24.2MiB read=47.4MiB
  [lazy] call 7 step 7: 0.264s (orig 0.179s) rc=0 demoted=24.1MiB read=47.4MiB
  [lazy] call 8 step 8: 0.257s (orig 0.179s) rc=0 demoted=24.3MiB read=45.7MiB
  [lazy] call 9 step 9: 0.262s (orig 0.176s) rc=1 demoted=23.7MiB read=46.8MiB
  [lazy] call 10 step 10: 0.262s (orig 0.180s) rc=0 demoted=24.0MiB read=46.8MiB
  [lazy] call 11 step 11: 2.014s (orig 1.663s) rc=0 demoted=24.3MiB read=83.5MiB
  [lazy] call 12 step 12: 0.262s (orig 0.175s) rc=0 demoted=44.2MiB read=47.3MiB
  [lazy] call 13 step 13: 0.266s (orig 0.174s) rc=0 demoted=24.1MiB read=47.3MiB
  [lazy] call 14 step 14: 0.255s (orig 0.178s) rc=0 demoted=24.3MiB read=44.2MiB
  [lazy] call 15 step 15: 0.282s (orig 0.190s) rc=1 demoted=22.8MiB read=57.9MiB
  [lazy] call 16 step 16: 0.257s (orig 0.178s) rc=0 demoted=29.4MiB read=45.4MiB
  [lazy] call 17 step 17: 0.280s (orig 0.190s) rc=1 demoted=23.3MiB read=57.9MiB
  [lazy] call 18 step 18: 0.260s (orig 0.179s) rc=0 demoted=29.3MiB read=45.5MiB
  [lazy] call 19 step 19: 0.715s (orig 0.498s) rc=0 demoted=23.3MiB read=182.6MiB
  [lazy] call 20 step 20: 0.268s (orig 0.174s) rc=0 demoted=94.4MiB read=47.0MiB
  [lazy] call 21 step 21: 0.254s (orig 0.178s) rc=0 demoted=25.0MiB read=44.8MiB
  [lazy] call 22 step 22: 2.020s (orig 1.656s) rc=0 demoted=23.1MiB read=82.4MiB
  [lazy] call 23 step 23: 0.262s (orig 0.179s) rc=0 demoted=44.2MiB read=47.4MiB
  [lazy] call 24 step 24: 0.262s (orig 0.178s) rc=0 demoted=24.1MiB read=46.6MiB
  [lazy] call 25 step 25: 0.259s (orig 0.177s) rc=0 demoted=23.8MiB read=46.8MiB
  [lazy] call 26 step 26: 0.267s (orig 0.176s) rc=0 demoted=23.9MiB read=47.3MiB
  [lazy] call 27 step 27: 0.258s (orig 0.181s) rc=0 demoted=24.5MiB read=44.4MiB
  [lazy] call 28 step 28: 0.262s (orig 0.179s) rc=0 demoted=22.9MiB read=47.3MiB
  [lazy] call 29 step 29: 0.258s (orig 0.178s) rc=0 demoted=25.1MiB read=45.7MiB
  [lazy] call 30 step 30: 0.257s (orig 0.180s) rc=0 demoted=23.5MiB read=47.4MiB
  [lazy] call 31 step 31: 0.638s (orig 0.430s) rc=0 demoted=24.3MiB read=182.7MiB
  [lazy] call 32 step 32: 0.258s (orig 0.178s) rc=0 demoted=93.6MiB read=45.5MiB
  [lazy] call 33 step 33: 0.610s (orig 0.413s) rc=0 demoted=23.3MiB read=179.8MiB
  [lazy] call 34 step 34: 0.274s (orig 0.184s) rc=0 demoted=91.9MiB read=71.0MiB
  [lazy] call 35 step 35: 0.256s (orig 0.172s) rc=0 demoted=36.1MiB read=45.4MiB
  [lazy] call 36 step 36: 0.254s (orig 0.178s) rc=0 demoted=23.2MiB read=44.6MiB
[21/42] astropy__astropy-8707 lazy: total=14.174943856999999 orig=10.221009089999999 mismatches=35 err=None
[22/42] astropy__astropy-8872 regular
minisweagent.environment: DEBUG: Starting container with command: docker run -d --name   
minisweagent-f4ff9339 -w /testbed --rm                                                   
docker.io/swebench/sweb.eval.x86_64.astropy_1776_astropy-8872:latest sleep 2h            
minisweagent.environment: INFO: Started container minisweagent-f4ff9339 with ID          
a72238057aee1837876f76f924f6c0022bad0a2096289c76ecb00d5354312718                         
  [regular] call 1 step 1: 0.295s (orig 0.193s) rc=0 demoted=0.0MiB read=45.9MiB
  [regular] call 2 step 2: 0.192s (orig 0.180s) rc=0 demoted=0.0MiB read=0.0MiB
  [regular] call 3 step 3: 0.185s (orig 0.179s) rc=0 demoted=0.0MiB read=1.5MiB
  [regular] call 4 step 4: 0.193s (orig 0.178s) rc=1 demoted=0.0MiB read=1.4MiB
  [regular] call 5 step 5: 0.182s (orig 0.174s) rc=0 demoted=0.0MiB read=0.0MiB
  [regular] call 6 step 6: 0.673s (orig 0.563s) rc=0 demoted=0.0MiB read=129.5MiB
  [regular] call 7 step 7: 0.184s (orig 0.183s) rc=0 demoted=0.0MiB read=0.3MiB
  [regular] call 8 step 8: 0.185s (orig 0.179s) rc=0 demoted=0.0MiB read=0.0MiB
  [regular] call 9 step 9: 0.314s (orig 0.310s) rc=0 demoted=0.0MiB read=0.0MiB
  [regular] call 10 step 10: 0.187s (orig 0.184s) rc=0 demoted=0.0MiB read=0.3MiB
  [regular] call 11 step 11: 0.404s (orig 0.390s) rc=1 demoted=0.0MiB read=0.0MiB
  [regular] call 12 step 12: 0.401s (orig 0.393s) rc=1 demoted=0.0MiB read=0.0MiB
  [regular] call 13 step 13: 0.182s (orig 0.181s) rc=0 demoted=0.0MiB read=0.0MiB
  [regular] call 14 step 14: 0.408s (orig 0.395s) rc=1 demoted=0.0MiB read=0.0MiB
  [regular] call 15 step 15: 0.187s (orig 0.177s) rc=0 demoted=0.0MiB read=0.0MiB
  [regular] call 16 step 16: 0.476s (orig 0.466s) rc=0 demoted=0.0MiB read=0.0MiB
  [regular] call 17 step 17: 0.469s (orig 0.467s) rc=0 demoted=0.0MiB read=0.0MiB
  [regular] call 18 step 18: 0.193s (orig 0.186s) rc=0 demoted=0.0MiB read=8.8MiB
  [regular] call 19 step 19: 0.188s (orig 0.182s) rc=0 demoted=0.0MiB read=0.0MiB
[22/42] astropy__astropy-8872 regular: total=5.497274303999999 orig=5.159715038000001 mismatches=18 err=None
[22/42] astropy__astropy-8872 lazy
minisweagent.environment: DEBUG: Starting container with command: docker run -d --name   
minisweagent-cd1f3ab0 -w /testbed --rm                                                   
docker.io/swebench/sweb.eval.x86_64.astropy_1776_astropy-8872:latest sleep 2h            
minisweagent.environment: INFO: Started container minisweagent-cd1f3ab0 with ID          
3ff3e5934d1fd46ef2694865ad22f2cf949a60f09a43e60451356c11a644325d                         
  [lazy] call 1 step 1: 0.295s (orig 0.193s) rc=0 demoted=3.6MiB read=50.5MiB
  [lazy] call 2 step 2: 0.262s (orig 0.180s) rc=0 demoted=25.6MiB read=46.9MiB
  [lazy] call 3 step 3: 0.260s (orig 0.179s) rc=0 demoted=23.9MiB read=46.1MiB
  [lazy] call 4 step 4: 0.270s (orig 0.178s) rc=1 demoted=23.7MiB read=47.4MiB
  [lazy] call 5 step 5: 0.262s (orig 0.174s) rc=0 demoted=24.4MiB read=46.1MiB
  [lazy] call 6 step 6: 0.757s (orig 0.563s) rc=0 demoted=24.0MiB read=176.5MiB
  [lazy] call 7 step 7: 0.260s (orig 0.183s) rc=0 demoted=90.7MiB read=46.6MiB
  [lazy] call 8 step 8: 0.259s (orig 0.179s) rc=0 demoted=23.8MiB read=46.2MiB
  [lazy] call 9 step 9: 0.471s (orig 0.310s) rc=0 demoted=23.8MiB read=146.6MiB
  [lazy] call 10 step 10: 0.269s (orig 0.184s) rc=0 demoted=75.2MiB read=46.9MiB
  [lazy] call 11 step 11: 0.593s (orig 0.390s) rc=1 demoted=24.6MiB read=175.4MiB
  [lazy] call 12 step 12: 0.588s (orig 0.393s) rc=1 demoted=89.6MiB read=176.0MiB
  [lazy] call 13 step 13: 0.258s (orig 0.181s) rc=0 demoted=90.2MiB read=46.1MiB
  [lazy] call 14 step 14: 0.584s (orig 0.395s) rc=1 demoted=23.7MiB read=176.0MiB
  [lazy] call 15 step 15: 0.263s (orig 0.177s) rc=0 demoted=90.0MiB read=47.0MiB
  [lazy] call 16 step 16: 0.660s (orig 0.466s) rc=0 demoted=24.0MiB read=176.7MiB
  [lazy] call 17 step 17: 0.654s (orig 0.467s) rc=0 demoted=90.5MiB read=175.6MiB
  [lazy] call 18 step 18: 0.276s (orig 0.186s) rc=0 demoted=89.8MiB read=70.4MiB
  [lazy] call 19 step 19: 0.257s (orig 0.182s) rc=0 demoted=35.8MiB read=44.8MiB
[22/42] astropy__astropy-8872 lazy: total=7.496970469000001 orig=5.159715038000001 mismatches=18 err=None
[23/42] django__django-10097 regular
minisweagent.environment: DEBUG: Starting container with command: docker run -d --name   
minisweagent-e89e7251 -w /testbed --rm                                                   
docker.io/swebench/sweb.eval.x86_64.django_1776_django-10097:latest sleep 2h             
minisweagent.environment: INFO: Started container minisweagent-e89e7251 with ID          
a13f8781dffa84007c4c0d4423d898c607af25d2b1348a8a45bd85c071897e27                         
  [regular] call 1 step 1: 1.074s (orig 0.404s) rc=0 demoted=0.0MiB read=96.0MiB
  [regular] call 2 step 2: 0.185s (orig 0.188s) rc=0 demoted=0.0MiB read=0.1MiB
  [regular] call 3 step 3: 0.191s (orig 0.177s) rc=0 demoted=0.0MiB read=0.0MiB
  [regular] call 4 step 4: 0.187s (orig 0.182s) rc=0 demoted=0.0MiB read=0.3MiB
  [regular] call 5 step 5: 0.181s (orig 0.173s) rc=0 demoted=0.0MiB read=0.0MiB
  [regular] call 6 step 6: 0.211s (orig 0.190s) rc=1 demoted=0.0MiB read=8.7MiB
  [regular] call 7 step 7: 0.189s (orig 0.179s) rc=0 demoted=0.0MiB read=0.0MiB
  [regular] call 8 step 8: 0.203s (orig 0.194s) rc=1 demoted=0.0MiB read=0.0MiB
  [regular] call 9 step 9: 0.187s (orig 0.178s) rc=0 demoted=0.0MiB read=0.0MiB
  [regular] call 10 step 10: 0.350s (orig 0.323s) rc=0 demoted=0.0MiB read=20.8MiB
  [regular] call 11 step 12: 0.183s (orig 0.177s) rc=2 demoted=0.0MiB read=0.0MiB
  [regular] call 12 step 13: 0.188s (orig 0.177s) rc=0 demoted=0.0MiB read=0.0MiB
  [regular] call 13 step 14: 0.192s (orig 0.175s) rc=0 demoted=0.0MiB read=0.3MiB
  [regular] call 14 step 15: 0.325s (orig 0.315s) rc=0 demoted=0.0MiB read=0.0MiB
  [regular] call 15 step 16: 0.187s (orig 0.178s) rc=0 demoted=0.0MiB read=0.0MiB
  [regular] call 16 step 17: 0.191s (orig 0.189s) rc=0 demoted=0.0MiB read=0.0MiB
  [regular] call 17 step 18: 0.230s (orig 0.225s) rc=1 demoted=0.0MiB read=0.0MiB
  [regular] call 18 step 20: 0.185s (orig 0.179s) rc=0 demoted=0.0MiB read=0.0MiB
  [regular] call 19 step 21: 0.187s (orig 0.180s) rc=0 demoted=0.0MiB read=0.0MiB
  [regular] call 20 step 22: 0.321s (orig 0.311s) rc=0 demoted=0.0MiB read=0.0MiB
  [regular] call 21 step 23: 0.184s (orig 0.177s) rc=0 demoted=0.0MiB read=0.0MiB
  [regular] call 22 step 24: 0.195s (orig 0.192s) rc=1 demoted=0.0MiB read=0.0MiB
  [regular] call 23 step 25: 0.183s (orig 0.182s) rc=0 demoted=0.0MiB read=0.0MiB
  [regular] call 24 step 26: 0.196s (orig 0.194s) rc=1 demoted=0.0MiB read=0.0MiB
  [regular] call 25 step 27: 0.183s (orig 0.181s) rc=0 demoted=0.0MiB read=0.0MiB
  [regular] call 26 step 28: 0.201s (orig 0.192s) rc=0 demoted=0.0MiB read=0.0MiB
  [regular] call 27 step 29: 0.189s (orig 0.183s) rc=0 demoted=0.0MiB read=0.0MiB
  [regular] call 28 step 30: 0.184s (orig 0.180s) rc=0 demoted=0.0MiB read=0.0MiB
  [regular] call 29 step 31: 0.323s (orig 0.319s) rc=0 demoted=0.0MiB read=0.0MiB
  [regular] call 30 step 32: 0.186s (orig 0.181s) rc=0 demoted=0.0MiB read=0.0MiB
  [regular] call 31 step 33: 0.204s (orig 0.188s) rc=1 demoted=0.0MiB read=0.0MiB
  [regular] call 32 step 34: 0.189s (orig 0.180s) rc=0 demoted=0.0MiB read=0.0MiB
  [regular] call 33 step 35: 0.205s (orig 0.192s) rc=0 demoted=0.0MiB read=0.0MiB
  [regular] call 34 step 36: 0.191s (orig 0.179s) rc=0 demoted=0.0MiB read=0.0MiB
  [regular] call 35 step 37: 0.187s (orig 0.178s) rc=0 demoted=0.0MiB read=0.0MiB
  [regular] call 36 step 38: 0.322s (orig 0.315s) rc=1 demoted=0.0MiB read=0.0MiB
  [regular] call 37 step 39: 0.186s (orig 0.178s) rc=0 demoted=0.0MiB read=0.0MiB
  [regular] call 38 step 40: 0.186s (orig 0.180s) rc=0 demoted=0.0MiB read=0.0MiB
  [regular] call 39 step 41: 0.323s (orig 0.315s) rc=0 demoted=0.0MiB read=0.0MiB
  [regular] call 40 step 42: 0.184s (orig 0.180s) rc=0 demoted=0.0MiB read=0.0MiB
  [regular] call 41 step 43: 0.185s (orig 0.180s) rc=0 demoted=0.0MiB read=0.0MiB
  [regular] call 42 step 44: 0.324s (orig 0.312s) rc=0 demoted=0.0MiB read=0.0MiB
  [regular] call 43 step 45: 0.199s (orig 0.181s) rc=0 demoted=0.0MiB read=14.5MiB
  [regular] call 44 step 46: 0.185s (orig 0.179s) rc=0 demoted=0.0MiB read=0.0MiB
  [regular] call 45 step 47: 0.181s (orig 0.179s) rc=0 demoted=0.0MiB read=0.0MiB
[23/42] django__django-10097 regular: total=10.418887868 orig=9.392465598000001 mismatches=44 err=None
[23/42] django__django-10097 lazy
minisweagent.environment: DEBUG: Starting container with command: docker run -d --name   
minisweagent-56ff80d9 -w /testbed --rm                                                   
docker.io/swebench/sweb.eval.x86_64.django_1776_django-10097:latest sleep 2h             
minisweagent.environment: INFO: Started container minisweagent-56ff80d9 with ID          
0b653f45a35f477262df59777ec079d98ff1cbf7eb67918493b5275c3b19b813                         
  [lazy] call 1 step 1: 1.095s (orig 0.404s) rc=0 demoted=3.3MiB read=101.8MiB
  [lazy] call 2 step 2: 0.269s (orig 0.188s) rc=0 demoted=62.6MiB read=52.8MiB
  [lazy] call 3 step 3: 0.270s (orig 0.177s) rc=0 demoted=27.3MiB read=52.3MiB
  [lazy] call 4 step 4: 0.266s (orig 0.182s) rc=0 demoted=26.6MiB read=52.8MiB
  [lazy] call 5 step 5: 0.262s (orig 0.173s) rc=0 demoted=27.0MiB read=51.1MiB
  [lazy] call 6 step 6: 0.285s (orig 0.190s) rc=1 demoted=26.1MiB read=59.7MiB
  [lazy] call 7 step 7: 0.267s (orig 0.179s) rc=0 demoted=30.3MiB read=51.1MiB
  [lazy] call 8 step 8: 0.286s (orig 0.194s) rc=1 demoted=27.3MiB read=59.0MiB
  [lazy] call 9 step 9: 0.268s (orig 0.178s) rc=0 demoted=30.6MiB read=50.9MiB
  [lazy] call 10 step 10: 0.439s (orig 0.323s) rc=0 demoted=26.2MiB read=82.1MiB
  [lazy] call 11 step 12: 0.267s (orig 0.177s) rc=2 demoted=41.5MiB read=51.1MiB
  [lazy] call 12 step 13: 0.268s (orig 0.177s) rc=0 demoted=25.9MiB read=51.1MiB
  [lazy] call 13 step 14: 0.264s (orig 0.175s) rc=0 demoted=26.4MiB read=53.1MiB
  [lazy] call 14 step 15: 0.428s (orig 0.315s) rc=0 demoted=27.1MiB read=82.2MiB
  [lazy] call 15 step 16: 0.254s (orig 0.178s) rc=0 demoted=42.7MiB read=49.4MiB
  [lazy] call 16 step 17: 0.259s (orig 0.189s) rc=0 demoted=26.1MiB read=49.5MiB
  [lazy] call 17 step 18: 0.328s (orig 0.225s) rc=1 demoted=26.3MiB read=78.2MiB
  [lazy] call 18 step 20: 0.258s (orig 0.179s) rc=0 demoted=40.8MiB read=47.4MiB
  [lazy] call 19 step 21: 0.257s (orig 0.180s) rc=0 demoted=25.1MiB read=49.4MiB
  [lazy] call 20 step 22: 0.425s (orig 0.311s) rc=0 demoted=26.3MiB read=78.4MiB
  [lazy] call 21 step 23: 0.259s (orig 0.177s) rc=0 demoted=39.6MiB read=50.4MiB
  [lazy] call 22 step 24: 0.287s (orig 0.192s) rc=1 demoted=25.9MiB read=59.0MiB
  [lazy] call 23 step 25: 0.259s (orig 0.182s) rc=0 demoted=29.9MiB read=50.5MiB
  [lazy] call 24 step 26: 0.283s (orig 0.194s) rc=1 demoted=25.8MiB read=59.2MiB
  [lazy] call 25 step 27: 0.264s (orig 0.181s) rc=0 demoted=29.9MiB read=50.7MiB
  [lazy] call 26 step 28: 0.286s (orig 0.192s) rc=0 demoted=26.2MiB read=59.3MiB
  [lazy] call 27 step 29: 0.259s (orig 0.183s) rc=0 demoted=30.0MiB read=50.7MiB
  [lazy] call 28 step 30: 0.263s (orig 0.180s) rc=0 demoted=26.2MiB read=52.6MiB
  [lazy] call 29 step 31: 0.427s (orig 0.319s) rc=0 demoted=27.2MiB read=81.8MiB
  [lazy] call 30 step 32: 0.259s (orig 0.181s) rc=0 demoted=41.5MiB read=50.7MiB
  [lazy] call 31 step 33: 0.284s (orig 0.188s) rc=1 demoted=25.9MiB read=59.2MiB
  [lazy] call 32 step 34: 0.265s (orig 0.180s) rc=0 demoted=30.2MiB read=50.7MiB
  [lazy] call 33 step 35: 0.295s (orig 0.192s) rc=0 demoted=26.2MiB read=59.6MiB
  [lazy] call 34 step 36: 0.263s (orig 0.179s) rc=0 demoted=30.3MiB read=50.7MiB
  [lazy] call 35 step 37: 0.261s (orig 0.178s) rc=0 demoted=26.3MiB read=52.6MiB
  [lazy] call 36 step 38: 0.424s (orig 0.315s) rc=1 demoted=27.8MiB read=80.4MiB
  [lazy] call 37 step 39: 0.265s (orig 0.178s) rc=0 demoted=41.4MiB read=49.7MiB
  [lazy] call 38 step 40: 0.264s (orig 0.180s) rc=0 demoted=26.1MiB read=53.1MiB
  [lazy] call 39 step 41: 0.428s (orig 0.315s) rc=0 demoted=27.7MiB read=82.5MiB
  [lazy] call 40 step 42: 0.269s (orig 0.180s) rc=0 demoted=41.7MiB read=51.2MiB
  [lazy] call 41 step 43: 0.262s (orig 0.180s) rc=0 demoted=26.2MiB read=53.0MiB
  [lazy] call 42 step 44: 0.428s (orig 0.312s) rc=0 demoted=28.0MiB read=81.1MiB
  [lazy] call 43 step 45: 0.275s (orig 0.181s) rc=0 demoted=40.9MiB read=82.0MiB
  [lazy] call 44 step 46: 0.261s (orig 0.179s) rc=0 demoted=42.0MiB read=51.0MiB
  [lazy] call 45 step 47: 0.260s (orig 0.179s) rc=0 demoted=26.0MiB read=50.9MiB
[23/42] django__django-10097 lazy: total=14.063000343 orig=9.392465598000001 mismatches=44 err=None
[24/42] django__django-10554 regular
minisweagent.environment: DEBUG: Starting container with command: docker run -d --name   
minisweagent-02b70a62 -w /testbed --rm                                                   
docker.io/swebench/sweb.eval.x86_64.django_1776_django-10554:latest sleep 2h             
minisweagent.environment: INFO: Started container minisweagent-02b70a62 with ID          
77c245681e10207e23503edb4e023da3896c82c3cd4b0740528a5bdb6f5fe447                         
  [regular] call 1 step 1: 0.721s (orig 0.311s) rc=0 demoted=0.0MiB read=71.2MiB
  [regular] call 2 step 2: 0.181s (orig 0.177s) rc=0 demoted=0.0MiB read=0.2MiB
  [regular] call 3 step 3: 0.184s (orig 0.176s) rc=0 demoted=0.0MiB read=0.2MiB
  [regular] call 4 step 4: 0.183s (orig 0.181s) rc=0 demoted=0.0MiB read=0.1MiB
  [regular] call 5 step 5: 0.184s (orig 0.174s) rc=0 demoted=0.0MiB read=0.0MiB
  [regular] call 6 step 6: 0.181s (orig 0.179s) rc=0 demoted=0.0MiB read=0.0MiB
  [regular] call 7 step 7: 0.189s (orig 0.182s) rc=1 demoted=0.0MiB read=0.0MiB
  [regular] call 8 step 8: 0.186s (orig 0.183s) rc=0 demoted=0.0MiB read=0.2MiB
  [regular] call 9 step 9: 0.185s (orig 0.181s) rc=0 demoted=0.0MiB read=0.0MiB
  [regular] call 10 step 10: 0.185s (orig 0.181s) rc=0 demoted=0.0MiB read=0.0MiB
  [regular] call 11 step 11: 0.187s (orig 0.182s) rc=0 demoted=0.0MiB read=0.4MiB
  [regular] call 12 step 12: 0.186s (orig 0.184s) rc=1 demoted=0.0MiB read=0.6MiB
  [regular] call 13 step 13: 0.184s (orig 0.178s) rc=0 demoted=0.0MiB read=0.0MiB
  [regular] call 14 step 14: 0.186s (orig 0.182s) rc=0 demoted=0.0MiB read=0.0MiB
  [regular] call 15 step 15: 0.186s (orig 0.183s) rc=1 demoted=0.0MiB read=0.0MiB
  [regular] call 16 step 16: 0.186s (orig 0.180s) rc=0 demoted=0.0MiB read=0.0MiB
  [regular] call 17 step 17: 0.184s (orig 0.180s) rc=0 demoted=0.0MiB read=0.0MiB
  [regular] call 18 step 18: 0.183s (orig 0.182s) rc=1 demoted=0.0MiB read=0.0MiB
  [regular] call 19 step 19: 0.185s (orig 0.181s) rc=0 demoted=0.0MiB read=0.2MiB
  [regular] call 20 step 20: 0.205s (orig 0.191s) rc=2 demoted=0.0MiB read=11.3MiB
  [regular] call 21 step 21: 0.186s (orig 0.182s) rc=0 demoted=0.0MiB read=0.0MiB
  [regular] call 22 step 22: 0.771s (orig 0.666s) rc=0 demoted=0.0MiB read=55.4MiB
  [regular] call 23 step 23: 0.194s (orig 0.187s) rc=0 demoted=0.0MiB read=15.8MiB
  [regular] call 24 step 24: 0.182s (orig 0.181s) rc=0 demoted=0.0MiB read=0.0MiB
  [regular] call 25 step 25: 0.185s (orig 0.177s) rc=0 demoted=0.0MiB read=0.0MiB
[24/42] django__django-10554 regular: total=5.769791185000001 orig=5.140366922 mismatches=24 err=None
[24/42] django__django-10554 lazy
minisweagent.environment: DEBUG: Starting container with command: docker run -d --name   
minisweagent-f74f1751 -w /testbed --rm                                                   
docker.io/swebench/sweb.eval.x86_64.django_1776_django-10554:latest sleep 2h             
minisweagent.environment: INFO: Started container minisweagent-f74f1751 with ID          
27b7bc7841052f08b1e74dffa1b1a29d0eca8632ec1c7ccc685ec8890eec046e                         
  [lazy] call 1 step 1: 0.719s (orig 0.311s) rc=0 demoted=3.3MiB read=76.6MiB
  [lazy] call 2 step 2: 0.265s (orig 0.177s) rc=0 demoted=39.5MiB read=46.2MiB
  [lazy] call 3 step 3: 0.267s (orig 0.176s) rc=0 demoted=23.5MiB read=46.1MiB
  [lazy] call 4 step 4: 0.266s (orig 0.181s) rc=0 demoted=23.7MiB read=46.1MiB
  [lazy] call 5 step 5: 0.265s (orig 0.174s) rc=0 demoted=23.6MiB read=46.0MiB
  [lazy] call 6 step 6: 0.264s (orig 0.179s) rc=0 demoted=23.4MiB read=46.0MiB
  [lazy] call 7 step 7: 0.265s (orig 0.182s) rc=1 demoted=23.4MiB read=46.1MiB
  [lazy] call 8 step 8: 0.266s (orig 0.183s) rc=0 demoted=23.6MiB read=46.4MiB
  [lazy] call 9 step 9: 0.271s (orig 0.181s) rc=0 demoted=24.0MiB read=46.0MiB
  [lazy] call 10 step 10: 0.262s (orig 0.181s) rc=0 demoted=23.8MiB read=46.0MiB
  [lazy] call 11 step 11: 0.271s (orig 0.182s) rc=0 demoted=23.5MiB read=46.8MiB
  [lazy] call 12 step 12: 0.259s (orig 0.184s) rc=1 demoted=24.0MiB read=45.1MiB
  [lazy] call 13 step 13: 0.263s (orig 0.178s) rc=0 demoted=23.1MiB read=45.7MiB
  [lazy] call 14 step 14: 0.253s (orig 0.182s) rc=0 demoted=23.6MiB read=40.9MiB
  [lazy] call 15 step 15: 0.254s (orig 0.183s) rc=1 demoted=20.9MiB read=41.3MiB
  [lazy] call 16 step 16: 0.250s (orig 0.180s) rc=0 demoted=21.9MiB read=42.3MiB
  [lazy] call 17 step 17: 0.249s (orig 0.180s) rc=0 demoted=22.0MiB read=40.9MiB
  [lazy] call 18 step 18: 0.251s (orig 0.182s) rc=1 demoted=20.9MiB read=42.0MiB
  [lazy] call 19 step 19: 0.264s (orig 0.181s) rc=0 demoted=21.7MiB read=43.8MiB
  [lazy] call 20 step 20: 0.274s (orig 0.191s) rc=2 demoted=22.7MiB read=52.6MiB
  [lazy] call 21 step 21: 0.269s (orig 0.182s) rc=0 demoted=26.5MiB read=46.4MiB
  [lazy] call 22 step 22: 0.863s (orig 0.666s) rc=0 demoted=24.3MiB read=112.5MiB
  [lazy] call 23 step 23: 0.286s (orig 0.187s) rc=0 demoted=59.8MiB read=78.2MiB
  [lazy] call 24 step 24: 0.258s (orig 0.181s) rc=0 demoted=39.6MiB read=44.9MiB
  [lazy] call 25 step 25: 0.262s (orig 0.177s) rc=0 demoted=23.4MiB read=44.8MiB
[24/42] django__django-10554 lazy: total=7.636904058000001 orig=5.140366922 mismatches=24 err=None
[25/42] django__django-10880 regular
minisweagent.environment: DEBUG: Starting container with command: docker run -d --name   
minisweagent-20ce2633 -w /testbed --rm                                                   
docker.io/swebench/sweb.eval.x86_64.django_1776_django-10880:latest sleep 2h             
minisweagent.environment: INFO: Started container minisweagent-20ce2633 with ID          
4a53d3d3bed19aa449bf92065b35995bfe0b16a05e960c8689b3e2268e46d2eb                         
  [regular] call 1 step 1: 0.265s (orig 0.181s) rc=0 demoted=0.0MiB read=42.5MiB
  [regular] call 2 step 1: 0.636s (orig 0.323s) rc=0 demoted=0.0MiB read=28.8MiB
  [regular] call 3 step 2: 0.610s (orig 0.370s) rc=0 demoted=0.0MiB read=35.3MiB
  [regular] call 4 step 3: 0.187s (orig 0.181s) rc=0 demoted=0.0MiB read=0.1MiB
  [regular] call 5 step 4: 0.181s (orig 0.176s) rc=0 demoted=0.0MiB read=0.0MiB
  [regular] call 6 step 5: 0.185s (orig 0.178s) rc=1 demoted=0.0MiB read=0.0MiB
  [regular] call 7 step 6: 0.191s (orig 0.173s) rc=1 demoted=0.0MiB read=0.0MiB
  [regular] call 8 step 7: 0.182s (orig 0.180s) rc=1 demoted=0.0MiB read=0.0MiB
  [regular] call 9 step 8: 0.185s (orig 0.176s) rc=0 demoted=0.0MiB read=0.0MiB
  [regular] call 10 step 9: 0.188s (orig 0.179s) rc=0 demoted=0.0MiB read=0.1MiB
  [regular] call 11 step 10: 0.191s (orig 0.176s) rc=0 demoted=0.0MiB read=0.0MiB
  [regular] call 12 step 11: 0.187s (orig 0.178s) rc=0 demoted=0.0MiB read=0.0MiB
  [regular] call 13 step 12: 0.261s (orig 0.250s) rc=0 demoted=0.0MiB read=0.0MiB
  [regular] call 14 step 13: 0.186s (orig 0.180s) rc=0 demoted=0.0MiB read=0.0MiB
  [regular] call 15 step 14: 0.255s (orig 0.248s) rc=0 demoted=0.0MiB read=0.0MiB
  [regular] call 16 step 15: 0.185s (orig 0.176s) rc=1 demoted=0.0MiB read=0.0MiB
  [regular] call 17 step 16: 0.257s (orig 0.248s) rc=0 demoted=0.0MiB read=0.0MiB
  [regular] call 18 step 17: 0.184s (orig 0.176s) rc=0 demoted=0.0MiB read=0.0MiB
  [regular] call 19 step 18: 0.182s (orig 0.174s) rc=0 demoted=0.0MiB read=0.0MiB
  [regular] call 20 step 19: 0.188s (orig 0.179s) rc=0 demoted=0.0MiB read=0.0MiB
  [regular] call 21 step 20: 0.189s (orig 0.178s) rc=0 demoted=0.0MiB read=0.0MiB
  [regular] call 22 step 21: 0.182s (orig 0.177s) rc=0 demoted=0.0MiB read=0.0MiB
  [regular] call 23 step 22: 0.188s (orig 0.178s) rc=0 demoted=0.0MiB read=0.3MiB
  [regular] call 24 step 23: 0.190s (orig 0.180s) rc=0 demoted=0.0MiB read=0.0MiB
  [regular] call 25 step 24: 0.191s (orig 0.179s) rc=0 demoted=0.0MiB read=0.0MiB
  [regular] call 26 step 25: 0.185s (orig 0.182s) rc=0 demoted=0.0MiB read=0.1MiB
  [regular] call 27 step 26: 0.185s (orig 0.174s) rc=0 demoted=0.0MiB read=0.0MiB
  [regular] call 28 step 27: 0.183s (orig 0.178s) rc=0 demoted=0.0MiB read=0.3MiB
  [regular] call 29 step 28: 0.187s (orig 0.179s) rc=0 demoted=0.0MiB read=0.0MiB
  [regular] call 30 step 29: 1.242s (orig 1.068s) rc=0 demoted=0.0MiB read=72.7MiB
  [regular] call 31 step 30: 0.266s (orig 0.256s) rc=1 demoted=0.0MiB read=0.0MiB
  [regular] call 32 step 31: 0.265s (orig 0.249s) rc=1 demoted=0.0MiB read=0.0MiB
  [regular] call 33 step 32: 0.184s (orig 0.180s) rc=0 demoted=0.0MiB read=0.0MiB
  [regular] call 34 step 33: 0.334s (orig 0.323s) rc=1 demoted=0.0MiB read=0.3MiB
  [regular] call 35 step 34: 0.188s (orig 0.179s) rc=1 demoted=0.0MiB read=0.0MiB
  [regular] call 36 step 35: 0.188s (orig 0.180s) rc=0 demoted=0.0MiB read=0.0MiB
  [regular] call 37 step 36: 0.184s (orig 0.181s) rc=0 demoted=0.0MiB read=0.0MiB
  [regular] call 38 step 37: 0.669s (orig 0.634s) rc=1 demoted=0.0MiB read=5.4MiB
  [regular] call 39 step 38: 0.186s (orig 0.178s) rc=0 demoted=0.0MiB read=0.0MiB
  [regular] call 40 step 39: 0.460s (orig 0.447s) rc=1 demoted=0.0MiB read=0.0MiB
  [regular] call 41 step 40: 0.188s (orig 0.179s) rc=0 demoted=0.0MiB read=0.0MiB
  [regular] call 42 step 41: 0.427s (orig 0.408s) rc=1 demoted=0.0MiB read=0.0MiB
  [regular] call 43 step 42: 0.185s (orig 0.180s) rc=0 demoted=0.0MiB read=0.0MiB
  [regular] call 44 step 43: 0.483s (orig 0.467s) rc=1 demoted=0.0MiB read=0.0MiB
  [regular] call 45 step 44: 0.184s (orig 0.179s) rc=0 demoted=0.0MiB read=0.0MiB
  [regular] call 46 step 45: 0.447s (orig 0.431s) rc=1 demoted=0.0MiB read=0.0MiB
  [regular] call 47 step 46: 0.191s (orig 0.179s) rc=0 demoted=0.0MiB read=0.0MiB
  [regular] call 48 step 47: 0.450s (orig 0.435s) rc=1 demoted=0.0MiB read=0.0MiB
  [regular] call 49 step 48: 0.186s (orig 0.187s) rc=0 demoted=0.0MiB read=0.0MiB
  [regular] call 50 step 49: 0.453s (orig 0.441s) rc=0 demoted=0.0MiB read=0.0MiB
  [regular] call 51 step 50: 0.187s (orig 0.178s) rc=0 demoted=0.0MiB read=0.0MiB
  [regular] call 52 step 51: 0.195s (orig 0.180s) rc=0 demoted=0.0MiB read=18.6MiB
  [regular] call 53 step 52: 0.181s (orig 0.176s) rc=0 demoted=0.0MiB read=0.0MiB
  [regular] call 54 step 53: 0.181s (orig 0.174s) rc=0 demoted=0.0MiB read=0.0MiB
[25/42] django__django-10880 regular: total=14.670129946000001 orig=13.376840585999998 mismatches=53 err=None
[25/42] django__django-10880 lazy
minisweagent.environment: DEBUG: Starting container with command: docker run -d --name   
minisweagent-702d0d96 -w /testbed --rm                                                   
docker.io/swebench/sweb.eval.x86_64.django_1776_django-10880:latest sleep 2h             
minisweagent.environment: INFO: Started container minisweagent-702d0d96 with ID          
2327fa2f00583b9baabba86962212a9439c118ff031e7f8bc1b89eb5f5cebf8b                         
  [lazy] call 1 step 1: 0.274s (orig 0.181s) rc=0 demoted=3.5MiB read=48.4MiB
  [lazy] call 2 step 1: 0.701s (orig 0.323s) rc=0 demoted=24.6MiB read=76.7MiB
  [lazy] call 3 step 2: 1.004s (orig 0.370s) rc=0 demoted=39.5MiB read=111.7MiB
  [lazy] call 4 step 3: 0.262s (orig 0.181s) rc=0 demoted=62.7MiB read=46.7MiB
  [lazy] call 5 step 4: 0.262s (orig 0.176s) rc=0 demoted=23.6MiB read=47.4MiB
  [lazy] call 6 step 5: 0.263s (orig 0.178s) rc=1 demoted=24.3MiB read=47.4MiB
  [lazy] call 7 step 6: 0.271s (orig 0.173s) rc=1 demoted=25.1MiB read=47.3MiB
  [lazy] call 8 step 7: 0.265s (orig 0.180s) rc=1 demoted=24.1MiB read=47.2MiB
  [lazy] call 9 step 8: 0.260s (orig 0.176s) rc=0 demoted=25.3MiB read=46.1MiB
  [lazy] call 10 step 9: 0.261s (orig 0.179s) rc=0 demoted=23.5MiB read=46.7MiB
  [lazy] call 11 step 10: 0.263s (orig 0.176s) rc=0 demoted=25.2MiB read=46.8MiB
  [lazy] call 12 step 11: 0.258s (orig 0.178s) rc=0 demoted=25.4MiB read=46.8MiB
  [lazy] call 13 step 12: 0.560s (orig 0.250s) rc=0 demoted=25.2MiB read=78.0MiB
  [lazy] call 14 step 13: 0.259s (orig 0.180s) rc=0 demoted=46.7MiB read=45.4MiB
  [lazy] call 15 step 14: 0.564s (orig 0.248s) rc=0 demoted=25.0MiB read=77.6MiB
  [lazy] call 16 step 15: 0.261s (orig 0.176s) rc=1 demoted=47.7MiB read=46.7MiB
  [lazy] call 17 step 16: 0.565s (orig 0.248s) rc=0 demoted=24.9MiB read=77.7MiB
  [lazy] call 18 step 17: 0.261s (orig 0.176s) rc=0 demoted=47.4MiB read=46.3MiB
  [lazy] call 19 step 18: 0.258s (orig 0.174s) rc=0 demoted=24.9MiB read=46.3MiB
  [lazy] call 20 step 19: 0.261s (orig 0.179s) rc=0 demoted=23.6MiB read=46.6MiB
  [lazy] call 21 step 20: 0.266s (orig 0.178s) rc=0 demoted=24.2MiB read=46.6MiB
  [lazy] call 22 step 21: 0.257s (orig 0.177s) rc=0 demoted=24.0MiB read=46.7MiB
  [lazy] call 23 step 22: 0.264s (orig 0.178s) rc=0 demoted=24.5MiB read=47.1MiB
  [lazy] call 24 step 23: 0.258s (orig 0.180s) rc=0 demoted=24.4MiB read=45.2MiB
  [lazy] call 25 step 24: 0.254s (orig 0.179s) rc=0 demoted=23.1MiB read=45.2MiB
  [lazy] call 26 step 25: 0.262s (orig 0.182s) rc=0 demoted=23.3MiB read=47.0MiB
  [lazy] call 27 step 26: 0.260s (orig 0.174s) rc=0 demoted=24.6MiB read=45.4MiB
  [lazy] call 28 step 27: 0.260s (orig 0.178s) rc=0 demoted=24.5MiB read=46.8MiB
  [lazy] call 29 step 28: 0.265s (orig 0.179s) rc=0 demoted=24.1MiB read=47.1MiB
  [lazy] call 30 step 29: 1.323s (orig 1.068s) rc=0 demoted=24.7MiB read=121.1MiB
  [lazy] call 31 step 30: 0.382s (orig 0.256s) rc=1 demoted=65.9MiB read=82.9MiB
  [lazy] call 32 step 31: 0.381s (orig 0.249s) rc=1 demoted=44.4MiB read=81.5MiB
  [lazy] call 33 step 32: 0.262s (orig 0.180s) rc=0 demoted=41.4MiB read=47.2MiB
  [lazy] call 34 step 33: 0.479s (orig 0.323s) rc=1 demoted=24.3MiB read=101.1MiB
  [lazy] call 35 step 34: 0.261s (orig 0.179s) rc=1 demoted=51.4MiB read=47.5MiB
  [lazy] call 36 step 35: 0.264s (orig 0.180s) rc=0 demoted=24.6MiB read=47.8MiB
  [lazy] call 37 step 36: 0.261s (orig 0.181s) rc=0 demoted=24.4MiB read=47.2MiB
  [lazy] call 38 step 37: 0.841s (orig 0.634s) rc=1 demoted=24.4MiB read=115.8MiB
  [lazy] call 39 step 38: 0.258s (orig 0.178s) rc=0 demoted=60.4MiB read=45.2MiB
  [lazy] call 40 step 39: 0.650s (orig 0.447s) rc=1 demoted=23.3MiB read=115.5MiB
  [lazy] call 41 step 40: 0.262s (orig 0.179s) rc=0 demoted=58.4MiB read=45.8MiB
  [lazy] call 42 step 41: 0.604s (orig 0.408s) rc=1 demoted=23.5MiB read=110.2MiB
  [lazy] call 43 step 42: 0.265s (orig 0.180s) rc=0 demoted=55.8MiB read=45.7MiB
  [lazy] call 44 step 43: 0.670s (orig 0.467s) rc=1 demoted=23.8MiB read=115.8MiB
  [lazy] call 45 step 44: 0.263s (orig 0.179s) rc=0 demoted=58.8MiB read=45.7MiB
  [lazy] call 46 step 45: 0.625s (orig 0.431s) rc=1 demoted=23.7MiB read=114.7MiB
  [lazy] call 47 step 46: 0.261s (orig 0.179s) rc=0 demoted=58.1MiB read=45.7MiB
  [lazy] call 48 step 47: 0.636s (orig 0.435s) rc=1 demoted=23.5MiB read=114.8MiB
  [lazy] call 49 step 48: 0.264s (orig 0.187s) rc=0 demoted=58.4MiB read=46.4MiB
  [lazy] call 50 step 49: 0.642s (orig 0.441s) rc=0 demoted=23.9MiB read=114.9MiB
  [lazy] call 51 step 50: 0.259s (orig 0.178s) rc=0 demoted=58.3MiB read=47.3MiB
  [lazy] call 52 step 51: 0.281s (orig 0.180s) rc=0 demoted=24.3MiB read=81.1MiB
  [lazy] call 53 step 52: 0.257s (orig 0.176s) rc=0 demoted=41.5MiB read=45.9MiB
  [lazy] call 54 step 53: 0.261s (orig 0.174s) rc=0 demoted=23.4MiB read=45.8MiB
[25/42] django__django-10880 lazy: total=20.594139574 orig=13.376840585999998 mismatches=53 err=None
[26/42] django__django-10914 regular
minisweagent.environment: DEBUG: Starting container with command: docker run -d --name   
minisweagent-d345007d -w /testbed --rm                                                   
docker.io/swebench/sweb.eval.x86_64.django_1776_django-10914:latest sleep 2h             
minisweagent.environment: INFO: Started container minisweagent-d345007d with ID          
4ca7c99b7eaf9e79d22f1aeea0f150b37ba54caba9aaafb6fe96f482efcc733b                         
  [regular] call 1 step 1: 0.269s (orig 0.183s) rc=0 demoted=0.0MiB read=42.5MiB
  [regular] call 2 step 1: 0.684s (orig 0.316s) rc=0 demoted=0.0MiB read=32.3MiB
  [regular] call 3 step 1: 1.511s (orig 0.520s) rc=0 demoted=0.0MiB read=280.4MiB
  [regular] call 4 step 2: 0.192s (orig 0.178s) rc=0 demoted=0.0MiB read=0.1MiB
  [regular] call 5 step 2: 0.181s (orig 0.183s) rc=0 demoted=0.0MiB read=0.0MiB
  [regular] call 6 step 3: 0.179s (orig 0.173s) rc=0 demoted=0.0MiB read=0.0MiB
  [regular] call 7 step 4: 0.178s (orig 0.176s) rc=0 demoted=0.0MiB read=0.0MiB
  [regular] call 8 step 5: 0.184s (orig 0.180s) rc=0 demoted=0.0MiB read=0.3MiB
  [regular] call 9 step 6: 0.186s (orig 0.181s) rc=0 demoted=0.0MiB read=7.3MiB
  [regular] call 10 step 7: 0.184s (orig 0.186s) rc=0 demoted=0.0MiB read=0.0MiB
  [regular] call 11 step 8: 0.184s (orig 0.178s) rc=0 demoted=0.0MiB read=0.0MiB
[26/42] django__django-10914 regular: total=3.9315410259999997 orig=2.455469074 mismatches=0 err=None
[26/42] django__django-10914 lazy
minisweagent.environment: DEBUG: Starting container with command: docker run -d --name   
minisweagent-cb2f2e60 -w /testbed --rm                                                   
docker.io/swebench/sweb.eval.x86_64.django_1776_django-10914:latest sleep 2h             
minisweagent.environment: INFO: Started container minisweagent-cb2f2e60 with ID          
8b9049d5b23d300051bb5dc235c9b1e17e3624636b723509e1e7a9fb6107476f                         
  [lazy] call 1 step 1: 0.272s (orig 0.183s) rc=0 demoted=3.4MiB read=47.6MiB
  [lazy] call 2 step 1: 0.748s (orig 0.316s) rc=0 demoted=24.2MiB read=78.9MiB
  [lazy] call 3 step 1: 1.986s (orig 0.520s) rc=0 demoted=41.1MiB read=357.9MiB
  [lazy] call 4 step 2: 0.260s (orig 0.178s) rc=0 demoted=201.2MiB read=46.7MiB
  [lazy] call 5 step 2: 0.266s (orig 0.183s) rc=0 demoted=24.0MiB read=46.5MiB
  [lazy] call 6 step 3: 0.268s (orig 0.173s) rc=0 demoted=24.0MiB read=46.3MiB
  [lazy] call 7 step 4: 0.259s (orig 0.176s) rc=0 demoted=23.9MiB read=46.3MiB
  [lazy] call 8 step 5: 0.261s (orig 0.180s) rc=0 demoted=23.8MiB read=47.0MiB
  [lazy] call 9 step 6: 0.276s (orig 0.181s) rc=0 demoted=24.1MiB read=80.7MiB
  [lazy] call 10 step 7: 0.276s (orig 0.186s) rc=0 demoted=41.1MiB read=80.5MiB
  [lazy] call 11 step 8: 0.259s (orig 0.178s) rc=0 demoted=41.0MiB read=45.1MiB
[26/42] django__django-10914 lazy: total=5.130957981 orig=2.455469074 mismatches=0 err=None
[27/42] django__django-10973 regular
minisweagent.environment: DEBUG: Starting container with command: docker run -d --name   
minisweagent-abf228df -w /testbed --rm                                                   
docker.io/swebench/sweb.eval.x86_64.django_1776_django-10973:latest sleep 2h             
minisweagent.environment: INFO: Started container minisweagent-abf228df with ID          
f525da99f13d2c42f86fc29607f3e8c8530c6935c6442ec5bb6c853dca2d6b0d                         
  [regular] call 1 step 1: 0.712s (orig 0.307s) rc=0 demoted=0.0MiB read=72.1MiB
  [regular] call 2 step 1: 0.292s (orig 0.286s) rc=0 demoted=0.0MiB read=0.0MiB
  [regular] call 3 step 2: 0.181s (orig 0.178s) rc=0 demoted=0.0MiB read=0.1MiB
  [regular] call 4 step 3: 0.185s (orig 0.178s) rc=0 demoted=0.0MiB read=0.0MiB
  [regular] call 5 step 4: 0.198s (orig 0.183s) rc=0 demoted=0.0MiB read=34.4MiB
  [regular] call 6 step 5: 0.181s (orig 0.178s) rc=0 demoted=0.0MiB read=0.0MiB
  [regular] call 7 step 7: 0.181s (orig 0.179s) rc=0 demoted=0.0MiB read=0.0MiB
[27/42] django__django-10973 regular: total=1.931774126 orig=1.487744767 mismatches=6 err=None
[27/42] django__django-10973 lazy
minisweagent.environment: DEBUG: Starting container with command: docker run -d --name   
minisweagent-4622b339 -w /testbed --rm                                                   
docker.io/swebench/sweb.eval.x86_64.django_1776_django-10973:latest sleep 2h             
minisweagent.environment: INFO: Started container minisweagent-4622b339 with ID          
d58a9cba942cc773368fb75b334afcbcd49595e040c5af7ca89d4c912f2df79e                         
  [lazy] call 1 step 1: 0.722s (orig 0.307s) rc=0 demoted=3.2MiB read=76.6MiB
  [lazy] call 2 step 1: 0.711s (orig 0.286s) rc=0 demoted=39.2MiB read=75.1MiB
  [lazy] call 3 step 2: 0.263s (orig 0.178s) rc=0 demoted=38.7MiB read=46.8MiB
  [lazy] call 4 step 3: 0.264s (orig 0.178s) rc=0 demoted=23.7MiB read=46.1MiB
  [lazy] call 5 step 4: 0.279s (orig 0.183s) rc=0 demoted=23.7MiB read=81.6MiB
  [lazy] call 6 step 5: 0.260s (orig 0.178s) rc=0 demoted=41.6MiB read=45.8MiB
  [lazy] call 7 step 7: 0.258s (orig 0.179s) rc=0 demoted=23.4MiB read=45.8MiB
[27/42] django__django-10973 lazy: total=2.7572635399999994 orig=1.487744767 mismatches=6 err=None
[28/42] django__django-10999 regular
minisweagent.environment: DEBUG: Starting container with command: docker run -d --name   
minisweagent-3dbbcf2a -w /testbed --rm                                                   
docker.io/swebench/sweb.eval.x86_64.django_1776_django-10999:latest sleep 2h             
minisweagent.environment: INFO: Started container minisweagent-3dbbcf2a with ID          
4fdd81bc60d8ef3b2be2cbad6356273d3cc6842940eb714b6de2f6eb29accef6                         
  [regular] call 1 step 1: 12.210s (orig 10.025s) rc=0 demoted=0.0MiB read=229.6MiB
  [regular] call 2 step 2: 0.187s (orig 0.177s) rc=0 demoted=0.0MiB read=0.1MiB
  [regular] call 3 step 3: 0.184s (orig 0.178s) rc=0 demoted=0.0MiB read=0.0MiB
  [regular] call 4 step 4: 0.206s (orig 0.190s) rc=1 demoted=0.0MiB read=11.3MiB
  [regular] call 5 step 5: 0.183s (orig 0.180s) rc=0 demoted=0.0MiB read=0.0MiB
  [regular] call 6 step 6: 0.264s (orig 0.242s) rc=0 demoted=0.0MiB read=11.5MiB
  [regular] call 7 step 7: 0.184s (orig 0.181s) rc=0 demoted=0.0MiB read=0.3MiB
  [regular] call 8 step 8: 0.236s (orig 0.235s) rc=0 demoted=0.0MiB read=0.0MiB
  [regular] call 9 step 9: 0.181s (orig 0.182s) rc=0 demoted=0.0MiB read=0.0MiB
  [regular] call 10 step 10: 0.244s (orig 0.231s) rc=0 demoted=0.0MiB read=0.0MiB
  [regular] call 11 step 11: 0.182s (orig 0.176s) rc=0 demoted=0.0MiB read=0.0MiB
  [regular] call 12 step 12: 0.240s (orig 0.231s) rc=0 demoted=0.0MiB read=0.0MiB
  [regular] call 13 step 13: 0.182s (orig 0.181s) rc=0 demoted=0.0MiB read=0.0MiB
  [regular] call 14 step 14: 0.187s (orig 0.178s) rc=0 demoted=0.0MiB read=0.0MiB
  [regular] call 15 step 15: 0.184s (orig 0.180s) rc=0 demoted=0.0MiB read=0.0MiB
  [regular] call 16 step 16: 0.243s (orig 0.229s) rc=0 demoted=0.0MiB read=0.0MiB
  [regular] call 17 step 17: 0.183s (orig 0.177s) rc=0 demoted=0.0MiB read=0.0MiB
  [regular] call 18 step 18: 0.198s (orig 0.193s) rc=0 demoted=0.0MiB read=0.0MiB
  [regular] call 19 step 19: 0.183s (orig 0.179s) rc=0 demoted=0.0MiB read=0.0MiB
  [regular] call 20 step 20: 0.239s (orig 0.230s) rc=0 demoted=0.0MiB read=0.0MiB
  [regular] call 21 step 21: 0.191s (orig 0.186s) rc=0 demoted=0.0MiB read=8.0MiB
  [regular] call 22 step 22: 0.183s (orig 0.180s) rc=0 demoted=0.0MiB read=0.0MiB
  [regular] call 23 step 23: 0.180s (orig 0.179s) rc=0 demoted=0.0MiB read=0.0MiB
[28/42] django__django-10999 regular: total=16.654632837999998 orig=14.321257966000001 mismatches=22 err=None
[28/42] django__django-10999 lazy
minisweagent.environment: DEBUG: Starting container with command: docker run -d --name   
minisweagent-f61c8cfc -w /testbed --rm                                                   
docker.io/swebench/sweb.eval.x86_64.django_1776_django-10999:latest sleep 2h             
minisweagent.environment: INFO: Started container minisweagent-f61c8cfc with ID          
b5994698deb2a5f4846f290e4ec49f18d15684b2d8d708fccaa1798813134d16                         
  [lazy] call 1 step 1: 12.127s (orig 10.025s) rc=0 demoted=3.6MiB read=234.3MiB
  [lazy] call 2 step 2: 0.257s (orig 0.177s) rc=0 demoted=138.8MiB read=45.9MiB
  [lazy] call 3 step 3: 0.258s (orig 0.178s) rc=0 demoted=23.3MiB read=44.9MiB
  [lazy] call 4 step 4: 0.277s (orig 0.190s) rc=1 demoted=22.8MiB read=55.3MiB
  [lazy] call 5 step 5: 0.254s (orig 0.180s) rc=0 demoted=28.0MiB read=44.8MiB
  [lazy] call 6 step 6: 0.345s (orig 0.242s) rc=0 demoted=23.1MiB read=79.8MiB
  [lazy] call 7 step 7: 0.258s (orig 0.181s) rc=0 demoted=40.6MiB read=46.7MiB
  [lazy] call 8 step 8: 0.342s (orig 0.235s) rc=0 demoted=23.9MiB read=79.5MiB
  [lazy] call 9 step 9: 0.260s (orig 0.182s) rc=0 demoted=40.3MiB read=44.7MiB
  [lazy] call 10 step 10: 0.341s (orig 0.231s) rc=0 demoted=23.2MiB read=79.5MiB
  [lazy] call 11 step 11: 0.260s (orig 0.176s) rc=0 demoted=40.3MiB read=46.4MiB
  [lazy] call 12 step 12: 0.345s (orig 0.231s) rc=0 demoted=23.8MiB read=79.6MiB
  [lazy] call 13 step 13: 0.249s (orig 0.181s) rc=0 demoted=41.2MiB read=43.6MiB
  [lazy] call 14 step 14: 0.259s (orig 0.178s) rc=0 demoted=22.4MiB read=46.5MiB
  [lazy] call 15 step 15: 0.256s (orig 0.180s) rc=0 demoted=23.6MiB read=45.7MiB
  [lazy] call 16 step 16: 0.341s (orig 0.229s) rc=0 demoted=23.6MiB read=79.5MiB
  [lazy] call 17 step 17: 0.253s (orig 0.177s) rc=0 demoted=40.4MiB read=44.5MiB
  [lazy] call 18 step 18: 0.279s (orig 0.193s) rc=0 demoted=23.0MiB read=56.5MiB
  [lazy] call 19 step 19: 0.259s (orig 0.179s) rc=0 demoted=28.5MiB read=44.8MiB
  [lazy] call 20 step 20: 0.341s (orig 0.230s) rc=0 demoted=23.1MiB read=79.7MiB
  [lazy] call 21 step 21: 0.273s (orig 0.186s) rc=0 demoted=40.5MiB read=76.2MiB
  [lazy] call 22 step 22: 0.254s (orig 0.180s) rc=0 demoted=39.2MiB read=44.5MiB
  [lazy] call 23 step 23: 0.257s (orig 0.179s) rc=0 demoted=23.8MiB read=45.7MiB
[28/42] django__django-10999 lazy: total=18.348669042000004 orig=14.321257966000001 mismatches=22 err=None
[29/42] django__django-11066 regular
minisweagent.environment: DEBUG: Starting container with command: docker run -d --name   
minisweagent-85bcf63b -w /testbed --rm                                                   
docker.io/swebench/sweb.eval.x86_64.django_1776_django-11066:latest sleep 2h             
minisweagent.environment: INFO: Started container minisweagent-85bcf63b with ID          
da7069aa11e3891ed741474e492ddf4ac155adcb3dda7a9ba4a43e2fc361171d                         
  [regular] call 1 step 1: 0.711s (orig 0.308s) rc=0 demoted=0.0MiB read=71.7MiB
  [regular] call 2 step 2: 0.188s (orig 0.179s) rc=0 demoted=0.0MiB read=0.1MiB
  [regular] call 3 step 3: 0.185s (orig 0.174s) rc=2 demoted=0.0MiB read=0.0MiB
  [regular] call 4 step 4: 0.185s (orig 0.181s) rc=0 demoted=0.0MiB read=0.3MiB
  [regular] call 5 step 5: 0.185s (orig 0.178s) rc=0 demoted=0.0MiB read=0.0MiB
  [regular] call 6 step 6: 0.203s (orig 0.181s) rc=0 demoted=0.0MiB read=31.2MiB
  [regular] call 7 step 7: 0.184s (orig 0.185s) rc=0 demoted=0.0MiB read=0.0MiB
  [regular] call 8 step 9: 0.182s (orig 0.179s) rc=0 demoted=0.0MiB read=0.0MiB
[29/42] django__django-11066 regular: total=2.022715237 orig=1.565718889 mismatches=7 err=None
[29/42] django__django-11066 lazy
minisweagent.environment: DEBUG: Starting container with command: docker run -d --name   
minisweagent-2a416462 -w /testbed --rm                                                   
docker.io/swebench/sweb.eval.x86_64.django_1776_django-11066:latest sleep 2h             
minisweagent.environment: INFO: Started container minisweagent-2a416462 with ID          
cedc973678cc0ff18e44fff45a81890534070adfa0bfa60a50a43ca1c0316127                         
  [lazy] call 1 step 1: 0.723s (orig 0.308s) rc=0 demoted=3.4MiB read=76.7MiB
  [lazy] call 2 step 2: 0.261s (orig 0.179s) rc=0 demoted=39.5MiB read=46.4MiB
  [lazy] call 3 step 3: 0.256s (orig 0.174s) rc=2 demoted=23.6MiB read=45.5MiB
  [lazy] call 4 step 4: 0.269s (orig 0.181s) rc=0 demoted=23.1MiB read=47.5MiB
  [lazy] call 5 step 5: 0.259s (orig 0.178s) rc=0 demoted=24.3MiB read=47.0MiB
  [lazy] call 6 step 6: 0.273s (orig 0.181s) rc=0 demoted=23.9MiB read=78.1MiB
  [lazy] call 7 step 7: 0.262s (orig 0.185s) rc=0 demoted=39.8MiB read=45.5MiB
  [lazy] call 8 step 9: 0.265s (orig 0.179s) rc=0 demoted=23.2MiB read=45.4MiB
[29/42] django__django-11066 lazy: total=2.569194879 orig=1.565718889 mismatches=7 err=None
[30/42] django__django-11087 regular
minisweagent.environment: DEBUG: Starting container with command: docker run -d --name   
minisweagent-e11d474f -w /testbed --rm                                                   
docker.io/swebench/sweb.eval.x86_64.django_1776_django-11087:latest sleep 2h             
minisweagent.environment: INFO: Started container minisweagent-e11d474f with ID          
bf3c6317dbff6fb426b7d8f5a80eda1a01edcd46bd8d4116e59dac592c89c136                         
  [regular] call 1 step 1: 0.729s (orig 0.310s) rc=0 demoted=0.0MiB read=71.2MiB
  [regular] call 2 step 2: 0.329s (orig 0.293s) rc=0 demoted=0.0MiB read=2.1MiB
  [regular] call 3 step 3: 11.418s (orig 10.145s) rc=0 demoted=0.0MiB read=257.7MiB
  [regular] call 4 step 4: 0.186s (orig 0.179s) rc=0 demoted=0.0MiB read=0.3MiB
  [regular] call 5 step 5: 0.184s (orig 0.174s) rc=0 demoted=0.0MiB read=0.1MiB
  [regular] call 6 step 6: 0.186s (orig 0.173s) rc=0 demoted=0.0MiB read=0.0MiB
  [regular] call 7 step 7: 0.187s (orig 0.178s) rc=0 demoted=0.0MiB read=0.0MiB
  [regular] call 8 step 8: 0.184s (orig 0.175s) rc=0 demoted=0.0MiB read=0.0MiB
  [regular] call 9 step 9: 0.181s (orig 0.179s) rc=0 demoted=0.0MiB read=0.0MiB
  [regular] call 10 step 10: 0.182s (orig 0.177s) rc=1 demoted=0.0MiB read=0.0MiB
  [regular] call 11 step 11: 0.184s (orig 0.178s) rc=0 demoted=0.0MiB read=0.0MiB
  [regular] call 12 step 12: 0.184s (orig 0.178s) rc=0 demoted=0.0MiB read=0.0MiB
  [regular] call 13 step 13: 0.185s (orig 0.177s) rc=0 demoted=0.0MiB read=0.0MiB
  [regular] call 14 step 14: 0.187s (orig 0.179s) rc=0 demoted=0.0MiB read=0.0MiB
  [regular] call 15 step 15: 0.187s (orig 0.178s) rc=0 demoted=0.0MiB read=0.0MiB
  [regular] call 16 step 16: 0.185s (orig 0.179s) rc=0 demoted=0.0MiB read=0.0MiB
  [regular] call 17 step 17: 0.188s (orig 0.181s) rc=0 demoted=0.0MiB read=0.3MiB
  [regular] call 18 step 18: 0.186s (orig 0.175s) rc=0 demoted=0.0MiB read=0.0MiB
  [regular] call 19 step 19: 0.196s (orig 0.184s) rc=0 demoted=0.0MiB read=7.5MiB
  [regular] call 20 step 20: 0.185s (orig 0.185s) rc=0 demoted=0.0MiB read=0.0MiB
  [regular] call 21 step 21: 0.183s (orig 0.174s) rc=0 demoted=0.0MiB read=0.0MiB
[30/42] django__django-11087 regular: total=15.814594279000001 orig=13.951015368 mismatches=20 err=None
[30/42] django__django-11087 lazy
minisweagent.environment: DEBUG: Starting container with command: docker run -d --name   
minisweagent-a4a24045 -w /testbed --rm                                                   
docker.io/swebench/sweb.eval.x86_64.django_1776_django-11087:latest sleep 2h             
minisweagent.environment: INFO: Started container minisweagent-a4a24045 with ID          
4e937f3c312d254a90e3411f3c2864703e0e610cee678cbfac831239ed01bb68                         
  [lazy] call 1 step 1: 0.708s (orig 0.310s) rc=0 demoted=3.5MiB read=77.1MiB
  [lazy] call 2 step 2: 0.727s (orig 0.293s) rc=0 demoted=39.4MiB read=78.8MiB
  [lazy] call 3 step 3: 12.231s (orig 10.145s) rc=0 demoted=40.4MiB read=335.9MiB
  [lazy] call 4 step 4: 0.263s (orig 0.179s) rc=0 demoted=191.6MiB read=48.6MiB
  [lazy] call 5 step 5: 0.261s (orig 0.174s) rc=0 demoted=24.7MiB read=46.4MiB
  [lazy] call 6 step 6: 0.263s (orig 0.173s) rc=0 demoted=24.9MiB read=46.8MiB
  [lazy] call 7 step 7: 0.259s (orig 0.178s) rc=0 demoted=23.6MiB read=47.2MiB
  [lazy] call 8 step 8: 0.261s (orig 0.175s) rc=0 demoted=24.1MiB read=46.9MiB
  [lazy] call 9 step 9: 0.263s (orig 0.179s) rc=0 demoted=24.2MiB read=47.1MiB
  [lazy] call 10 step 10: 0.258s (orig 0.177s) rc=1 demoted=24.1MiB read=47.1MiB
  [lazy] call 11 step 11: 0.268s (orig 0.178s) rc=0 demoted=24.1MiB read=49.5MiB
  [lazy] call 12 step 12: 0.260s (orig 0.178s) rc=0 demoted=25.9MiB read=47.0MiB
  [lazy] call 13 step 13: 0.261s (orig 0.177s) rc=0 demoted=24.0MiB read=47.0MiB
  [lazy] call 14 step 14: 0.264s (orig 0.179s) rc=0 demoted=24.0MiB read=47.0MiB
  [lazy] call 15 step 15: 0.266s (orig 0.178s) rc=0 demoted=24.2MiB read=47.0MiB
  [lazy] call 16 step 16: 0.266s (orig 0.179s) rc=0 demoted=23.9MiB read=47.0MiB
  [lazy] call 17 step 17: 0.266s (orig 0.181s) rc=0 demoted=23.9MiB read=47.2MiB
  [lazy] call 18 step 18: 0.253s (orig 0.175s) rc=0 demoted=24.9MiB read=43.8MiB
  [lazy] call 19 step 19: 0.265s (orig 0.184s) rc=0 demoted=22.5MiB read=74.0MiB
  [lazy] call 20 step 20: 0.254s (orig 0.185s) rc=0 demoted=38.0MiB read=41.7MiB
  [lazy] call 21 step 21: 0.256s (orig 0.174s) rc=0 demoted=21.4MiB read=45.4MiB
[30/42] django__django-11087 lazy: total=18.372679282 orig=13.951015368 mismatches=20 err=None
[31/42] django__django-11095 regular
minisweagent.environment: DEBUG: Starting container with command: docker run -d --name   
minisweagent-c1cc6f23 -w /testbed --rm                                                   
docker.io/swebench/sweb.eval.x86_64.django_1776_django-11095:latest sleep 2h             
minisweagent.environment: INFO: Started container minisweagent-c1cc6f23 with ID          
1a94e6f34e55de8818f1be66ea11a3a435736e0f58489311cd4502e757c517a5                         
  [regular] call 1 step 1: 0.269s (orig 0.180s) rc=0 demoted=0.0MiB read=42.7MiB
  [regular] call 2 step 2: 0.535s (orig 0.272s) rc=0 demoted=0.0MiB read=22.0MiB
  [regular] call 3 step 3: 0.189s (orig 0.180s) rc=0 demoted=0.0MiB read=0.2MiB
  [regular] call 4 step 4: 0.184s (orig 0.173s) rc=0 demoted=0.0MiB read=0.0MiB
  [regular] call 5 step 5: 0.187s (orig 0.180s) rc=0 demoted=0.0MiB read=0.0MiB
  [regular] call 6 step 6: 0.185s (orig 0.178s) rc=0 demoted=0.0MiB read=0.0MiB
  [regular] call 7 step 7: 0.183s (orig 0.179s) rc=0 demoted=0.0MiB read=0.1MiB
  [regular] call 8 step 8: 0.187s (orig 0.179s) rc=0 demoted=0.0MiB read=0.0MiB
  [regular] call 9 step 9: 0.185s (orig 0.182s) rc=0 demoted=0.0MiB read=0.0MiB
  [regular] call 10 step 11: 0.185s (orig 0.182s) rc=0 demoted=0.0MiB read=0.3MiB
  [regular] call 11 step 13: 0.359s (orig 0.220s) rc=0 demoted=0.0MiB read=15.6MiB
  [regular] call 12 step 14: 0.228s (orig 0.221s) rc=0 demoted=0.0MiB read=0.0MiB
  [regular] call 13 step 15: 0.184s (orig 0.184s) rc=0 demoted=0.0MiB read=0.2MiB
  [regular] call 14 step 16: 0.192s (orig 0.179s) rc=0 demoted=0.0MiB read=0.0MiB
  [regular] call 15 step 17: 0.184s (orig 0.174s) rc=0 demoted=0.0MiB read=0.0MiB
  [regular] call 16 step 18: 0.182s (orig 0.186s) rc=0 demoted=0.0MiB read=0.0MiB
  [regular] call 17 step 21: 0.186s (orig 0.182s) rc=0 demoted=0.0MiB read=0.1MiB
  [regular] call 18 step 22: 0.206s (orig 0.199s) rc=1 demoted=0.0MiB read=11.4MiB
  [regular] call 19 step 23: 0.180s (orig 0.180s) rc=0 demoted=0.0MiB read=0.0MiB
  [regular] call 20 step 24: 0.205s (orig 0.198s) rc=0 demoted=0.0MiB read=0.6MiB
  [regular] call 21 step 25: 0.182s (orig 0.183s) rc=0 demoted=0.0MiB read=0.0MiB
  [regular] call 22 step 26: 0.184s (orig 0.178s) rc=0 demoted=0.0MiB read=0.0MiB
  [regular] call 23 step 27: 0.203s (orig 0.206s) rc=0 demoted=0.0MiB read=0.0MiB
  [regular] call 24 step 28: 0.187s (orig 0.180s) rc=0 demoted=0.0MiB read=0.0MiB
  [regular] call 25 step 29: 0.181s (orig 0.177s) rc=0 demoted=0.0MiB read=0.0MiB
  [regular] call 26 step 30: 0.209s (orig 0.200s) rc=0 demoted=0.0MiB read=0.0MiB
  [regular] call 27 step 31: 0.182s (orig 0.182s) rc=0 demoted=0.0MiB read=0.0MiB
  [regular] call 28 step 32: 0.188s (orig 0.180s) rc=0 demoted=0.0MiB read=0.0MiB
  [regular] call 29 step 33: 0.209s (orig 0.200s) rc=0 demoted=0.0MiB read=0.0MiB
  [regular] call 30 step 34: 0.186s (orig 0.178s) rc=0 demoted=0.0MiB read=0.0MiB
  [regular] call 31 step 35: 0.178s (orig 0.179s) rc=0 demoted=0.0MiB read=0.0MiB
  [regular] call 32 step 36: 0.202s (orig 0.202s) rc=0 demoted=0.0MiB read=0.0MiB
  [regular] call 33 step 37: 0.184s (orig 0.179s) rc=0 demoted=0.0MiB read=0.0MiB
  [regular] call 34 step 38: 0.179s (orig 0.180s) rc=0 demoted=0.0MiB read=0.0MiB
  [regular] call 35 step 39: 0.202s (orig 0.193s) rc=0 demoted=0.0MiB read=0.0MiB
  [regular] call 36 step 40: 0.187s (orig 0.176s) rc=0 demoted=0.0MiB read=0.0MiB
  [regular] call 37 step 41: 0.188s (orig 0.183s) rc=0 demoted=0.0MiB read=0.0MiB
  [regular] call 38 step 42: 0.186s (orig 0.178s) rc=0 demoted=0.0MiB read=0.0MiB
  [regular] call 39 step 43: 0.186s (orig 0.182s) rc=0 demoted=0.0MiB read=0.0MiB
  [regular] call 40 step 44: 0.205s (orig 0.196s) rc=0 demoted=0.0MiB read=0.0MiB
  [regular] call 41 step 45: 0.182s (orig 0.179s) rc=0 demoted=0.0MiB read=0.0MiB
  [regular] call 42 step 46: 0.200s (orig 0.193s) rc=0 demoted=0.0MiB read=0.0MiB
  [regular] call 43 step 47: 0.183s (orig 0.181s) rc=0 demoted=0.0MiB read=0.0MiB
  [regular] call 44 step 48: 0.186s (orig 0.181s) rc=0 demoted=0.0MiB read=0.0MiB
  [regular] call 45 step 49: 0.199s (orig 0.193s) rc=0 demoted=0.0MiB read=0.0MiB
  [regular] call 46 step 50: 0.179s (orig 0.178s) rc=0 demoted=0.0MiB read=0.0MiB
  [regular] call 47 step 51: 0.181s (orig 0.183s) rc=0 demoted=0.0MiB read=0.0MiB
  [regular] call 48 step 52: 0.197s (orig 0.197s) rc=0 demoted=0.0MiB read=0.0MiB
  [regular] call 49 step 53: 0.182s (orig 0.181s) rc=0 demoted=0.0MiB read=0.0MiB
  [regular] call 50 step 54: 0.181s (orig 0.177s) rc=0 demoted=0.0MiB read=0.0MiB
  [regular] call 51 step 55: 0.202s (orig 0.193s) rc=0 demoted=0.0MiB read=0.0MiB
  [regular] call 52 step 56: 0.183s (orig 0.176s) rc=0 demoted=0.0MiB read=0.0MiB
  [regular] call 53 step 57: 0.187s (orig 0.182s) rc=0 demoted=0.0MiB read=0.0MiB
  [regular] call 54 step 58: 0.201s (orig 0.195s) rc=0 demoted=0.0MiB read=0.0MiB
  [regular] call 55 step 59: 0.183s (orig 0.179s) rc=0 demoted=0.0MiB read=0.0MiB
  [regular] call 56 step 60: 0.202s (orig 0.182s) rc=0 demoted=0.0MiB read=30.8MiB
  [regular] call 57 step 61: 0.182s (orig 0.175s) rc=0 demoted=0.0MiB read=0.0MiB
  [regular] call 58 step 62: 0.189s (orig 0.188s) rc=0 demoted=0.0MiB read=0.0MiB
  [regular] call 59 step 63: 0.181s (orig 0.179s) rc=0 demoted=0.0MiB read=0.0MiB
  [regular] call 60 step 64: 0.182s (orig 0.177s) rc=0 demoted=0.0MiB read=0.0MiB
[31/42] django__django-11095 regular: total=11.963427041999998 orig=11.192487166 mismatches=59 err=None
[31/42] django__django-11095 lazy
minisweagent.environment: DEBUG: Starting container with command: docker run -d --name   
minisweagent-0d206b89 -w /testbed --rm                                                   
docker.io/swebench/sweb.eval.x86_64.django_1776_django-11095:latest sleep 2h             
minisweagent.environment: INFO: Started container minisweagent-0d206b89 with ID          
0ecab32bf8d9785976637b2747da4588424ad822491e6beae096c8d3a192bc03                         
  [lazy] call 1 step 1: 0.271s (orig 0.180s) rc=0 demoted=3.4MiB read=48.7MiB
  [lazy] call 2 step 2: 0.606s (orig 0.272s) rc=0 demoted=24.6MiB read=69.7MiB
  [lazy] call 3 step 3: 0.267s (orig 0.180s) rc=0 demoted=35.9MiB read=48.2MiB
  [lazy] call 4 step 4: 0.261s (orig 0.173s) rc=0 demoted=24.4MiB read=47.5MiB
  [lazy] call 5 step 5: 0.261s (orig 0.180s) rc=0 demoted=24.2MiB read=47.2MiB
  [lazy] call 6 step 6: 0.254s (orig 0.178s) rc=0 demoted=24.0MiB read=47.2MiB
  [lazy] call 7 step 7: 0.260s (orig 0.179s) rc=0 demoted=24.2MiB read=47.3MiB
  [lazy] call 8 step 8: 0.258s (orig 0.179s) rc=0 demoted=24.3MiB read=47.2MiB
  [lazy] call 9 step 9: 0.254s (orig 0.182s) rc=0 demoted=24.4MiB read=45.5MiB
  [lazy] call 10 step 11: 0.259s (orig 0.182s) rc=0 demoted=23.4MiB read=47.7MiB
  [lazy] call 11 step 13: 0.449s (orig 0.220s) rc=0 demoted=24.3MiB read=64.7MiB
  [lazy] call 12 step 14: 0.433s (orig 0.221s) rc=0 demoted=32.8MiB read=64.3MiB
  [lazy] call 13 step 15: 0.266s (orig 0.184s) rc=0 demoted=32.9MiB read=49.3MiB
  [lazy] call 14 step 16: 0.254s (orig 0.179s) rc=0 demoted=25.7MiB read=47.2MiB
  [lazy] call 15 step 17: 0.254s (orig 0.174s) rc=0 demoted=24.3MiB read=46.8MiB
  [lazy] call 16 step 18: 0.252s (orig 0.186s) rc=0 demoted=24.6MiB read=43.9MiB
  [lazy] call 17 step 21: 0.251s (orig 0.182s) rc=0 demoted=22.5MiB read=45.3MiB
  [lazy] call 18 step 22: 0.281s (orig 0.199s) rc=1 demoted=23.2MiB read=56.6MiB
  [lazy] call 19 step 23: 0.257s (orig 0.180s) rc=0 demoted=28.6MiB read=45.4MiB
  [lazy] call 20 step 24: 0.296s (orig 0.198s) rc=0 demoted=23.4MiB read=57.8MiB
  [lazy] call 21 step 25: 0.258s (orig 0.183s) rc=0 demoted=29.4MiB read=47.3MiB
  [lazy] call 22 step 26: 0.256s (orig 0.178s) rc=0 demoted=24.1MiB read=45.5MiB
  [lazy] call 23 step 27: 0.295s (orig 0.206s) rc=0 demoted=23.2MiB read=57.7MiB
  [lazy] call 24 step 28: 0.257s (orig 0.180s) rc=0 demoted=29.1MiB read=47.2MiB
  [lazy] call 25 step 29: 0.257s (orig 0.177s) rc=0 demoted=24.1MiB read=45.4MiB
  [lazy] call 26 step 30: 0.290s (orig 0.200s) rc=0 demoted=23.2MiB read=57.7MiB
  [lazy] call 27 step 31: 0.262s (orig 0.182s) rc=0 demoted=29.2MiB read=47.3MiB
  [lazy] call 28 step 32: 0.260s (orig 0.180s) rc=0 demoted=24.1MiB read=45.5MiB
  [lazy] call 29 step 33: 0.296s (orig 0.200s) rc=0 demoted=23.2MiB read=57.9MiB
  [lazy] call 30 step 34: 0.256s (orig 0.178s) rc=0 demoted=29.1MiB read=47.0MiB
  [lazy] call 31 step 35: 0.256s (orig 0.179s) rc=0 demoted=23.9MiB read=45.3MiB
  [lazy] call 32 step 36: 0.291s (orig 0.202s) rc=0 demoted=23.2MiB read=57.8MiB
  [lazy] call 33 step 37: 0.263s (orig 0.179s) rc=0 demoted=29.6MiB read=48.2MiB
  [lazy] call 34 step 38: 0.258s (orig 0.180s) rc=0 demoted=24.3MiB read=45.8MiB
  [lazy] call 35 step 39: 0.281s (orig 0.193s) rc=0 demoted=23.4MiB read=57.2MiB
  [lazy] call 36 step 40: 0.263s (orig 0.176s) rc=0 demoted=29.0MiB read=47.2MiB
  [lazy] call 37 step 41: 0.253s (orig 0.183s) rc=0 demoted=24.7MiB read=45.1MiB
  [lazy] call 38 step 42: 0.258s (orig 0.178s) rc=0 demoted=23.0MiB read=47.6MiB
  [lazy] call 39 step 43: 0.256s (orig 0.182s) rc=0 demoted=24.2MiB read=45.3MiB
  [lazy] call 40 step 44: 0.278s (orig 0.196s) rc=0 demoted=23.6MiB read=55.8MiB
  [lazy] call 41 step 45: 0.257s (orig 0.179s) rc=0 demoted=28.4MiB read=45.4MiB
  [lazy] call 42 step 46: 0.281s (orig 0.193s) rc=0 demoted=23.6MiB read=57.2MiB
  [lazy] call 43 step 47: 0.263s (orig 0.181s) rc=0 demoted=28.9MiB read=47.2MiB
  [lazy] call 44 step 48: 0.257s (orig 0.181s) rc=0 demoted=24.1MiB read=45.5MiB
  [lazy] call 45 step 49: 0.278s (orig 0.193s) rc=0 demoted=23.5MiB read=57.3MiB
  [lazy] call 46 step 50: 0.256s (orig 0.178s) rc=0 demoted=29.0MiB read=47.3MiB
  [lazy] call 47 step 51: 0.257s (orig 0.183s) rc=0 demoted=24.0MiB read=45.6MiB
  [lazy] call 48 step 52: 0.281s (orig 0.197s) rc=0 demoted=23.3MiB read=57.3MiB
  [lazy] call 49 step 53: 0.257s (orig 0.181s) rc=0 demoted=28.9MiB read=47.3MiB
  [lazy] call 50 step 54: 0.263s (orig 0.177s) rc=0 demoted=24.0MiB read=45.5MiB
  [lazy] call 51 step 55: 0.280s (orig 0.193s) rc=0 demoted=23.4MiB read=56.0MiB
  [lazy] call 52 step 56: 0.257s (orig 0.176s) rc=0 demoted=28.2MiB read=45.6MiB
  [lazy] call 53 step 57: 0.257s (orig 0.182s) rc=0 demoted=23.3MiB read=44.7MiB
  [lazy] call 54 step 58: 0.282s (orig 0.195s) rc=0 demoted=23.8MiB read=55.5MiB
  [lazy] call 55 step 59: 0.257s (orig 0.179s) rc=0 demoted=28.3MiB read=47.3MiB
  [lazy] call 56 step 60: 0.276s (orig 0.182s) rc=0 demoted=24.1MiB read=77.1MiB
  [lazy] call 57 step 61: 0.255s (orig 0.175s) rc=0 demoted=39.1MiB read=45.5MiB
  [lazy] call 58 step 62: 0.276s (orig 0.188s) rc=0 demoted=23.4MiB read=79.1MiB
  [lazy] call 59 step 63: 0.258s (orig 0.179s) rc=0 demoted=40.3MiB read=45.5MiB
  [lazy] call 60 step 64: 0.257s (orig 0.177s) rc=0 demoted=23.1MiB read=45.5MiB
[31/42] django__django-11095 lazy: total=16.588718330000003 orig=11.192487166 mismatches=59 err=None
[32/42] django__django-11099 regular
minisweagent.environment: DEBUG: Starting container with command: docker run -d --name   
minisweagent-24b32188 -w /testbed --rm                                                   
docker.io/swebench/sweb.eval.x86_64.django_1776_django-11099:latest sleep 2h             
minisweagent.environment: INFO: Started container minisweagent-24b32188 with ID          
94a4fa5f0360c03875145a52d81d83a5f2bbd90e99b777affcc12e7c6e85d8ec                         
  [regular] call 1 step 1: 1.046s (orig 0.399s) rc=0 demoted=0.0MiB read=109.5MiB
  [regular] call 2 step 2: 0.186s (orig 0.179s) rc=0 demoted=0.0MiB read=0.1MiB
  [regular] call 3 step 3: 0.181s (orig 0.177s) rc=2 demoted=0.0MiB read=0.0MiB
  [regular] call 4 step 4: 0.186s (orig 0.182s) rc=0 demoted=0.0MiB read=0.3MiB
  [regular] call 5 step 5: 0.182s (orig 0.179s) rc=0 demoted=0.0MiB read=0.0MiB
  [regular] call 6 step 6: 0.205s (orig 0.196s) rc=1 demoted=0.0MiB read=11.7MiB
  [regular] call 7 step 7: 0.193s (orig 0.192s) rc=1 demoted=0.0MiB read=0.0MiB
  [regular] call 8 step 8: 0.182s (orig 0.176s) rc=0 demoted=0.0MiB read=0.0MiB
  [regular] call 9 step 9: 0.179s (orig 0.183s) rc=0 demoted=0.0MiB read=0.0MiB
  [regular] call 10 step 10: 0.187s (orig 0.181s) rc=0 demoted=0.0MiB read=0.3MiB
  [regular] call 11 step 11: 0.177s (orig 0.176s) rc=0 demoted=0.0MiB read=0.0MiB
  [regular] call 12 step 12: 0.207s (orig 0.204s) rc=0 demoted=0.0MiB read=0.6MiB
  [regular] call 13 step 13: 0.180s (orig 0.178s) rc=0 demoted=0.0MiB read=0.0MiB
  [regular] call 14 step 14: 0.196s (orig 0.193s) rc=1 demoted=0.0MiB read=0.0MiB
  [regular] call 15 step 15: 0.205s (orig 0.192s) rc=0 demoted=0.0MiB read=0.0MiB
  [regular] call 16 step 16: 0.186s (orig 0.181s) rc=0 demoted=0.0MiB read=0.0MiB
  [regular] call 17 step 17: 0.180s (orig 0.181s) rc=0 demoted=0.0MiB read=0.3MiB
  [regular] call 18 step 18: 0.183s (orig 0.179s) rc=0 demoted=0.0MiB read=0.0MiB
  [regular] call 19 step 19: 0.202s (orig 0.181s) rc=0 demoted=0.0MiB read=34.2MiB
  [regular] call 20 step 20: 0.180s (orig 0.182s) rc=0 demoted=0.0MiB read=0.0MiB
  [regular] call 21 step 22: 0.180s (orig 0.180s) rc=0 demoted=0.0MiB read=0.0MiB
[32/42] django__django-11099 regular: total=4.801831142999999 orig=4.070861831 mismatches=20 err=None
[32/42] django__django-11099 lazy
minisweagent.environment: DEBUG: Starting container with command: docker run -d --name   
minisweagent-ed48704a -w /testbed --rm                                                   
docker.io/swebench/sweb.eval.x86_64.django_1776_django-11099:latest sleep 2h             
minisweagent.environment: INFO: Started container minisweagent-ed48704a with ID          
be28b69e0f85cd23e05422348ea7e1ae5ab693e8a1a18304fe37a63057cedea4                         
  [lazy] call 1 step 1: 1.045s (orig 0.399s) rc=0 demoted=3.4MiB read=115.0MiB
  [lazy] call 2 step 2: 0.257s (orig 0.179s) rc=0 demoted=63.5MiB read=45.0MiB
  [lazy] call 3 step 3: 0.258s (orig 0.177s) rc=2 demoted=23.0MiB read=44.9MiB
  [lazy] call 4 step 4: 0.261s (orig 0.182s) rc=0 demoted=23.7MiB read=46.3MiB
  [lazy] call 5 step 5: 0.258s (orig 0.179s) rc=0 demoted=23.7MiB read=45.0MiB
  [lazy] call 6 step 6: 0.282s (orig 0.196s) rc=1 demoted=22.9MiB read=55.6MiB
  [lazy] call 7 step 7: 0.282s (orig 0.192s) rc=1 demoted=28.1MiB read=55.6MiB
  [lazy] call 8 step 8: 0.263s (orig 0.176s) rc=0 demoted=28.2MiB read=46.5MiB
  [lazy] call 9 step 9: 0.255s (orig 0.183s) rc=0 demoted=23.6MiB read=44.7MiB
  [lazy] call 10 step 10: 0.260s (orig 0.181s) rc=0 demoted=23.8MiB read=46.2MiB
  [lazy] call 11 step 11: 0.258s (orig 0.176s) rc=0 demoted=24.1MiB read=45.4MiB
  [lazy] call 12 step 12: 0.294s (orig 0.204s) rc=0 demoted=23.2MiB read=57.1MiB
  [lazy] call 13 step 13: 0.261s (orig 0.178s) rc=0 demoted=28.8MiB read=45.2MiB
  [lazy] call 14 step 14: 0.279s (orig 0.193s) rc=1 demoted=23.2MiB read=55.7MiB
  [lazy] call 15 step 15: 0.283s (orig 0.192s) rc=0 demoted=28.3MiB read=55.9MiB
  [lazy] call 16 step 16: 0.254s (orig 0.181s) rc=0 demoted=28.5MiB read=44.9MiB
  [lazy] call 17 step 17: 0.262s (orig 0.181s) rc=0 demoted=23.0MiB read=47.2MiB
  [lazy] call 18 step 18: 0.256s (orig 0.179s) rc=0 demoted=24.1MiB read=45.2MiB
  [lazy] call 19 step 19: 0.275s (orig 0.181s) rc=0 demoted=23.0MiB read=81.6MiB
  [lazy] call 20 step 20: 0.256s (orig 0.182s) rc=0 demoted=41.5MiB read=45.3MiB
  [lazy] call 21 step 22: 0.253s (orig 0.180s) rc=0 demoted=23.1MiB read=42.3MiB
[32/42] django__django-11099 lazy: total=6.35468133 orig=4.070861831 mismatches=20 err=None
[33/42] django__django-11119 regular
minisweagent.environment: DEBUG: Starting container with command: docker run -d --name   
minisweagent-add0bd63 -w /testbed --rm                                                   
docker.io/swebench/sweb.eval.x86_64.django_1776_django-11119:latest sleep 2h             
minisweagent.environment: INFO: Started container minisweagent-add0bd63 with ID          
58749a516358378f1a8c3b1a44d9eb192eb578d80f2ef91d060fee27a7fb6e2b                         
  [regular] call 1 step 2: 0.264s (orig 0.181s) rc=0 demoted=0.0MiB read=43.5MiB
  [regular] call 2 step 3: 6.621s (orig 5.740s) rc=0 demoted=0.0MiB read=73.8MiB
  [regular] call 3 step 4: 0.179s (orig 0.178s) rc=0 demoted=0.0MiB read=0.1MiB
  [regular] call 4 step 5: 0.180s (orig 0.177s) rc=1 demoted=0.0MiB read=0.0MiB
  [regular] call 5 step 6: 0.226s (orig 0.222s) rc=0 demoted=0.0MiB read=0.0MiB
  [regular] call 6 step 7: 0.180s (orig 0.184s) rc=0 demoted=0.0MiB read=0.0MiB
  [regular] call 7 step 8: 0.181s (orig 0.181s) rc=0 demoted=0.0MiB read=0.3MiB
  [regular] call 8 step 9: 0.179s (orig 0.174s) rc=0 demoted=0.0MiB read=0.0MiB
  [regular] call 9 step 10: 0.187s (orig 0.181s) rc=0 demoted=0.0MiB read=0.0MiB
  [regular] call 10 step 11: 0.185s (orig 0.184s) rc=0 demoted=0.0MiB read=0.0MiB
  [regular] call 11 step 12: 0.202s (orig 0.183s) rc=0 demoted=0.0MiB read=34.7MiB
  [regular] call 12 step 13: 0.183s (orig 0.184s) rc=0 demoted=0.0MiB read=0.0MiB
  [regular] call 13 step 14: 0.182s (orig 0.182s) rc=0 demoted=0.0MiB read=0.0MiB
[33/42] django__django-11119 regular: total=8.948128882 orig=7.949392473 mismatches=12 err=None
[33/42] django__django-11119 lazy
minisweagent.environment: DEBUG: Starting container with command: docker run -d --name   
minisweagent-43117564 -w /testbed --rm                                                   
docker.io/swebench/sweb.eval.x86_64.django_1776_django-11119:latest sleep 2h             
minisweagent.environment: INFO: Started container minisweagent-43117564 with ID          
2bcd7c5b09219e843737d41946ab5e5e5d428c6f5b4c4ff8a8522aaa9dc8e080                         
  [lazy] call 1 step 2: 0.271s (orig 0.181s) rc=0 demoted=3.4MiB read=48.6MiB
  [lazy] call 2 step 3: 6.573s (orig 5.740s) rc=0 demoted=24.7MiB read=121.2MiB
  [lazy] call 3 step 4: 0.261s (orig 0.178s) rc=0 demoted=70.4MiB read=46.7MiB
  [lazy] call 4 step 5: 0.259s (orig 0.177s) rc=1 demoted=23.7MiB read=47.4MiB
  [lazy] call 5 step 6: 0.315s (orig 0.222s) rc=0 demoted=24.5MiB read=49.4MiB
  [lazy] call 6 step 7: 0.259s (orig 0.184s) rc=0 demoted=28.9MiB read=47.0MiB
  [lazy] call 7 step 8: 0.261s (orig 0.181s) rc=0 demoted=24.3MiB read=47.4MiB
  [lazy] call 8 step 9: 0.256s (orig 0.174s) rc=0 demoted=24.5MiB read=46.9MiB
  [lazy] call 9 step 10: 0.264s (orig 0.181s) rc=0 demoted=23.9MiB read=46.9MiB
  [lazy] call 10 step 11: 0.256s (orig 0.184s) rc=0 demoted=23.9MiB read=47.0MiB
  [lazy] call 11 step 12: 0.271s (orig 0.183s) rc=0 demoted=24.3MiB read=81.0MiB
  [lazy] call 12 step 13: 0.258s (orig 0.184s) rc=0 demoted=42.3MiB read=44.1MiB
  [lazy] call 13 step 14: 0.256s (orig 0.182s) rc=0 demoted=22.5MiB read=45.7MiB
[33/42] django__django-11119 lazy: total=9.760464505000002 orig=7.949392473 mismatches=12 err=None
[34/42] django__django-11133 regular
minisweagent.environment: DEBUG: Starting container with command: docker run -d --name   
minisweagent-1810993f -w /testbed --rm                                                   
docker.io/swebench/sweb.eval.x86_64.django_1776_django-11133:latest sleep 2h             
minisweagent.environment: INFO: Started container minisweagent-1810993f with ID          
13b8597ea65b92e04651b45e52a1df6c387643f2921564502bb008694f2f97bb                         
  [regular] call 1 step 2: 0.261s (orig 0.181s) rc=0 demoted=0.0MiB read=42.2MiB
  [regular] call 2 step 3: 0.531s (orig 0.274s) rc=0 demoted=0.0MiB read=21.9MiB
  [regular] call 3 step 4: 0.185s (orig 0.181s) rc=0 demoted=0.0MiB read=0.1MiB
  [regular] call 4 step 5: 0.179s (orig 0.181s) rc=0 demoted=0.0MiB read=0.0MiB
  [regular] call 5 step 6: 0.182s (orig 0.184s) rc=0 demoted=0.0MiB read=0.0MiB
  [regular] call 6 step 7: 0.180s (orig 0.180s) rc=0 demoted=0.0MiB read=0.0MiB
  [regular] call 7 step 8: 0.656s (orig 0.557s) rc=1 demoted=0.0MiB read=61.6MiB
  [regular] call 8 step 9: 0.184s (orig 0.181s) rc=0 demoted=0.0MiB read=0.0MiB
  [regular] call 9 step 10: 0.467s (orig 0.449s) rc=0 demoted=0.0MiB read=1.5MiB
  [regular] call 10 step 11: 0.186s (orig 0.181s) rc=1 demoted=0.0MiB read=0.5MiB
  [regular] call 11 step 12: 0.183s (orig 0.178s) rc=0 demoted=0.0MiB read=0.0MiB
  [regular] call 12 step 13: 0.187s (orig 0.180s) rc=2 demoted=0.0MiB read=0.3MiB
  [regular] call 13 step 14: 0.207s (orig 0.201s) rc=0 demoted=0.0MiB read=0.0MiB
  [regular] call 14 step 15: 0.179s (orig 0.181s) rc=2 demoted=0.0MiB read=0.0MiB
  [regular] call 15 step 16: 0.182s (orig 0.181s) rc=0 demoted=0.0MiB read=0.0MiB
  [regular] call 16 step 17: 0.197s (orig 0.191s) rc=1 demoted=0.0MiB read=0.0MiB
  [regular] call 17 step 18: 0.184s (orig 0.181s) rc=0 demoted=0.0MiB read=0.0MiB
  [regular] call 18 step 19: 0.196s (orig 0.190s) rc=0 demoted=0.0MiB read=0.0MiB
  [regular] call 19 step 20: 0.179s (orig 0.180s) rc=0 demoted=0.0MiB read=0.0MiB
  [regular] call 20 step 21: 0.182s (orig 0.178s) rc=0 demoted=0.0MiB read=0.0MiB
  [regular] call 21 step 22: 0.195s (orig 0.188s) rc=0 demoted=0.0MiB read=0.0MiB
  [regular] call 22 step 23: 0.184s (orig 0.177s) rc=0 demoted=0.0MiB read=0.0MiB
  [regular] call 23 step 24: 0.178s (orig 0.180s) rc=0 demoted=0.0MiB read=0.0MiB
  [regular] call 24 step 25: 0.180s (orig 0.182s) rc=0 demoted=0.0MiB read=0.0MiB
  [regular] call 25 step 26: 0.194s (orig 0.196s) rc=0 demoted=0.0MiB read=0.0MiB
  [regular] call 26 step 27: 0.182s (orig 0.178s) rc=0 demoted=0.0MiB read=0.0MiB
  [regular] call 27 step 28: 0.188s (orig 0.181s) rc=0 demoted=0.0MiB read=0.0MiB
  [regular] call 28 step 29: 0.200s (orig 0.200s) rc=0 demoted=0.0MiB read=0.3MiB
  [regular] call 29 step 30: 0.179s (orig 0.181s) rc=0 demoted=0.0MiB read=0.0MiB
  [regular] call 30 step 31: 0.403s (orig 0.390s) rc=1 demoted=0.0MiB read=0.0MiB
  [regular] call 31 step 32: 0.185s (orig 0.177s) rc=0 demoted=0.0MiB read=0.0MiB
  [regular] call 32 step 33: 0.201s (orig 0.195s) rc=0 demoted=0.0MiB read=0.0MiB
  [regular] call 33 step 34: 0.180s (orig 0.180s) rc=0 demoted=0.0MiB read=0.0MiB
  [regular] call 34 step 35: 0.183s (orig 0.181s) rc=0 demoted=0.0MiB read=0.0MiB
  [regular] call 35 step 36: 0.202s (orig 0.193s) rc=0 demoted=0.0MiB read=0.0MiB
  [regular] call 36 step 37: 0.182s (orig 0.182s) rc=0 demoted=0.0MiB read=0.0MiB
  [regular] call 37 step 38: 0.398s (orig 0.393s) rc=1 demoted=0.0MiB read=0.0MiB
  [regular] call 38 step 39: 0.180s (orig 0.175s) rc=0 demoted=0.0MiB read=0.0MiB
  [regular] call 39 step 40: 0.186s (orig 0.179s) rc=0 demoted=0.0MiB read=0.0MiB
  [regular] call 40 step 41: 0.190s (orig 0.180s) rc=0 demoted=0.0MiB read=0.0MiB
  [regular] call 41 step 42: 0.206s (orig 0.196s) rc=0 demoted=0.0MiB read=0.0MiB
  [regular] call 42 step 43: 0.184s (orig 0.177s) rc=0 demoted=0.0MiB read=0.0MiB
  [regular] call 43 step 44: 0.179s (orig 0.179s) rc=0 demoted=0.0MiB read=0.0MiB
  [regular] call 44 step 45: 0.425s (orig 0.406s) rc=0 demoted=0.0MiB read=0.0MiB
  [regular] call 45 step 46: 0.195s (orig 0.186s) rc=0 demoted=0.0MiB read=15.5MiB
  [regular] call 46 step 47: 0.183s (orig 0.180s) rc=0 demoted=0.0MiB read=0.0MiB
  [regular] call 47 step 48: 0.196s (orig 0.188s) rc=1 demoted=0.0MiB read=0.0MiB
  [regular] call 48 step 49: 0.193s (orig 0.189s) rc=0 demoted=0.0MiB read=0.0MiB
  [regular] call 49 step 50: 0.203s (orig 0.205s) rc=0 demoted=0.0MiB read=4.2MiB
  [regular] call 50 step 51: 0.182s (orig 0.180s) rc=0 demoted=0.0MiB read=0.0MiB
[34/42] django__django-11133 regular: total=11.203339768 orig=10.563926721000001 mismatches=0 err=None
[34/42] django__django-11133 lazy
minisweagent.environment: DEBUG: Starting container with command: docker run -d --name   
minisweagent-0cc9c362 -w /testbed --rm                                                   
docker.io/swebench/sweb.eval.x86_64.django_1776_django-11133:latest sleep 2h             
minisweagent.environment: INFO: Started container minisweagent-0cc9c362 with ID          
955a5c7ca5bf41e8bf04ae771f38548b4d041e4732e4654afc3ed53e342773d4                         
  [lazy] call 1 step 2: 0.275s (orig 0.181s) rc=0 demoted=3.5MiB read=47.1MiB
  [lazy] call 2 step 3: 0.617s (orig 0.274s) rc=0 demoted=24.0MiB read=68.0MiB
  [lazy] call 3 step 4: 0.261s (orig 0.181s) rc=0 demoted=34.6MiB read=44.1MiB
  [lazy] call 4 step 5: 0.261s (orig 0.181s) rc=0 demoted=22.5MiB read=45.1MiB
  [lazy] call 5 step 6: 0.262s (orig 0.184s) rc=0 demoted=23.3MiB read=45.5MiB
  [lazy] call 6 step 7: 0.260s (orig 0.180s) rc=0 demoted=23.2MiB read=44.2MiB
  [lazy] call 7 step 8: 0.738s (orig 0.557s) rc=1 demoted=22.5MiB read=107.7MiB
  [lazy] call 8 step 9: 0.260s (orig 0.181s) rc=0 demoted=55.5MiB read=44.1MiB
  [lazy] call 9 step 10: 0.635s (orig 0.449s) rc=0 demoted=22.7MiB read=108.4MiB
  [lazy] call 10 step 11: 0.264s (orig 0.181s) rc=1 demoted=55.0MiB read=46.5MiB
  [lazy] call 11 step 12: 0.258s (orig 0.178s) rc=0 demoted=23.9MiB read=45.7MiB
  [lazy] call 12 step 13: 0.267s (orig 0.180s) rc=2 demoted=23.3MiB read=46.9MiB
  [lazy] call 13 step 14: 0.296s (orig 0.201s) rc=0 demoted=24.2MiB read=56.1MiB
  [lazy] call 14 step 15: 0.267s (orig 0.181s) rc=2 demoted=28.4MiB read=46.6MiB
  [lazy] call 15 step 16: 0.260s (orig 0.181s) rc=0 demoted=24.3MiB read=44.3MiB
  [lazy] call 16 step 17: 0.282s (orig 0.191s) rc=1 demoted=23.1MiB read=55.4MiB
  [lazy] call 17 step 18: 0.260s (orig 0.181s) rc=0 demoted=28.1MiB read=44.3MiB
  [lazy] call 18 step 19: 0.283s (orig 0.190s) rc=0 demoted=22.9MiB read=55.5MiB
  [lazy] call 19 step 20: 0.262s (orig 0.180s) rc=0 demoted=28.3MiB read=45.4MiB
  [lazy] call 20 step 21: 0.263s (orig 0.178s) rc=0 demoted=23.4MiB read=44.2MiB
  [lazy] call 21 step 22: 0.281s (orig 0.188s) rc=0 demoted=22.6MiB read=55.5MiB
  [lazy] call 22 step 23: 0.262s (orig 0.177s) rc=0 demoted=28.4MiB read=45.4MiB
  [lazy] call 23 step 24: 0.262s (orig 0.180s) rc=0 demoted=23.3MiB read=45.4MiB
  [lazy] call 24 step 25: 0.257s (orig 0.182s) rc=0 demoted=23.2MiB read=44.1MiB
  [lazy] call 25 step 26: 0.283s (orig 0.196s) rc=0 demoted=22.7MiB read=55.5MiB
  [lazy] call 26 step 27: 0.263s (orig 0.178s) rc=0 demoted=28.2MiB read=45.4MiB
  [lazy] call 27 step 28: 0.257s (orig 0.181s) rc=0 demoted=23.2MiB read=44.2MiB
  [lazy] call 28 step 29: 0.288s (orig 0.200s) rc=0 demoted=22.7MiB read=57.8MiB
  [lazy] call 29 step 30: 0.261s (orig 0.181s) rc=0 demoted=29.4MiB read=45.4MiB
  [lazy] call 30 step 31: 0.558s (orig 0.390s) rc=1 demoted=23.2MiB read=106.8MiB
  [lazy] call 31 step 32: 0.250s (orig 0.177s) rc=0 demoted=55.6MiB read=40.8MiB
  [lazy] call 32 step 33: 0.288s (orig 0.195s) rc=0 demoted=21.6MiB read=58.3MiB
  [lazy] call 33 step 34: 0.259s (orig 0.180s) rc=0 demoted=29.5MiB read=45.5MiB
  [lazy] call 34 step 35: 0.256s (orig 0.181s) rc=0 demoted=23.2MiB read=42.5MiB
  [lazy] call 35 step 36: 0.282s (orig 0.193s) rc=0 demoted=21.9MiB read=56.2MiB
  [lazy] call 36 step 37: 0.261s (orig 0.182s) rc=0 demoted=28.8MiB read=45.6MiB
  [lazy] call 37 step 38: 0.568s (orig 0.393s) rc=1 demoted=23.2MiB read=107.2MiB
  [lazy] call 38 step 39: 0.264s (orig 0.175s) rc=0 demoted=53.9MiB read=45.4MiB
  [lazy] call 39 step 40: 0.257s (orig 0.179s) rc=0 demoted=23.3MiB read=45.5MiB
  [lazy] call 40 step 41: 0.259s (orig 0.180s) rc=0 demoted=23.2MiB read=44.2MiB
  [lazy] call 41 step 42: 0.290s (orig 0.196s) rc=0 demoted=22.7MiB read=58.0MiB
  [lazy] call 42 step 43: 0.259s (orig 0.177s) rc=0 demoted=29.5MiB read=45.5MiB
  [lazy] call 43 step 44: 0.259s (orig 0.179s) rc=0 demoted=23.5MiB read=45.5MiB
  [lazy] call 44 step 45: 0.596s (orig 0.406s) rc=0 demoted=23.3MiB read=108.8MiB
  [lazy] call 45 step 46: 0.273s (orig 0.186s) rc=0 demoted=54.8MiB read=76.6MiB
  [lazy] call 46 step 47: 0.256s (orig 0.180s) rc=0 demoted=39.5MiB read=44.3MiB
  [lazy] call 47 step 48: 0.283s (orig 0.188s) rc=1 demoted=22.7MiB read=80.2MiB
  [lazy] call 48 step 49: 0.280s (orig 0.189s) rc=0 demoted=41.9MiB read=65.7MiB
  [lazy] call 49 step 50: 0.300s (orig 0.205s) rc=0 demoted=33.8MiB read=84.6MiB
  [lazy] call 50 step 51: 0.260s (orig 0.180s) rc=0 demoted=43.6MiB read=44.0MiB
[34/42] django__django-11133 lazy: total=15.499549467000001 orig=10.563926721000001 mismatches=0 err=None
[35/42] django__django-11138 regular
minisweagent.environment: DEBUG: Starting container with command: docker run -d --name   
minisweagent-01518392 -w /testbed --rm                                                   
docker.io/swebench/sweb.eval.x86_64.django_1776_django-11138:latest sleep 2h             
minisweagent.environment: INFO: Started container minisweagent-01518392 with ID          
8db47ac9cdb73834db4f54830ce3eb92b04b8473d7c14ae67f80c249e01d811e                         
  [regular] call 1 step 1: 0.713s (orig 0.312s) rc=0 demoted=0.0MiB read=71.8MiB
  [regular] call 2 step 2: 0.190s (orig 0.180s) rc=0 demoted=0.0MiB read=0.1MiB
  [regular] call 3 step 3: 0.190s (orig 0.181s) rc=1 demoted=0.0MiB read=0.0MiB
  [regular] call 4 step 4: 0.186s (orig 0.182s) rc=0 demoted=0.0MiB read=0.0MiB
  [regular] call 5 step 5: 0.291s (orig 0.297s) rc=0 demoted=0.0MiB read=0.0MiB
  [regular] call 6 step 6: 0.186s (orig 0.182s) rc=1 demoted=0.0MiB read=0.0MiB
  [regular] call 7 step 7: 0.182s (orig 0.179s) rc=0 demoted=0.0MiB read=0.0MiB
  [regular] call 8 step 8: 0.184s (orig 0.179s) rc=1 demoted=0.0MiB read=0.0MiB
  [regular] call 9 step 9: 0.184s (orig 0.180s) rc=0 demoted=0.0MiB read=0.0MiB
  [regular] call 10 step 10: 0.189s (orig 0.179s) rc=0 demoted=0.0MiB read=0.1MiB
  [regular] call 11 step 11: 0.184s (orig 0.177s) rc=0 demoted=0.0MiB read=0.0MiB
  [regular] call 12 step 12: 0.188s (orig 0.182s) rc=0 demoted=0.0MiB read=0.6MiB
  [regular] call 13 step 13: 0.186s (orig 0.175s) rc=0 demoted=0.0MiB read=0.3MiB
  [regular] call 14 step 14: 0.187s (orig 0.181s) rc=0 demoted=0.0MiB read=0.0MiB
  [regular] call 15 step 15: 0.186s (orig 0.177s) rc=0 demoted=0.0MiB read=0.0MiB
  [regular] call 16 step 16: 0.181s (orig 0.183s) rc=0 demoted=0.0MiB read=0.0MiB
  [regular] call 17 step 17: 0.183s (orig 0.180s) rc=0 demoted=0.0MiB read=0.0MiB
  [regular] call 18 step 18: 0.204s (orig 0.186s) rc=0 demoted=0.0MiB read=34.5MiB
  [regular] call 19 step 19: 0.185s (orig 0.182s) rc=0 demoted=0.0MiB read=0.0MiB
  [regular] call 20 step 20: 0.184s (orig 0.182s) rc=0 demoted=0.0MiB read=0.0MiB
[35/42] django__django-11138 regular: total=4.362905647 orig=3.85731991 mismatches=19 err=None
[35/42] django__django-11138 lazy
minisweagent.environment: DEBUG: Starting container with command: docker run -d --name   
minisweagent-52878dbf -w /testbed --rm                                                   
docker.io/swebench/sweb.eval.x86_64.django_1776_django-11138:latest sleep 2h             
minisweagent.environment: INFO: Started container minisweagent-52878dbf with ID          
56653846ef9bcdac4edd9bddfdf3472601a03b2f32c63f7026429e746089f3ce                         
  [lazy] call 1 step 1: 0.715s (orig 0.312s) rc=0 demoted=3.7MiB read=77.4MiB
  [lazy] call 2 step 2: 0.265s (orig 0.180s) rc=0 demoted=39.6MiB read=47.5MiB
  [lazy] call 3 step 3: 0.264s (orig 0.181s) rc=1 demoted=24.4MiB read=46.9MiB
  [lazy] call 4 step 4: 0.260s (orig 0.182s) rc=0 demoted=24.1MiB read=45.3MiB
  [lazy] call 5 step 5: 0.721s (orig 0.297s) rc=0 demoted=23.2MiB read=76.4MiB
  [lazy] call 6 step 6: 0.266s (orig 0.182s) rc=1 demoted=40.3MiB read=46.7MiB
  [lazy] call 7 step 7: 0.267s (orig 0.179s) rc=0 demoted=23.9MiB read=45.2MiB
  [lazy] call 8 step 8: 0.262s (orig 0.179s) rc=1 demoted=23.0MiB read=46.4MiB
  [lazy] call 9 step 9: 0.259s (orig 0.180s) rc=0 demoted=23.7MiB read=46.3MiB
  [lazy] call 10 step 10: 0.263s (orig 0.179s) rc=0 demoted=23.7MiB read=46.6MiB
  [lazy] call 11 step 11: 0.260s (orig 0.177s) rc=0 demoted=24.3MiB read=45.3MiB
  [lazy] call 12 step 12: 0.270s (orig 0.182s) rc=0 demoted=23.3MiB read=47.3MiB
  [lazy] call 13 step 13: 0.262s (orig 0.175s) rc=0 demoted=24.4MiB read=45.5MiB
  [lazy] call 14 step 14: 0.265s (orig 0.181s) rc=0 demoted=23.4MiB read=46.4MiB
  [lazy] call 15 step 15: 0.265s (orig 0.177s) rc=0 demoted=23.8MiB read=45.2MiB
  [lazy] call 16 step 16: 0.260s (orig 0.183s) rc=0 demoted=23.2MiB read=47.0MiB
  [lazy] call 17 step 17: 0.264s (orig 0.180s) rc=0 demoted=24.2MiB read=46.5MiB
  [lazy] call 18 step 18: 0.287s (orig 0.186s) rc=0 demoted=24.2MiB read=82.3MiB
  [lazy] call 19 step 19: 0.267s (orig 0.182s) rc=0 demoted=41.6MiB read=45.6MiB
  [lazy] call 20 step 20: 0.257s (orig 0.182s) rc=0 demoted=23.2MiB read=45.5MiB
[35/42] django__django-11138 lazy: total=6.199573689999999 orig=3.85731991 mismatches=19 err=None
[36/42] django__django-11141 regular
minisweagent.environment: DEBUG: Starting container with command: docker run -d --name   
minisweagent-71ba0215 -w /testbed --rm                                                   
docker.io/swebench/sweb.eval.x86_64.django_1776_django-11141:latest sleep 2h             
minisweagent.environment: INFO: Started container minisweagent-71ba0215 with ID          
b3f9abe28b82732cb8d628e8a3bcf3839c08abc05dba8b2beb91de0ec0d9e7e9                         
  [regular] call 1 step 1: 0.267s (orig 0.183s) rc=0 demoted=0.0MiB read=43.0MiB
  [regular] call 2 step 1: 0.632s (orig 0.310s) rc=0 demoted=0.0MiB read=29.4MiB
  [regular] call 3 step 1: 0.612s (orig 0.367s) rc=1 demoted=0.0MiB read=36.3MiB
  [regular] call 4 step 2: 0.179s (orig 0.180s) rc=1 demoted=0.0MiB read=0.0MiB
  [regular] call 5 step 3: 0.186s (orig 0.183s) rc=0 demoted=0.0MiB read=0.0MiB
  [regular] call 6 step 4: 0.183s (orig 0.180s) rc=0 demoted=0.0MiB read=0.0MiB
  [regular] call 7 step 5: 0.178s (orig 0.177s) rc=0 demoted=0.0MiB read=0.1MiB
  [regular] call 8 step 6: 0.180s (orig 0.181s) rc=0 demoted=0.0MiB read=0.0MiB
  [regular] call 9 step 7: 0.183s (orig 0.183s) rc=0 demoted=0.0MiB read=0.6MiB
  [regular] call 10 step 8: 0.186s (orig 0.181s) rc=0 demoted=0.0MiB read=0.0MiB
  [regular] call 11 step 9: 0.183s (orig 0.182s) rc=0 demoted=0.0MiB read=0.0MiB
  [regular] call 12 step 10: 0.184s (orig 0.182s) rc=0 demoted=0.0MiB read=0.0MiB
  [regular] call 13 step 11: 0.194s (orig 0.185s) rc=0 demoted=0.0MiB read=0.0MiB
  [regular] call 14 step 12: 0.183s (orig 0.177s) rc=0 demoted=0.0MiB read=0.0MiB
  [regular] call 15 step 13: 0.186s (orig 0.185s) rc=0 demoted=0.0MiB read=0.0MiB
  [regular] call 16 step 14: 0.183s (orig 0.179s) rc=0 demoted=0.0MiB read=0.0MiB
  [regular] call 17 step 15: 0.211s (orig 0.194s) rc=0 demoted=0.0MiB read=11.3MiB
  [regular] call 18 step 16: 0.184s (orig 0.176s) rc=0 demoted=0.0MiB read=0.0MiB
  [regular] call 19 step 17: 0.182s (orig 0.185s) rc=0 demoted=0.0MiB read=0.0MiB
  [regular] call 20 step 18: 0.182s (orig 0.183s) rc=0 demoted=0.0MiB read=0.0MiB
  [regular] call 21 step 21: 0.184s (orig 0.184s) rc=0 demoted=0.0MiB read=0.0MiB
  [regular] call 22 step 22: 0.178s (orig 0.181s) rc=0 demoted=0.0MiB read=0.0MiB
  [regular] call 23 step 23: 0.210s (orig 0.201s) rc=0 demoted=0.0MiB read=0.6MiB
  [regular] call 24 step 24: 0.182s (orig 0.180s) rc=0 demoted=0.0MiB read=0.0MiB
  [regular] call 25 step 25: 0.199s (orig 0.197s) rc=0 demoted=0.0MiB read=0.0MiB
  [regular] call 26 step 26: 0.181s (orig 0.179s) rc=0 demoted=0.0MiB read=0.0MiB
  [regular] call 27 step 27: 0.196s (orig 0.184s) rc=0 demoted=0.0MiB read=30.2MiB
  [regular] call 28 step 28: 0.181s (orig 0.180s) rc=0 demoted=0.0MiB read=0.0MiB
  [regular] call 29 step 29: 0.181s (orig 0.178s) rc=0 demoted=0.0MiB read=0.0MiB
[36/42] django__django-11141 regular: total=6.349342335 orig=5.616874345 mismatches=28 err=None
[36/42] django__django-11141 lazy
minisweagent.environment: DEBUG: Starting container with command: docker run -d --name   
minisweagent-a10a52b8 -w /testbed --rm                                                   
docker.io/swebench/sweb.eval.x86_64.django_1776_django-11141:latest sleep 2h             
minisweagent.environment: INFO: Started container minisweagent-a10a52b8 with ID          
d4591629a6ae240f2802e18bf2939cbb0452134aa2e362a08c826e05a305b069                         
  [lazy] call 1 step 1: 0.269s (orig 0.183s) rc=0 demoted=3.5MiB read=49.0MiB
  [lazy] call 2 step 1: 0.715s (orig 0.310s) rc=0 demoted=25.3MiB read=78.0MiB
  [lazy] call 3 step 1: 1.040s (orig 0.367s) rc=1 demoted=40.1MiB read=113.8MiB
  [lazy] call 4 step 2: 0.264s (orig 0.180s) rc=1 demoted=61.9MiB read=47.6MiB
  [lazy] call 5 step 3: 0.267s (orig 0.183s) rc=0 demoted=24.4MiB read=50.0MiB
  [lazy] call 6 step 4: 0.259s (orig 0.180s) rc=0 demoted=26.2MiB read=47.2MiB
  [lazy] call 7 step 5: 0.263s (orig 0.177s) rc=0 demoted=24.3MiB read=47.3MiB
  [lazy] call 8 step 6: 0.257s (orig 0.181s) rc=0 demoted=25.5MiB read=44.6MiB
  [lazy] call 9 step 7: 0.264s (orig 0.183s) rc=0 demoted=22.8MiB read=46.7MiB
  [lazy] call 10 step 8: 0.259s (orig 0.181s) rc=0 demoted=24.2MiB read=47.2MiB
  [lazy] call 11 step 9: 0.260s (orig 0.182s) rc=0 demoted=24.2MiB read=47.4MiB
  [lazy] call 12 step 10: 0.262s (orig 0.182s) rc=0 demoted=24.6MiB read=47.3MiB
  [lazy] call 13 step 11: 0.264s (orig 0.185s) rc=0 demoted=24.7MiB read=48.1MiB
  [lazy] call 14 step 12: 0.261s (orig 0.177s) rc=0 demoted=25.0MiB read=47.1MiB
  [lazy] call 15 step 13: 0.267s (orig 0.185s) rc=0 demoted=24.1MiB read=47.9MiB
  [lazy] call 16 step 14: 0.261s (orig 0.179s) rc=0 demoted=24.9MiB read=47.1MiB
  [lazy] call 17 step 15: 0.282s (orig 0.194s) rc=0 demoted=24.2MiB read=57.2MiB
  [lazy] call 18 step 16: 0.257s (orig 0.176s) rc=0 demoted=29.2MiB read=47.1MiB
  [lazy] call 19 step 17: 0.266s (orig 0.185s) rc=0 demoted=24.0MiB read=48.0MiB
  [lazy] call 20 step 18: 0.257s (orig 0.183s) rc=0 demoted=25.6MiB read=45.8MiB
  [lazy] call 21 step 21: 0.269s (orig 0.184s) rc=0 demoted=23.6MiB read=47.8MiB
  [lazy] call 22 step 22: 0.259s (orig 0.181s) rc=0 demoted=24.8MiB read=47.0MiB
  [lazy] call 23 step 23: 0.294s (orig 0.201s) rc=0 demoted=24.1MiB read=57.6MiB
  [lazy] call 24 step 24: 0.262s (orig 0.180s) rc=0 demoted=29.3MiB read=47.0MiB
  [lazy] call 25 step 25: 0.288s (orig 0.197s) rc=0 demoted=24.0MiB read=57.2MiB
  [lazy] call 26 step 26: 0.262s (orig 0.179s) rc=0 demoted=29.2MiB read=46.9MiB
  [lazy] call 27 step 27: 0.274s (orig 0.184s) rc=0 demoted=24.0MiB read=77.3MiB
  [lazy] call 28 step 28: 0.262s (orig 0.180s) rc=0 demoted=39.5MiB read=45.9MiB
  [lazy] call 29 step 29: 0.261s (orig 0.178s) rc=0 demoted=23.4MiB read=45.6MiB
[36/42] django__django-11141 lazy: total=8.922495576000001 orig=5.616874345 mismatches=28 err=None
[37/42] django__django-11149 regular
minisweagent.environment: DEBUG: Starting container with command: docker run -d --name   
minisweagent-64990ef9 -w /testbed --rm                                                   
docker.io/swebench/sweb.eval.x86_64.django_1776_django-11149:latest sleep 2h             
minisweagent.environment: INFO: Started container minisweagent-64990ef9 with ID          
e3db5cc83d5175ffb4439c1d104ae95401f54ee6ff265714295669937dc0abb3                         
  [regular] call 1 step 1: 0.716s (orig 0.311s) rc=0 demoted=0.0MiB read=71.8MiB
  [regular] call 2 step 2: 0.184s (orig 0.182s) rc=0 demoted=0.0MiB read=0.3MiB
  [regular] call 3 step 3: 0.181s (orig 0.177s) rc=0 demoted=0.0MiB read=0.0MiB
  [regular] call 4 step 4: 0.187s (orig 0.175s) rc=0 demoted=0.0MiB read=0.0MiB
  [regular] call 5 step 5: 0.183s (orig 0.181s) rc=0 demoted=0.0MiB read=0.0MiB
  [regular] call 6 step 6: 0.179s (orig 0.181s) rc=0 demoted=0.0MiB read=0.0MiB
  [regular] call 7 step 7: 0.186s (orig 0.180s) rc=0 demoted=0.0MiB read=0.0MiB
  [regular] call 8 step 8: 0.184s (orig 0.181s) rc=0 demoted=0.0MiB read=0.0MiB
  [regular] call 9 step 9: 0.181s (orig 0.181s) rc=0 demoted=0.0MiB read=0.0MiB
  [regular] call 10 step 10: 0.183s (orig 0.181s) rc=0 demoted=0.0MiB read=0.0MiB
  [regular] call 11 step 11: 0.183s (orig 0.184s) rc=0 demoted=0.0MiB read=0.0MiB
  [regular] call 12 step 12: 0.181s (orig 0.181s) rc=0 demoted=0.0MiB read=0.0MiB
  [regular] call 13 step 13: 0.890s (orig 0.768s) rc=1 demoted=0.0MiB read=68.5MiB
  [regular] call 14 step 14: 0.183s (orig 0.177s) rc=0 demoted=0.0MiB read=0.1MiB
  [regular] call 15 step 15: 0.187s (orig 0.179s) rc=0 demoted=0.0MiB read=0.0MiB
  [regular] call 16 step 16: 0.185s (orig 0.180s) rc=0 demoted=0.0MiB read=0.3MiB
  [regular] call 17 step 17: 0.179s (orig 0.179s) rc=0 demoted=0.0MiB read=0.0MiB
  [regular] call 18 step 18: 0.542s (orig 0.534s) rc=1 demoted=0.0MiB read=0.1MiB
  [regular] call 19 step 19: 0.648s (orig 0.649s) rc=0 demoted=0.0MiB read=0.5MiB
  [regular] call 20 step 20: 0.536s (orig 0.519s) rc=1 demoted=0.0MiB read=0.0MiB
  [regular] call 21 step 21: 0.544s (orig 0.512s) rc=1 demoted=0.0MiB read=1.8MiB
  [regular] call 22 step 22: 0.184s (orig 0.178s) rc=0 demoted=0.0MiB read=0.0MiB
  [regular] call 23 step 23: 0.621s (orig 0.617s) rc=0 demoted=0.0MiB read=0.0MiB
  [regular] call 24 step 24: 0.538s (orig 0.518s) rc=1 demoted=0.0MiB read=0.0MiB
  [regular] call 25 step 25: 0.185s (orig 0.182s) rc=0 demoted=0.0MiB read=0.0MiB
  [regular] call 26 step 26: 0.192s (orig 0.191s) rc=2 demoted=0.0MiB read=0.0MiB
  [regular] call 27 step 27: 0.181s (orig 0.181s) rc=0 demoted=0.0MiB read=0.0MiB
  [regular] call 28 step 28: 0.502s (orig 0.487s) rc=1 demoted=0.0MiB read=0.0MiB
  [regular] call 29 step 29: 0.186s (orig 0.183s) rc=0 demoted=0.0MiB read=0.0MiB
  [regular] call 30 step 30: 0.188s (orig 0.180s) rc=0 demoted=0.0MiB read=0.0MiB
  [regular] call 31 step 31: 0.508s (orig 0.484s) rc=1 demoted=0.0MiB read=0.1MiB
  [regular] call 32 step 32: 0.185s (orig 0.182s) rc=0 demoted=0.0MiB read=0.0MiB
  [regular] call 33 step 33: 0.570s (orig 0.562s) rc=1 demoted=0.0MiB read=0.2MiB
  [regular] call 34 step 34: 0.635s (orig 0.633s) rc=0 demoted=0.0MiB read=0.0MiB
  [regular] call 35 step 35: 0.553s (orig 0.533s) rc=1 demoted=0.0MiB read=0.0MiB
  [regular] call 36 step 36: 0.485s (orig 0.464s) rc=0 demoted=0.0MiB read=0.0MiB
  [regular] call 37 step 37: 0.185s (orig 0.179s) rc=0 demoted=0.0MiB read=0.0MiB
  [regular] call 38 step 38: 0.969s (orig 0.968s) rc=0 demoted=0.0MiB read=0.0MiB
  [regular] call 39 step 39: 0.563s (orig 0.553s) rc=1 demoted=0.0MiB read=0.0MiB
  [regular] call 40 step 40: 0.193s (orig 0.178s) rc=0 demoted=0.0MiB read=0.0MiB
  [regular] call 41 step 41: 0.560s (orig 0.556s) rc=1 demoted=0.0MiB read=0.0MiB
  [regular] call 42 step 42: 0.189s (orig 0.183s) rc=0 demoted=0.0MiB read=0.0MiB
  [regular] call 43 step 43: 0.518s (orig 0.494s) rc=0 demoted=0.0MiB read=0.0MiB
  [regular] call 44 step 45: 0.185s (orig 0.178s) rc=0 demoted=0.0MiB read=0.3MiB
  [regular] call 45 step 46: 0.192s (orig 0.189s) rc=0 demoted=0.0MiB read=0.0MiB
  [regular] call 46 step 47: 0.186s (orig 0.178s) rc=0 demoted=0.0MiB read=0.0MiB
  [regular] call 47 step 48: 0.184s (orig 0.184s) rc=1 demoted=0.0MiB read=0.0MiB
  [regular] call 48 step 49: 0.183s (orig 0.175s) rc=1 demoted=0.0MiB read=0.0MiB
  [regular] call 49 step 50: 0.183s (orig 0.178s) rc=0 demoted=0.0MiB read=0.0MiB
  [regular] call 50 step 51: 0.186s (orig 0.178s) rc=0 demoted=0.0MiB read=0.0MiB
  [regular] call 51 step 52: 0.186s (orig 0.182s) rc=1 demoted=0.0MiB read=0.0MiB
  [regular] call 52 step 53: 0.187s (orig 0.184s) rc=0 demoted=0.0MiB read=0.0MiB
  [regular] call 53 step 54: 0.180s (orig 0.180s) rc=1 demoted=0.0MiB read=0.0MiB
  [regular] call 54 step 55: 0.189s (orig 0.176s) rc=0 demoted=0.0MiB read=0.0MiB
  [regular] call 55 step 56: 0.184s (orig 0.181s) rc=0 demoted=0.0MiB read=0.0MiB
  [regular] call 56 step 57: 0.275s (orig 0.204s) rc=0 demoted=0.0MiB read=12.3MiB
  [regular] call 57 step 58: 0.215s (orig 0.204s) rc=1 demoted=0.0MiB read=0.0MiB
  [regular] call 58 step 59: 0.208s (orig 0.196s) rc=1 demoted=0.0MiB read=0.0MiB
  [regular] call 59 step 60: 0.187s (orig 0.181s) rc=0 demoted=0.0MiB read=0.0MiB
  [regular] call 60 step 61: 0.181s (orig 0.175s) rc=0 demoted=0.0MiB read=0.0MiB
  [regular] call 61 step 62: 0.183s (orig 0.176s) rc=0 demoted=0.0MiB read=0.0MiB
  [regular] call 62 step 63: 0.182s (orig 0.179s) rc=0 demoted=0.0MiB read=0.0MiB
  [regular] call 63 step 64: 0.199s (orig 0.187s) rc=0 demoted=0.0MiB read=18.9MiB
  [regular] call 64 step 65: 0.184s (orig 0.180s) rc=0 demoted=0.0MiB read=0.0MiB
  [regular] call 65 step 67: 0.184s (orig 0.191s) rc=0 demoted=0.0MiB read=0.0MiB
[37/42] django__django-11149 regular: total=19.734051174 orig=18.710435116 mismatches=64 err=None
[37/42] django__django-11149 lazy
minisweagent.environment: DEBUG: Starting container with command: docker run -d --name   
minisweagent-c0c21652 -w /testbed --rm                                                   
docker.io/swebench/sweb.eval.x86_64.django_1776_django-11149:latest sleep 2h             
minisweagent.environment: INFO: Started container minisweagent-c0c21652 with ID          
c958e86507c9515dc66d72fc76cdf9f01167421eed447dc336daff9fbc74f481                         
  [lazy] call 1 step 1: 0.727s (orig 0.311s) rc=0 demoted=3.4MiB read=77.2MiB
  [lazy] call 2 step 2: 0.264s (orig 0.182s) rc=0 demoted=39.4MiB read=48.2MiB
  [lazy] call 3 step 3: 0.256s (orig 0.177s) rc=0 demoted=25.5MiB read=46.2MiB
  [lazy] call 4 step 4: 0.259s (orig 0.175s) rc=0 demoted=24.7MiB read=46.7MiB
  [lazy] call 5 step 5: 0.258s (orig 0.181s) rc=0 demoted=23.9MiB read=47.0MiB
  [lazy] call 6 step 6: 0.260s (orig 0.181s) rc=0 demoted=24.2MiB read=47.0MiB
  [lazy] call 7 step 7: 0.261s (orig 0.180s) rc=0 demoted=24.1MiB read=47.1MiB
  [lazy] call 8 step 8: 0.261s (orig 0.181s) rc=0 demoted=23.9MiB read=47.2MiB
  [lazy] call 9 step 9: 0.262s (orig 0.181s) rc=0 demoted=24.2MiB read=47.1MiB
  [lazy] call 10 step 10: 0.267s (orig 0.181s) rc=0 demoted=24.0MiB read=47.1MiB
  [lazy] call 11 step 11: 0.256s (orig 0.184s) rc=0 demoted=23.9MiB read=45.6MiB
  [lazy] call 12 step 12: 0.258s (orig 0.181s) rc=0 demoted=23.5MiB read=45.7MiB
  [lazy] call 13 step 13: 0.977s (orig 0.768s) rc=1 demoted=23.7MiB read=118.8MiB
  [lazy] call 14 step 14: 0.259s (orig 0.177s) rc=0 demoted=62.9MiB read=47.4MiB
  [lazy] call 15 step 15: 0.262s (orig 0.179s) rc=0 demoted=25.9MiB read=44.8MiB
  [lazy] call 16 step 16: 0.262s (orig 0.180s) rc=0 demoted=23.9MiB read=46.0MiB
  [lazy] call 17 step 17: 0.257s (orig 0.179s) rc=0 demoted=24.5MiB read=44.4MiB
  [lazy] call 18 step 18: 0.754s (orig 0.534s) rc=1 demoted=23.7MiB read=116.9MiB
  [lazy] call 19 step 19: 0.843s (orig 0.649s) rc=0 demoted=61.5MiB read=116.8MiB
  [lazy] call 20 step 20: 0.751s (orig 0.519s) rc=1 demoted=59.9MiB read=119.3MiB
  [lazy] call 21 step 21: 0.752s (orig 0.512s) rc=1 demoted=62.9MiB read=116.4MiB
  [lazy] call 22 step 22: 0.261s (orig 0.178s) rc=0 demoted=59.2MiB read=45.8MiB
  [lazy] call 23 step 23: 0.837s (orig 0.617s) rc=0 demoted=23.4MiB read=117.9MiB
  [lazy] call 24 step 24: 0.742s (orig 0.518s) rc=1 demoted=62.8MiB read=116.3MiB
  [lazy] call 25 step 25: 0.264s (orig 0.182s) rc=0 demoted=62.3MiB read=47.5MiB
  [lazy] call 26 step 26: 0.275s (orig 0.191s) rc=2 demoted=25.3MiB read=51.9MiB
  [lazy] call 27 step 27: 0.260s (orig 0.181s) rc=0 demoted=26.5MiB read=45.8MiB
  [lazy] call 28 step 28: 0.694s (orig 0.487s) rc=1 demoted=23.6MiB read=117.6MiB
  [lazy] call 29 step 29: 0.263s (orig 0.183s) rc=0 demoted=59.3MiB read=47.7MiB
  [lazy] call 30 step 30: 0.261s (orig 0.180s) rc=0 demoted=24.4MiB read=47.6MiB
  [lazy] call 31 step 31: 0.715s (orig 0.484s) rc=1 demoted=24.6MiB read=117.7MiB
  [lazy] call 32 step 32: 0.259s (orig 0.182s) rc=0 demoted=59.6MiB read=46.0MiB
  [lazy] call 33 step 33: 0.772s (orig 0.562s) rc=1 demoted=23.6MiB read=118.6MiB
  [lazy] call 34 step 34: 0.845s (orig 0.633s) rc=0 demoted=61.1MiB read=118.4MiB
  [lazy] call 35 step 35: 0.757s (orig 0.533s) rc=1 demoted=62.6MiB read=115.5MiB
  [lazy] call 36 step 36: 0.689s (orig 0.464s) rc=0 demoted=58.9MiB read=118.3MiB
  [lazy] call 37 step 37: 0.259s (orig 0.179s) rc=0 demoted=59.6MiB read=48.1MiB
  [lazy] call 38 step 38: 1.186s (orig 0.968s) rc=0 demoted=24.6MiB read=117.9MiB
  [lazy] call 39 step 39: 0.765s (orig 0.553s) rc=1 demoted=62.4MiB read=113.1MiB
  [lazy] call 40 step 40: 0.257s (orig 0.178s) rc=0 demoted=60.0MiB read=44.4MiB
  [lazy] call 41 step 41: 0.747s (orig 0.556s) rc=1 demoted=23.5MiB read=109.7MiB
  [lazy] call 42 step 42: 0.259s (orig 0.183s) rc=0 demoted=57.9MiB read=43.9MiB
  [lazy] call 43 step 43: 0.722s (orig 0.494s) rc=0 demoted=22.6MiB read=118.4MiB
  [lazy] call 44 step 45: 0.268s (orig 0.178s) rc=0 demoted=59.7MiB read=48.1MiB
  [lazy] call 45 step 46: 0.268s (orig 0.189s) rc=0 demoted=25.0MiB read=48.3MiB
  [lazy] call 46 step 47: 0.259s (orig 0.178s) rc=0 demoted=25.3MiB read=47.6MiB
  [lazy] call 47 step 48: 0.266s (orig 0.184s) rc=1 demoted=24.4MiB read=47.4MiB
  [lazy] call 48 step 49: 0.259s (orig 0.175s) rc=1 demoted=24.5MiB read=47.4MiB
  [lazy] call 49 step 50: 0.259s (orig 0.178s) rc=0 demoted=24.6MiB read=47.4MiB
  [lazy] call 50 step 51: 0.261s (orig 0.178s) rc=0 demoted=24.6MiB read=47.4MiB
  [lazy] call 51 step 52: 0.260s (orig 0.182s) rc=1 demoted=24.4MiB read=47.1MiB
  [lazy] call 52 step 53: 0.261s (orig 0.184s) rc=0 demoted=24.5MiB read=47.1MiB
  [lazy] call 53 step 54: 0.264s (orig 0.180s) rc=1 demoted=25.0MiB read=46.2MiB
  [lazy] call 54 step 55: 0.257s (orig 0.176s) rc=0 demoted=24.9MiB read=46.5MiB
  [lazy] call 55 step 56: 0.264s (orig 0.181s) rc=0 demoted=24.3MiB read=47.9MiB
  [lazy] call 56 step 57: 0.381s (orig 0.204s) rc=0 demoted=24.4MiB read=63.3MiB
  [lazy] call 57 step 58: 0.377s (orig 0.204s) rc=1 demoted=32.0MiB read=62.7MiB
  [lazy] call 58 step 59: 0.377s (orig 0.196s) rc=1 demoted=32.1MiB read=63.0MiB
  [lazy] call 59 step 60: 0.259s (orig 0.181s) rc=0 demoted=32.1MiB read=47.0MiB
  [lazy] call 60 step 61: 0.258s (orig 0.175s) rc=0 demoted=24.1MiB read=46.3MiB
  [lazy] call 61 step 62: 0.258s (orig 0.176s) rc=0 demoted=24.6MiB read=46.2MiB
  [lazy] call 62 step 63: 0.257s (orig 0.179s) rc=0 demoted=23.7MiB read=47.1MiB
  [lazy] call 63 step 64: 0.281s (orig 0.187s) rc=0 demoted=24.2MiB read=81.8MiB
  [lazy] call 64 step 65: 0.259s (orig 0.180s) rc=0 demoted=41.5MiB read=45.7MiB
  [lazy] call 65 step 67: 0.248s (orig 0.191s) rc=0 demoted=23.3MiB read=41.3MiB
[37/42] django__django-11149 lazy: total=26.891763914000002 orig=18.710435116 mismatches=64 err=None
[38/42] django__django-11163 regular
minisweagent.environment: DEBUG: Starting container with command: docker run -d --name   
minisweagent-45c56c94 -w /testbed --rm                                                   
docker.io/swebench/sweb.eval.x86_64.django_1776_django-11163:latest sleep 2h             
minisweagent.environment: INFO: Started container minisweagent-45c56c94 with ID          
84bc07f559f2149740d27bd32ba7961a8ee6b9191ac5b4d96c64dedc0c09c80b                         
  [regular] call 1 step 1: 1.029s (orig 0.383s) rc=0 demoted=0.0MiB read=106.6MiB
  [regular] call 2 step 2: 0.185s (orig 0.180s) rc=0 demoted=0.0MiB read=0.0MiB
  [regular] call 3 step 3: 0.189s (orig 0.180s) rc=0 demoted=0.0MiB read=0.3MiB
  [regular] call 4 step 4: 0.180s (orig 0.181s) rc=0 demoted=0.0MiB read=0.0MiB
  [regular] call 5 step 5: 0.204s (orig 0.188s) rc=0 demoted=0.0MiB read=34.4MiB
  [regular] call 6 step 6: 0.184s (orig 0.183s) rc=0 demoted=0.0MiB read=0.1MiB
  [regular] call 7 step 8: 0.185s (orig 0.180s) rc=0 demoted=0.0MiB read=0.0MiB
[38/42] django__django-11163 regular: total=2.15754793 orig=1.4746284010000001 mismatches=6 err=None
[38/42] django__django-11163 lazy
minisweagent.environment: DEBUG: Starting container with command: docker run -d --name   
minisweagent-5cd534f5 -w /testbed --rm                                                   
docker.io/swebench/sweb.eval.x86_64.django_1776_django-11163:latest sleep 2h             
minisweagent.environment: INFO: Started container minisweagent-5cd534f5 with ID          
bba9b8e89d41657e005f0ea4d2af72127db42dff7c4438d409e65c45ac02df41                         
  [lazy] call 1 step 1: 1.040s (orig 0.383s) rc=0 demoted=3.3MiB read=110.8MiB
  [lazy] call 2 step 2: 0.260s (orig 0.180s) rc=0 demoted=67.1MiB read=46.2MiB
  [lazy] call 3 step 3: 0.262s (orig 0.180s) rc=0 demoted=23.9MiB read=47.1MiB
  [lazy] call 4 step 4: 0.261s (orig 0.181s) rc=0 demoted=24.2MiB read=46.1MiB
  [lazy] call 5 step 5: 0.279s (orig 0.188s) rc=0 demoted=23.5MiB read=80.2MiB
  [lazy] call 6 step 6: 0.254s (orig 0.183s) rc=0 demoted=41.7MiB read=43.1MiB
  [lazy] call 7 step 8: 0.257s (orig 0.180s) rc=0 demoted=22.0MiB read=44.2MiB
[38/42] django__django-11163 lazy: total=2.611638155 orig=1.4746284010000001 mismatches=6 err=None
[39/42] django__django-11179 regular
minisweagent.environment: DEBUG: Starting container with command: docker run -d --name   
minisweagent-87247f7b -w /testbed --rm                                                   
docker.io/swebench/sweb.eval.x86_64.django_1776_django-11179:latest sleep 2h             
minisweagent.environment: INFO: Started container minisweagent-87247f7b with ID          
5db0b3171512c0d605f30a03d544e78938dbe8896413c37cbc3758227198d858                         
  [regular] call 1 step 1: 0.269s (orig 0.187s) rc=0 demoted=0.0MiB read=42.2MiB
  [regular] call 2 step 2: 0.186s (orig 0.184s) rc=0 demoted=0.0MiB read=0.3MiB
  [regular] call 3 step 3: 0.185s (orig 0.180s) rc=0 demoted=0.0MiB read=1.5MiB
  [regular] call 4 step 4: 0.188s (orig 0.186s) rc=0 demoted=0.0MiB read=0.0MiB
  [regular] call 5 step 5: 0.185s (orig 0.179s) rc=0 demoted=0.0MiB read=0.3MiB
  [regular] call 6 step 6: 0.186s (orig 0.183s) rc=0 demoted=0.0MiB read=0.0MiB
  [regular] call 7 step 7: 0.190s (orig 0.179s) rc=0 demoted=0.0MiB read=0.0MiB
  [regular] call 8 step 8: 0.203s (orig 0.183s) rc=0 demoted=0.0MiB read=30.5MiB
  [regular] call 9 step 9: 0.181s (orig 0.180s) rc=0 demoted=0.0MiB read=0.1MiB
  [regular] call 10 step 10: 0.182s (orig 0.176s) rc=0 demoted=0.0MiB read=0.0MiB
[39/42] django__django-11179 regular: total=1.95476516 orig=1.8155738049999999 mismatches=9 err=None
[39/42] django__django-11179 lazy
minisweagent.environment: DEBUG: Starting container with command: docker run -d --name   
minisweagent-48524c91 -w /testbed --rm                                                   
docker.io/swebench/sweb.eval.x86_64.django_1776_django-11179:latest sleep 2h             
minisweagent.environment: INFO: Started container minisweagent-48524c91 with ID          
335b29bbdadbd2654925713b34b36bb803809a40334c41f173069e4fe9e58b36                         
  [lazy] call 1 step 1: 0.269s (orig 0.187s) rc=0 demoted=2.9MiB read=47.4MiB
  [lazy] call 2 step 2: 0.264s (orig 0.184s) rc=0 demoted=24.1MiB read=46.6MiB
  [lazy] call 3 step 3: 0.257s (orig 0.180s) rc=0 demoted=24.0MiB read=46.3MiB
  [lazy] call 4 step 4: 0.257s (orig 0.186s) rc=0 demoted=24.1MiB read=46.2MiB
  [lazy] call 5 step 5: 0.259s (orig 0.179s) rc=0 demoted=23.9MiB read=46.6MiB
  [lazy] call 6 step 6: 0.260s (orig 0.183s) rc=0 demoted=23.7MiB read=45.9MiB
  [lazy] call 7 step 7: 0.262s (orig 0.179s) rc=0 demoted=23.7MiB read=46.6MiB
  [lazy] call 8 step 8: 0.269s (orig 0.183s) rc=0 demoted=24.9MiB read=75.6MiB
  [lazy] call 9 step 9: 0.256s (orig 0.180s) rc=0 demoted=38.4MiB read=44.2MiB
  [lazy] call 10 step 10: 0.257s (orig 0.176s) rc=0 demoted=22.8MiB read=44.4MiB
[39/42] django__django-11179 lazy: total=2.6103065780000003 orig=1.8155738049999999 mismatches=9 err=None
[40/42] django__django-11206 regular
minisweagent.environment: DEBUG: Starting container with command: docker run -d --name   
minisweagent-e379504b -w /testbed --rm                                                   
docker.io/swebench/sweb.eval.x86_64.django_1776_django-11206:latest sleep 2h             
minisweagent.environment: INFO: Started container minisweagent-e379504b with ID          
cabe7a9b387fd40fb054a79068f670eff93835d013b5bc1397099353d5a77e9c                         
  [regular] call 1 step 1: 0.716s (orig 0.308s) rc=0 demoted=0.0MiB read=72.1MiB
  [regular] call 2 step 2: 0.184s (orig 0.176s) rc=0 demoted=0.0MiB read=0.1MiB
  [regular] call 3 step 3: 0.182s (orig 0.177s) rc=0 demoted=0.0MiB read=0.0MiB
  [regular] call 4 step 4: 0.209s (orig 0.192s) rc=1 demoted=0.0MiB read=11.3MiB
  [regular] call 5 step 5: 0.186s (orig 0.174s) rc=0 demoted=0.0MiB read=0.0MiB
  [regular] call 6 step 6: 0.263s (orig 0.240s) rc=1 demoted=0.0MiB read=23.6MiB
  [regular] call 7 step 7: 0.183s (orig 0.176s) rc=0 demoted=0.0MiB read=0.0MiB
  [regular] call 8 step 8: 0.232s (orig 0.234s) rc=0 demoted=0.0MiB read=0.0MiB
  [regular] call 9 step 9: 0.186s (orig 0.186s) rc=0 demoted=0.0MiB read=0.6MiB
  [regular] call 10 step 10: 0.185s (orig 0.178s) rc=0 demoted=0.0MiB read=0.0MiB
  [regular] call 11 step 11: 0.236s (orig 0.229s) rc=0 demoted=0.0MiB read=0.0MiB
  [regular] call 12 step 12: 0.181s (orig 0.179s) rc=0 demoted=0.0MiB read=0.0MiB
  [regular] call 13 step 13: 0.233s (orig 0.229s) rc=0 demoted=0.0MiB read=0.0MiB
  [regular] call 14 step 14: 0.190s (orig 0.182s) rc=0 demoted=0.0MiB read=14.7MiB
  [regular] call 15 step 15: 0.184s (orig 0.177s) rc=0 demoted=0.0MiB read=0.0MiB
  [regular] call 16 step 16: 0.184s (orig 0.180s) rc=0 demoted=0.0MiB read=0.0MiB
[40/42] django__django-11206 regular: total=3.7343520349999997 orig=3.217221616 mismatches=15 err=None
[40/42] django__django-11206 lazy
minisweagent.environment: DEBUG: Starting container with command: docker run -d --name   
minisweagent-8d93b8b7 -w /testbed --rm                                                   
docker.io/swebench/sweb.eval.x86_64.django_1776_django-11206:latest sleep 2h             
minisweagent.environment: INFO: Started container minisweagent-8d93b8b7 with ID          
2117d165cc7868969867500e251645ed93c84f0bcbabb407616f682246df8146                         
  [lazy] call 1 step 1: 0.717s (orig 0.308s) rc=0 demoted=3.2MiB read=76.7MiB
  [lazy] call 2 step 2: 0.263s (orig 0.176s) rc=0 demoted=39.0MiB read=45.2MiB
  [lazy] call 3 step 3: 0.250s (orig 0.177s) rc=0 demoted=23.0MiB read=43.3MiB
  [lazy] call 4 step 4: 0.274s (orig 0.192s) rc=1 demoted=22.9MiB read=54.5MiB
  [lazy] call 5 step 5: 0.266s (orig 0.174s) rc=0 demoted=27.7MiB read=44.9MiB
  [lazy] call 6 step 6: 0.347s (orig 0.240s) rc=1 demoted=22.9MiB read=81.5MiB
  [lazy] call 7 step 7: 0.255s (orig 0.176s) rc=0 demoted=41.1MiB read=45.0MiB
  [lazy] call 8 step 8: 0.342s (orig 0.234s) rc=0 demoted=23.0MiB read=81.4MiB
  [lazy] call 9 step 9: 0.258s (orig 0.186s) rc=0 demoted=41.1MiB read=47.0MiB
  [lazy] call 10 step 10: 0.264s (orig 0.178s) rc=0 demoted=24.1MiB read=45.3MiB
  [lazy] call 11 step 11: 0.343s (orig 0.229s) rc=0 demoted=23.3MiB read=81.5MiB
  [lazy] call 12 step 12: 0.262s (orig 0.179s) rc=0 demoted=41.1MiB read=44.7MiB
  [lazy] call 13 step 13: 0.339s (orig 0.229s) rc=0 demoted=22.9MiB read=81.1MiB
  [lazy] call 14 step 14: 0.280s (orig 0.182s) rc=0 demoted=41.4MiB read=77.3MiB
  [lazy] call 15 step 15: 0.260s (orig 0.177s) rc=0 demoted=39.3MiB read=45.3MiB
  [lazy] call 16 step 16: 0.260s (orig 0.180s) rc=0 demoted=23.0MiB read=45.0MiB
[40/42] django__django-11206 lazy: total=4.979822599 orig=3.217221616 mismatches=15 err=None
[41/42] django__django-11211 regular
minisweagent.environment: DEBUG: Starting container with command: docker run -d --name   
minisweagent-7bc6391b -w /testbed --rm                                                   
docker.io/swebench/sweb.eval.x86_64.django_1776_django-11211:latest sleep 2h             
minisweagent.environment: INFO: Started container minisweagent-7bc6391b with ID          
7c505c3ee10be8a285d4f3268088e58d30590ec2771eae16b269ae72d6d51cd2                         
  [regular] call 1 step 1: 0.266s (orig 0.185s) rc=0 demoted=0.0MiB read=42.8MiB
  [regular] call 2 step 1: 0.633s (orig 0.306s) rc=0 demoted=0.0MiB read=28.6MiB
  [regular] call 3 step 2: 0.602s (orig 0.367s) rc=0 demoted=0.0MiB read=35.6MiB
  [regular] call 4 step 3: 0.353s (orig 0.356s) rc=0 demoted=0.0MiB read=0.0MiB
  [regular] call 5 step 4: 0.193s (orig 0.184s) rc=0 demoted=0.0MiB read=0.1MiB
  [regular] call 6 step 5: 0.182s (orig 0.181s) rc=0 demoted=0.0MiB read=0.0MiB
  [regular] call 7 step 6: 0.285s (orig 0.283s) rc=0 demoted=0.0MiB read=0.0MiB
  [regular] call 8 step 7: 0.188s (orig 0.177s) rc=0 demoted=0.0MiB read=0.0MiB
  [regular] call 9 step 8: 0.292s (orig 0.286s) rc=0 demoted=0.0MiB read=0.0MiB
  [regular] call 10 step 9: 0.183s (orig 0.179s) rc=0 demoted=0.0MiB read=0.0MiB
  [regular] call 11 step 10: 0.185s (orig 0.174s) rc=0 demoted=0.0MiB read=0.0MiB
  [regular] call 12 step 11: 0.182s (orig 0.176s) rc=0 demoted=0.0MiB read=0.0MiB
  [regular] call 13 step 12: 0.185s (orig 0.183s) rc=0 demoted=0.0MiB read=0.0MiB
  [regular] call 14 step 13: 0.185s (orig 0.181s) rc=0 demoted=0.0MiB read=0.0MiB
  [regular] call 15 step 14: 0.290s (orig 0.289s) rc=0 demoted=0.0MiB read=0.0MiB
  [regular] call 16 step 15: 0.180s (orig 0.180s) rc=0 demoted=0.0MiB read=0.0MiB
  [regular] call 17 step 16: 0.186s (orig 0.182s) rc=0 demoted=0.0MiB read=0.0MiB
  [regular] call 18 step 17: 0.182s (orig 0.176s) rc=0 demoted=0.0MiB read=0.0MiB
  [regular] call 19 step 18: 0.187s (orig 0.178s) rc=1 demoted=0.0MiB read=0.0MiB
  [regular] call 20 step 19: 0.186s (orig 0.179s) rc=0 demoted=0.0MiB read=0.0MiB
  [regular] call 21 step 20: 0.186s (orig 0.176s) rc=0 demoted=0.0MiB read=0.3MiB
  [regular] call 22 step 21: 0.182s (orig 0.179s) rc=1 demoted=0.0MiB read=0.0MiB
  [regular] call 23 step 23: 0.191s (orig 0.176s) rc=1 demoted=0.0MiB read=0.0MiB
  [regular] call 24 step 24: 0.181s (orig 0.182s) rc=0 demoted=0.0MiB read=0.0MiB
  [regular] call 25 step 25: 0.184s (orig 0.176s) rc=0 demoted=0.0MiB read=0.0MiB
  [regular] call 26 step 26: 0.212s (orig 0.205s) rc=0 demoted=0.0MiB read=0.0MiB
  [regular] call 27 step 27: 0.213s (orig 0.206s) rc=0 demoted=0.0MiB read=0.0MiB
  [regular] call 28 step 28: 0.188s (orig 0.174s) rc=0 demoted=0.0MiB read=0.0MiB
  [regular] call 29 step 29: 0.182s (orig 0.178s) rc=0 demoted=0.0MiB read=0.0MiB
  [regular] call 30 step 30: 0.182s (orig 0.176s) rc=0 demoted=0.0MiB read=0.0MiB
  [regular] call 31 step 31: 0.183s (orig 0.175s) rc=0 demoted=0.0MiB read=0.0MiB
  [regular] call 32 step 32: 0.186s (orig 0.181s) rc=0 demoted=0.0MiB read=0.0MiB
  [regular] call 33 step 33: 0.615s (orig 0.546s) rc=1 demoted=0.0MiB read=55.8MiB
  [regular] call 34 step 34: 0.179s (orig 0.177s) rc=0 demoted=0.0MiB read=0.0MiB
  [regular] call 35 step 35: 0.631s (orig 0.588s) rc=1 demoted=0.0MiB read=8.2MiB
  [regular] call 36 step 36: 0.179s (orig 0.176s) rc=0 demoted=0.0MiB read=0.0MiB
  [regular] call 37 step 37: 0.457s (orig 0.447s) rc=0 demoted=0.0MiB read=0.0MiB
  [regular] call 38 step 38: 0.187s (orig 0.179s) rc=0 demoted=0.0MiB read=0.0MiB
  [regular] call 39 step 39: 0.188s (orig 0.181s) rc=0 demoted=0.0MiB read=0.1MiB
  [regular] call 40 step 40: 0.181s (orig 0.181s) rc=0 demoted=0.0MiB read=0.0MiB
  [regular] call 41 step 41: 0.522s (orig 0.517s) rc=1 demoted=0.0MiB read=0.0MiB
  [regular] call 42 step 42: 0.180s (orig 0.182s) rc=0 demoted=0.0MiB read=0.0MiB
  [regular] call 43 step 43: 0.561s (orig 0.554s) rc=1 demoted=0.0MiB read=0.0MiB
  [regular] call 44 step 44: 0.187s (orig 0.181s) rc=0 demoted=0.0MiB read=0.0MiB
  [regular] call 45 step 45: 0.587s (orig 0.575s) rc=1 demoted=0.0MiB read=0.0MiB
  [regular] call 46 step 46: 0.186s (orig 0.180s) rc=2 demoted=0.0MiB read=0.0MiB
  [regular] call 47 step 47: 0.184s (orig 0.178s) rc=0 demoted=0.0MiB read=0.0MiB
  [regular] call 48 step 48: 0.197s (orig 0.192s) rc=1 demoted=0.0MiB read=0.0MiB
  [regular] call 49 step 49: 0.185s (orig 0.177s) rc=0 demoted=0.0MiB read=0.0MiB
  [regular] call 50 step 50: 0.196s (orig 0.192s) rc=1 demoted=0.0MiB read=0.0MiB
  [regular] call 51 step 51: 0.182s (orig 0.181s) rc=0 demoted=0.0MiB read=0.0MiB
  [regular] call 52 step 52: 0.197s (orig 0.193s) rc=1 demoted=0.0MiB read=0.0MiB
  [regular] call 53 step 53: 0.182s (orig 0.183s) rc=0 demoted=0.0MiB read=0.0MiB
  [regular] call 54 step 54: 0.420s (orig 0.420s) rc=1 demoted=0.0MiB read=0.0MiB
  [regular] call 55 step 55: 0.186s (orig 0.177s) rc=0 demoted=0.0MiB read=0.0MiB
  [regular] call 56 step 56: 0.469s (orig 0.459s) rc=1 demoted=0.0MiB read=0.0MiB
  [regular] call 57 step 57: 0.185s (orig 0.179s) rc=0 demoted=0.0MiB read=0.0MiB
  [regular] call 58 step 58: 0.453s (orig 0.447s) rc=1 demoted=0.0MiB read=0.0MiB
  [regular] call 59 step 59: 0.185s (orig 0.179s) rc=0 demoted=0.0MiB read=0.0MiB
  [regular] call 60 step 60: 0.471s (orig 0.455s) rc=0 demoted=0.0MiB read=0.0MiB
  [regular] call 61 step 61: 0.189s (orig 0.183s) rc=0 demoted=0.0MiB read=0.0MiB
  [regular] call 62 step 62: 0.469s (orig 0.461s) rc=0 demoted=0.0MiB read=0.0MiB
  [regular] call 63 step 64: 0.272s (orig 0.265s) rc=0 demoted=0.0MiB read=0.0MiB
[41/42] django__django-11211 regular: total=16.852221275999998 orig=15.769874403000001 mismatches=0 err=None
[41/42] django__django-11211 lazy
minisweagent.environment: DEBUG: Starting container with command: docker run -d --name   
minisweagent-63b448c0 -w /testbed --rm                                                   
docker.io/swebench/sweb.eval.x86_64.django_1776_django-11211:latest sleep 2h             
minisweagent.environment: INFO: Started container minisweagent-63b448c0 with ID          
f6557ef28c31798e66c0e351a9cc39c6404747753dc22c1d13805e0ae026d6c1                         
  [lazy] call 1 step 1: 0.267s (orig 0.185s) rc=0 demoted=3.4MiB read=47.5MiB
  [lazy] call 2 step 1: 0.715s (orig 0.306s) rc=0 demoted=24.2MiB read=75.4MiB
  [lazy] call 3 step 2: 1.008s (orig 0.367s) rc=0 demoted=38.5MiB read=110.2MiB
  [lazy] call 4 step 3: 1.010s (orig 0.356s) rc=0 demoted=61.5MiB read=110.1MiB
  [lazy] call 5 step 4: 0.256s (orig 0.184s) rc=0 demoted=69.1MiB read=44.9MiB
  [lazy] call 6 step 5: 0.260s (orig 0.181s) rc=0 demoted=22.9MiB read=44.6MiB
  [lazy] call 7 step 6: 0.695s (orig 0.283s) rc=0 demoted=22.7MiB read=79.4MiB
  [lazy] call 8 step 7: 0.257s (orig 0.177s) rc=0 demoted=41.3MiB read=44.6MiB
  [lazy] call 9 step 8: 0.689s (orig 0.286s) rc=0 demoted=22.8MiB read=80.1MiB
  [lazy] call 10 step 9: 0.254s (orig 0.179s) rc=0 demoted=41.5MiB read=45.9MiB
  [lazy] call 11 step 10: 0.259s (orig 0.174s) rc=0 demoted=23.4MiB read=45.9MiB
  [lazy] call 12 step 11: 0.251s (orig 0.176s) rc=0 demoted=23.6MiB read=45.5MiB
  [lazy] call 13 step 12: 0.255s (orig 0.183s) rc=0 demoted=23.2MiB read=45.6MiB
  [lazy] call 14 step 13: 0.255s (orig 0.181s) rc=0 demoted=23.4MiB read=45.5MiB
  [lazy] call 15 step 14: 0.702s (orig 0.289s) rc=0 demoted=23.3MiB read=79.9MiB
  [lazy] call 16 step 15: 0.256s (orig 0.180s) rc=0 demoted=41.3MiB read=45.6MiB
  [lazy] call 17 step 16: 0.256s (orig 0.182s) rc=0 demoted=23.4MiB read=46.0MiB
  [lazy] call 18 step 17: 0.257s (orig 0.176s) rc=0 demoted=23.8MiB read=45.9MiB
  [lazy] call 19 step 18: 0.258s (orig 0.178s) rc=1 demoted=23.5MiB read=45.9MiB
  [lazy] call 20 step 19: 0.260s (orig 0.179s) rc=0 demoted=24.0MiB read=45.9MiB
  [lazy] call 21 step 20: 0.261s (orig 0.176s) rc=0 demoted=23.5MiB read=46.4MiB
  [lazy] call 22 step 21: 0.257s (orig 0.179s) rc=1 demoted=23.8MiB read=45.9MiB
  [lazy] call 23 step 23: 0.257s (orig 0.176s) rc=1 demoted=23.9MiB read=46.3MiB
  [lazy] call 24 step 24: 0.252s (orig 0.182s) rc=0 demoted=24.0MiB read=45.9MiB
  [lazy] call 25 step 25: 0.255s (orig 0.176s) rc=0 demoted=23.4MiB read=44.5MiB
  [lazy] call 26 step 26: 0.348s (orig 0.205s) rc=0 demoted=22.6MiB read=52.4MiB
  [lazy] call 27 step 27: 0.347s (orig 0.206s) rc=0 demoted=26.7MiB read=52.3MiB
  [lazy] call 28 step 28: 0.258s (orig 0.174s) rc=0 demoted=26.8MiB read=46.0MiB
  [lazy] call 29 step 29: 0.259s (orig 0.178s) rc=0 demoted=23.5MiB read=44.5MiB
  [lazy] call 30 step 30: 0.254s (orig 0.176s) rc=0 demoted=22.9MiB read=44.2MiB
  [lazy] call 31 step 31: 0.252s (orig 0.175s) rc=0 demoted=22.7MiB read=44.4MiB
  [lazy] call 32 step 32: 0.252s (orig 0.181s) rc=0 demoted=22.8MiB read=44.4MiB
  [lazy] call 33 step 33: 0.706s (orig 0.546s) rc=1 demoted=23.0MiB read=103.9MiB
  [lazy] call 34 step 34: 0.257s (orig 0.177s) rc=0 demoted=54.3MiB read=44.4MiB
  [lazy] call 35 step 35: 0.794s (orig 0.588s) rc=1 demoted=22.8MiB read=113.2MiB
  [lazy] call 36 step 36: 0.252s (orig 0.176s) rc=0 demoted=58.4MiB read=44.4MiB
  [lazy] call 37 step 37: 0.641s (orig 0.447s) rc=0 demoted=22.6MiB read=111.9MiB
  [lazy] call 38 step 38: 0.250s (orig 0.179s) rc=0 demoted=56.2MiB read=43.7MiB
  [lazy] call 39 step 39: 0.256s (orig 0.181s) rc=0 demoted=22.5MiB read=44.5MiB
  [lazy] call 40 step 40: 0.255s (orig 0.181s) rc=0 demoted=22.9MiB read=44.4MiB
  [lazy] call 41 step 41: 0.715s (orig 0.517s) rc=1 demoted=22.6MiB read=113.6MiB
  [lazy] call 42 step 42: 0.254s (orig 0.182s) rc=0 demoted=57.8MiB read=44.5MiB
  [lazy] call 43 step 43: 0.753s (orig 0.554s) rc=1 demoted=22.9MiB read=114.1MiB
  [lazy] call 44 step 44: 0.253s (orig 0.181s) rc=0 demoted=57.5MiB read=44.4MiB
  [lazy] call 45 step 45: 0.771s (orig 0.575s) rc=1 demoted=22.8MiB read=114.0MiB
  [lazy] call 46 step 46: 0.258s (orig 0.180s) rc=2 demoted=57.9MiB read=45.3MiB
  [lazy] call 47 step 47: 0.254s (orig 0.178s) rc=0 demoted=23.3MiB read=43.5MiB
  [lazy] call 48 step 48: 0.277s (orig 0.192s) rc=1 demoted=22.2MiB read=55.0MiB
  [lazy] call 49 step 49: 0.256s (orig 0.177s) rc=0 demoted=27.6MiB read=44.4MiB
  [lazy] call 50 step 50: 0.280s (orig 0.192s) rc=1 demoted=22.7MiB read=54.6MiB
  [lazy] call 51 step 51: 0.256s (orig 0.181s) rc=0 demoted=27.9MiB read=44.4MiB
  [lazy] call 52 step 52: 0.278s (orig 0.193s) rc=1 demoted=22.7MiB read=54.7MiB
  [lazy] call 53 step 53: 0.258s (orig 0.183s) rc=0 demoted=27.8MiB read=44.6MiB
  [lazy] call 54 step 54: 0.599s (orig 0.420s) rc=1 demoted=23.1MiB read=107.4MiB
  [lazy] call 55 step 55: 0.261s (orig 0.177s) rc=0 demoted=54.2MiB read=44.6MiB
  [lazy] call 56 step 56: 0.650s (orig 0.459s) rc=1 demoted=22.9MiB read=112.5MiB
  [lazy] call 57 step 57: 0.259s (orig 0.179s) rc=0 demoted=56.9MiB read=44.4MiB
  [lazy] call 58 step 58: 0.633s (orig 0.447s) rc=1 demoted=23.0MiB read=111.8MiB
  [lazy] call 59 step 59: 0.262s (orig 0.179s) rc=0 demoted=56.4MiB read=44.4MiB
  [lazy] call 60 step 60: 0.651s (orig 0.455s) rc=0 demoted=22.8MiB read=111.9MiB
  [lazy] call 61 step 61: 0.255s (orig 0.183s) rc=0 demoted=56.6MiB read=44.5MiB
  [lazy] call 62 step 62: 0.645s (orig 0.461s) rc=0 demoted=22.9MiB read=111.9MiB
  [lazy] call 63 step 64: 0.585s (orig 0.265s) rc=0 demoted=56.6MiB read=67.9MiB
[41/42] django__django-11211 lazy: total=24.748265042999993 orig=15.769874403000001 mismatches=0 err=None
[42/42] django__django-11239 regular
minisweagent.environment: DEBUG: Starting container with command: docker run -d --name   
minisweagent-d03561c0 -w /testbed --rm                                                   
docker.io/swebench/sweb.eval.x86_64.django_1776_django-11239:latest sleep 2h             
minisweagent.environment: INFO: Started container minisweagent-d03561c0 with ID          
52bb11eabd576cf03019c23e8fd7ab39b4ffc67487411bd5552d3dabd79728e1                         
  [regular] call 1 step 1: 0.267s (orig 0.184s) rc=0 demoted=0.0MiB read=42.2MiB
  [regular] call 2 step 1: 0.647s (orig 0.314s) rc=0 demoted=0.0MiB read=28.9MiB
  [regular] call 3 step 1: 0.298s (orig 0.291s) rc=0 demoted=0.0MiB read=0.0MiB
  [regular] call 4 step 2: 0.186s (orig 0.174s) rc=0 demoted=0.0MiB read=0.1MiB
  [regular] call 5 step 2: 0.186s (orig 0.176s) rc=0 demoted=0.0MiB read=0.0MiB
  [regular] call 6 step 2: 0.180s (orig 0.175s) rc=0 demoted=0.0MiB read=0.0MiB
  [regular] call 7 step 3: 0.300s (orig 0.293s) rc=0 demoted=0.0MiB read=0.0MiB
  [regular] call 8 step 4: 0.187s (orig 0.180s) rc=0 demoted=0.0MiB read=0.0MiB
  [regular] call 9 step 5: 0.183s (orig 0.179s) rc=0 demoted=0.0MiB read=0.0MiB
  [regular] call 10 step 6: 0.185s (orig 0.178s) rc=1 demoted=0.0MiB read=0.0MiB
  [regular] call 11 step 7: 0.187s (orig 0.176s) rc=0 demoted=0.0MiB read=0.0MiB
  [regular] call 12 step 8: 0.183s (orig 0.181s) rc=1 demoted=0.0MiB read=0.0MiB
  [regular] call 13 step 10: 0.183s (orig 0.180s) rc=1 demoted=0.0MiB read=0.1MiB
  [regular] call 14 step 11: 0.181s (orig 0.182s) rc=1 demoted=0.0MiB read=0.0MiB
  [regular] call 15 step 13: 0.183s (orig 0.181s) rc=0 demoted=0.0MiB read=0.0MiB
  [regular] call 16 step 14: 0.183s (orig 0.177s) rc=0 demoted=0.0MiB read=0.0MiB
  [regular] call 17 step 15: 0.187s (orig 0.180s) rc=1 demoted=0.0MiB read=0.6MiB
  [regular] call 18 step 16: 0.185s (orig 0.181s) rc=0 demoted=0.0MiB read=0.3MiB
  [regular] call 19 step 17: 0.185s (orig 0.176s) rc=1 demoted=0.0MiB read=0.3MiB
  [regular] call 20 step 18: 0.202s (orig 0.191s) rc=0 demoted=0.0MiB read=34.8MiB
  [regular] call 21 step 19: 0.185s (orig 0.179s) rc=0 demoted=0.0MiB read=0.0MiB
  [regular] call 22 step 20: 0.183s (orig 0.180s) rc=0 demoted=0.0MiB read=0.0MiB
[42/42] django__django-11239 regular: total=4.845932589000001 orig=4.3060805349999995 mismatches=21 err=None
[42/42] django__django-11239 lazy
minisweagent.environment: DEBUG: Starting container with command: docker run -d --name   
minisweagent-ce90f574 -w /testbed --rm                                                   
docker.io/swebench/sweb.eval.x86_64.django_1776_django-11239:latest sleep 2h             
minisweagent.environment: INFO: Started container minisweagent-ce90f574 with ID          
65d96a436d96150e36a059f7f61a0a41b85d1f58d9ec7ba722911042d16ea617                         
  [lazy] call 1 step 1: 0.267s (orig 0.184s) rc=0 demoted=3.4MiB read=47.9MiB
  [lazy] call 2 step 1: 0.714s (orig 0.314s) rc=0 demoted=24.3MiB read=76.1MiB
  [lazy] call 3 step 1: 0.710s (orig 0.291s) rc=0 demoted=39.0MiB read=75.5MiB
  [lazy] call 4 step 2: 0.260s (orig 0.174s) rc=0 demoted=43.1MiB read=44.1MiB
  [lazy] call 5 step 2: 0.259s (orig 0.176s) rc=0 demoted=22.6MiB read=44.7MiB
  [lazy] call 6 step 2: 0.256s (orig 0.175s) rc=0 demoted=23.0MiB read=44.7MiB
  [lazy] call 7 step 3: 0.725s (orig 0.293s) rc=0 demoted=22.9MiB read=75.1MiB
  [lazy] call 8 step 4: 0.262s (orig 0.180s) rc=0 demoted=39.9MiB read=45.0MiB
  [lazy] call 9 step 5: 0.253s (orig 0.179s) rc=0 demoted=23.7MiB read=43.1MiB
  [lazy] call 10 step 6: 0.261s (orig 0.178s) rc=1 demoted=22.7MiB read=47.2MiB
  [lazy] call 11 step 7: 0.260s (orig 0.176s) rc=0 demoted=23.9MiB read=46.5MiB
  [lazy] call 12 step 8: 0.253s (orig 0.181s) rc=1 demoted=23.8MiB read=46.7MiB
  [lazy] call 13 step 10: 0.261s (orig 0.180s) rc=1 demoted=24.3MiB read=46.6MiB
  [lazy] call 14 step 11: 0.258s (orig 0.182s) rc=1 demoted=24.0MiB read=46.5MiB
  [lazy] call 15 step 13: 0.258s (orig 0.181s) rc=0 demoted=23.9MiB read=45.3MiB
  [lazy] call 16 step 14: 0.261s (orig 0.177s) rc=0 demoted=23.2MiB read=45.2MiB
  [lazy] call 17 step 15: 0.261s (orig 0.180s) rc=1 demoted=23.0MiB read=47.0MiB
  [lazy] call 18 step 16: 0.262s (orig 0.181s) rc=0 demoted=24.3MiB read=46.8MiB
  [lazy] call 19 step 17: 0.257s (orig 0.176s) rc=1 demoted=24.0MiB read=44.9MiB
  [lazy] call 20 step 18: 0.275s (orig 0.191s) rc=0 demoted=23.0MiB read=80.4MiB
  [lazy] call 21 step 19: 0.257s (orig 0.179s) rc=0 demoted=41.4MiB read=45.0MiB
  [lazy] call 22 step 20: 0.256s (orig 0.180s) rc=0 demoted=23.0MiB read=44.7MiB
[42/42] django__django-11239 lazy: total=7.085749173999998 orig=4.3060805349999995 mismatches=21 err=None
wrote /mnt/raid0/jovans/yigit/agent-characterization/offload-experiment/lazy-promote/results/qwen-run-20260923T053154Z-PF12hU/trials.csv and /mnt/raid0/jovans/yigit/agent-characterization/offload-experiment/lazy-promote/results/qwen-run-20260923T053154Z-PF12hU/calls.csv
qwen-run-20260923T073021Z-LtPzSb: 58 tasks, modes ['regular', 'lazy']
[1/58] django__django-11265 regular
minisweagent.environment: DEBUG: Starting container with command: docker run -d --name   
minisweagent-6d3b8c8a -w /testbed --rm                                                   
docker.io/swebench/sweb.eval.x86_64.django_1776_django-11265:latest sleep 2h             
minisweagent.environment: INFO: Started container minisweagent-6d3b8c8a with ID          
6d98a46153bde8c9d643ccf9aa56af3c83d25c42f7d8209e31d82bbec49727dc                         
  [regular] call 1 step 1: 0.725s (orig 0.618s) rc=0 demoted=0.0MiB read=71.3MiB
  [regular] call 2 step 2: 11.725s (orig 9.962s) rc=0 demoted=0.0MiB read=260.3MiB
  [regular] call 3 step 3: 0.187s (orig 0.184s) rc=0 demoted=0.0MiB read=0.0MiB
  [regular] call 4 step 4: 0.186s (orig 0.179s) rc=0 demoted=0.0MiB read=0.0MiB
  [regular] call 5 step 5: 0.184s (orig 0.188s) rc=0 demoted=0.0MiB read=0.0MiB
  [regular] call 6 step 6: 0.178s (orig 0.182s) rc=0 demoted=0.0MiB read=0.0MiB
  [regular] call 7 step 7: 0.182s (orig 0.184s) rc=0 demoted=0.0MiB read=0.0MiB
  [regular] call 8 step 8: 0.186s (orig 0.183s) rc=0 demoted=0.0MiB read=0.1MiB
  [regular] call 9 step 9: 0.184s (orig 0.185s) rc=0 demoted=0.0MiB read=0.0MiB
  [regular] call 10 step 10: 0.181s (orig 0.186s) rc=0 demoted=0.0MiB read=0.0MiB
  [regular] call 11 step 11: 0.187s (orig 0.181s) rc=0 demoted=0.0MiB read=0.0MiB
  [regular] call 12 step 12: 0.185s (orig 0.183s) rc=0 demoted=0.0MiB read=0.0MiB
  [regular] call 13 step 13: 0.191s (orig 0.192s) rc=0 demoted=0.0MiB read=0.0MiB
  [regular] call 14 step 14: 0.186s (orig 0.180s) rc=0 demoted=0.0MiB read=0.0MiB
  [regular] call 15 step 15: 0.191s (orig 0.186s) rc=1 demoted=0.0MiB read=0.0MiB
  [regular] call 16 step 16: 0.187s (orig 0.182s) rc=1 demoted=0.0MiB read=0.0MiB
  [regular] call 17 step 17: 0.186s (orig 0.187s) rc=0 demoted=0.0MiB read=0.0MiB
  [regular] call 18 step 18: 0.194s (orig 0.184s) rc=0 demoted=0.0MiB read=0.0MiB
  [regular] call 19 step 19: 0.194s (orig 0.180s) rc=0 demoted=0.0MiB read=0.0MiB
  [regular] call 20 step 20: 0.187s (orig 0.187s) rc=0 demoted=0.0MiB read=0.0MiB
  [regular] call 21 step 21: 0.189s (orig 0.188s) rc=0 demoted=0.0MiB read=0.0MiB
  [regular] call 22 step 22: 0.187s (orig 0.184s) rc=0 demoted=0.0MiB read=0.0MiB
  [regular] call 23 step 23: 0.187s (orig 0.186s) rc=0 demoted=0.0MiB read=0.0MiB
  [regular] call 24 step 24: 0.193s (orig 0.192s) rc=0 demoted=0.0MiB read=0.2MiB
[1/58] django__django-11265 regular: total=16.561581013 orig=14.644225415000001 mismatches=0 err=None
[1/58] django__django-11265 lazy
minisweagent.environment: DEBUG: Starting container with command: docker run -d --name   
minisweagent-9d5d1877 -w /testbed --rm                                                   
docker.io/swebench/sweb.eval.x86_64.django_1776_django-11265:latest sleep 2h             
minisweagent.environment: INFO: Started container minisweagent-9d5d1877 with ID          
4e944f790bf08101bb40b5798acca5e17e6ef9cb5fe066f2665f7cb0ba390ff3                         
  [lazy] call 1 step 1: 0.727s (orig 0.618s) rc=0 demoted=3.7MiB read=77.1MiB
  [lazy] call 2 step 2: 11.791s (orig 9.962s) rc=0 demoted=39.5MiB read=336.6MiB
  [lazy] call 3 step 3: 0.263s (orig 0.184s) rc=0 demoted=195.2MiB read=47.4MiB
  [lazy] call 4 step 4: 0.259s (orig 0.179s) rc=0 demoted=24.2MiB read=47.1MiB
  [lazy] call 5 step 5: 0.258s (orig 0.188s) rc=0 demoted=24.0MiB read=47.1MiB
  [lazy] call 6 step 6: 0.258s (orig 0.182s) rc=0 demoted=24.3MiB read=47.1MiB
  [lazy] call 7 step 7: 0.255s (orig 0.184s) rc=0 demoted=24.2MiB read=47.1MiB
  [lazy] call 8 step 8: 0.263s (orig 0.183s) rc=0 demoted=24.0MiB read=46.9MiB
  [lazy] call 9 step 9: 0.263s (orig 0.185s) rc=0 demoted=24.0MiB read=46.8MiB
  [lazy] call 10 step 10: 0.260s (orig 0.186s) rc=0 demoted=24.0MiB read=46.8MiB
  [lazy] call 11 step 11: 0.261s (orig 0.181s) rc=0 demoted=24.0MiB read=46.8MiB
  [lazy] call 12 step 12: 0.261s (orig 0.183s) rc=0 demoted=23.9MiB read=46.8MiB
  [lazy] call 13 step 13: 0.261s (orig 0.192s) rc=0 demoted=24.7MiB read=47.1MiB
  [lazy] call 14 step 14: 0.262s (orig 0.180s) rc=0 demoted=24.3MiB read=47.1MiB
  [lazy] call 15 step 15: 0.260s (orig 0.186s) rc=1 demoted=24.1MiB read=47.1MiB
  [lazy] call 16 step 16: 0.268s (orig 0.182s) rc=1 demoted=24.3MiB read=46.8MiB
  [lazy] call 17 step 17: 0.262s (orig 0.187s) rc=0 demoted=24.2MiB read=46.8MiB
  [lazy] call 18 step 18: 0.267s (orig 0.184s) rc=0 demoted=24.2MiB read=46.8MiB
  [lazy] call 19 step 19: 0.262s (orig 0.180s) rc=0 demoted=23.9MiB read=46.8MiB
  [lazy] call 20 step 20: 0.258s (orig 0.187s) rc=0 demoted=24.2MiB read=46.9MiB
  [lazy] call 21 step 21: 0.262s (orig 0.188s) rc=0 demoted=24.1MiB read=46.9MiB
  [lazy] call 22 step 22: 0.259s (orig 0.184s) rc=0 demoted=24.2MiB read=46.8MiB
  [lazy] call 23 step 23: 0.259s (orig 0.186s) rc=0 demoted=23.9MiB read=46.9MiB
  [lazy] call 24 step 24: 0.262s (orig 0.192s) rc=0 demoted=24.2MiB read=47.1MiB
[1/58] django__django-11265 lazy: total=18.260850714 orig=14.644225415000001 mismatches=0 err=None
[2/58] django__django-11276 regular
minisweagent.environment: DEBUG: Starting container with command: docker run -d --name   
minisweagent-436f5d7f -w /testbed --rm                                                   
docker.io/swebench/sweb.eval.x86_64.django_1776_django-11276:latest sleep 2h             
minisweagent.environment: INFO: Started container minisweagent-436f5d7f with ID          
c8c167fd46b53770c1c690c32f98cac7fcb485f62d8acc642405313f46329ae6                         
  [regular] call 1 step 1: 1.041s (orig 0.392s) rc=0 demoted=0.0MiB read=106.7MiB
  [regular] call 2 step 2: 0.184s (orig 0.186s) rc=0 demoted=0.0MiB read=0.1MiB
  [regular] call 3 step 3: 0.244s (orig 0.230s) rc=0 demoted=0.0MiB read=13.8MiB
  [regular] call 4 step 4: 0.185s (orig 0.185s) rc=0 demoted=0.0MiB read=0.0MiB
  [regular] call 5 step 5: 0.193s (orig 0.197s) rc=1 demoted=0.0MiB read=0.0MiB
  [regular] call 6 step 6: 0.182s (orig 0.181s) rc=0 demoted=0.0MiB read=0.0MiB
  [regular] call 7 step 7: 0.321s (orig 0.296s) rc=0 demoted=0.0MiB read=39.8MiB
  [regular] call 8 step 8: 0.185s (orig 0.179s) rc=0 demoted=0.0MiB read=0.0MiB
  [regular] call 9 step 9: 0.184s (orig 0.186s) rc=0 demoted=0.0MiB read=0.4MiB
  [regular] call 10 step 10: 0.226s (orig 0.218s) rc=1 demoted=0.0MiB read=0.0MiB
  [regular] call 11 step 11: 0.187s (orig 0.186s) rc=0 demoted=0.0MiB read=0.0MiB
  [regular] call 12 step 12: 0.194s (orig 0.193s) rc=0 demoted=0.0MiB read=0.0MiB
  [regular] call 13 step 13: 0.190s (orig 0.183s) rc=0 demoted=0.0MiB read=0.0MiB
  [regular] call 14 step 14: 0.199s (orig 0.189s) rc=0 demoted=0.0MiB read=0.5MiB
  [regular] call 15 step 15: 0.219s (orig 0.220s) rc=1 demoted=0.0MiB read=0.0MiB
  [regular] call 16 step 16: 0.181s (orig 0.185s) rc=0 demoted=0.0MiB read=0.0MiB
  [regular] call 17 step 17: 0.188s (orig 0.191s) rc=0 demoted=0.0MiB read=0.0MiB
  [regular] call 18 step 18: 0.190s (orig 0.186s) rc=0 demoted=0.0MiB read=0.0MiB
  [regular] call 19 step 19: 0.221s (orig 0.220s) rc=1 demoted=0.0MiB read=0.0MiB
  [regular] call 20 step 20: 0.185s (orig 0.188s) rc=2 demoted=0.0MiB read=0.0MiB
  [regular] call 21 step 21: 0.187s (orig 0.181s) rc=0 demoted=0.0MiB read=0.0MiB
  [regular] call 22 step 22: 0.185s (orig 0.189s) rc=0 demoted=0.0MiB read=0.0MiB
  [regular] call 23 step 23: 0.205s (orig 0.201s) rc=1 demoted=0.0MiB read=0.0MiB
  [regular] call 24 step 24: 0.188s (orig 0.185s) rc=0 demoted=0.0MiB read=0.0MiB
  [regular] call 25 step 25: 0.200s (orig 0.194s) rc=1 demoted=0.0MiB read=0.0MiB
  [regular] call 26 step 26: 0.187s (orig 0.189s) rc=0 demoted=0.0MiB read=0.0MiB
  [regular] call 27 step 27: 0.186s (orig 0.181s) rc=0 demoted=0.0MiB read=0.0MiB
  [regular] call 28 step 28: 0.200s (orig 0.194s) rc=0 demoted=0.0MiB read=0.0MiB
  [regular] call 29 step 29: 0.193s (orig 0.190s) rc=0 demoted=0.0MiB read=0.0MiB
  [regular] call 30 step 30: 0.182s (orig 0.188s) rc=0 demoted=0.0MiB read=0.0MiB
  [regular] call 31 step 31: 0.203s (orig 0.199s) rc=0 demoted=0.0MiB read=0.0MiB
  [regular] call 32 step 32: 0.187s (orig 0.186s) rc=0 demoted=0.0MiB read=0.0MiB
  [regular] call 33 step 33: 0.185s (orig 0.187s) rc=0 demoted=0.0MiB read=0.0MiB
  [regular] call 34 step 34: 0.188s (orig 0.181s) rc=0 demoted=0.0MiB read=0.0MiB
  [regular] call 35 step 35: 0.201s (orig 0.200s) rc=0 demoted=0.0MiB read=0.0MiB
  [regular] call 36 step 36: 0.185s (orig 0.183s) rc=0 demoted=0.0MiB read=0.0MiB
  [regular] call 37 step 37: 0.231s (orig 0.219s) rc=1 demoted=0.0MiB read=0.0MiB
  [regular] call 38 step 38: 0.189s (orig 0.189s) rc=0 demoted=0.0MiB read=0.0MiB
  [regular] call 39 step 39: 0.193s (orig 0.188s) rc=0 demoted=0.0MiB read=0.0MiB
  [regular] call 40 step 40: 0.197s (orig 0.194s) rc=0 demoted=0.0MiB read=0.0MiB
  [regular] call 41 step 41: 0.187s (orig 0.186s) rc=0 demoted=0.0MiB read=0.0MiB
  [regular] call 42 step 42: 0.188s (orig 0.182s) rc=0 demoted=0.0MiB read=0.0MiB
  [regular] call 43 step 43: 0.192s (orig 0.188s) rc=0 demoted=0.0MiB read=0.2MiB
  [regular] call 44 step 44: 0.185s (orig 0.186s) rc=0 demoted=0.0MiB read=0.0MiB
  [regular] call 45 step 45: 0.186s (orig 0.187s) rc=0 demoted=0.0MiB read=0.0MiB
  [regular] call 46 step 46: 0.197s (orig 0.197s) rc=0 demoted=0.0MiB read=0.0MiB
  [regular] call 47 step 47: 0.185s (orig 0.183s) rc=0 demoted=0.0MiB read=0.0MiB
  [regular] call 48 step 48: 0.223s (orig 0.223s) rc=1 demoted=0.0MiB read=0.0MiB
  [regular] call 49 step 49: 0.185s (orig 0.181s) rc=0 demoted=0.0MiB read=0.0MiB
  [regular] call 50 step 50: 0.197s (orig 0.196s) rc=1 demoted=0.0MiB read=0.0MiB
  [regular] call 51 step 51: 0.182s (orig 0.183s) rc=0 demoted=0.0MiB read=0.0MiB
  [regular] call 52 step 52: 0.183s (orig 0.182s) rc=0 demoted=0.0MiB read=0.0MiB
  [regular] call 53 step 53: 0.223s (orig 0.225s) rc=1 demoted=0.0MiB read=0.0MiB
  [regular] call 54 step 54: 0.189s (orig 0.180s) rc=0 demoted=0.0MiB read=0.0MiB
  [regular] call 55 step 55: 0.185s (orig 0.182s) rc=2 demoted=0.0MiB read=0.0MiB
  [regular] call 56 step 56: 0.183s (orig 0.181s) rc=0 demoted=0.0MiB read=0.0MiB
  [regular] call 57 step 57: 0.182s (orig 0.182s) rc=1 demoted=0.0MiB read=0.0MiB
  [regular] call 58 step 58: 0.185s (orig 0.182s) rc=0 demoted=0.0MiB read=0.0MiB
  [regular] call 59 step 59: 0.209s (orig 0.207s) rc=0 demoted=0.0MiB read=0.0MiB
  [regular] call 60 step 60: 0.183s (orig 0.185s) rc=0 demoted=0.0MiB read=0.0MiB
  [regular] call 61 step 61: 0.182s (orig 0.192s) rc=0 demoted=0.0MiB read=0.0MiB
  [regular] call 62 step 62: 0.201s (orig 0.201s) rc=1 demoted=0.0MiB read=0.0MiB
  [regular] call 63 step 63: 0.184s (orig 0.186s) rc=1 demoted=0.0MiB read=0.0MiB
  [regular] call 64 step 64: 0.185s (orig 0.182s) rc=0 demoted=0.0MiB read=0.0MiB
  [regular] call 65 step 65: 0.183s (orig 0.181s) rc=0 demoted=0.0MiB read=0.0MiB
  [regular] call 66 step 66: 0.183s (orig 0.182s) rc=2 demoted=0.0MiB read=0.0MiB
  [regular] call 67 step 67: 0.186s (orig 0.184s) rc=0 demoted=0.0MiB read=0.0MiB
  [regular] call 68 step 68: 0.206s (orig 0.193s) rc=0 demoted=0.0MiB read=0.0MiB
  [regular] call 69 step 69: 0.186s (orig 0.180s) rc=0 demoted=0.0MiB read=0.0MiB
  [regular] call 70 step 70: 0.220s (orig 0.218s) rc=1 demoted=0.0MiB read=0.0MiB
  [regular] call 71 step 71: 0.184s (orig 0.187s) rc=0 demoted=0.0MiB read=0.0MiB
  [regular] call 72 step 72: 0.185s (orig 0.185s) rc=0 demoted=0.0MiB read=0.0MiB
  [regular] call 73 step 73: 0.221s (orig 0.218s) rc=1 demoted=0.0MiB read=0.0MiB
  [regular] call 74 step 74: 0.184s (orig 0.181s) rc=2 demoted=0.0MiB read=0.0MiB
  [regular] call 75 step 75: 0.183s (orig 0.179s) rc=0 demoted=0.0MiB read=0.0MiB
  [regular] call 76 step 76: 0.197s (orig 0.194s) rc=1 demoted=0.0MiB read=0.0MiB
  [regular] call 77 step 77: 1.329s (orig 1.117s) rc=0 demoted=0.0MiB read=126.8MiB
  [regular] call 78 step 78: 0.236s (orig 0.225s) rc=0 demoted=0.0MiB read=0.0MiB
  [regular] call 79 step 79: 0.193s (orig 0.189s) rc=0 demoted=0.0MiB read=0.0MiB
  [regular] call 80 step 80: 0.218s (orig 0.213s) rc=0 demoted=0.0MiB read=0.0MiB
  [regular] call 81 step 81: 0.222s (orig 0.219s) rc=0 demoted=0.0MiB read=0.0MiB
  [regular] call 82 step 82: 0.183s (orig 0.185s) rc=0 demoted=0.0MiB read=0.0MiB
  [regular] call 83 step 83: 0.192s (orig 0.184s) rc=0 demoted=0.0MiB read=0.0MiB
[2/58] django__django-11276 regular: total=18.243795251999998 orig=17.184511685 mismatches=82 err=None
[2/58] django__django-11276 lazy
minisweagent.environment: DEBUG: Starting container with command: docker run -d --name   
minisweagent-3285abda -w /testbed --rm                                                   
docker.io/swebench/sweb.eval.x86_64.django_1776_django-11276:latest sleep 2h             
minisweagent.environment: INFO: Started container minisweagent-3285abda with ID          
6e1162c31f486cc9c7323afb1f96f9a1eafa9ad07717efe0db2125b9f905afb6                         
  [lazy] call 1 step 1: 1.040s (orig 0.392s) rc=0 demoted=3.3MiB read=111.3MiB
  [lazy] call 2 step 2: 0.263s (orig 0.186s) rc=0 demoted=58.8MiB read=45.2MiB
  [lazy] call 3 step 3: 0.324s (orig 0.230s) rc=0 demoted=23.0MiB read=58.4MiB
  [lazy] call 4 step 4: 0.261s (orig 0.185s) rc=0 demoted=29.6MiB read=44.5MiB
  [lazy] call 5 step 5: 0.283s (orig 0.197s) rc=1 demoted=22.7MiB read=55.7MiB
  [lazy] call 6 step 6: 0.256s (orig 0.181s) rc=0 demoted=28.2MiB read=43.3MiB
  [lazy] call 7 step 7: 0.413s (orig 0.296s) rc=0 demoted=22.4MiB read=99.5MiB
  [lazy] call 8 step 8: 0.262s (orig 0.179s) rc=0 demoted=50.5MiB read=44.5MiB
  [lazy] call 9 step 9: 0.269s (orig 0.186s) rc=0 demoted=23.1MiB read=46.8MiB
  [lazy] call 10 step 10: 0.323s (orig 0.218s) rc=1 demoted=24.0MiB read=84.7MiB
  [lazy] call 11 step 11: 0.259s (orig 0.186s) rc=0 demoted=43.2MiB read=44.6MiB
  [lazy] call 12 step 12: 0.257s (orig 0.193s) rc=0 demoted=22.9MiB read=44.4MiB
  [lazy] call 13 step 13: 0.260s (orig 0.183s) rc=0 demoted=23.1MiB read=46.0MiB
  [lazy] call 14 step 14: 0.271s (orig 0.189s) rc=0 demoted=23.5MiB read=47.2MiB
  [lazy] call 15 step 15: 0.326s (orig 0.220s) rc=1 demoted=25.5MiB read=86.2MiB
  [lazy] call 16 step 16: 0.265s (orig 0.185s) rc=0 demoted=43.6MiB read=47.2MiB
  [lazy] call 17 step 17: 0.265s (orig 0.191s) rc=0 demoted=24.1MiB read=47.6MiB
  [lazy] call 18 step 18: 0.259s (orig 0.186s) rc=0 demoted=24.7MiB read=46.6MiB
  [lazy] call 19 step 19: 0.332s (orig 0.220s) rc=1 demoted=23.8MiB read=85.3MiB
  [lazy] call 20 step 20: 0.260s (orig 0.188s) rc=2 demoted=43.3MiB read=44.8MiB
  [lazy] call 21 step 21: 0.260s (orig 0.181s) rc=0 demoted=22.9MiB read=44.9MiB
  [lazy] call 22 step 22: 0.261s (orig 0.189s) rc=0 demoted=23.1MiB read=44.7MiB
  [lazy] call 23 step 23: 0.284s (orig 0.201s) rc=1 demoted=22.9MiB read=56.1MiB
  [lazy] call 24 step 24: 0.259s (orig 0.185s) rc=0 demoted=28.3MiB read=44.9MiB
  [lazy] call 25 step 25: 0.279s (orig 0.194s) rc=1 demoted=23.2MiB read=56.2MiB
  [lazy] call 26 step 26: 0.262s (orig 0.189s) rc=0 demoted=28.4MiB read=44.6MiB
  [lazy] call 27 step 27: 0.257s (orig 0.181s) rc=0 demoted=23.3MiB read=44.6MiB
  [lazy] call 28 step 28: 0.285s (orig 0.194s) rc=0 demoted=22.9MiB read=56.0MiB
  [lazy] call 29 step 29: 0.257s (orig 0.190s) rc=0 demoted=28.5MiB read=44.8MiB
  [lazy] call 30 step 30: 0.259s (orig 0.188s) rc=0 demoted=23.1MiB read=44.8MiB
  [lazy] call 31 step 31: 0.283s (orig 0.199s) rc=0 demoted=23.2MiB read=56.7MiB
  [lazy] call 32 step 32: 0.261s (orig 0.186s) rc=0 demoted=28.6MiB read=46.7MiB
  [lazy] call 33 step 33: 0.258s (orig 0.187s) rc=0 demoted=24.1MiB read=46.6MiB
  [lazy] call 34 step 34: 0.258s (orig 0.181s) rc=0 demoted=23.8MiB read=44.8MiB
  [lazy] call 35 step 35: 0.283s (orig 0.200s) rc=0 demoted=23.2MiB read=56.3MiB
  [lazy] call 36 step 36: 0.261s (orig 0.183s) rc=0 demoted=28.4MiB read=46.3MiB
  [lazy] call 37 step 37: 0.325s (orig 0.219s) rc=1 demoted=23.8MiB read=85.5MiB
  [lazy] call 38 step 38: 0.259s (orig 0.189s) rc=0 demoted=43.1MiB read=44.8MiB
  [lazy] call 39 step 39: 0.258s (orig 0.188s) rc=0 demoted=23.0MiB read=44.8MiB
  [lazy] call 40 step 40: 0.281s (orig 0.194s) rc=0 demoted=22.9MiB read=56.1MiB
  [lazy] call 41 step 41: 0.260s (orig 0.186s) rc=0 demoted=28.5MiB read=46.4MiB
  [lazy] call 42 step 42: 0.259s (orig 0.182s) rc=0 demoted=23.6MiB read=44.4MiB
  [lazy] call 43 step 43: 0.266s (orig 0.188s) rc=0 demoted=22.8MiB read=46.6MiB
  [lazy] call 44 step 44: 0.260s (orig 0.186s) rc=0 demoted=25.1MiB read=44.6MiB
  [lazy] call 45 step 45: 0.262s (orig 0.187s) rc=0 demoted=22.9MiB read=44.6MiB
  [lazy] call 46 step 46: 0.280s (orig 0.197s) rc=0 demoted=22.9MiB read=56.4MiB
  [lazy] call 47 step 47: 0.266s (orig 0.183s) rc=0 demoted=29.2MiB read=47.5MiB
  [lazy] call 48 step 48: 0.328s (orig 0.223s) rc=1 demoted=24.1MiB read=85.4MiB
  [lazy] call 49 step 49: 0.263s (orig 0.181s) rc=0 demoted=43.2MiB read=44.8MiB
  [lazy] call 50 step 50: 0.281s (orig 0.196s) rc=1 demoted=23.3MiB read=56.0MiB
  [lazy] call 51 step 51: 0.257s (orig 0.183s) rc=0 demoted=28.4MiB read=46.7MiB
  [lazy] call 52 step 52: 0.261s (orig 0.182s) rc=0 demoted=23.9MiB read=46.3MiB
  [lazy] call 53 step 53: 0.327s (orig 0.225s) rc=1 demoted=23.9MiB read=84.9MiB
  [lazy] call 54 step 54: 0.260s (orig 0.180s) rc=0 demoted=43.1MiB read=46.5MiB
  [lazy] call 55 step 55: 0.254s (orig 0.182s) rc=2 demoted=24.0MiB read=44.7MiB
  [lazy] call 56 step 56: 0.258s (orig 0.181s) rc=0 demoted=22.9MiB read=44.8MiB
  [lazy] call 57 step 57: 0.263s (orig 0.182s) rc=1 demoted=23.0MiB read=46.5MiB
  [lazy] call 58 step 58: 0.259s (orig 0.182s) rc=0 demoted=23.8MiB read=44.8MiB
  [lazy] call 59 step 59: 0.291s (orig 0.207s) rc=0 demoted=23.1MiB read=57.0MiB
  [lazy] call 60 step 60: 0.261s (orig 0.185s) rc=0 demoted=28.8MiB read=46.4MiB
  [lazy] call 61 step 61: 0.260s (orig 0.192s) rc=0 demoted=23.8MiB read=44.8MiB
  [lazy] call 62 step 62: 0.280s (orig 0.201s) rc=1 demoted=23.3MiB read=56.2MiB
  [lazy] call 63 step 63: 0.265s (orig 0.186s) rc=1 demoted=28.4MiB read=48.5MiB
  [lazy] call 64 step 64: 0.258s (orig 0.182s) rc=0 demoted=24.9MiB read=46.3MiB
  [lazy] call 65 step 65: 0.260s (orig 0.181s) rc=0 demoted=23.8MiB read=44.8MiB
  [lazy] call 66 step 66: 0.257s (orig 0.182s) rc=2 demoted=23.1MiB read=44.7MiB
  [lazy] call 67 step 67: 0.248s (orig 0.184s) rc=0 demoted=23.0MiB read=40.9MiB
  [lazy] call 68 step 68: 0.284s (orig 0.193s) rc=0 demoted=21.0MiB read=56.3MiB
  [lazy] call 69 step 69: 0.258s (orig 0.180s) rc=0 demoted=28.6MiB read=46.6MiB
  [lazy] call 70 step 70: 0.322s (orig 0.218s) rc=1 demoted=24.0MiB read=85.1MiB
  [lazy] call 71 step 71: 0.259s (orig 0.187s) rc=0 demoted=43.3MiB read=44.7MiB
  [lazy] call 72 step 72: 0.262s (orig 0.185s) rc=0 demoted=23.1MiB read=46.9MiB
  [lazy] call 73 step 73: 0.322s (orig 0.218s) rc=1 demoted=24.3MiB read=85.1MiB
  [lazy] call 74 step 74: 0.258s (orig 0.181s) rc=2 demoted=43.0MiB read=44.7MiB
  [lazy] call 75 step 75: 0.258s (orig 0.179s) rc=0 demoted=22.9MiB read=44.8MiB
  [lazy] call 76 step 76: 0.282s (orig 0.194s) rc=1 demoted=23.1MiB read=56.2MiB
  [lazy] call 77 step 77: 1.481s (orig 1.117s) rc=0 demoted=28.7MiB read=256.4MiB
  [lazy] call 78 step 78: 0.353s (orig 0.225s) rc=0 demoted=145.0MiB read=111.0MiB
  [lazy] call 79 step 79: 0.267s (orig 0.189s) rc=0 demoted=68.7MiB read=45.8MiB
  [lazy] call 80 step 80: 0.332s (orig 0.213s) rc=0 demoted=23.8MiB read=101.6MiB
  [lazy] call 81 step 81: 0.336s (orig 0.219s) rc=0 demoted=67.0MiB read=101.5MiB
  [lazy] call 82 step 82: 0.262s (orig 0.185s) rc=0 demoted=63.5MiB read=45.4MiB
  [lazy] call 83 step 83: 0.257s (orig 0.184s) rc=0 demoted=23.4MiB read=45.3MiB
[2/58] django__django-11276 lazy: total=24.870220298 orig=17.184511685 mismatches=82 err=None
[3/58] django__django-11292 regular
minisweagent.environment: DEBUG: Starting container with command: docker run -d --name   
minisweagent-a58376c5 -w /testbed --rm                                                   
docker.io/swebench/sweb.eval.x86_64.django_1776_django-11292:latest sleep 2h             
minisweagent.environment: INFO: Started container minisweagent-a58376c5 with ID          
39f6bdab3f20d7a04be4bb847b31fbe0211b4cb169524d834b89e7cbbd870812                         
  [regular] call 1 step 1: 0.263s (orig 0.191s) rc=0 demoted=0.0MiB read=42.8MiB
  [regular] call 2 step 1: 0.638s (orig 0.306s) rc=0 demoted=0.0MiB read=28.8MiB
  [regular] call 3 step 1: 0.589s (orig 0.345s) rc=0 demoted=0.0MiB read=35.5MiB
  [regular] call 4 step 2: 0.183s (orig 0.185s) rc=0 demoted=0.0MiB read=0.1MiB
  [regular] call 5 step 3: 0.184s (orig 0.185s) rc=0 demoted=0.0MiB read=0.0MiB
  [regular] call 6 step 4: 0.186s (orig 0.180s) rc=0 demoted=0.0MiB read=0.0MiB
  [regular] call 7 step 5: 0.188s (orig 0.182s) rc=2 demoted=0.0MiB read=0.0MiB
  [regular] call 8 step 6: 0.188s (orig 0.185s) rc=2 demoted=0.0MiB read=0.0MiB
  [regular] call 9 step 7: 0.186s (orig 0.176s) rc=2 demoted=0.0MiB read=0.0MiB
  [regular] call 10 step 8: 0.186s (orig 0.183s) rc=0 demoted=0.0MiB read=0.3MiB
  [regular] call 11 step 9: 0.189s (orig 0.182s) rc=0 demoted=0.0MiB read=0.0MiB
  [regular] call 12 step 10: 0.186s (orig 0.181s) rc=0 demoted=0.0MiB read=0.0MiB
  [regular] call 13 step 11: 0.180s (orig 0.185s) rc=2 demoted=0.0MiB read=0.0MiB
  [regular] call 14 step 12: 0.183s (orig 0.186s) rc=2 demoted=0.0MiB read=0.0MiB
  [regular] call 15 step 13: 0.197s (orig 0.187s) rc=0 demoted=0.0MiB read=0.0MiB
  [regular] call 16 step 14: 0.183s (orig 0.185s) rc=0 demoted=0.0MiB read=0.0MiB
  [regular] call 17 step 15: 0.190s (orig 0.187s) rc=1 demoted=0.0MiB read=0.6MiB
  [regular] call 18 step 16: 0.183s (orig 0.177s) rc=0 demoted=0.0MiB read=0.0MiB
  [regular] call 19 step 17: 0.184s (orig 0.180s) rc=0 demoted=0.0MiB read=0.0MiB
  [regular] call 20 step 18: 0.184s (orig 0.181s) rc=0 demoted=0.0MiB read=0.0MiB
  [regular] call 21 step 19: 0.187s (orig 0.178s) rc=0 demoted=0.0MiB read=0.0MiB
  [regular] call 22 step 20: 0.189s (orig 0.176s) rc=0 demoted=0.0MiB read=0.0MiB
  [regular] call 23 step 21: 0.203s (orig 0.184s) rc=0 demoted=0.0MiB read=31.2MiB
  [regular] call 24 step 22: 0.192s (orig 0.187s) rc=0 demoted=0.0MiB read=0.0MiB
  [regular] call 25 step 23: 0.188s (orig 0.184s) rc=0 demoted=0.0MiB read=0.0MiB
  [regular] call 26 step 24: 0.185s (orig 0.182s) rc=0 demoted=0.0MiB read=0.0MiB
[3/58] django__django-11292 regular: total=5.7948634430000014 orig=5.038966949 mismatches=25 err=None
[3/58] django__django-11292 lazy
minisweagent.environment: DEBUG: Starting container with command: docker run -d --name   
minisweagent-1c919ee3 -w /testbed --rm                                                   
docker.io/swebench/sweb.eval.x86_64.django_1776_django-11292:latest sleep 2h             
minisweagent.environment: INFO: Started container minisweagent-1c919ee3 with ID          
808338e8c4a1d7d3838eacdcf6bbe4bd9322b2e542636ec76e76c29aade30af2                         
  [lazy] call 1 step 1: 0.267s (orig 0.191s) rc=0 demoted=3.6MiB read=47.8MiB
  [lazy] call 2 step 1: 0.717s (orig 0.306s) rc=0 demoted=24.3MiB read=75.8MiB
  [lazy] call 3 step 1: 0.989s (orig 0.345s) rc=0 demoted=42.7MiB read=106.5MiB
  [lazy] call 4 step 2: 0.261s (orig 0.185s) rc=0 demoted=64.1MiB read=45.9MiB
  [lazy] call 5 step 3: 0.264s (orig 0.185s) rc=0 demoted=23.6MiB read=45.8MiB
  [lazy] call 6 step 4: 0.259s (orig 0.180s) rc=0 demoted=23.7MiB read=46.1MiB
  [lazy] call 7 step 5: 0.258s (orig 0.182s) rc=2 demoted=23.8MiB read=46.0MiB
  [lazy] call 8 step 6: 0.258s (orig 0.185s) rc=2 demoted=23.8MiB read=45.4MiB
  [lazy] call 9 step 7: 0.259s (orig 0.176s) rc=2 demoted=23.5MiB read=45.5MiB
  [lazy] call 10 step 8: 0.261s (orig 0.183s) rc=0 demoted=23.4MiB read=46.5MiB
  [lazy] call 11 step 9: 0.261s (orig 0.182s) rc=0 demoted=24.0MiB read=46.2MiB
  [lazy] call 12 step 10: 0.259s (orig 0.181s) rc=0 demoted=24.7MiB read=43.8MiB
  [lazy] call 13 step 11: 0.260s (orig 0.185s) rc=2 demoted=22.5MiB read=45.7MiB
  [lazy] call 14 step 12: 0.256s (orig 0.186s) rc=2 demoted=23.7MiB read=44.6MiB
  [lazy] call 15 step 13: 0.252s (orig 0.187s) rc=0 demoted=23.6MiB read=42.6MiB
  [lazy] call 16 step 14: 0.259s (orig 0.185s) rc=0 demoted=21.7MiB read=44.4MiB
  [lazy] call 17 step 15: 0.266s (orig 0.187s) rc=1 demoted=23.8MiB read=46.8MiB
  [lazy] call 18 step 16: 0.265s (orig 0.177s) rc=0 demoted=23.6MiB read=47.0MiB
  [lazy] call 19 step 17: 0.264s (orig 0.180s) rc=0 demoted=23.9MiB read=47.1MiB
  [lazy] call 20 step 18: 0.261s (orig 0.181s) rc=0 demoted=24.0MiB read=46.7MiB
  [lazy] call 21 step 19: 0.258s (orig 0.178s) rc=0 demoted=23.9MiB read=43.9MiB
  [lazy] call 22 step 20: 0.264s (orig 0.176s) rc=0 demoted=22.8MiB read=45.5MiB
  [lazy] call 23 step 21: 0.282s (orig 0.184s) rc=0 demoted=23.5MiB read=77.7MiB
  [lazy] call 24 step 22: 0.276s (orig 0.187s) rc=0 demoted=39.7MiB read=77.6MiB
  [lazy] call 25 step 23: 0.260s (orig 0.184s) rc=0 demoted=39.8MiB read=45.0MiB
  [lazy] call 26 step 24: 0.256s (orig 0.182s) rc=0 demoted=23.0MiB read=45.0MiB
[3/58] django__django-11292 lazy: total=7.992260701999999 orig=5.038966949 mismatches=25 err=None
[4/58] django__django-11299 regular
minisweagent.environment: DEBUG: Starting container with command: docker run -d --name   
minisweagent-4246e612 -w /testbed --rm                                                   
docker.io/swebench/sweb.eval.x86_64.django_1776_django-11299:latest sleep 2h             
minisweagent.environment: INFO: Started container minisweagent-4246e612 with ID          
3b33374c6e5e72818b5897993716407eda13cd4ec52499f41e3612ec178b1f90                         
  [regular] call 1 step 1: 0.729s (orig 0.310s) rc=0 demoted=0.0MiB read=71.0MiB
  [regular] call 2 step 1: 0.296s (orig 0.294s) rc=0 demoted=0.0MiB read=0.0MiB
  [regular] call 3 step 2: 0.186s (orig 0.183s) rc=0 demoted=0.0MiB read=0.1MiB
  [regular] call 4 step 3: 0.180s (orig 0.183s) rc=0 demoted=0.0MiB read=0.0MiB
  [regular] call 5 step 4: 0.295s (orig 0.297s) rc=0 demoted=0.0MiB read=0.0MiB
  [regular] call 6 step 5: 0.183s (orig 0.180s) rc=0 demoted=0.0MiB read=0.0MiB
  [regular] call 7 step 6: 0.183s (orig 0.184s) rc=0 demoted=0.0MiB read=0.1MiB
  [regular] call 8 step 7: 0.187s (orig 0.179s) rc=0 demoted=0.0MiB read=0.0MiB
  [regular] call 9 step 8: 0.182s (orig 0.183s) rc=0 demoted=0.0MiB read=0.3MiB
  [regular] call 10 step 9: 0.183s (orig 0.177s) rc=0 demoted=0.0MiB read=0.0MiB
  [regular] call 11 step 10: 0.185s (orig 0.178s) rc=0 demoted=0.0MiB read=0.0MiB
  [regular] call 12 step 11: 0.182s (orig 0.176s) rc=0 demoted=0.0MiB read=0.0MiB
  [regular] call 13 step 12: 0.183s (orig 0.183s) rc=1 demoted=0.0MiB read=0.0MiB
  [regular] call 14 step 13: 0.184s (orig 0.175s) rc=1 demoted=0.0MiB read=0.1MiB
  [regular] call 15 step 14: 0.189s (orig 0.184s) rc=1 demoted=0.0MiB read=0.0MiB
  [regular] call 16 step 15: 0.178s (orig 0.180s) rc=0 demoted=0.0MiB read=0.0MiB
  [regular] call 17 step 16: 0.186s (orig 0.179s) rc=0 demoted=0.0MiB read=0.0MiB
  [regular] call 18 step 17: 0.182s (orig 0.192s) rc=0 demoted=0.0MiB read=0.0MiB
  [regular] call 19 step 18: 0.179s (orig 0.184s) rc=0 demoted=0.0MiB read=0.1MiB
  [regular] call 20 step 19: 4.952s (orig 4.443s) rc=0 demoted=0.0MiB read=35.1MiB
  [regular] call 21 step 20: 0.184s (orig 0.189s) rc=0 demoted=0.0MiB read=0.0MiB
  [regular] call 22 step 21: 4.612s (orig 4.460s) rc=0 demoted=0.0MiB read=0.0MiB
  [regular] call 23 step 22: 0.187s (orig 0.179s) rc=0 demoted=0.0MiB read=0.0MiB
  [regular] call 24 step 23: 0.187s (orig 0.178s) rc=0 demoted=0.0MiB read=0.0MiB
  [regular] call 25 step 24: 0.182s (orig 0.178s) rc=0 demoted=0.0MiB read=0.1MiB
  [regular] call 26 step 25: 0.180s (orig 0.180s) rc=1 demoted=0.0MiB read=0.0MiB
  [regular] call 27 step 26: 0.183s (orig 0.174s) rc=0 demoted=0.0MiB read=0.0MiB
  [regular] call 28 step 27: 0.182s (orig 0.183s) rc=0 demoted=0.0MiB read=0.0MiB
  [regular] call 29 step 28: 0.181s (orig 0.179s) rc=0 demoted=0.0MiB read=0.0MiB
  [regular] call 30 step 29: 0.181s (orig 0.180s) rc=0 demoted=0.0MiB read=0.0MiB
  [regular] call 31 step 30: 0.182s (orig 0.179s) rc=0 demoted=0.0MiB read=0.0MiB
  [regular] call 32 step 31: 0.185s (orig 0.183s) rc=0 demoted=0.0MiB read=0.0MiB
  [regular] call 33 step 32: 0.185s (orig 0.182s) rc=0 demoted=0.0MiB read=0.0MiB
  [regular] call 34 step 33: 0.184s (orig 0.185s) rc=0 demoted=0.0MiB read=0.0MiB
  [regular] call 35 step 34: 0.183s (orig 0.179s) rc=0 demoted=0.0MiB read=0.0MiB
  [regular] call 36 step 35: 0.185s (orig 0.177s) rc=0 demoted=0.0MiB read=0.0MiB
  [regular] call 37 step 36: 0.181s (orig 0.176s) rc=0 demoted=0.0MiB read=0.0MiB
  [regular] call 38 step 37: 0.192s (orig 0.186s) rc=0 demoted=0.0MiB read=0.3MiB
  [regular] call 39 step 38: 0.181s (orig 0.182s) rc=0 demoted=0.0MiB read=0.0MiB
  [regular] call 40 step 39: 0.690s (orig 0.503s) rc=0 demoted=0.0MiB read=96.2MiB
  [regular] call 41 step 40: 0.182s (orig 0.177s) rc=0 demoted=0.0MiB read=0.3MiB
  [regular] call 42 step 41: 0.187s (orig 0.180s) rc=1 demoted=0.0MiB read=0.0MiB
  [regular] call 43 step 42: 0.191s (orig 0.180s) rc=0 demoted=0.0MiB read=0.0MiB
  [regular] call 44 step 43: 0.187s (orig 0.174s) rc=0 demoted=0.0MiB read=0.0MiB
  [regular] call 45 step 44: 0.188s (orig 0.178s) rc=0 demoted=0.0MiB read=0.0MiB
  [regular] call 46 step 45: 0.181s (orig 0.178s) rc=0 demoted=0.0MiB read=0.0MiB
  [regular] call 47 step 46: 0.182s (orig 0.180s) rc=0 demoted=0.0MiB read=0.0MiB
  [regular] call 48 step 47: 0.183s (orig 0.187s) rc=0 demoted=0.0MiB read=0.0MiB
  [regular] call 49 step 48: 0.182s (orig 0.177s) rc=0 demoted=0.0MiB read=0.0MiB
  [regular] call 50 step 49: 0.190s (orig 0.185s) rc=0 demoted=0.0MiB read=0.0MiB
  [regular] call 51 step 50: 0.182s (orig 0.182s) rc=0 demoted=0.0MiB read=0.0MiB
  [regular] call 52 step 51: 0.212s (orig 0.199s) rc=0 demoted=0.0MiB read=11.4MiB
  [regular] call 53 step 52: 0.180s (orig 0.174s) rc=0 demoted=0.0MiB read=0.0MiB
  [regular] call 54 step 53: 0.182s (orig 0.184s) rc=127 demoted=0.0MiB read=0.0MiB
  [regular] call 55 step 54: 0.184s (orig 0.180s) rc=0 demoted=0.0MiB read=0.0MiB
  [regular] call 56 step 55: 0.181s (orig 0.182s) rc=0 demoted=0.0MiB read=0.0MiB
  [regular] call 57 step 56: 0.182s (orig 0.182s) rc=0 demoted=0.0MiB read=0.0MiB
  [regular] call 58 step 57: 0.190s (orig 0.189s) rc=0 demoted=0.0MiB read=0.0MiB
  [regular] call 59 step 58: 0.183s (orig 0.181s) rc=0 demoted=0.0MiB read=0.0MiB
  [regular] call 60 step 59: 0.189s (orig 0.192s) rc=0 demoted=0.0MiB read=0.0MiB
  [regular] call 61 step 60: 0.185s (orig 0.182s) rc=0 demoted=0.0MiB read=0.0MiB
  [regular] call 62 step 61: 0.180s (orig 0.175s) rc=0 demoted=0.0MiB read=0.0MiB
  [regular] call 63 step 62: 0.186s (orig 0.179s) rc=0 demoted=0.0MiB read=0.0MiB
[4/58] django__django-11299 regular: total=22.080004740000003 orig=20.63406265 mismatches=62 err=None
[4/58] django__django-11299 lazy
minisweagent.environment: DEBUG: Starting container with command: docker run -d --name   
minisweagent-b31a0259 -w /testbed --rm                                                   
docker.io/swebench/sweb.eval.x86_64.django_1776_django-11299:latest sleep 2h             
minisweagent.environment: INFO: Started container minisweagent-b31a0259 with ID          
b68ab89954028f095aaf5503680fe8fa47237a5dcb30b8861316eb5fc8184cbe                         
  [lazy] call 1 step 1: 0.712s (orig 0.310s) rc=0 demoted=3.5MiB read=75.5MiB
  [lazy] call 2 step 1: 0.704s (orig 0.294s) rc=0 demoted=38.4MiB read=74.9MiB
  [lazy] call 3 step 2: 0.256s (orig 0.183s) rc=0 demoted=38.3MiB read=44.7MiB
  [lazy] call 4 step 3: 0.260s (orig 0.183s) rc=0 demoted=22.9MiB read=44.6MiB
  [lazy] call 5 step 4: 0.686s (orig 0.297s) rc=0 demoted=22.8MiB read=73.4MiB
  [lazy] call 6 step 5: 0.271s (orig 0.180s) rc=0 demoted=38.3MiB read=45.3MiB
  [lazy] call 7 step 6: 0.260s (orig 0.184s) rc=0 demoted=23.0MiB read=46.3MiB
  [lazy] call 8 step 7: 0.256s (orig 0.179s) rc=0 demoted=23.8MiB read=45.8MiB
  [lazy] call 9 step 8: 0.260s (orig 0.183s) rc=0 demoted=23.6MiB read=46.6MiB
  [lazy] call 10 step 9: 0.264s (orig 0.177s) rc=0 demoted=24.0MiB read=46.5MiB
  [lazy] call 11 step 10: 0.258s (orig 0.178s) rc=0 demoted=23.9MiB read=46.5MiB
  [lazy] call 12 step 11: 0.254s (orig 0.176s) rc=0 demoted=23.8MiB read=45.8MiB
  [lazy] call 13 step 12: 0.254s (orig 0.183s) rc=1 demoted=23.5MiB read=45.7MiB
  [lazy] call 14 step 13: 0.256s (orig 0.175s) rc=1 demoted=23.9MiB read=45.7MiB
  [lazy] call 15 step 14: 0.259s (orig 0.184s) rc=1 demoted=23.5MiB read=45.7MiB
  [lazy] call 16 step 15: 0.257s (orig 0.180s) rc=0 demoted=23.4MiB read=45.8MiB
  [lazy] call 17 step 16: 0.263s (orig 0.179s) rc=0 demoted=23.4MiB read=45.9MiB
  [lazy] call 18 step 17: 0.256s (orig 0.192s) rc=0 demoted=23.5MiB read=44.3MiB
  [lazy] call 19 step 18: 0.253s (orig 0.184s) rc=0 demoted=22.8MiB read=44.4MiB
  [lazy] call 20 step 19: 5.253s (orig 4.443s) rc=0 demoted=22.8MiB read=110.2MiB
  [lazy] call 21 step 20: 0.257s (orig 0.189s) rc=0 demoted=63.4MiB read=45.7MiB
  [lazy] call 22 step 21: 5.152s (orig 4.460s) rc=0 demoted=24.9MiB read=110.8MiB
  [lazy] call 23 step 22: 0.261s (orig 0.179s) rc=0 demoted=71.3MiB read=46.2MiB
  [lazy] call 24 step 23: 0.255s (orig 0.178s) rc=0 demoted=24.0MiB read=46.5MiB
  [lazy] call 25 step 24: 0.260s (orig 0.178s) rc=0 demoted=24.0MiB read=46.5MiB
  [lazy] call 26 step 25: 0.256s (orig 0.180s) rc=1 demoted=24.0MiB read=45.7MiB
  [lazy] call 27 step 26: 0.253s (orig 0.174s) rc=0 demoted=23.8MiB read=45.7MiB
  [lazy] call 28 step 27: 0.256s (orig 0.183s) rc=0 demoted=23.7MiB read=45.6MiB
  [lazy] call 29 step 28: 0.256s (orig 0.179s) rc=0 demoted=23.2MiB read=45.8MiB
  [lazy] call 30 step 29: 0.256s (orig 0.180s) rc=0 demoted=23.6MiB read=46.6MiB
  [lazy] call 31 step 30: 0.254s (orig 0.179s) rc=0 demoted=23.8MiB read=45.8MiB
  [lazy] call 32 step 31: 0.257s (orig 0.183s) rc=0 demoted=23.5MiB read=46.6MiB
  [lazy] call 33 step 32: 0.254s (orig 0.182s) rc=0 demoted=23.8MiB read=46.6MiB
  [lazy] call 34 step 33: 0.258s (orig 0.185s) rc=0 demoted=24.0MiB read=46.6MiB
  [lazy] call 35 step 34: 0.243s (orig 0.179s) rc=0 demoted=23.8MiB read=42.3MiB
  [lazy] call 36 step 35: 0.255s (orig 0.177s) rc=0 demoted=21.5MiB read=46.3MiB
  [lazy] call 37 step 36: 0.257s (orig 0.176s) rc=0 demoted=23.7MiB read=46.6MiB
  [lazy] call 38 step 37: 0.261s (orig 0.186s) rc=0 demoted=24.0MiB read=46.8MiB
  [lazy] call 39 step 38: 0.255s (orig 0.182s) rc=0 demoted=24.8MiB read=44.9MiB
  [lazy] call 40 step 39: 0.847s (orig 0.503s) rc=0 demoted=23.1MiB read=204.6MiB
  [lazy] call 41 step 40: 0.258s (orig 0.177s) rc=0 demoted=119.0MiB read=45.2MiB
  [lazy] call 42 step 41: 0.258s (orig 0.180s) rc=1 demoted=23.0MiB read=46.1MiB
  [lazy] call 43 step 42: 0.257s (orig 0.180s) rc=0 demoted=23.8MiB read=46.0MiB
  [lazy] call 44 step 43: 0.252s (orig 0.174s) rc=0 demoted=23.6MiB read=44.9MiB
  [lazy] call 45 step 44: 0.258s (orig 0.178s) rc=0 demoted=23.1MiB read=46.8MiB
  [lazy] call 46 step 45: 0.254s (orig 0.178s) rc=0 demoted=24.6MiB read=44.9MiB
  [lazy] call 47 step 46: 0.259s (orig 0.180s) rc=0 demoted=23.0MiB read=46.5MiB
  [lazy] call 48 step 47: 0.262s (orig 0.187s) rc=0 demoted=23.7MiB read=46.8MiB
  [lazy] call 49 step 48: 0.260s (orig 0.177s) rc=0 demoted=24.3MiB read=46.6MiB
  [lazy] call 50 step 49: 0.264s (orig 0.185s) rc=0 demoted=23.7MiB read=46.6MiB
  [lazy] call 51 step 50: 0.259s (orig 0.182s) rc=0 demoted=24.2MiB read=46.2MiB
  [lazy] call 52 step 51: 0.282s (orig 0.199s) rc=0 demoted=23.6MiB read=57.9MiB
  [lazy] call 53 step 52: 0.255s (orig 0.174s) rc=0 demoted=29.5MiB read=46.2MiB
  [lazy] call 54 step 53: 0.256s (orig 0.184s) rc=127 demoted=23.7MiB read=46.3MiB
  [lazy] call 55 step 54: 0.261s (orig 0.180s) rc=0 demoted=24.0MiB read=46.5MiB
  [lazy] call 56 step 55: 0.257s (orig 0.182s) rc=0 demoted=24.1MiB read=46.2MiB
  [lazy] call 57 step 56: 0.260s (orig 0.182s) rc=0 demoted=23.7MiB read=46.1MiB
  [lazy] call 58 step 57: 0.277s (orig 0.189s) rc=0 demoted=23.8MiB read=80.0MiB
  [lazy] call 59 step 58: 0.253s (orig 0.181s) rc=0 demoted=41.1MiB read=44.4MiB
  [lazy] call 60 step 59: 0.273s (orig 0.192s) rc=0 demoted=22.6MiB read=81.2MiB
  [lazy] call 61 step 60: 0.257s (orig 0.182s) rc=0 demoted=41.4MiB read=45.9MiB
  [lazy] call 62 step 61: 0.254s (orig 0.175s) rc=0 demoted=23.6MiB read=43.9MiB
  [lazy] call 63 step 62: 0.256s (orig 0.179s) rc=0 demoted=22.6MiB read=44.0MiB
[4/58] django__django-11299 lazy: total=28.075202608 orig=20.63406265 mismatches=62 err=None
[5/58] django__django-11333 regular
minisweagent.environment: DEBUG: Starting container with command: docker run -d --name   
minisweagent-c6e7dab6 -w /testbed --rm                                                   
docker.io/swebench/sweb.eval.x86_64.django_1776_django-11333:latest sleep 2h             
minisweagent.environment: INFO: Started container minisweagent-c6e7dab6 with ID          
2152de091adaf4ef6358cd5a1b5a33bd190642edc3d5528e6608dbc1498fcf89                         
  [regular] call 1 step 1: 0.722s (orig 0.312s) rc=0 demoted=0.0MiB read=70.9MiB
  [regular] call 2 step 2: 0.186s (orig 0.185s) rc=0 demoted=0.0MiB read=0.1MiB
  [regular] call 3 step 3: 0.184s (orig 0.176s) rc=0 demoted=0.0MiB read=0.0MiB
  [regular] call 4 step 4: 0.181s (orig 0.177s) rc=0 demoted=0.0MiB read=0.0MiB
  [regular] call 5 step 5: 0.182s (orig 0.184s) rc=0 demoted=0.0MiB read=0.0MiB
  [regular] call 6 step 6: 0.183s (orig 0.183s) rc=0 demoted=0.0MiB read=0.0MiB
  [regular] call 7 step 7: 0.186s (orig 0.183s) rc=0 demoted=0.0MiB read=0.1MiB
  [regular] call 8 step 10: 0.188s (orig 0.185s) rc=0 demoted=0.0MiB read=0.6MiB
  [regular] call 9 step 11: 0.206s (orig 0.197s) rc=1 demoted=0.0MiB read=11.5MiB
  [regular] call 10 step 12: 0.187s (orig 0.183s) rc=0 demoted=0.0MiB read=0.0MiB
  [regular] call 11 step 14: 0.199s (orig 0.198s) rc=1 demoted=0.0MiB read=0.0MiB
  [regular] call 12 step 15: 0.182s (orig 0.179s) rc=2 demoted=0.0MiB read=0.0MiB
  [regular] call 13 step 16: 0.192s (orig 0.189s) rc=0 demoted=0.0MiB read=0.3MiB
  [regular] call 14 step 17: 0.177s (orig 0.175s) rc=0 demoted=0.0MiB read=0.0MiB
  [regular] call 15 step 18: 0.199s (orig 0.185s) rc=0 demoted=0.0MiB read=31.3MiB
  [regular] call 16 step 19: 0.178s (orig 0.179s) rc=0 demoted=0.0MiB read=0.0MiB
  [regular] call 17 step 20: 0.183s (orig 0.183s) rc=0 demoted=0.0MiB read=0.0MiB
  [regular] call 18 step 21: 0.188s (orig 0.184s) rc=0 demoted=0.0MiB read=0.0MiB
  [regular] call 19 step 22: 0.183s (orig 0.184s) rc=0 demoted=0.0MiB read=0.0MiB
  [regular] call 20 step 23: 0.184s (orig 0.180s) rc=0 demoted=0.0MiB read=0.0MiB
[5/58] django__django-11333 regular: total=4.267162621000001 orig=3.7993372840000004 mismatches=19 err=None
[5/58] django__django-11333 lazy
minisweagent.environment: DEBUG: Starting container with command: docker run -d --name   
minisweagent-ceb5b04c -w /testbed --rm                                                   
docker.io/swebench/sweb.eval.x86_64.django_1776_django-11333:latest sleep 2h             
minisweagent.environment: INFO: Started container minisweagent-ceb5b04c with ID          
63fdac03529ad38e253522fac4814fa5be83859874633c898735d816d6064a3a                         
  [lazy] call 1 step 1: 0.728s (orig 0.312s) rc=0 demoted=3.6MiB read=76.6MiB
  [lazy] call 2 step 2: 0.266s (orig 0.185s) rc=0 demoted=39.1MiB read=47.0MiB
  [lazy] call 3 step 3: 0.258s (orig 0.176s) rc=0 demoted=24.2MiB read=46.7MiB
  [lazy] call 4 step 4: 0.257s (orig 0.177s) rc=0 demoted=24.2MiB read=46.4MiB
  [lazy] call 5 step 5: 0.259s (orig 0.184s) rc=0 demoted=24.0MiB read=46.5MiB
  [lazy] call 6 step 6: 0.260s (orig 0.183s) rc=0 demoted=23.9MiB read=46.4MiB
  [lazy] call 7 step 7: 0.257s (orig 0.183s) rc=0 demoted=24.2MiB read=45.2MiB
  [lazy] call 8 step 10: 0.266s (orig 0.185s) rc=0 demoted=23.4MiB read=48.7MiB
  [lazy] call 9 step 11: 0.287s (orig 0.197s) rc=1 demoted=25.7MiB read=56.5MiB
  [lazy] call 10 step 12: 0.269s (orig 0.183s) rc=0 demoted=29.0MiB read=48.6MiB
  [lazy] call 11 step 14: 0.291s (orig 0.198s) rc=1 demoted=25.2MiB read=58.4MiB
  [lazy] call 12 step 15: 0.262s (orig 0.179s) rc=2 demoted=29.6MiB read=45.2MiB
  [lazy] call 13 step 16: 0.267s (orig 0.189s) rc=0 demoted=23.0MiB read=48.7MiB
  [lazy] call 14 step 17: 0.259s (orig 0.175s) rc=0 demoted=25.9MiB read=46.2MiB
  [lazy] call 15 step 18: 0.280s (orig 0.185s) rc=0 demoted=23.9MiB read=78.3MiB
  [lazy] call 16 step 19: 0.264s (orig 0.179s) rc=0 demoted=39.8MiB read=46.5MiB
  [lazy] call 17 step 20: 0.263s (orig 0.183s) rc=0 demoted=23.9MiB read=48.4MiB
  [lazy] call 18 step 21: 0.281s (orig 0.184s) rc=0 demoted=25.1MiB read=77.9MiB
  [lazy] call 19 step 22: 0.260s (orig 0.184s) rc=0 demoted=39.9MiB read=46.5MiB
  [lazy] call 20 step 23: 0.259s (orig 0.180s) rc=0 demoted=23.9MiB read=45.3MiB
[5/58] django__django-11333 lazy: total=5.794125478 orig=3.7993372840000004 mismatches=19 err=None
[6/58] django__django-11400 regular
minisweagent.environment: DEBUG: Starting container with command: docker run -d --name   
minisweagent-1adb38dd -w /testbed --rm                                                   
docker.io/swebench/sweb.eval.x86_64.django_1776_django-11400:latest sleep 2h             
minisweagent.environment: INFO: Started container minisweagent-1adb38dd with ID          
f7c6c804c52548df408ba9e4ab2b19f77a1c1edaef4a7affce719d725b682d0e                         
  [regular] call 1 step 1: 0.712s (orig 0.313s) rc=0 demoted=0.0MiB read=71.2MiB
  [regular] call 2 step 2: 0.183s (orig 0.182s) rc=1 demoted=0.0MiB read=0.1MiB
  [regular] call 3 step 3: 0.183s (orig 0.182s) rc=0 demoted=0.0MiB read=0.0MiB
  [regular] call 4 step 4: 0.184s (orig 0.179s) rc=0 demoted=0.0MiB read=0.0MiB
  [regular] call 5 step 5: 0.179s (orig 0.185s) rc=0 demoted=0.0MiB read=0.0MiB
  [regular] call 6 step 6: 0.302s (orig 0.303s) rc=0 demoted=0.0MiB read=0.4MiB
  [regular] call 7 step 7: 0.313s (orig 0.308s) rc=0 demoted=0.0MiB read=2.0MiB
  [regular] call 8 step 8: 0.182s (orig 0.177s) rc=0 demoted=0.0MiB read=0.0MiB
  [regular] call 9 step 9: 0.184s (orig 0.182s) rc=1 demoted=0.0MiB read=0.0MiB
  [regular] call 10 step 10: 0.183s (orig 0.187s) rc=1 demoted=0.0MiB read=0.0MiB
  [regular] call 11 step 11: 0.298s (orig 0.304s) rc=0 demoted=0.0MiB read=0.0MiB
  [regular] call 12 step 12: 0.183s (orig 0.183s) rc=1 demoted=0.0MiB read=0.0MiB
  [regular] call 13 step 13: 0.181s (orig 0.180s) rc=1 demoted=0.0MiB read=0.0MiB
  [regular] call 14 step 14: 0.185s (orig 0.184s) rc=0 demoted=0.0MiB read=0.0MiB
  [regular] call 15 step 15: 0.182s (orig 0.175s) rc=1 demoted=0.0MiB read=0.0MiB
  [regular] call 16 step 16: 0.185s (orig 0.178s) rc=0 demoted=0.0MiB read=0.0MiB
  [regular] call 17 step 18: 0.180s (orig 0.178s) rc=2 demoted=0.0MiB read=0.0MiB
  [regular] call 18 step 19: 0.178s (orig 0.181s) rc=0 demoted=0.0MiB read=0.0MiB
  [regular] call 19 step 20: 0.181s (orig 0.184s) rc=1 demoted=0.0MiB read=0.0MiB
  [regular] call 20 step 21: 0.182s (orig 0.184s) rc=0 demoted=0.0MiB read=0.0MiB
  [regular] call 21 step 22: 0.184s (orig 0.182s) rc=2 demoted=0.0MiB read=0.0MiB
  [regular] call 22 step 24: 0.211s (orig 0.200s) rc=0 demoted=0.0MiB read=12.0MiB
  [regular] call 23 step 25: 0.180s (orig 0.179s) rc=2 demoted=0.0MiB read=0.3MiB
  [regular] call 24 step 26: 0.185s (orig 0.189s) rc=0 demoted=0.0MiB read=0.2MiB
  [regular] call 25 step 27: 0.175s (orig 0.182s) rc=1 demoted=0.0MiB read=0.0MiB
  [regular] call 26 step 28: 0.201s (orig 0.199s) rc=1 demoted=0.0MiB read=0.0MiB
  [regular] call 27 step 29: 0.199s (orig 0.202s) rc=0 demoted=0.0MiB read=0.0MiB
  [regular] call 28 step 30: 0.183s (orig 0.182s) rc=1 demoted=0.0MiB read=0.0MiB
  [regular] call 29 step 31: 0.201s (orig 0.199s) rc=0 demoted=0.0MiB read=0.0MiB
  [regular] call 30 step 32: 0.182s (orig 0.186s) rc=1 demoted=0.0MiB read=0.0MiB
  [regular] call 31 step 33: 0.182s (orig 0.181s) rc=0 demoted=0.0MiB read=0.0MiB
  [regular] call 32 step 34: 0.182s (orig 0.180s) rc=0 demoted=0.0MiB read=0.0MiB
  [regular] call 33 step 35: 0.200s (orig 0.204s) rc=0 demoted=0.0MiB read=0.0MiB
  [regular] call 34 step 36: 0.180s (orig 0.182s) rc=0 demoted=0.0MiB read=0.0MiB
  [regular] call 35 step 37: 0.198s (orig 0.185s) rc=0 demoted=0.0MiB read=34.8MiB
  [regular] call 36 step 38: 0.179s (orig 0.179s) rc=1 demoted=0.0MiB read=0.0MiB
  [regular] call 37 step 39: 0.186s (orig 0.182s) rc=0 demoted=0.0MiB read=0.0MiB
  [regular] call 38 step 40: 0.180s (orig 0.181s) rc=0 demoted=0.0MiB read=0.0MiB
  [regular] call 39 step 41: 0.798s (orig 0.583s) rc=1 demoted=0.0MiB read=122.4MiB
  [regular] call 40 step 42: 0.182s (orig 0.184s) rc=0 demoted=0.0MiB read=0.0MiB
  [regular] call 41 step 43: 0.184s (orig 0.187s) rc=0 demoted=0.0MiB read=0.0MiB
  [regular] call 42 step 44: 0.182s (orig 0.182s) rc=0 demoted=0.0MiB read=0.0MiB
  [regular] call 43 step 45: 0.179s (orig 0.182s) rc=0 demoted=0.0MiB read=0.0MiB
[6/58] django__django-11400 regular: total=9.453325142 orig=8.81882834 mismatches=42 err=None
[6/58] django__django-11400 lazy
minisweagent.environment: DEBUG: Starting container with command: docker run -d --name   
minisweagent-419c862d -w /testbed --rm                                                   
docker.io/swebench/sweb.eval.x86_64.django_1776_django-11400:latest sleep 2h             
minisweagent.environment: INFO: Started container minisweagent-419c862d with ID          
fb71d35729f22017e07d1db009f22f7a6d02a2171d3437472fcc103f42de50a1                         
  [lazy] call 1 step 1: 0.698s (orig 0.313s) rc=0 demoted=3.3MiB read=73.4MiB
  [lazy] call 2 step 2: 0.258s (orig 0.182s) rc=1 demoted=37.7MiB read=46.5MiB
  [lazy] call 3 step 3: 0.258s (orig 0.182s) rc=0 demoted=24.2MiB read=45.2MiB
  [lazy] call 4 step 4: 0.262s (orig 0.179s) rc=0 demoted=23.1MiB read=46.3MiB
  [lazy] call 5 step 5: 0.262s (orig 0.185s) rc=0 demoted=23.8MiB read=46.3MiB
  [lazy] call 6 step 6: 0.691s (orig 0.303s) rc=0 demoted=23.7MiB read=73.7MiB
  [lazy] call 7 step 7: 0.712s (orig 0.308s) rc=0 demoted=41.6MiB read=75.1MiB
  [lazy] call 8 step 8: 0.258s (orig 0.177s) rc=0 demoted=41.2MiB read=46.1MiB
  [lazy] call 9 step 9: 0.258s (orig 0.182s) rc=1 demoted=23.5MiB read=46.1MiB
  [lazy] call 10 step 10: 0.258s (orig 0.187s) rc=1 demoted=23.8MiB read=46.3MiB
  [lazy] call 11 step 11: 0.701s (orig 0.304s) rc=0 demoted=23.8MiB read=75.0MiB
  [lazy] call 12 step 12: 0.257s (orig 0.183s) rc=1 demoted=38.8MiB read=46.3MiB
  [lazy] call 13 step 13: 0.257s (orig 0.180s) rc=1 demoted=23.7MiB read=46.3MiB
  [lazy] call 14 step 14: 0.261s (orig 0.184s) rc=0 demoted=23.7MiB read=46.3MiB
  [lazy] call 15 step 15: 0.262s (orig 0.175s) rc=1 demoted=24.2MiB read=46.8MiB
  [lazy] call 16 step 16: 0.260s (orig 0.178s) rc=0 demoted=23.8MiB read=46.5MiB
  [lazy] call 17 step 18: 0.257s (orig 0.178s) rc=2 demoted=23.8MiB read=44.9MiB
  [lazy] call 18 step 19: 0.262s (orig 0.181s) rc=0 demoted=23.0MiB read=46.4MiB
  [lazy] call 19 step 20: 0.262s (orig 0.184s) rc=1 demoted=23.8MiB read=46.2MiB
  [lazy] call 20 step 21: 0.262s (orig 0.184s) rc=0 demoted=24.0MiB read=46.3MiB
  [lazy] call 21 step 22: 0.254s (orig 0.182s) rc=2 demoted=23.5MiB read=44.5MiB
  [lazy] call 22 step 24: 0.290s (orig 0.200s) rc=0 demoted=22.6MiB read=58.1MiB
  [lazy] call 23 step 25: 0.253s (orig 0.179s) rc=2 demoted=30.5MiB read=43.2MiB
  [lazy] call 24 step 26: 0.263s (orig 0.189s) rc=0 demoted=22.3MiB read=46.9MiB
  [lazy] call 25 step 27: 0.257s (orig 0.182s) rc=1 demoted=24.4MiB read=44.9MiB
  [lazy] call 26 step 28: 0.287s (orig 0.199s) rc=1 demoted=23.0MiB read=58.2MiB
  [lazy] call 27 step 29: 0.287s (orig 0.202s) rc=0 demoted=29.5MiB read=58.3MiB
  [lazy] call 28 step 30: 0.256s (orig 0.182s) rc=1 demoted=29.5MiB read=45.2MiB
  [lazy] call 29 step 31: 0.287s (orig 0.199s) rc=0 demoted=23.0MiB read=58.3MiB
  [lazy] call 30 step 32: 0.261s (orig 0.186s) rc=1 demoted=29.6MiB read=46.1MiB
  [lazy] call 31 step 33: 0.257s (orig 0.181s) rc=0 demoted=23.8MiB read=46.1MiB
  [lazy] call 32 step 34: 0.257s (orig 0.180s) rc=0 demoted=23.5MiB read=46.9MiB
  [lazy] call 33 step 35: 0.284s (orig 0.204s) rc=0 demoted=24.0MiB read=58.3MiB
  [lazy] call 34 step 36: 0.261s (orig 0.182s) rc=0 demoted=29.5MiB read=46.9MiB
  [lazy] call 35 step 37: 0.275s (orig 0.185s) rc=0 demoted=24.0MiB read=80.8MiB
  [lazy] call 36 step 38: 0.256s (orig 0.179s) rc=1 demoted=41.0MiB read=45.1MiB
  [lazy] call 37 step 39: 0.257s (orig 0.182s) rc=0 demoted=23.0MiB read=44.9MiB
  [lazy] call 38 step 40: 0.255s (orig 0.181s) rc=0 demoted=23.1MiB read=44.9MiB
  [lazy] call 39 step 41: 0.954s (orig 0.583s) rc=1 demoted=22.9MiB read=235.8MiB
  [lazy] call 40 step 42: 0.264s (orig 0.184s) rc=0 demoted=131.9MiB read=45.0MiB
  [lazy] call 41 step 43: 0.261s (orig 0.187s) rc=0 demoted=23.3MiB read=45.1MiB
  [lazy] call 42 step 44: 0.260s (orig 0.182s) rc=0 demoted=23.2MiB read=45.0MiB
  [lazy] call 43 step 45: 0.263s (orig 0.182s) rc=0 demoted=23.7MiB read=45.7MiB
[6/58] django__django-11400 lazy: total=13.755649030999999 orig=8.81882834 mismatches=42 err=None
[7/58] django__django-11433 regular
minisweagent.environment: DEBUG: Starting container with command: docker run -d --name   
minisweagent-fd173f8f -w /testbed --rm                                                   
docker.io/swebench/sweb.eval.x86_64.django_1776_django-11433:latest sleep 2h             
minisweagent.environment: INFO: Started container minisweagent-fd173f8f with ID          
e5919daeaeb43acbfae9634e73cafa1062f6b3333056e1e8b8ee970137fa6b75                         
  [regular] call 1 step 1: 0.266s (orig 0.187s) rc=0 demoted=0.0MiB read=43.1MiB
  [regular] call 2 step 1: 0.536s (orig 0.271s) rc=0 demoted=0.0MiB read=23.2MiB
  [regular] call 3 step 2: 0.339s (orig 0.267s) rc=1 demoted=0.0MiB read=5.2MiB
  [regular] call 4 step 2: 0.264s (orig 0.271s) rc=0 demoted=0.0MiB read=0.0MiB
  [regular] call 5 step 3: 0.266s (orig 0.267s) rc=0 demoted=0.0MiB read=0.0MiB
  [regular] call 6 step 3: 0.186s (orig 0.181s) rc=0 demoted=0.0MiB read=0.0MiB
  [regular] call 7 step 4: 0.184s (orig 0.181s) rc=0 demoted=0.0MiB read=0.1MiB
  [regular] call 8 step 5: 0.182s (orig 0.178s) rc=0 demoted=0.0MiB read=0.0MiB
  [regular] call 9 step 6: 0.185s (orig 0.183s) rc=0 demoted=0.0MiB read=0.3MiB
  [regular] call 10 step 7: 0.182s (orig 0.182s) rc=0 demoted=0.0MiB read=0.0MiB
  [regular] call 11 step 8: 0.184s (orig 0.180s) rc=0 demoted=0.0MiB read=0.0MiB
  [regular] call 12 step 9: 0.182s (orig 0.183s) rc=0 demoted=0.0MiB read=0.0MiB
  [regular] call 13 step 10: 0.188s (orig 0.180s) rc=0 demoted=0.0MiB read=0.0MiB
  [regular] call 14 step 11: 0.182s (orig 0.182s) rc=0 demoted=0.0MiB read=0.0MiB
  [regular] call 15 step 12: 0.185s (orig 0.179s) rc=0 demoted=0.0MiB read=0.0MiB
  [regular] call 16 step 13: 0.181s (orig 0.183s) rc=0 demoted=0.0MiB read=0.0MiB
  [regular] call 17 step 14: 0.182s (orig 0.180s) rc=0 demoted=0.0MiB read=0.0MiB
  [regular] call 18 step 15: 0.179s (orig 0.181s) rc=0 demoted=0.0MiB read=0.0MiB
  [regular] call 19 step 16: 0.183s (orig 0.178s) rc=2 demoted=0.0MiB read=0.0MiB
  [regular] call 20 step 17: 0.188s (orig 0.188s) rc=2 demoted=0.0MiB read=0.4MiB
  [regular] call 21 step 18: 0.188s (orig 0.186s) rc=0 demoted=0.0MiB read=0.0MiB
  [regular] call 22 step 19: 0.183s (orig 0.180s) rc=0 demoted=0.0MiB read=0.4MiB
  [regular] call 23 step 20: 0.182s (orig 0.182s) rc=0 demoted=0.0MiB read=0.0MiB
  [regular] call 24 step 21: 0.187s (orig 0.190s) rc=0 demoted=0.0MiB read=0.0MiB
  [regular] call 25 step 22: 0.181s (orig 0.182s) rc=0 demoted=0.0MiB read=0.0MiB
  [regular] call 26 step 23: 0.187s (orig 0.185s) rc=2 demoted=0.0MiB read=0.0MiB
  [regular] call 27 step 24: 0.181s (orig 0.187s) rc=0 demoted=0.0MiB read=0.0MiB
  [regular] call 28 step 25: 0.179s (orig 0.180s) rc=0 demoted=0.0MiB read=0.0MiB
  [regular] call 29 step 26: 0.184s (orig 0.181s) rc=0 demoted=0.0MiB read=0.0MiB
  [regular] call 30 step 27: 0.192s (orig 0.189s) rc=0 demoted=0.0MiB read=0.0MiB
  [regular] call 31 step 28: 0.184s (orig 0.179s) rc=0 demoted=0.0MiB read=0.0MiB
  [regular] call 32 step 29: 0.181s (orig 0.180s) rc=2 demoted=0.0MiB read=0.0MiB
  [regular] call 33 step 30: 0.183s (orig 0.179s) rc=2 demoted=0.0MiB read=0.0MiB
  [regular] call 34 step 31: 0.184s (orig 0.181s) rc=2 demoted=0.0MiB read=0.0MiB
  [regular] call 35 step 32: 0.184s (orig 0.185s) rc=2 demoted=0.0MiB read=0.0MiB
  [regular] call 36 step 33: 0.183s (orig 0.181s) rc=2 demoted=0.0MiB read=0.0MiB
  [regular] call 37 step 34: 0.189s (orig 0.186s) rc=2 demoted=0.0MiB read=0.0MiB
  [regular] call 38 step 35: 0.185s (orig 0.184s) rc=0 demoted=0.0MiB read=0.0MiB
  [regular] call 39 step 36: 0.178s (orig 0.179s) rc=0 demoted=0.0MiB read=0.0MiB
  [regular] call 40 step 37: 0.182s (orig 0.184s) rc=0 demoted=0.0MiB read=0.0MiB
  [regular] call 41 step 38: 0.182s (orig 0.184s) rc=0 demoted=0.0MiB read=0.0MiB
  [regular] call 42 step 39: 0.181s (orig 0.184s) rc=0 demoted=0.0MiB read=0.0MiB
  [regular] call 43 step 40: 0.197s (orig 0.191s) rc=0 demoted=0.0MiB read=34.7MiB
  [regular] call 44 step 41: 0.183s (orig 0.180s) rc=0 demoted=0.0MiB read=0.0MiB
  [regular] call 45 step 42: 0.189s (orig 0.192s) rc=0 demoted=0.0MiB read=0.0MiB
  [regular] call 46 step 43: 0.181s (orig 0.183s) rc=2 demoted=0.0MiB read=0.0MiB
  [regular] call 47 step 44: 0.177s (orig 0.177s) rc=0 demoted=0.0MiB read=0.0MiB
  [regular] call 48 step 45: 0.191s (orig 0.195s) rc=0 demoted=0.0MiB read=0.0MiB
  [regular] call 49 step 47: 0.194s (orig 0.197s) rc=0 demoted=0.0MiB read=0.0MiB
  [regular] call 50 step 48: 0.194s (orig 0.191s) rc=0 demoted=0.0MiB read=0.0MiB
  [regular] call 51 step 49: 0.182s (orig 0.182s) rc=2 demoted=0.0MiB read=0.0MiB
  [regular] call 52 step 50: 0.193s (orig 0.188s) rc=0 demoted=0.0MiB read=0.0MiB
  [regular] call 53 step 51: 0.201s (orig 0.196s) rc=0 demoted=0.0MiB read=0.0MiB
  [regular] call 54 step 52: 0.193s (orig 0.192s) rc=0 demoted=0.0MiB read=0.0MiB
  [regular] call 55 step 53: 0.178s (orig 0.176s) rc=0 demoted=0.0MiB read=0.0MiB
[7/58] django__django-11433 regular: total=10.915745032 orig=10.445736233999998 mismatches=54 err=None
[7/58] django__django-11433 lazy
minisweagent.environment: DEBUG: Starting container with command: docker run -d --name   
minisweagent-357d1e78 -w /testbed --rm                                                   
docker.io/swebench/sweb.eval.x86_64.django_1776_django-11433:latest sleep 2h             
minisweagent.environment: INFO: Started container minisweagent-357d1e78 with ID          
4497e59c488af4ce54a4c87b2c2295ed85952412b8888610bc16e32ff903eec8                         
  [lazy] call 1 step 1: 0.270s (orig 0.187s) rc=0 demoted=3.3MiB read=48.6MiB
  [lazy] call 2 step 1: 0.613s (orig 0.271s) rc=0 demoted=24.6MiB read=70.9MiB
  [lazy] call 3 step 2: 0.618s (orig 0.267s) rc=1 demoted=36.5MiB read=69.2MiB
  [lazy] call 4 step 2: 0.599s (orig 0.271s) rc=0 demoted=38.8MiB read=63.4MiB
  [lazy] call 5 step 3: 0.625s (orig 0.267s) rc=0 demoted=32.5MiB read=68.7MiB
  [lazy] call 6 step 3: 0.265s (orig 0.181s) rc=0 demoted=37.2MiB read=47.2MiB
  [lazy] call 7 step 4: 0.260s (orig 0.181s) rc=0 demoted=24.9MiB read=44.3MiB
  [lazy] call 8 step 5: 0.263s (orig 0.178s) rc=0 demoted=23.0MiB read=46.6MiB
  [lazy] call 9 step 6: 0.261s (orig 0.183s) rc=0 demoted=24.2MiB read=47.0MiB
  [lazy] call 10 step 7: 0.261s (orig 0.182s) rc=0 demoted=24.0MiB read=47.0MiB
  [lazy] call 11 step 8: 0.260s (orig 0.180s) rc=0 demoted=24.2MiB read=44.7MiB
  [lazy] call 12 step 9: 0.262s (orig 0.183s) rc=0 demoted=22.9MiB read=47.0MiB
  [lazy] call 13 step 10: 0.258s (orig 0.180s) rc=0 demoted=24.2MiB read=46.5MiB
  [lazy] call 14 step 11: 0.257s (orig 0.182s) rc=0 demoted=23.7MiB read=47.0MiB
  [lazy] call 15 step 12: 0.260s (orig 0.179s) rc=0 demoted=24.2MiB read=47.1MiB
  [lazy] call 16 step 13: 0.260s (orig 0.183s) rc=0 demoted=24.0MiB read=47.1MiB
  [lazy] call 17 step 14: 0.261s (orig 0.180s) rc=0 demoted=24.4MiB read=46.9MiB
  [lazy] call 18 step 15: 0.264s (orig 0.181s) rc=0 demoted=23.9MiB read=47.6MiB
  [lazy] call 19 step 16: 0.255s (orig 0.178s) rc=2 demoted=25.2MiB read=44.6MiB
  [lazy] call 20 step 17: 0.273s (orig 0.188s) rc=2 demoted=22.8MiB read=47.7MiB
  [lazy] call 21 step 18: 0.269s (orig 0.186s) rc=0 demoted=25.0MiB read=47.7MiB
  [lazy] call 22 step 19: 0.264s (orig 0.180s) rc=0 demoted=24.8MiB read=47.6MiB
  [lazy] call 23 step 20: 0.256s (orig 0.182s) rc=0 demoted=25.6MiB read=45.5MiB
  [lazy] call 24 step 21: 0.268s (orig 0.190s) rc=0 demoted=23.4MiB read=47.5MiB
  [lazy] call 25 step 22: 0.258s (orig 0.182s) rc=0 demoted=25.7MiB read=45.5MiB
  [lazy] call 26 step 23: 0.261s (orig 0.185s) rc=2 demoted=24.0MiB read=46.2MiB
  [lazy] call 27 step 24: 0.262s (orig 0.187s) rc=0 demoted=25.2MiB read=46.0MiB
  [lazy] call 28 step 25: 0.264s (orig 0.180s) rc=0 demoted=25.0MiB read=45.9MiB
  [lazy] call 29 step 26: 0.259s (orig 0.181s) rc=0 demoted=24.6MiB read=45.7MiB
  [lazy] call 30 step 27: 0.267s (orig 0.189s) rc=0 demoted=24.4MiB read=46.8MiB
  [lazy] call 31 step 28: 0.259s (orig 0.179s) rc=0 demoted=25.5MiB read=46.2MiB
  [lazy] call 32 step 29: 0.255s (orig 0.180s) rc=2 demoted=23.7MiB read=44.4MiB
  [lazy] call 33 step 30: 0.255s (orig 0.179s) rc=2 demoted=22.6MiB read=44.3MiB
  [lazy] call 34 step 31: 0.263s (orig 0.181s) rc=2 demoted=22.5MiB read=46.8MiB
  [lazy] call 35 step 32: 0.264s (orig 0.185s) rc=2 demoted=25.1MiB read=46.7MiB
  [lazy] call 36 step 33: 0.258s (orig 0.181s) rc=2 demoted=25.1MiB read=44.7MiB
  [lazy] call 37 step 34: 0.264s (orig 0.186s) rc=2 demoted=23.5MiB read=46.8MiB
  [lazy] call 38 step 35: 0.263s (orig 0.184s) rc=0 demoted=25.5MiB read=47.0MiB
  [lazy] call 39 step 36: 0.254s (orig 0.179s) rc=0 demoted=25.5MiB read=46.6MiB
  [lazy] call 40 step 37: 0.255s (orig 0.184s) rc=0 demoted=25.1MiB read=45.3MiB
  [lazy] call 41 step 38: 0.263s (orig 0.184s) rc=0 demoted=23.9MiB read=46.2MiB
  [lazy] call 42 step 39: 0.259s (orig 0.184s) rc=0 demoted=24.8MiB read=46.0MiB
  [lazy] call 43 step 40: 0.281s (orig 0.191s) rc=0 demoted=23.7MiB read=80.3MiB
  [lazy] call 44 step 41: 0.257s (orig 0.180s) rc=0 demoted=41.8MiB read=44.2MiB
  [lazy] call 45 step 42: 0.280s (orig 0.192s) rc=0 demoted=22.5MiB read=77.0MiB
  [lazy] call 46 step 43: 0.259s (orig 0.183s) rc=2 demoted=39.8MiB read=46.2MiB
  [lazy] call 47 step 44: 0.266s (orig 0.177s) rc=0 demoted=23.3MiB read=47.7MiB
  [lazy] call 48 step 45: 0.286s (orig 0.195s) rc=0 demoted=24.2MiB read=82.1MiB
  [lazy] call 49 step 47: 0.289s (orig 0.197s) rc=0 demoted=41.9MiB read=78.6MiB
  [lazy] call 50 step 48: 0.297s (orig 0.191s) rc=0 demoted=40.5MiB read=82.5MiB
  [lazy] call 51 step 49: 0.262s (orig 0.182s) rc=2 demoted=42.4MiB read=45.4MiB
  [lazy] call 52 step 50: 0.295s (orig 0.188s) rc=0 demoted=23.1MiB read=82.5MiB
  [lazy] call 53 step 51: 0.291s (orig 0.196s) rc=0 demoted=41.8MiB read=78.5MiB
  [lazy] call 54 step 52: 0.286s (orig 0.192s) rc=0 demoted=40.1MiB read=82.3MiB
  [lazy] call 55 step 53: 0.258s (orig 0.176s) rc=0 demoted=41.8MiB read=45.2MiB
[7/58] django__django-11433 lazy: total=15.995067324999999 orig=10.445736233999998 mismatches=54 err=None
[8/58] django__django-11451 regular
minisweagent.environment: DEBUG: Starting container with command: docker run -d --name   
minisweagent-3daab86d -w /testbed --rm                                                   
docker.io/swebench/sweb.eval.x86_64.django_1776_django-11451:latest sleep 2h             
minisweagent.environment: INFO: Started container minisweagent-3daab86d with ID          
34ab175c0da11fa64a74e1fcb088b62e4120251e2b2287a00515f08c416cc3ef                         
  [regular] call 1 step 1: 0.830s (orig 0.341s) rc=0 demoted=0.0MiB read=82.9MiB
  [regular] call 2 step 2: 0.191s (orig 0.178s) rc=0 demoted=0.0MiB read=0.0MiB
  [regular] call 3 step 3: 0.188s (orig 0.180s) rc=0 demoted=0.0MiB read=0.2MiB
  [regular] call 4 step 5: 0.188s (orig 0.183s) rc=0 demoted=0.0MiB read=0.0MiB
  [regular] call 5 step 8: 0.184s (orig 0.181s) rc=0 demoted=0.0MiB read=0.3MiB
  [regular] call 6 step 9: 0.181s (orig 0.179s) rc=0 demoted=0.0MiB read=0.0MiB
  [regular] call 7 step 10: 0.211s (orig 0.199s) rc=0 demoted=0.0MiB read=11.3MiB
  [regular] call 8 step 11: 0.187s (orig 0.184s) rc=0 demoted=0.0MiB read=0.0MiB
  [regular] call 9 step 12: 0.182s (orig 0.186s) rc=0 demoted=0.0MiB read=0.0MiB
  [regular] call 10 step 13: 0.183s (orig 0.183s) rc=0 demoted=0.0MiB read=0.0MiB
  [regular] call 11 step 14: 0.184s (orig 0.183s) rc=0 demoted=0.0MiB read=0.0MiB
  [regular] call 12 step 15: 0.186s (orig 0.184s) rc=0 demoted=0.0MiB read=0.0MiB
  [regular] call 13 step 16: 0.184s (orig 0.184s) rc=0 demoted=0.0MiB read=0.0MiB
  [regular] call 14 step 17: 0.199s (orig 0.181s) rc=0 demoted=0.0MiB read=0.3MiB
  [regular] call 15 step 18: 0.183s (orig 0.185s) rc=0 demoted=0.0MiB read=0.0MiB
  [regular] call 16 step 19: 0.204s (orig 0.188s) rc=0 demoted=0.0MiB read=34.6MiB
  [regular] call 17 step 20: 0.185s (orig 0.179s) rc=0 demoted=0.0MiB read=0.0MiB
  [regular] call 18 step 21: 0.180s (orig 0.178s) rc=0 demoted=0.0MiB read=0.0MiB
[8/58] django__django-11451 regular: total=4.0315973409999994 orig=3.456856985 mismatches=17 err=None
[8/58] django__django-11451 lazy
minisweagent.environment: DEBUG: Starting container with command: docker run -d --name   
minisweagent-731ae9d2 -w /testbed --rm                                                   
docker.io/swebench/sweb.eval.x86_64.django_1776_django-11451:latest sleep 2h             
minisweagent.environment: INFO: Started container minisweagent-731ae9d2 with ID          
622c949bf3f2b6d4d0daf52245a617d4318e9ae47e511776a2fb2b83fc849247                         
  [lazy] call 1 step 1: 0.832s (orig 0.341s) rc=0 demoted=3.3MiB read=88.8MiB
  [lazy] call 2 step 2: 0.263s (orig 0.178s) rc=0 demoted=46.9MiB read=47.7MiB
  [lazy] call 3 step 3: 0.260s (orig 0.180s) rc=0 demoted=24.1MiB read=46.8MiB
  [lazy] call 4 step 5: 0.259s (orig 0.183s) rc=0 demoted=24.3MiB read=45.7MiB
  [lazy] call 5 step 8: 0.265s (orig 0.181s) rc=0 demoted=23.3MiB read=47.4MiB
  [lazy] call 6 step 9: 0.258s (orig 0.179s) rc=0 demoted=25.1MiB read=45.8MiB
  [lazy] call 7 step 10: 0.283s (orig 0.199s) rc=0 demoted=23.5MiB read=56.9MiB
  [lazy] call 8 step 11: 0.260s (orig 0.184s) rc=0 demoted=28.7MiB read=46.8MiB
  [lazy] call 9 step 12: 0.261s (orig 0.186s) rc=0 demoted=24.1MiB read=46.9MiB
  [lazy] call 10 step 13: 0.257s (orig 0.183s) rc=0 demoted=24.1MiB read=45.6MiB
  [lazy] call 11 step 14: 0.267s (orig 0.183s) rc=0 demoted=23.3MiB read=47.4MiB
  [lazy] call 12 step 15: 0.262s (orig 0.184s) rc=0 demoted=24.1MiB read=47.1MiB
  [lazy] call 13 step 16: 0.263s (orig 0.184s) rc=0 demoted=24.1MiB read=45.7MiB
  [lazy] call 14 step 17: 0.259s (orig 0.181s) rc=0 demoted=24.4MiB read=45.5MiB
  [lazy] call 15 step 18: 0.260s (orig 0.185s) rc=0 demoted=23.4MiB read=46.8MiB
  [lazy] call 16 step 19: 0.273s (orig 0.188s) rc=0 demoted=24.7MiB read=80.0MiB
  [lazy] call 17 step 20: 0.258s (orig 0.179s) rc=0 demoted=41.9MiB read=42.9MiB
  [lazy] call 18 step 21: 0.255s (orig 0.178s) rc=0 demoted=22.7MiB read=44.1MiB
[8/58] django__django-11451 lazy: total=5.296456511 orig=3.456856985 mismatches=17 err=None
[9/58] django__django-11477 regular
minisweagent.environment: DEBUG: Starting container with command: docker run -d --name   
minisweagent-ea4b6a4a -w /testbed --rm                                                   
docker.io/swebench/sweb.eval.x86_64.django_1776_django-11477:latest sleep 2h             
minisweagent.environment: INFO: Started container minisweagent-ea4b6a4a with ID          
eb1b48ed5139752ac42038806ba7529d08ce18e30ced0d2742ef745a2fa9f4ba                         
  [regular] call 1 step 1: 0.266s (orig 0.185s) rc=0 demoted=0.0MiB read=42.9MiB
  [regular] call 2 step 1: 0.635s (orig 0.306s) rc=0 demoted=0.0MiB read=29.1MiB
  [regular] call 3 step 2: 0.377s (orig 0.286s) rc=0 demoted=0.0MiB read=12.3MiB
  [regular] call 4 step 3: 0.184s (orig 0.180s) rc=0 demoted=0.0MiB read=0.1MiB
  [regular] call 5 step 4: 0.180s (orig 0.180s) rc=0 demoted=0.0MiB read=0.0MiB
  [regular] call 6 step 5: 0.418s (orig 0.253s) rc=0 demoted=0.0MiB read=23.5MiB
  [regular] call 7 step 6: 0.178s (orig 0.182s) rc=1 demoted=0.0MiB read=0.0MiB
  [regular] call 8 step 7: 0.182s (orig 0.176s) rc=0 demoted=0.0MiB read=0.0MiB
  [regular] call 9 step 8: 0.251s (orig 0.256s) rc=0 demoted=0.0MiB read=0.0MiB
  [regular] call 10 step 9: 0.246s (orig 0.246s) rc=0 demoted=0.0MiB read=0.0MiB
  [regular] call 11 step 10: 0.219s (orig 0.211s) rc=0 demoted=0.0MiB read=0.0MiB
  [regular] call 12 step 11: 0.182s (orig 0.179s) rc=0 demoted=0.0MiB read=0.0MiB
  [regular] call 13 step 12: 0.183s (orig 0.182s) rc=0 demoted=0.0MiB read=0.0MiB
  [regular] call 14 step 13: 0.209s (orig 0.211s) rc=0 demoted=0.0MiB read=0.0MiB
  [regular] call 15 step 14: 0.214s (orig 0.210s) rc=0 demoted=0.0MiB read=0.0MiB
  [regular] call 16 step 15: 0.183s (orig 0.181s) rc=0 demoted=0.0MiB read=0.0MiB
  [regular] call 17 step 16: 0.181s (orig 0.176s) rc=0 demoted=0.0MiB read=0.0MiB
  [regular] call 18 step 17: 0.183s (orig 0.182s) rc=0 demoted=0.0MiB read=0.0MiB
  [regular] call 19 step 18: 0.181s (orig 0.183s) rc=1 demoted=0.0MiB read=0.0MiB
  [regular] call 20 step 19: 0.213s (orig 0.207s) rc=0 demoted=0.0MiB read=0.0MiB
  [regular] call 21 step 20: 0.191s (orig 0.181s) rc=0 demoted=0.0MiB read=0.0MiB
  [regular] call 22 step 21: 0.271s (orig 0.264s) rc=0 demoted=0.0MiB read=0.0MiB
  [regular] call 23 step 22: 0.185s (orig 0.181s) rc=0 demoted=0.0MiB read=0.0MiB
  [regular] call 24 step 23: 0.185s (orig 0.175s) rc=0 demoted=0.0MiB read=0.0MiB
  [regular] call 25 step 24: 0.182s (orig 0.179s) rc=0 demoted=0.0MiB read=0.0MiB
  [regular] call 26 step 25: 0.181s (orig 0.181s) rc=1 demoted=0.0MiB read=0.0MiB
  [regular] call 27 step 26: 0.184s (orig 0.177s) rc=1 demoted=0.0MiB read=0.0MiB
  [regular] call 28 step 27: 0.183s (orig 0.183s) rc=0 demoted=0.0MiB read=0.0MiB
  [regular] call 29 step 28: 0.187s (orig 0.176s) rc=1 demoted=0.0MiB read=0.0MiB
  [regular] call 30 step 29: 0.184s (orig 0.181s) rc=0 demoted=0.0MiB read=0.3MiB
  [regular] call 31 step 30: 0.183s (orig 0.181s) rc=0 demoted=0.0MiB read=0.0MiB
  [regular] call 32 step 31: 0.184s (orig 0.181s) rc=0 demoted=0.0MiB read=0.0MiB
  [regular] call 33 step 32: 0.181s (orig 0.184s) rc=0 demoted=0.0MiB read=0.0MiB
  [regular] call 34 step 33: 0.179s (orig 0.182s) rc=0 demoted=0.0MiB read=0.0MiB
  [regular] call 35 step 34: 0.182s (orig 0.182s) rc=0 demoted=0.0MiB read=0.0MiB
  [regular] call 36 step 35: 0.182s (orig 0.180s) rc=0 demoted=0.0MiB read=0.0MiB
  [regular] call 37 step 36: 0.182s (orig 0.180s) rc=0 demoted=0.0MiB read=0.0MiB
  [regular] call 38 step 37: 0.182s (orig 0.183s) rc=0 demoted=0.0MiB read=0.0MiB
  [regular] call 39 step 38: 0.182s (orig 0.181s) rc=0 demoted=0.0MiB read=0.0MiB
  [regular] call 40 step 39: 0.189s (orig 0.177s) rc=0 demoted=0.0MiB read=0.0MiB
  [regular] call 41 step 40: 0.186s (orig 0.185s) rc=0 demoted=0.0MiB read=0.0MiB
  [regular] call 42 step 41: 0.186s (orig 0.179s) rc=0 demoted=0.0MiB read=0.0MiB
  [regular] call 43 step 42: 0.188s (orig 0.184s) rc=0 demoted=0.0MiB read=0.0MiB
  [regular] call 44 step 43: 0.214s (orig 0.207s) rc=0 demoted=0.0MiB read=0.0MiB
  [regular] call 45 step 44: 0.213s (orig 0.213s) rc=1 demoted=0.0MiB read=0.0MiB
  [regular] call 46 step 45: 0.184s (orig 0.178s) rc=0 demoted=0.0MiB read=0.0MiB
  [regular] call 47 step 46: 0.178s (orig 0.180s) rc=0 demoted=0.0MiB read=0.0MiB
  [regular] call 48 step 47: 0.182s (orig 0.185s) rc=0 demoted=0.0MiB read=0.3MiB
  [regular] call 49 step 48: 0.179s (orig 0.179s) rc=0 demoted=0.0MiB read=0.0MiB
  [regular] call 50 step 49: 0.207s (orig 0.195s) rc=1 demoted=0.0MiB read=11.3MiB
  [regular] call 51 step 50: 0.181s (orig 0.183s) rc=0 demoted=0.0MiB read=0.0MiB
  [regular] call 52 step 51: 0.244s (orig 0.218s) rc=1 demoted=0.0MiB read=27.2MiB
  [regular] call 53 step 52: 0.183s (orig 0.184s) rc=0 demoted=0.0MiB read=0.0MiB
  [regular] call 54 step 53: 0.637s (orig 0.593s) rc=0 demoted=0.0MiB read=27.3MiB
  [regular] call 55 step 54: 0.182s (orig 0.182s) rc=0 demoted=0.0MiB read=0.0MiB
  [regular] call 56 step 55: 0.476s (orig 0.480s) rc=0 demoted=0.0MiB read=0.7MiB
  [regular] call 57 step 56: 0.183s (orig 0.184s) rc=0 demoted=0.0MiB read=0.0MiB
  [regular] call 58 step 57: 0.450s (orig 0.449s) rc=0 demoted=0.0MiB read=0.0MiB
  [regular] call 59 step 58: 0.184s (orig 0.186s) rc=0 demoted=0.0MiB read=0.0MiB
  [regular] call 60 step 59: 0.186s (orig 0.183s) rc=0 demoted=0.0MiB read=0.0MiB
  [regular] call 61 step 60: 0.439s (orig 0.439s) rc=0 demoted=0.0MiB read=0.0MiB
  [regular] call 62 step 61: 0.181s (orig 0.179s) rc=0 demoted=0.0MiB read=0.0MiB
  [regular] call 63 step 62: 0.442s (orig 0.440s) rc=0 demoted=0.0MiB read=0.0MiB
  [regular] call 64 step 63: 0.270s (orig 0.271s) rc=0 demoted=0.0MiB read=0.0MiB
  [regular] call 65 step 64: 0.180s (orig 0.175s) rc=0 demoted=0.0MiB read=0.0MiB
  [regular] call 66 step 65: 0.183s (orig 0.181s) rc=0 demoted=0.0MiB read=0.0MiB
  [regular] call 67 step 66: 0.442s (orig 0.440s) rc=0 demoted=0.0MiB read=0.0MiB
  [regular] call 68 step 67: 0.186s (orig 0.181s) rc=0 demoted=0.0MiB read=0.0MiB
  [regular] call 69 step 68: 0.183s (orig 0.181s) rc=0 demoted=0.0MiB read=0.0MiB
  [regular] call 70 step 69: 0.440s (orig 0.451s) rc=0 demoted=0.0MiB read=0.0MiB
  [regular] call 71 step 70: 0.183s (orig 0.188s) rc=0 demoted=0.0MiB read=0.0MiB
  [regular] call 72 step 71: 0.183s (orig 0.180s) rc=0 demoted=0.0MiB read=0.0MiB
  [regular] call 73 step 72: 0.444s (orig 0.447s) rc=0 demoted=0.0MiB read=0.0MiB
  [regular] call 74 step 73: 0.180s (orig 0.181s) rc=0 demoted=0.0MiB read=0.0MiB
  [regular] call 75 step 74: 0.445s (orig 0.436s) rc=0 demoted=0.0MiB read=0.0MiB
  [regular] call 76 step 75: 0.188s (orig 0.188s) rc=0 demoted=0.0MiB read=12.9MiB
  [regular] call 77 step 76: 0.184s (orig 0.182s) rc=0 demoted=0.0MiB read=0.0MiB
  [regular] call 78 step 77: 0.185s (orig 0.182s) rc=0 demoted=0.0MiB read=0.0MiB
[9/58] django__django-11477 regular: total=18.387283406999998 orig=17.510956836 mismatches=77 err=None
[9/58] django__django-11477 lazy
minisweagent.environment: DEBUG: Starting container with command: docker run -d --name   
minisweagent-e42aef7a -w /testbed --rm                                                   
docker.io/swebench/sweb.eval.x86_64.django_1776_django-11477:latest sleep 2h             
minisweagent.environment: INFO: Started container minisweagent-e42aef7a with ID          
65c4dd5366deb21c45087081ec621673dfa193c8f91aa20e9ef659878734a8c2                         
  [lazy] call 1 step 1: 0.273s (orig 0.185s) rc=0 demoted=3.5MiB read=48.8MiB
  [lazy] call 2 step 1: 0.718s (orig 0.306s) rc=0 demoted=24.8MiB read=76.6MiB
  [lazy] call 3 step 2: 0.713s (orig 0.286s) rc=0 demoted=39.4MiB read=81.7MiB
  [lazy] call 4 step 3: 0.260s (orig 0.180s) rc=0 demoted=42.8MiB read=46.6MiB
  [lazy] call 5 step 4: 0.264s (orig 0.180s) rc=0 demoted=24.0MiB read=46.7MiB
  [lazy] call 6 step 5: 0.567s (orig 0.253s) rc=0 demoted=24.0MiB read=78.8MiB
  [lazy] call 7 step 6: 0.276s (orig 0.182s) rc=1 demoted=44.4MiB read=48.0MiB
  [lazy] call 8 step 7: 0.264s (orig 0.176s) rc=0 demoted=24.7MiB read=47.2MiB
  [lazy] call 9 step 8: 0.566s (orig 0.256s) rc=0 demoted=24.2MiB read=78.7MiB
  [lazy] call 10 step 9: 0.554s (orig 0.246s) rc=0 demoted=45.8MiB read=77.3MiB
  [lazy] call 11 step 10: 0.362s (orig 0.211s) rc=0 demoted=47.3MiB read=55.6MiB
  [lazy] call 12 step 11: 0.260s (orig 0.179s) rc=0 demoted=29.3MiB read=46.4MiB
  [lazy] call 13 step 12: 0.259s (orig 0.182s) rc=0 demoted=24.2MiB read=46.4MiB
  [lazy] call 14 step 13: 0.366s (orig 0.211s) rc=0 demoted=24.1MiB read=55.5MiB
  [lazy] call 15 step 14: 0.354s (orig 0.210s) rc=0 demoted=29.0MiB read=53.5MiB
  [lazy] call 16 step 15: 0.264s (orig 0.181s) rc=0 demoted=27.7MiB read=46.6MiB
  [lazy] call 17 step 16: 0.260s (orig 0.176s) rc=0 demoted=23.7MiB read=43.5MiB
  [lazy] call 18 step 17: 0.269s (orig 0.182s) rc=0 demoted=22.4MiB read=47.8MiB
  [lazy] call 19 step 18: 0.261s (orig 0.183s) rc=1 demoted=24.6MiB read=46.6MiB
  [lazy] call 20 step 19: 0.366s (orig 0.207s) rc=0 demoted=24.2MiB read=55.2MiB
  [lazy] call 21 step 20: 0.259s (orig 0.181s) rc=0 demoted=28.6MiB read=46.6MiB
  [lazy] call 22 step 21: 0.601s (orig 0.264s) rc=0 demoted=23.9MiB read=67.4MiB
  [lazy] call 23 step 22: 0.260s (orig 0.181s) rc=0 demoted=34.6MiB read=46.5MiB
  [lazy] call 24 step 23: 0.261s (orig 0.175s) rc=0 demoted=24.0MiB read=46.5MiB
  [lazy] call 25 step 24: 0.261s (orig 0.179s) rc=0 demoted=24.0MiB read=46.7MiB
  [lazy] call 26 step 25: 0.259s (orig 0.181s) rc=1 demoted=24.0MiB read=46.7MiB
  [lazy] call 27 step 26: 0.263s (orig 0.177s) rc=1 demoted=24.4MiB read=46.7MiB
  [lazy] call 28 step 27: 0.256s (orig 0.183s) rc=0 demoted=24.2MiB read=46.7MiB
  [lazy] call 29 step 28: 0.261s (orig 0.176s) rc=1 demoted=23.9MiB read=46.7MiB
  [lazy] call 30 step 29: 0.265s (orig 0.181s) rc=0 demoted=24.4MiB read=47.2MiB
  [lazy] call 31 step 30: 0.258s (orig 0.181s) rc=0 demoted=24.0MiB read=46.9MiB
  [lazy] call 32 step 31: 0.263s (orig 0.181s) rc=0 demoted=24.1MiB read=47.0MiB
  [lazy] call 33 step 32: 0.264s (orig 0.184s) rc=0 demoted=24.0MiB read=47.2MiB
  [lazy] call 34 step 33: 0.264s (orig 0.182s) rc=0 demoted=24.6MiB read=48.2MiB
  [lazy] call 35 step 34: 0.261s (orig 0.182s) rc=0 demoted=24.4MiB read=47.7MiB
  [lazy] call 36 step 35: 0.262s (orig 0.180s) rc=0 demoted=24.3MiB read=47.4MiB
  [lazy] call 37 step 36: 0.260s (orig 0.180s) rc=0 demoted=24.1MiB read=47.4MiB
  [lazy] call 38 step 37: 0.264s (orig 0.183s) rc=0 demoted=25.0MiB read=45.4MiB
  [lazy] call 39 step 38: 0.268s (orig 0.181s) rc=0 demoted=23.2MiB read=47.2MiB
  [lazy] call 40 step 39: 0.264s (orig 0.177s) rc=0 demoted=24.1MiB read=47.2MiB
  [lazy] call 41 step 40: 0.255s (orig 0.185s) rc=0 demoted=24.1MiB read=46.8MiB
  [lazy] call 42 step 41: 0.261s (orig 0.179s) rc=0 demoted=23.9MiB read=47.3MiB
  [lazy] call 43 step 42: 0.258s (orig 0.184s) rc=0 demoted=24.2MiB read=46.9MiB
  [lazy] call 44 step 43: 0.363s (orig 0.207s) rc=0 demoted=24.1MiB read=55.6MiB
  [lazy] call 45 step 44: 0.360s (orig 0.213s) rc=1 demoted=28.6MiB read=55.2MiB
  [lazy] call 46 step 45: 0.259s (orig 0.178s) rc=0 demoted=28.7MiB read=46.5MiB
  [lazy] call 47 step 46: 0.265s (orig 0.180s) rc=0 demoted=24.2MiB read=46.9MiB
  [lazy] call 48 step 47: 0.264s (orig 0.185s) rc=0 demoted=24.0MiB read=47.3MiB
  [lazy] call 49 step 48: 0.257s (orig 0.179s) rc=0 demoted=24.1MiB read=45.0MiB
  [lazy] call 50 step 49: 0.279s (orig 0.195s) rc=1 demoted=24.0MiB read=55.5MiB
  [lazy] call 51 step 50: 0.258s (orig 0.183s) rc=0 demoted=28.5MiB read=45.0MiB
  [lazy] call 52 step 51: 0.327s (orig 0.218s) rc=1 demoted=23.3MiB read=85.2MiB
  [lazy] call 53 step 52: 0.263s (orig 0.184s) rc=0 demoted=43.2MiB read=47.2MiB
  [lazy] call 54 step 53: 0.762s (orig 0.593s) rc=0 demoted=24.3MiB read=115.8MiB
  [lazy] call 55 step 54: 0.259s (orig 0.182s) rc=0 demoted=60.0MiB read=45.2MiB
  [lazy] call 56 step 55: 0.654s (orig 0.480s) rc=0 demoted=23.2MiB read=116.6MiB
  [lazy] call 57 step 56: 0.258s (orig 0.184s) rc=0 demoted=59.6MiB read=45.2MiB
  [lazy] call 58 step 57: 0.633s (orig 0.449s) rc=0 demoted=23.2MiB read=117.0MiB
  [lazy] call 59 step 58: 0.269s (orig 0.186s) rc=0 demoted=59.3MiB read=47.3MiB
  [lazy] call 60 step 59: 0.261s (orig 0.183s) rc=0 demoted=25.5MiB read=46.4MiB
  [lazy] call 61 step 60: 0.630s (orig 0.439s) rc=0 demoted=24.0MiB read=118.0MiB
  [lazy] call 62 step 61: 0.263s (orig 0.179s) rc=0 demoted=59.3MiB read=45.6MiB
  [lazy] call 63 step 62: 0.648s (orig 0.440s) rc=0 demoted=23.7MiB read=117.4MiB
  [lazy] call 64 step 63: 0.590s (orig 0.271s) rc=0 demoted=59.0MiB read=67.5MiB
  [lazy] call 65 step 64: 0.264s (orig 0.175s) rc=0 demoted=34.7MiB read=45.7MiB
  [lazy] call 66 step 65: 0.260s (orig 0.181s) rc=0 demoted=23.3MiB read=45.4MiB
  [lazy] call 67 step 66: 0.625s (orig 0.440s) rc=0 demoted=23.3MiB read=117.2MiB
  [lazy] call 68 step 67: 0.261s (orig 0.181s) rc=0 demoted=59.1MiB read=46.9MiB
  [lazy] call 69 step 68: 0.252s (orig 0.181s) rc=0 demoted=24.9MiB read=42.6MiB
  [lazy] call 70 step 69: 0.619s (orig 0.451s) rc=0 demoted=22.5MiB read=114.6MiB
  [lazy] call 71 step 70: 0.262s (orig 0.188s) rc=0 demoted=60.2MiB read=45.1MiB
  [lazy] call 72 step 71: 0.255s (orig 0.180s) rc=0 demoted=23.3MiB read=44.5MiB
  [lazy] call 73 step 72: 0.627s (orig 0.447s) rc=0 demoted=22.7MiB read=116.5MiB
  [lazy] call 74 step 73: 0.261s (orig 0.181s) rc=0 demoted=58.8MiB read=45.2MiB
  [lazy] call 75 step 74: 0.623s (orig 0.436s) rc=0 demoted=23.2MiB read=117.3MiB
  [lazy] call 76 step 75: 0.262s (orig 0.188s) rc=0 demoted=59.3MiB read=73.4MiB
  [lazy] call 77 step 76: 0.250s (orig 0.182s) rc=0 demoted=37.6MiB read=40.7MiB
  [lazy] call 78 step 77: 0.253s (orig 0.182s) rc=0 demoted=20.9MiB read=40.7MiB
[9/58] django__django-11477 lazy: total=27.013702397 orig=17.510956836 mismatches=77 err=None
[10/58] django__django-11490 regular
minisweagent.environment: DEBUG: Starting container with command: docker run -d --name   
minisweagent-6c734ded -w /testbed --rm                                                   
docker.io/swebench/sweb.eval.x86_64.django_1776_django-11490:latest sleep 2h             
minisweagent.environment: INFO: Started container minisweagent-6c734ded with ID          
092bf760a8da82231c255e551aaa91dfafb90f4051783cef651bcc3d3d1e93e7                         
  [regular] call 1 step 1: 0.710s (orig 0.314s) rc=0 demoted=0.0MiB read=69.9MiB
  [regular] call 2 step 1: 0.294s (orig 0.294s) rc=0 demoted=0.0MiB read=1.3MiB
  [regular] call 3 step 1: 0.181s (orig 0.181s) rc=0 demoted=0.0MiB read=0.3MiB
  [regular] call 4 step 2: 0.183s (orig 0.178s) rc=0 demoted=0.0MiB read=0.4MiB
  [regular] call 5 step 3: 0.182s (orig 0.175s) rc=0 demoted=0.0MiB read=0.2MiB
  [regular] call 6 step 4: 0.181s (orig 0.176s) rc=0 demoted=0.0MiB read=0.0MiB
  [regular] call 7 step 5: 0.185s (orig 0.181s) rc=0 demoted=0.0MiB read=0.3MiB
  [regular] call 8 step 6: 0.181s (orig 0.180s) rc=0 demoted=0.0MiB read=0.2MiB
  [regular] call 9 step 7: 0.181s (orig 0.180s) rc=0 demoted=0.0MiB read=0.0MiB
  [regular] call 10 step 8: 0.180s (orig 0.175s) rc=0 demoted=0.0MiB read=0.0MiB
  [regular] call 11 step 9: 0.183s (orig 0.178s) rc=0 demoted=0.0MiB read=0.0MiB
  [regular] call 12 step 10: 0.181s (orig 0.179s) rc=0 demoted=0.0MiB read=0.0MiB
  [regular] call 13 step 11: 0.180s (orig 0.174s) rc=0 demoted=0.0MiB read=0.0MiB
  [regular] call 14 step 12: 0.183s (orig 0.174s) rc=0 demoted=0.0MiB read=0.0MiB
  [regular] call 15 step 13: 0.180s (orig 0.175s) rc=0 demoted=0.0MiB read=0.0MiB
  [regular] call 16 step 14: 0.184s (orig 0.181s) rc=2 demoted=0.0MiB read=0.0MiB
  [regular] call 17 step 15: 0.187s (orig 0.181s) rc=0 demoted=0.0MiB read=0.3MiB
  [regular] call 18 step 16: 0.185s (orig 0.178s) rc=1 demoted=0.0MiB read=0.3MiB
  [regular] call 19 step 17: 0.182s (orig 0.179s) rc=0 demoted=0.0MiB read=0.0MiB
  [regular] call 20 step 18: 0.207s (orig 0.194s) rc=1 demoted=0.0MiB read=11.2MiB
  [regular] call 21 step 19: 0.182s (orig 0.180s) rc=0 demoted=0.0MiB read=0.1MiB
  [regular] call 22 step 20: 0.772s (orig 0.675s) rc=1 demoted=0.0MiB read=55.5MiB
  [regular] call 23 step 21: 0.183s (orig 0.177s) rc=0 demoted=0.0MiB read=0.0MiB
  [regular] call 24 step 22: 0.437s (orig 0.434s) rc=0 demoted=0.0MiB read=0.0MiB
  [regular] call 25 step 23: 0.194s (orig 0.183s) rc=0 demoted=0.0MiB read=18.5MiB
  [regular] call 26 step 24: 0.181s (orig 0.181s) rc=0 demoted=0.0MiB read=0.0MiB
  [regular] call 27 step 25: 0.180s (orig 0.182s) rc=0 demoted=0.0MiB read=0.0MiB
[10/58] django__django-11490 regular: total=6.441123941999999 orig=5.841077672 mismatches=26 err=None
[10/58] django__django-11490 lazy
minisweagent.environment: DEBUG: Starting container with command: docker run -d --name   
minisweagent-352a3be4 -w /testbed --rm                                                   
docker.io/swebench/sweb.eval.x86_64.django_1776_django-11490:latest sleep 2h             
minisweagent.environment: INFO: Started container minisweagent-352a3be4 with ID          
0fb5a6461c3ce991b3fb31d11243dbc2f755367b915fdf8ee24a0e44498bc5dc                         
  [lazy] call 1 step 1: 0.706s (orig 0.314s) rc=0 demoted=3.6MiB read=68.7MiB
  [lazy] call 2 step 1: 0.693s (orig 0.294s) rc=0 demoted=35.1MiB read=69.9MiB
  [lazy] call 3 step 1: 0.258s (orig 0.181s) rc=0 demoted=35.8MiB read=45.0MiB
  [lazy] call 4 step 2: 0.253s (orig 0.178s) rc=0 demoted=22.9MiB read=43.9MiB
  [lazy] call 5 step 3: 0.255s (orig 0.175s) rc=0 demoted=22.9MiB read=45.3MiB
  [lazy] call 6 step 4: 0.247s (orig 0.176s) rc=0 demoted=22.9MiB read=43.0MiB
  [lazy] call 7 step 5: 0.258s (orig 0.181s) rc=0 demoted=22.1MiB read=45.4MiB
  [lazy] call 8 step 6: 0.253s (orig 0.180s) rc=0 demoted=23.1MiB read=45.0MiB
  [lazy] call 9 step 7: 0.256s (orig 0.180s) rc=0 demoted=23.0MiB read=45.2MiB
  [lazy] call 10 step 8: 0.251s (orig 0.175s) rc=0 demoted=23.0MiB read=43.7MiB
  [lazy] call 11 step 9: 0.250s (orig 0.178s) rc=0 demoted=22.2MiB read=43.2MiB
  [lazy] call 12 step 10: 0.252s (orig 0.179s) rc=0 demoted=22.1MiB read=44.8MiB
  [lazy] call 13 step 11: 0.253s (orig 0.174s) rc=0 demoted=22.9MiB read=45.2MiB
  [lazy] call 14 step 12: 0.254s (orig 0.174s) rc=0 demoted=23.2MiB read=45.1MiB
  [lazy] call 15 step 13: 0.252s (orig 0.175s) rc=0 demoted=22.9MiB read=43.3MiB
  [lazy] call 16 step 14: 0.256s (orig 0.181s) rc=2 demoted=22.1MiB read=43.3MiB
  [lazy] call 17 step 15: 0.259s (orig 0.181s) rc=0 demoted=22.0MiB read=46.0MiB
  [lazy] call 18 step 16: 0.255s (orig 0.178s) rc=1 demoted=23.8MiB read=43.6MiB
  [lazy] call 19 step 17: 0.252s (orig 0.179s) rc=0 demoted=22.3MiB read=43.3MiB
  [lazy] call 20 step 18: 0.275s (orig 0.194s) rc=1 demoted=22.1MiB read=53.5MiB
  [lazy] call 21 step 19: 0.251s (orig 0.180s) rc=0 demoted=27.1MiB read=43.1MiB
  [lazy] call 22 step 20: 0.854s (orig 0.675s) rc=1 demoted=22.2MiB read=110.8MiB
  [lazy] call 23 step 21: 0.253s (orig 0.177s) rc=0 demoted=57.9MiB read=43.4MiB
  [lazy] call 24 step 22: 0.612s (orig 0.434s) rc=0 demoted=22.2MiB read=110.3MiB
  [lazy] call 25 step 23: 0.273s (orig 0.183s) rc=0 demoted=55.5MiB read=78.5MiB
  [lazy] call 26 step 24: 0.251s (orig 0.181s) rc=0 demoted=39.7MiB read=43.3MiB
  [lazy] call 27 step 25: 0.252s (orig 0.182s) rc=0 demoted=22.3MiB read=43.3MiB
[10/58] django__django-11490 lazy: total=8.733063348 orig=5.841077672 mismatches=26 err=None
[11/58] django__django-11532 regular
minisweagent.environment: DEBUG: Starting container with command: docker run -d --name   
minisweagent-92374bcd -w /testbed --rm                                                   
docker.io/swebench/sweb.eval.x86_64.django_1776_django-11532:latest sleep 2h             
minisweagent.environment: INFO: Started container minisweagent-92374bcd with ID          
6ac0df5bdb8826cff63de4d662af25d14a82bbfcd922139802fb83d3c7f0d310                         
  [regular] call 1 step 1: 0.478s (orig 0.286s) rc=0 demoted=0.0MiB read=70.0MiB
  [regular] call 2 step 2: 0.182s (orig 0.179s) rc=0 demoted=0.0MiB read=0.1MiB
  [regular] call 3 step 3: 0.183s (orig 0.178s) rc=0 demoted=0.0MiB read=0.0MiB
  [regular] call 4 step 4: 0.184s (orig 0.185s) rc=1 demoted=0.0MiB read=1.4MiB
  [regular] call 5 step 5: 0.188s (orig 0.182s) rc=1 demoted=0.0MiB read=0.0MiB
  [regular] call 6 step 6: 0.187s (orig 0.175s) rc=0 demoted=0.0MiB read=0.1MiB
  [regular] call 7 step 7: 0.181s (orig 0.175s) rc=0 demoted=0.0MiB read=0.0MiB
  [regular] call 8 step 8: 0.185s (orig 0.182s) rc=0 demoted=0.0MiB read=0.3MiB
  [regular] call 9 step 9: 0.186s (orig 0.179s) rc=0 demoted=0.0MiB read=0.0MiB
  [regular] call 10 step 11: 0.187s (orig 0.184s) rc=0 demoted=0.0MiB read=0.0MiB
  [regular] call 11 step 12: 0.209s (orig 0.191s) rc=1 demoted=0.0MiB read=11.2MiB
  [regular] call 12 step 13: 0.184s (orig 0.181s) rc=0 demoted=0.0MiB read=0.0MiB
  [regular] call 13 step 14: 0.322s (orig 0.272s) rc=0 demoted=0.0MiB read=39.7MiB
  [regular] call 14 step 15: 0.188s (orig 0.179s) rc=0 demoted=0.0MiB read=0.0MiB
  [regular] call 15 step 16: 0.678s (orig 0.612s) rc=1 demoted=0.0MiB read=17.6MiB
  [regular] call 16 step 17: 0.206s (orig 0.200s) rc=0 demoted=0.0MiB read=0.5MiB
  [regular] call 17 step 18: 0.184s (orig 0.180s) rc=2 demoted=0.0MiB read=0.0MiB
  [regular] call 18 step 19: 0.181s (orig 0.176s) rc=0 demoted=0.0MiB read=0.0MiB
  [regular] call 19 step 20: 0.306s (orig 0.301s) rc=0 demoted=0.0MiB read=0.2MiB
  [regular] call 20 step 21: 0.186s (orig 0.180s) rc=1 demoted=0.0MiB read=0.0MiB
  [regular] call 21 step 22: 0.299s (orig 0.292s) rc=0 demoted=0.0MiB read=0.0MiB
  [regular] call 22 step 23: 0.186s (orig 0.185s) rc=0 demoted=0.0MiB read=0.0MiB
  [regular] call 23 step 24: 0.188s (orig 0.181s) rc=0 demoted=0.0MiB read=0.0MiB
  [regular] call 24 step 25: 0.419s (orig 0.415s) rc=1 demoted=0.0MiB read=0.0MiB
  [regular] call 25 step 26: 0.209s (orig 0.203s) rc=0 demoted=0.0MiB read=0.0MiB
  [regular] call 26 step 27: 0.186s (orig 0.176s) rc=0 demoted=0.0MiB read=0.0MiB
  [regular] call 27 step 28: 0.178s (orig 0.175s) rc=0 demoted=0.0MiB read=0.0MiB
  [regular] call 28 step 29: 0.466s (orig 0.450s) rc=0 demoted=0.0MiB read=1.7MiB
  [regular] call 29 step 30: 0.184s (orig 0.183s) rc=0 demoted=0.0MiB read=0.0MiB
  [regular] call 30 step 31: 0.452s (orig 0.453s) rc=0 demoted=0.0MiB read=0.0MiB
  [regular] call 31 step 32: 0.188s (orig 0.177s) rc=0 demoted=0.0MiB read=0.0MiB
  [regular] call 32 step 33: 0.452s (orig 0.435s) rc=0 demoted=0.0MiB read=0.0MiB
  [regular] call 33 step 34: 0.187s (orig 0.193s) rc=0 demoted=0.0MiB read=0.0MiB
  [regular] call 34 step 35: 0.445s (orig 0.450s) rc=0 demoted=0.0MiB read=0.0MiB
  [regular] call 35 step 36: 0.184s (orig 0.187s) rc=1 demoted=0.0MiB read=0.0MiB
  [regular] call 36 step 37: 0.183s (orig 0.181s) rc=0 demoted=0.0MiB read=0.0MiB
  [regular] call 37 step 38: 0.240s (orig 0.231s) rc=0 demoted=0.0MiB read=0.2MiB
  [regular] call 38 step 39: 0.185s (orig 0.176s) rc=0 demoted=0.0MiB read=0.0MiB
  [regular] call 39 step 40: 0.449s (orig 0.455s) rc=1 demoted=0.0MiB read=0.0MiB
  [regular] call 40 step 41: 0.240s (orig 0.227s) rc=0 demoted=0.0MiB read=0.0MiB
  [regular] call 41 step 42: 0.203s (orig 0.197s) rc=1 demoted=0.0MiB read=0.0MiB
  [regular] call 42 step 43: 0.204s (orig 0.188s) rc=1 demoted=0.0MiB read=0.0MiB
  [regular] call 43 step 44: 0.187s (orig 0.176s) rc=0 demoted=0.0MiB read=0.0MiB
  [regular] call 44 step 45: 0.211s (orig 0.200s) rc=0 demoted=0.0MiB read=0.0MiB
  [regular] call 45 step 46: 0.185s (orig 0.181s) rc=0 demoted=0.0MiB read=0.0MiB
  [regular] call 46 step 47: 0.203s (orig 0.197s) rc=0 demoted=0.0MiB read=0.0MiB
  [regular] call 47 step 48: 0.195s (orig 0.192s) rc=1 demoted=0.0MiB read=0.0MiB
  [regular] call 48 step 49: 0.192s (orig 0.196s) rc=0 demoted=0.0MiB read=0.0MiB
  [regular] call 49 step 50: 0.200s (orig 0.203s) rc=0 demoted=0.0MiB read=0.0MiB
  [regular] call 50 step 51: 0.198s (orig 0.195s) rc=1 demoted=0.0MiB read=0.0MiB
  [regular] call 51 step 52: 0.182s (orig 0.180s) rc=0 demoted=0.0MiB read=0.0MiB
  [regular] call 52 step 53: 0.208s (orig 0.210s) rc=0 demoted=0.0MiB read=0.0MiB
  [regular] call 53 step 54: 0.183s (orig 0.182s) rc=0 demoted=0.0MiB read=0.0MiB
  [regular] call 54 step 55: 0.194s (orig 0.190s) rc=0 demoted=0.0MiB read=0.0MiB
  [regular] call 55 step 56: 0.185s (orig 0.183s) rc=0 demoted=0.0MiB read=0.0MiB
  [regular] call 56 step 57: 0.181s (orig 0.178s) rc=0 demoted=0.0MiB read=0.0MiB
  [regular] call 57 step 58: 0.183s (orig 0.179s) rc=0 demoted=0.0MiB read=0.0MiB
  [regular] call 58 step 59: 0.179s (orig 0.181s) rc=0 demoted=0.0MiB read=0.0MiB
  [regular] call 59 step 60: 0.451s (orig 0.434s) rc=0 demoted=0.0MiB read=0.1MiB
  [regular] call 60 step 61: 0.185s (orig 0.182s) rc=2 demoted=0.0MiB read=0.0MiB
  [regular] call 61 step 62: 0.185s (orig 0.182s) rc=0 demoted=0.0MiB read=0.3MiB
[11/58] django__django-11532 regular: total=14.598936647 orig=14.007907908 mismatches=0 err=None
[11/58] django__django-11532 lazy
minisweagent.environment: DEBUG: Starting container with command: docker run -d --name   
minisweagent-715f6e29 -w /testbed --rm                                                   
docker.io/swebench/sweb.eval.x86_64.django_1776_django-11532:latest sleep 2h             
minisweagent.environment: INFO: Started container minisweagent-715f6e29 with ID          
c135cd6a48f05125cfdbc9a04c879952cfc8ad3be846b132d8a1002d6aad4e02                         
  [lazy] call 1 step 1: 0.476s (orig 0.286s) rc=0 demoted=3.3MiB read=75.0MiB
  [lazy] call 2 step 2: 0.258s (orig 0.179s) rc=0 demoted=37.9MiB read=45.8MiB
  [lazy] call 3 step 3: 0.259s (orig 0.178s) rc=0 demoted=23.3MiB read=45.0MiB
  [lazy] call 4 step 4: 0.258s (orig 0.185s) rc=1 demoted=23.0MiB read=46.3MiB
  [lazy] call 5 step 5: 0.255s (orig 0.182s) rc=1 demoted=24.5MiB read=46.3MiB
  [lazy] call 6 step 6: 0.257s (orig 0.175s) rc=0 demoted=23.6MiB read=45.1MiB
  [lazy] call 7 step 7: 0.263s (orig 0.175s) rc=0 demoted=23.0MiB read=46.3MiB
  [lazy] call 8 step 8: 0.257s (orig 0.182s) rc=0 demoted=23.8MiB read=46.9MiB
  [lazy] call 9 step 9: 0.263s (orig 0.179s) rc=0 demoted=24.0MiB read=47.1MiB
  [lazy] call 10 step 11: 0.254s (orig 0.184s) rc=0 demoted=24.1MiB read=45.2MiB
  [lazy] call 11 step 12: 0.289s (orig 0.191s) rc=1 demoted=22.9MiB read=56.1MiB
  [lazy] call 12 step 13: 0.267s (orig 0.181s) rc=0 demoted=28.5MiB read=45.0MiB
  [lazy] call 13 step 14: 0.409s (orig 0.272s) rc=0 demoted=23.0MiB read=97.8MiB
  [lazy] call 14 step 15: 0.256s (orig 0.179s) rc=0 demoted=49.3MiB read=45.0MiB
  [lazy] call 15 step 16: 0.800s (orig 0.612s) rc=1 demoted=23.1MiB read=115.6MiB
  [lazy] call 16 step 17: 0.369s (orig 0.200s) rc=0 demoted=60.6MiB read=54.3MiB
  [lazy] call 17 step 18: 0.263s (orig 0.180s) rc=2 demoted=27.7MiB read=47.1MiB
  [lazy] call 18 step 19: 0.256s (orig 0.176s) rc=0 demoted=24.3MiB read=45.4MiB
  [lazy] call 19 step 20: 0.722s (orig 0.301s) rc=0 demoted=23.1MiB read=74.8MiB
  [lazy] call 20 step 21: 0.257s (orig 0.180s) rc=1 demoted=39.9MiB read=46.3MiB
  [lazy] call 21 step 22: 0.715s (orig 0.292s) rc=0 demoted=23.8MiB read=74.3MiB
  [lazy] call 22 step 23: 0.257s (orig 0.185s) rc=0 demoted=38.9MiB read=46.3MiB
  [lazy] call 23 step 24: 0.252s (orig 0.181s) rc=0 demoted=24.6MiB read=42.1MiB
  [lazy] call 24 step 25: 0.604s (orig 0.415s) rc=1 demoted=21.7MiB read=114.7MiB
  [lazy] call 25 step 26: 0.359s (orig 0.203s) rc=0 demoted=58.0MiB read=53.1MiB
  [lazy] call 26 step 27: 0.259s (orig 0.176s) rc=0 demoted=27.2MiB read=44.8MiB
  [lazy] call 27 step 28: 0.255s (orig 0.175s) rc=0 demoted=23.3MiB read=44.8MiB
  [lazy] call 28 step 29: 0.644s (orig 0.450s) rc=0 demoted=23.1MiB read=116.3MiB
  [lazy] call 29 step 30: 0.262s (orig 0.183s) rc=0 demoted=58.8MiB read=44.8MiB
  [lazy] call 30 step 31: 0.639s (orig 0.453s) rc=0 demoted=23.0MiB read=116.4MiB
  [lazy] call 31 step 32: 0.260s (orig 0.177s) rc=0 demoted=58.6MiB read=44.8MiB
  [lazy] call 32 step 33: 0.649s (orig 0.435s) rc=0 demoted=23.1MiB read=116.4MiB
  [lazy] call 33 step 34: 0.261s (orig 0.193s) rc=0 demoted=58.8MiB read=44.9MiB
  [lazy] call 34 step 35: 0.645s (orig 0.450s) rc=0 demoted=23.0MiB read=116.5MiB
  [lazy] call 35 step 36: 0.261s (orig 0.187s) rc=1 demoted=59.2MiB read=46.6MiB
  [lazy] call 36 step 37: 0.262s (orig 0.181s) rc=0 demoted=24.1MiB read=46.7MiB
  [lazy] call 37 step 38: 0.344s (orig 0.231s) rc=0 demoted=24.8MiB read=67.7MiB
  [lazy] call 38 step 39: 0.255s (orig 0.176s) rc=0 demoted=34.1MiB read=45.2MiB
  [lazy] call 39 step 40: 0.633s (orig 0.455s) rc=1 demoted=23.2MiB read=117.0MiB
  [lazy] call 40 step 41: 0.340s (orig 0.227s) rc=0 demoted=58.9MiB read=68.0MiB
  [lazy] call 41 step 42: 0.282s (orig 0.197s) rc=1 demoted=34.4MiB read=56.0MiB
  [lazy] call 42 step 43: 0.278s (orig 0.188s) rc=1 demoted=28.4MiB read=56.0MiB
  [lazy] call 43 step 44: 0.257s (orig 0.176s) rc=0 demoted=28.3MiB read=45.2MiB
  [lazy] call 44 step 45: 0.294s (orig 0.200s) rc=0 demoted=23.4MiB read=58.7MiB
  [lazy] call 45 step 46: 0.261s (orig 0.181s) rc=0 demoted=29.6MiB read=45.3MiB
  [lazy] call 46 step 47: 0.299s (orig 0.197s) rc=0 demoted=23.3MiB read=58.6MiB
  [lazy] call 47 step 48: 0.282s (orig 0.192s) rc=1 demoted=29.7MiB read=56.0MiB
  [lazy] call 48 step 49: 0.283s (orig 0.196s) rc=0 demoted=28.5MiB read=56.0MiB
  [lazy] call 49 step 50: 0.294s (orig 0.203s) rc=0 demoted=28.6MiB read=58.6MiB
  [lazy] call 50 step 51: 0.275s (orig 0.195s) rc=1 demoted=29.6MiB read=56.0MiB
  [lazy] call 51 step 52: 0.254s (orig 0.180s) rc=0 demoted=28.5MiB read=45.3MiB
  [lazy] call 52 step 53: 0.294s (orig 0.210s) rc=0 demoted=23.1MiB read=58.7MiB
  [lazy] call 53 step 54: 0.260s (orig 0.182s) rc=0 demoted=29.7MiB read=45.3MiB
  [lazy] call 54 step 55: 0.275s (orig 0.190s) rc=0 demoted=23.3MiB read=56.0MiB
  [lazy] call 55 step 56: 0.257s (orig 0.183s) rc=0 demoted=28.4MiB read=46.8MiB
  [lazy] call 56 step 57: 0.258s (orig 0.178s) rc=0 demoted=23.6MiB read=45.2MiB
  [lazy] call 57 step 58: 0.258s (orig 0.179s) rc=0 demoted=23.2MiB read=44.2MiB
  [lazy] call 58 step 59: 0.261s (orig 0.181s) rc=0 demoted=22.8MiB read=44.3MiB
  [lazy] call 59 step 60: 0.641s (orig 0.434s) rc=0 demoted=23.0MiB read=116.6MiB
  [lazy] call 60 step 61: 0.251s (orig 0.182s) rc=2 demoted=61.3MiB read=42.3MiB
  [lazy] call 61 step 62: 0.258s (orig 0.182s) rc=0 demoted=21.7MiB read=46.6MiB
[11/58] django__django-11532 lazy: total=20.915876336999997 orig=14.007907908 mismatches=0 err=None
[12/58] django__django-11551 regular
minisweagent.environment: DEBUG: Starting container with command: docker run -d --name   
minisweagent-1dc8e7a3 -w /testbed --rm                                                   
docker.io/swebench/sweb.eval.x86_64.django_1776_django-11551:latest sleep 2h             
minisweagent.environment: INFO: Started container minisweagent-1dc8e7a3 with ID          
a777c7fa2804ded7c9f93bc1453393e0ca723d4bbdeb08b95f2e538d18efd3b6                         
  [regular] call 1 step 1: 0.719s (orig 0.316s) rc=0 demoted=0.0MiB read=72.2MiB
  [regular] call 2 step 2: 0.608s (orig 0.372s) rc=0 demoted=0.0MiB read=35.9MiB
  [regular] call 3 step 3: 0.188s (orig 0.180s) rc=0 demoted=0.0MiB read=0.1MiB
  [regular] call 4 step 4: 0.185s (orig 0.181s) rc=0 demoted=0.0MiB read=0.6MiB
  [regular] call 5 step 5: 0.184s (orig 0.182s) rc=0 demoted=0.0MiB read=0.0MiB
  [regular] call 6 step 6: 0.202s (orig 0.188s) rc=0 demoted=0.0MiB read=34.5MiB
  [regular] call 7 step 7: 0.183s (orig 0.179s) rc=0 demoted=0.0MiB read=0.0MiB
  [regular] call 8 step 8: 0.194s (orig 0.189s) rc=0 demoted=0.0MiB read=0.1MiB
  [regular] call 9 step 9: 0.181s (orig 0.176s) rc=0 demoted=0.0MiB read=0.0MiB
[12/58] django__django-11551 regular: total=2.643448774 orig=1.9621043260000002 mismatches=8 err=None
[12/58] django__django-11551 lazy
minisweagent.environment: DEBUG: Starting container with command: docker run -d --name   
minisweagent-f58d4f15 -w /testbed --rm                                                   
docker.io/swebench/sweb.eval.x86_64.django_1776_django-11551:latest sleep 2h             
minisweagent.environment: INFO: Started container minisweagent-f58d4f15 with ID          
ae473dd1caa2a2c9fec98542f0f897bc33bd7354703691ab5d72a1bb4cf060c4                         
  [lazy] call 1 step 1: 0.734s (orig 0.316s) rc=0 demoted=3.4MiB read=77.1MiB
  [lazy] call 2 step 2: 1.021s (orig 0.372s) rc=0 demoted=39.5MiB read=112.3MiB
  [lazy] call 3 step 3: 0.264s (orig 0.180s) rc=0 demoted=68.8MiB read=47.4MiB
  [lazy] call 4 step 4: 0.267s (orig 0.181s) rc=0 demoted=24.5MiB read=47.6MiB
  [lazy] call 5 step 5: 0.260s (orig 0.182s) rc=0 demoted=24.6MiB read=46.8MiB
  [lazy] call 6 step 6: 0.278s (orig 0.188s) rc=0 demoted=25.4MiB read=81.6MiB
  [lazy] call 7 step 7: 0.261s (orig 0.179s) rc=0 demoted=41.4MiB read=45.6MiB
  [lazy] call 8 step 8: 0.284s (orig 0.189s) rc=0 demoted=23.4MiB read=81.4MiB
  [lazy] call 9 step 9: 0.260s (orig 0.176s) rc=0 demoted=41.6MiB read=45.6MiB
[12/58] django__django-11551 lazy: total=3.627293841 orig=1.9621043260000002 mismatches=8 err=None
[13/58] django__django-11555 regular
minisweagent.environment: DEBUG: Starting container with command: docker run -d --name   
minisweagent-c798f861 -w /testbed --rm                                                   
docker.io/swebench/sweb.eval.x86_64.django_1776_django-11555:latest sleep 2h             
minisweagent.environment: INFO: Started container minisweagent-c798f861 with ID          
163b846f3ec00fdf169f4e93eefe25209ae39f726d935df29053bb8c91a463a3                         
  [regular] call 1 step 1: 0.259s (orig 0.187s) rc=0 demoted=0.0MiB read=42.6MiB
  [regular] call 2 step 2: 0.524s (orig 0.272s) rc=0 demoted=0.0MiB read=22.0MiB
  [regular] call 3 step 3: 0.187s (orig 0.178s) rc=0 demoted=0.0MiB read=0.0MiB
  [regular] call 4 step 4: 0.380s (orig 0.290s) rc=0 demoted=0.0MiB read=12.3MiB
  [regular] call 5 step 5: 0.181s (orig 0.178s) rc=0 demoted=0.0MiB read=0.0MiB
  [regular] call 6 step 6: 0.181s (orig 0.179s) rc=0 demoted=0.0MiB read=0.3MiB
  [regular] call 7 step 7: 0.181s (orig 0.184s) rc=0 demoted=0.0MiB read=0.1MiB
  [regular] call 8 step 8: 0.179s (orig 0.184s) rc=0 demoted=0.0MiB read=0.0MiB
  [regular] call 9 step 9: 0.181s (orig 0.185s) rc=0 demoted=0.0MiB read=0.0MiB
  [regular] call 10 step 10: 0.285s (orig 0.296s) rc=0 demoted=0.0MiB read=0.0MiB
  [regular] call 11 step 11: 0.180s (orig 0.175s) rc=0 demoted=0.0MiB read=0.0MiB
  [regular] call 12 step 12: 0.286s (orig 0.292s) rc=0 demoted=0.0MiB read=0.0MiB
  [regular] call 13 step 13: 0.195s (orig 0.189s) rc=123 demoted=0.0MiB read=0.0MiB
  [regular] call 14 step 14: 0.183s (orig 0.179s) rc=0 demoted=0.0MiB read=0.0MiB
  [regular] call 15 step 15: 0.183s (orig 0.178s) rc=1 demoted=0.0MiB read=0.0MiB
  [regular] call 16 step 16: 0.182s (orig 0.181s) rc=0 demoted=0.0MiB read=0.0MiB
  [regular] call 17 step 17: 0.180s (orig 0.182s) rc=0 demoted=0.0MiB read=0.0MiB
  [regular] call 18 step 18: 0.183s (orig 0.178s) rc=0 demoted=0.0MiB read=0.0MiB
  [regular] call 19 step 19: 0.184s (orig 0.177s) rc=0 demoted=0.0MiB read=0.0MiB
  [regular] call 20 step 20: 0.181s (orig 0.181s) rc=0 demoted=0.0MiB read=0.0MiB
  [regular] call 21 step 21: 0.280s (orig 0.211s) rc=0 demoted=0.0MiB read=6.1MiB
  [regular] call 22 step 22: 4.093s (orig 3.644s) rc=0 demoted=0.0MiB read=29.3MiB
  [regular] call 23 step 23: 0.186s (orig 0.186s) rc=0 demoted=0.0MiB read=0.1MiB
  [regular] call 24 step 24: 0.184s (orig 0.178s) rc=0 demoted=0.0MiB read=0.0MiB
  [regular] call 25 step 26: 0.177s (orig 0.179s) rc=2 demoted=0.0MiB read=0.0MiB
  [regular] call 26 step 27: 0.180s (orig 0.180s) rc=0 demoted=0.0MiB read=0.0MiB
  [regular] call 27 step 28: 0.180s (orig 0.180s) rc=0 demoted=0.0MiB read=0.0MiB
  [regular] call 28 step 29: 0.200s (orig 0.187s) rc=0 demoted=0.0MiB read=34.6MiB
  [regular] call 29 step 30: 0.180s (orig 0.179s) rc=0 demoted=0.0MiB read=0.0MiB
  [regular] call 30 step 31: 0.186s (orig 0.182s) rc=0 demoted=0.0MiB read=0.0MiB
  [regular] call 31 step 32: 0.178s (orig 0.180s) rc=0 demoted=0.0MiB read=0.0MiB
  [regular] call 32 step 33: 0.190s (orig 0.179s) rc=0 demoted=0.0MiB read=0.0MiB
  [regular] call 33 step 34: 0.186s (orig 0.183s) rc=0 demoted=0.0MiB read=0.0MiB
  [regular] call 34 step 35: 0.184s (orig 0.180s) rc=0 demoted=0.0MiB read=0.0MiB
  [regular] call 35 step 36: 0.178s (orig 0.179s) rc=2 demoted=0.0MiB read=0.0MiB
  [regular] call 36 step 37: 0.184s (orig 0.185s) rc=2 demoted=0.0MiB read=0.0MiB
  [regular] call 37 step 38: 0.187s (orig 0.181s) rc=0 demoted=0.0MiB read=0.0MiB
  [regular] call 38 step 39: 0.180s (orig 0.184s) rc=0 demoted=0.0MiB read=0.0MiB
  [regular] call 39 step 40: 0.180s (orig 0.181s) rc=0 demoted=0.0MiB read=0.1MiB
  [regular] call 40 step 41: 0.177s (orig 0.180s) rc=0 demoted=0.0MiB read=0.3MiB
  [regular] call 41 step 42: 0.184s (orig 0.183s) rc=0 demoted=0.0MiB read=0.0MiB
  [regular] call 42 step 43: 0.179s (orig 0.184s) rc=0 demoted=0.0MiB read=0.0MiB
  [regular] call 43 step 44: 0.179s (orig 0.180s) rc=0 demoted=0.0MiB read=0.0MiB
  [regular] call 44 step 45: 0.179s (orig 0.180s) rc=2 demoted=0.0MiB read=0.0MiB
  [regular] call 45 step 46: 0.219s (orig 0.199s) rc=0 demoted=0.0MiB read=11.9MiB
  [regular] call 46 step 47: 0.180s (orig 0.181s) rc=0 demoted=0.0MiB read=0.0MiB
  [regular] call 47 step 48: 0.203s (orig 0.199s) rc=0 demoted=0.0MiB read=0.0MiB
  [regular] call 48 step 49: 0.181s (orig 0.183s) rc=0 demoted=0.0MiB read=0.0MiB
  [regular] call 49 step 50: 0.177s (orig 0.178s) rc=2 demoted=0.0MiB read=0.0MiB
  [regular] call 50 step 53: 0.196s (orig 0.196s) rc=1 demoted=0.0MiB read=0.0MiB
  [regular] call 51 step 54: 0.197s (orig 0.198s) rc=1 demoted=0.0MiB read=0.0MiB
  [regular] call 52 step 57: 0.194s (orig 0.188s) rc=0 demoted=0.0MiB read=0.0MiB
  [regular] call 53 step 58: 0.179s (orig 0.182s) rc=0 demoted=0.0MiB read=0.0MiB
  [regular] call 54 step 59: 0.206s (orig 0.204s) rc=0 demoted=0.0MiB read=0.0MiB
  [regular] call 55 step 60: 0.178s (orig 0.180s) rc=0 demoted=0.0MiB read=0.0MiB
  [regular] call 56 step 61: 0.188s (orig 0.183s) rc=0 demoted=0.0MiB read=0.0MiB
  [regular] call 57 step 62: 0.183s (orig 0.180s) rc=0 demoted=0.0MiB read=0.0MiB
  [regular] call 58 step 63: 0.177s (orig 0.179s) rc=0 demoted=0.0MiB read=0.0MiB
[13/58] django__django-11555 regular: total=15.52119126 orig=14.519188959999997 mismatches=57 err=None
[13/58] django__django-11555 lazy
minisweagent.environment: DEBUG: Starting container with command: docker run -d --name   
minisweagent-619dc190 -w /testbed --rm                                                   
docker.io/swebench/sweb.eval.x86_64.django_1776_django-11555:latest sleep 2h             
minisweagent.environment: INFO: Started container minisweagent-619dc190 with ID          
ddb30753255559ba071eb8c2132ec3e9231edc4df5974b375f59facff4056cd1                         
  [lazy] call 1 step 1: 0.265s (orig 0.187s) rc=0 demoted=3.6MiB read=48.4MiB
  [lazy] call 2 step 2: 0.604s (orig 0.272s) rc=0 demoted=24.4MiB read=69.1MiB
  [lazy] call 3 step 3: 0.261s (orig 0.178s) rc=0 demoted=35.4MiB read=49.3MiB
  [lazy] call 4 step 4: 0.709s (orig 0.290s) rc=0 demoted=25.4MiB read=81.2MiB
  [lazy] call 5 step 5: 0.261s (orig 0.178s) rc=0 demoted=41.9MiB read=46.8MiB
  [lazy] call 6 step 6: 0.261s (orig 0.179s) rc=0 demoted=23.9MiB read=47.3MiB
  [lazy] call 7 step 7: 0.257s (orig 0.184s) rc=0 demoted=24.0MiB read=46.9MiB
  [lazy] call 8 step 8: 0.255s (orig 0.184s) rc=0 demoted=24.6MiB read=46.8MiB
  [lazy] call 9 step 9: 0.261s (orig 0.185s) rc=0 demoted=23.9MiB read=47.3MiB
  [lazy] call 10 step 10: 0.708s (orig 0.296s) rc=0 demoted=24.3MiB read=81.3MiB
  [lazy] call 11 step 11: 0.267s (orig 0.175s) rc=0 demoted=41.8MiB read=47.1MiB
  [lazy] call 12 step 12: 0.724s (orig 0.292s) rc=0 demoted=23.9MiB read=80.9MiB
  [lazy] call 13 step 13: 0.270s (orig 0.189s) rc=123 demoted=46.2MiB read=50.8MiB
  [lazy] call 14 step 14: 0.257s (orig 0.179s) rc=0 demoted=26.3MiB read=47.2MiB
  [lazy] call 15 step 15: 0.259s (orig 0.178s) rc=1 demoted=24.0MiB read=46.4MiB
  [lazy] call 16 step 16: 0.256s (orig 0.181s) rc=0 demoted=24.0MiB read=46.8MiB
  [lazy] call 17 step 17: 0.257s (orig 0.182s) rc=0 demoted=24.1MiB read=47.2MiB
  [lazy] call 18 step 18: 0.256s (orig 0.178s) rc=0 demoted=24.2MiB read=46.9MiB
  [lazy] call 19 step 19: 0.258s (orig 0.177s) rc=0 demoted=24.0MiB read=47.4MiB
  [lazy] call 20 step 20: 0.257s (orig 0.181s) rc=0 demoted=24.2MiB read=47.3MiB
  [lazy] call 21 step 21: 0.363s (orig 0.211s) rc=0 demoted=24.3MiB read=54.2MiB
  [lazy] call 22 step 22: 4.268s (orig 3.644s) rc=0 demoted=27.5MiB read=84.5MiB
  [lazy] call 23 step 23: 0.260s (orig 0.186s) rc=0 demoted=47.6MiB read=46.9MiB
  [lazy] call 24 step 24: 0.257s (orig 0.178s) rc=0 demoted=24.2MiB read=46.8MiB
  [lazy] call 25 step 26: 0.255s (orig 0.179s) rc=2 demoted=23.9MiB read=45.2MiB
  [lazy] call 26 step 27: 0.262s (orig 0.180s) rc=0 demoted=23.8MiB read=47.8MiB
  [lazy] call 27 step 28: 0.261s (orig 0.180s) rc=0 demoted=24.4MiB read=47.5MiB
  [lazy] call 28 step 29: 0.281s (orig 0.187s) rc=0 demoted=24.3MiB read=81.4MiB
  [lazy] call 29 step 30: 0.256s (orig 0.179s) rc=0 demoted=41.6MiB read=45.6MiB
  [lazy] call 30 step 31: 0.263s (orig 0.182s) rc=0 demoted=23.3MiB read=47.5MiB
  [lazy] call 31 step 32: 0.258s (orig 0.180s) rc=0 demoted=24.5MiB read=47.5MiB
  [lazy] call 32 step 33: 0.273s (orig 0.179s) rc=0 demoted=24.4MiB read=81.4MiB
  [lazy] call 33 step 34: 0.258s (orig 0.183s) rc=0 demoted=41.3MiB read=45.5MiB
  [lazy] call 34 step 35: 0.258s (orig 0.180s) rc=0 demoted=23.3MiB read=45.5MiB
  [lazy] call 35 step 36: 0.257s (orig 0.179s) rc=2 demoted=23.4MiB read=45.4MiB
  [lazy] call 36 step 37: 0.255s (orig 0.185s) rc=2 demoted=23.8MiB read=43.9MiB
  [lazy] call 37 step 38: 0.255s (orig 0.181s) rc=0 demoted=23.5MiB read=43.6MiB
  [lazy] call 38 step 39: 0.256s (orig 0.184s) rc=0 demoted=23.6MiB read=43.7MiB
  [lazy] call 39 step 40: 0.255s (orig 0.181s) rc=0 demoted=23.2MiB read=44.5MiB
  [lazy] call 40 step 41: 0.256s (orig 0.180s) rc=0 demoted=24.1MiB read=46.7MiB
  [lazy] call 41 step 42: 0.257s (orig 0.183s) rc=0 demoted=24.9MiB read=46.5MiB
  [lazy] call 42 step 43: 0.259s (orig 0.184s) rc=0 demoted=23.7MiB read=47.0MiB
  [lazy] call 43 step 44: 0.260s (orig 0.180s) rc=0 demoted=24.0MiB read=46.5MiB
  [lazy] call 44 step 45: 0.252s (orig 0.180s) rc=2 demoted=23.6MiB read=45.2MiB
  [lazy] call 45 step 46: 0.288s (orig 0.199s) rc=0 demoted=23.0MiB read=57.0MiB
  [lazy] call 46 step 47: 0.256s (orig 0.181s) rc=0 demoted=28.7MiB read=46.6MiB
  [lazy] call 47 step 48: 0.291s (orig 0.199s) rc=0 demoted=23.8MiB read=57.1MiB
  [lazy] call 48 step 49: 0.256s (orig 0.183s) rc=0 demoted=28.7MiB read=46.6MiB
  [lazy] call 49 step 50: 0.249s (orig 0.178s) rc=2 demoted=24.2MiB read=45.3MiB
  [lazy] call 50 step 53: 0.278s (orig 0.196s) rc=1 demoted=23.2MiB read=56.5MiB
  [lazy] call 51 step 54: 0.280s (orig 0.198s) rc=1 demoted=28.7MiB read=56.4MiB
  [lazy] call 52 step 57: 0.283s (orig 0.188s) rc=0 demoted=28.7MiB read=56.5MiB
  [lazy] call 53 step 58: 0.261s (orig 0.182s) rc=0 demoted=29.0MiB read=46.8MiB
  [lazy] call 54 step 59: 0.288s (orig 0.204s) rc=0 demoted=24.2MiB read=57.1MiB
  [lazy] call 55 step 60: 0.251s (orig 0.180s) rc=0 demoted=29.0MiB read=46.7MiB
  [lazy] call 56 step 61: 0.279s (orig 0.183s) rc=0 demoted=24.6MiB read=82.0MiB
  [lazy] call 57 step 62: 0.256s (orig 0.180s) rc=0 demoted=42.0MiB read=45.9MiB
  [lazy] call 58 step 63: 0.258s (orig 0.179s) rc=0 demoted=23.4MiB read=45.6MiB
[13/58] django__django-11555 lazy: total=21.012490384000003 orig=14.519188959999997 mismatches=57 err=None
[14/58] django__django-11603 regular
minisweagent.environment: DEBUG: Starting container with command: docker run -d --name   
minisweagent-50fde85f -w /testbed --rm                                                   
docker.io/swebench/sweb.eval.x86_64.django_1776_django-11603:latest sleep 2h             
minisweagent.environment: INFO: Started container minisweagent-50fde85f with ID          
f15482fe8456016973cf4c8cdde95012d40e9d7d8868bce134fdc01b27cbb94d                         
  [regular] call 1 step 1: 0.267s (orig 0.187s) rc=0 demoted=0.0MiB read=42.7MiB
  [regular] call 2 step 2: 0.535s (orig 0.278s) rc=0 demoted=0.0MiB read=22.0MiB
  [regular] call 3 step 3: 0.282s (orig 0.207s) rc=0 demoted=0.0MiB read=6.2MiB
  [regular] call 4 step 4: 0.184s (orig 0.186s) rc=0 demoted=0.0MiB read=0.1MiB
[14/58] django__django-11603 regular: total=1.268350199 orig=0.8583720469999999 mismatches=0 err=None
[14/58] django__django-11603 lazy
minisweagent.environment: DEBUG: Starting container with command: docker run -d --name   
minisweagent-4ca0fb15 -w /testbed --rm                                                   
docker.io/swebench/sweb.eval.x86_64.django_1776_django-11603:latest sleep 2h             
minisweagent.environment: INFO: Started container minisweagent-4ca0fb15 with ID          
de7cf83d70a42705ec22568ef8b585cfd7a64d5b9240732ac66d8bcb0d814435                         
  [lazy] call 1 step 1: 0.262s (orig 0.187s) rc=0 demoted=3.0MiB read=47.6MiB
  [lazy] call 2 step 2: 0.614s (orig 0.278s) rc=0 demoted=24.6MiB read=68.9MiB
  [lazy] call 3 step 3: 0.353s (orig 0.207s) rc=0 demoted=35.6MiB read=53.7MiB
  [lazy] call 4 step 4: 0.262s (orig 0.186s) rc=0 demoted=27.9MiB read=45.8MiB
[14/58] django__django-11603 lazy: total=1.4909564219999998 orig=0.8583720469999999 mismatches=0 err=None
[15/58] django__django-11728 regular
minisweagent.environment: DEBUG: Starting container with command: docker run -d --name   
minisweagent-f9654b90 -w /testbed --rm                                                   
docker.io/swebench/sweb.eval.x86_64.django_1776_django-11728:latest sleep 2h             
minisweagent.environment: INFO: Started container minisweagent-f9654b90 with ID          
8d47140e76331160e00c7d229323e31582d9edd6ab86dea8d1ed020e3edbe71b                         
  [regular] call 1 step 1: 0.270s (orig 0.184s) rc=0 demoted=0.0MiB read=42.9MiB
  [regular] call 2 step 1: 0.656s (orig 0.329s) rc=0 demoted=0.0MiB read=28.9MiB
  [regular] call 3 step 1: 1.197s (orig 0.472s) rc=1 demoted=0.0MiB read=262.4MiB
  [regular] call 4 step 1: 0.462s (orig 0.452s) rc=0 demoted=0.0MiB read=0.0MiB
  [regular] call 5 step 2: 0.452s (orig 0.441s) rc=1 demoted=0.0MiB read=0.0MiB
  [regular] call 6 step 2: 0.182s (orig 0.179s) rc=0 demoted=0.0MiB read=0.1MiB
  [regular] call 7 step 3: 0.332s (orig 0.334s) rc=1 demoted=0.0MiB read=0.0MiB
  [regular] call 8 step 3: 0.329s (orig 0.334s) rc=0 demoted=0.0MiB read=0.2MiB
  [regular] call 9 step 4: 0.183s (orig 0.177s) rc=0 demoted=0.0MiB read=0.0MiB
  [regular] call 10 step 5: 0.182s (orig 0.182s) rc=1 demoted=0.0MiB read=0.0MiB
  [regular] call 11 step 6: 0.178s (orig 0.176s) rc=0 demoted=0.0MiB read=0.0MiB
  [regular] call 12 step 7: 0.179s (orig 0.176s) rc=0 demoted=0.0MiB read=0.0MiB
  [regular] call 13 step 8: 0.184s (orig 0.180s) rc=0 demoted=0.0MiB read=0.0MiB
  [regular] call 14 step 9: 0.206s (orig 0.193s) rc=0 demoted=0.0MiB read=11.3MiB
  [regular] call 15 step 10: 0.183s (orig 0.178s) rc=0 demoted=0.0MiB read=0.0MiB
  [regular] call 16 step 11: 0.197s (orig 0.192s) rc=0 demoted=0.0MiB read=0.0MiB
  [regular] call 17 step 12: 0.180s (orig 0.182s) rc=0 demoted=0.0MiB read=0.0MiB
  [regular] call 18 step 13: 0.193s (orig 0.198s) rc=0 demoted=0.0MiB read=0.0MiB
  [regular] call 19 step 14: 0.185s (orig 0.177s) rc=0 demoted=0.0MiB read=0.0MiB
  [regular] call 20 step 15: 0.194s (orig 0.195s) rc=0 demoted=0.0MiB read=0.0MiB
  [regular] call 21 step 16: 0.183s (orig 0.185s) rc=0 demoted=0.0MiB read=0.6MiB
  [regular] call 22 step 17: 0.178s (orig 0.180s) rc=0 demoted=0.0MiB read=0.0MiB
  [regular] call 23 step 18: 0.178s (orig 0.178s) rc=0 demoted=0.0MiB read=0.0MiB
  [regular] call 24 step 19: 0.195s (orig 0.187s) rc=0 demoted=0.0MiB read=0.0MiB
  [regular] call 25 step 20: 0.192s (orig 0.186s) rc=0 demoted=0.0MiB read=7.6MiB
  [regular] call 26 step 21: 0.184s (orig 0.183s) rc=0 demoted=0.0MiB read=0.0MiB
  [regular] call 27 step 22: 0.180s (orig 0.175s) rc=0 demoted=0.0MiB read=0.0MiB
  [regular] call 28 step 23: 0.180s (orig 0.184s) rc=0 demoted=0.0MiB read=0.0MiB
  [regular] call 29 step 24: 0.188s (orig 0.191s) rc=0 demoted=0.0MiB read=0.0MiB
  [regular] call 30 step 25: 0.179s (orig 0.180s) rc=0 demoted=0.0MiB read=0.0MiB
  [regular] call 31 step 26: 0.196s (orig 0.199s) rc=0 demoted=0.0MiB read=0.0MiB
  [regular] call 32 step 27: 0.182s (orig 0.178s) rc=0 demoted=0.0MiB read=0.0MiB
[15/58] django__django-11728 regular: total=8.342041023 orig=7.138387019 mismatches=31 err=None
[15/58] django__django-11728 lazy
minisweagent.environment: DEBUG: Starting container with command: docker run -d --name   
minisweagent-defade79 -w /testbed --rm                                                   
docker.io/swebench/sweb.eval.x86_64.django_1776_django-11728:latest sleep 2h             
minisweagent.environment: INFO: Started container minisweagent-defade79 with ID          
6b2881d883f853c81d0a80b4ff693c884fe5b427d1db9b10dcd88c21f2cd1e38                         
  [lazy] call 1 step 1: 0.266s (orig 0.184s) rc=0 demoted=3.7MiB read=47.6MiB
  [lazy] call 2 step 1: 0.716s (orig 0.329s) rc=0 demoted=24.3MiB read=74.8MiB
  [lazy] call 3 step 1: 1.600s (orig 0.472s) rc=1 demoted=38.6MiB read=334.7MiB
  [lazy] call 4 step 1: 1.571s (orig 0.452s) rc=0 demoted=177.6MiB read=335.0MiB
  [lazy] call 5 step 2: 1.575s (orig 0.441s) rc=1 demoted=180.2MiB read=335.7MiB
  [lazy] call 6 step 2: 0.258s (orig 0.179s) rc=0 demoted=177.5MiB read=45.4MiB
  [lazy] call 7 step 3: 1.016s (orig 0.334s) rc=1 demoted=23.3MiB read=108.9MiB
  [lazy] call 8 step 3: 0.881s (orig 0.334s) rc=0 demoted=60.0MiB read=94.6MiB
  [lazy] call 9 step 4: 0.258s (orig 0.177s) rc=0 demoted=51.9MiB read=45.1MiB
  [lazy] call 10 step 5: 0.261s (orig 0.182s) rc=1 demoted=23.2MiB read=46.3MiB
  [lazy] call 11 step 6: 0.258s (orig 0.176s) rc=0 demoted=23.6MiB read=46.4MiB
  [lazy] call 12 step 7: 0.255s (orig 0.176s) rc=0 demoted=23.8MiB read=45.6MiB
  [lazy] call 13 step 8: 0.256s (orig 0.180s) rc=0 demoted=23.6MiB read=44.5MiB
  [lazy] call 14 step 9: 0.277s (orig 0.193s) rc=0 demoted=22.9MiB read=54.6MiB
  [lazy] call 15 step 10: 0.251s (orig 0.178s) rc=0 demoted=27.8MiB read=43.2MiB
  [lazy] call 16 step 11: 0.278s (orig 0.192s) rc=0 demoted=22.4MiB read=54.8MiB
  [lazy] call 17 step 12: 0.261s (orig 0.182s) rc=0 demoted=27.8MiB read=44.9MiB
  [lazy] call 18 step 13: 0.287s (orig 0.198s) rc=0 demoted=23.0MiB read=55.1MiB
  [lazy] call 19 step 14: 0.255s (orig 0.177s) rc=0 demoted=28.0MiB read=45.0MiB
  [lazy] call 20 step 15: 0.278s (orig 0.195s) rc=0 demoted=23.1MiB read=55.0MiB
  [lazy] call 21 step 16: 0.259s (orig 0.185s) rc=0 demoted=27.8MiB read=46.9MiB
  [lazy] call 22 step 17: 0.261s (orig 0.180s) rc=0 demoted=24.3MiB read=44.9MiB
  [lazy] call 23 step 18: 0.257s (orig 0.178s) rc=0 demoted=23.0MiB read=44.8MiB
  [lazy] call 24 step 19: 0.284s (orig 0.187s) rc=0 demoted=23.1MiB read=55.5MiB
  [lazy] call 25 step 20: 0.276s (orig 0.186s) rc=0 demoted=28.1MiB read=81.1MiB
  [lazy] call 26 step 21: 0.256s (orig 0.183s) rc=0 demoted=41.6MiB read=45.0MiB
  [lazy] call 27 step 22: 0.261s (orig 0.175s) rc=0 demoted=23.0MiB read=46.9MiB
  [lazy] call 28 step 23: 0.262s (orig 0.184s) rc=0 demoted=23.9MiB read=46.6MiB
  [lazy] call 29 step 24: 0.271s (orig 0.191s) rc=0 demoted=23.9MiB read=77.4MiB
  [lazy] call 30 step 25: 0.255s (orig 0.180s) rc=0 demoted=39.8MiB read=44.8MiB
  [lazy] call 31 step 26: 0.275s (orig 0.199s) rc=0 demoted=23.0MiB read=55.0MiB
  [lazy] call 32 step 27: 0.257s (orig 0.178s) rc=0 demoted=28.1MiB read=44.8MiB
[15/58] django__django-11728 lazy: total=14.231690559 orig=7.138387019 mismatches=31 err=None
[16/58] django__django-11734 regular
minisweagent.environment: DEBUG: Starting container with command: docker run -d --name   
minisweagent-b2742303 -w /testbed --rm                                                   
docker.io/swebench/sweb.eval.x86_64.django_1776_django-11734:latest sleep 2h             
minisweagent.environment: INFO: Started container minisweagent-b2742303 with ID          
83820aa2f700c3d0a6d3b2c955575f0d0dd095681ad18872d02fa2a78c0428a4                         
  [regular] call 1 step 1: 1.038s (orig 0.391s) rc=0 demoted=0.0MiB read=107.8MiB
  [regular] call 2 step 2: 0.184s (orig 0.178s) rc=0 demoted=0.0MiB read=0.1MiB
  [regular] call 3 step 3: 0.181s (orig 0.181s) rc=0 demoted=0.0MiB read=0.0MiB
  [regular] call 4 step 4: 0.184s (orig 0.181s) rc=1 demoted=0.0MiB read=0.0MiB
  [regular] call 5 step 5: 0.183s (orig 0.183s) rc=0 demoted=0.0MiB read=0.0MiB
  [regular] call 6 step 6: 0.182s (orig 0.183s) rc=0 demoted=0.0MiB read=0.0MiB
  [regular] call 7 step 7: 0.183s (orig 0.177s) rc=0 demoted=0.0MiB read=0.0MiB
  [regular] call 8 step 8: 0.182s (orig 0.182s) rc=0 demoted=0.0MiB read=0.0MiB
  [regular] call 9 step 9: 0.183s (orig 0.183s) rc=0 demoted=0.0MiB read=0.0MiB
  [regular] call 10 step 10: 0.185s (orig 0.183s) rc=0 demoted=0.0MiB read=0.0MiB
  [regular] call 11 step 11: 0.181s (orig 0.177s) rc=0 demoted=0.0MiB read=0.0MiB
  [regular] call 12 step 12: 0.181s (orig 0.180s) rc=1 demoted=0.0MiB read=0.0MiB
  [regular] call 13 step 13: 0.181s (orig 0.184s) rc=1 demoted=0.0MiB read=0.0MiB
  [regular] call 14 step 14: 0.183s (orig 0.184s) rc=0 demoted=0.0MiB read=0.0MiB
  [regular] call 15 step 15: 0.182s (orig 0.179s) rc=0 demoted=0.0MiB read=0.0MiB
  [regular] call 16 step 16: 0.178s (orig 0.182s) rc=0 demoted=0.0MiB read=0.0MiB
  [regular] call 17 step 17: 0.185s (orig 0.179s) rc=0 demoted=0.0MiB read=0.0MiB
  [regular] call 18 step 18: 0.184s (orig 0.179s) rc=0 demoted=0.0MiB read=0.0MiB
  [regular] call 19 step 19: 0.184s (orig 0.184s) rc=1 demoted=0.0MiB read=0.0MiB
  [regular] call 20 step 20: 0.182s (orig 0.183s) rc=0 demoted=0.0MiB read=0.0MiB
  [regular] call 21 step 21: 0.186s (orig 0.186s) rc=0 demoted=0.0MiB read=0.0MiB
  [regular] call 22 step 22: 0.180s (orig 0.176s) rc=0 demoted=0.0MiB read=0.0MiB
  [regular] call 23 step 23: 0.180s (orig 0.181s) rc=0 demoted=0.0MiB read=0.0MiB
  [regular] call 24 step 24: 0.184s (orig 0.183s) rc=0 demoted=0.0MiB read=0.0MiB
  [regular] call 25 step 25: 0.182s (orig 0.177s) rc=0 demoted=0.0MiB read=0.0MiB
  [regular] call 26 step 26: 0.185s (orig 0.187s) rc=0 demoted=0.0MiB read=0.3MiB
  [regular] call 27 step 27: 0.181s (orig 0.187s) rc=0 demoted=0.0MiB read=0.0MiB
  [regular] call 28 step 28: 0.179s (orig 0.186s) rc=0 demoted=0.0MiB read=0.0MiB
  [regular] call 29 step 29: 0.180s (orig 0.181s) rc=0 demoted=0.0MiB read=0.0MiB
  [regular] call 30 step 30: 0.182s (orig 0.182s) rc=0 demoted=0.0MiB read=0.0MiB
  [regular] call 31 step 31: 0.187s (orig 0.187s) rc=0 demoted=0.0MiB read=0.1MiB
  [regular] call 32 step 32: 0.179s (orig 0.181s) rc=0 demoted=0.0MiB read=0.0MiB
  [regular] call 33 step 33: 0.183s (orig 0.188s) rc=0 demoted=0.0MiB read=0.0MiB
  [regular] call 34 step 34: 0.185s (orig 0.181s) rc=0 demoted=0.0MiB read=0.0MiB
  [regular] call 35 step 35: 0.181s (orig 0.175s) rc=0 demoted=0.0MiB read=0.0MiB
  [regular] call 36 step 36: 0.179s (orig 0.181s) rc=0 demoted=0.0MiB read=0.0MiB
  [regular] call 37 step 37: 0.186s (orig 0.178s) rc=0 demoted=0.0MiB read=0.0MiB
  [regular] call 38 step 38: 0.184s (orig 0.181s) rc=1 demoted=0.0MiB read=0.0MiB
  [regular] call 39 step 39: 0.179s (orig 0.185s) rc=0 demoted=0.0MiB read=0.0MiB
  [regular] call 40 step 40: 0.187s (orig 0.188s) rc=0 demoted=0.0MiB read=0.1MiB
  [regular] call 41 step 41: 0.184s (orig 0.177s) rc=0 demoted=0.0MiB read=0.0MiB
  [regular] call 42 step 42: 0.186s (orig 0.186s) rc=0 demoted=0.0MiB read=0.5MiB
  [regular] call 43 step 43: 0.181s (orig 0.187s) rc=0 demoted=0.0MiB read=0.0MiB
  [regular] call 44 step 44: 0.776s (orig 0.695s) rc=1 demoted=0.0MiB read=53.3MiB
  [regular] call 45 step 45: 0.186s (orig 0.183s) rc=0 demoted=0.0MiB read=0.0MiB
  [regular] call 46 step 46: 0.183s (orig 0.180s) rc=0 demoted=0.0MiB read=0.0MiB
  [regular] call 47 step 47: 0.481s (orig 0.473s) rc=0 demoted=0.0MiB read=0.0MiB
  [regular] call 48 step 48: 0.180s (orig 0.184s) rc=1 demoted=0.0MiB read=0.0MiB
  [regular] call 49 step 49: 0.219s (orig 0.225s) rc=123 demoted=0.0MiB read=0.0MiB
  [regular] call 50 step 50: 0.221s (orig 0.223s) rc=1 demoted=0.0MiB read=0.0MiB
  [regular] call 51 step 51: 0.231s (orig 0.231s) rc=0 demoted=0.0MiB read=0.0MiB
  [regular] call 52 step 52: 0.184s (orig 0.180s) rc=1 demoted=0.0MiB read=0.0MiB
  [regular] call 53 step 53: 0.182s (orig 0.182s) rc=1 demoted=0.0MiB read=0.0MiB
  [regular] call 54 step 54: 0.184s (orig 0.180s) rc=0 demoted=0.0MiB read=0.0MiB
  [regular] call 55 step 55: 0.182s (orig 0.180s) rc=0 demoted=0.0MiB read=0.0MiB
  [regular] call 56 step 56: 0.183s (orig 0.188s) rc=0 demoted=0.0MiB read=0.0MiB
  [regular] call 57 step 57: 0.228s (orig 0.226s) rc=0 demoted=0.0MiB read=0.0MiB
  [regular] call 58 step 58: 0.181s (orig 0.185s) rc=0 demoted=0.0MiB read=0.0MiB
  [regular] call 59 step 59: 0.178s (orig 0.176s) rc=0 demoted=0.0MiB read=0.0MiB
  [regular] call 60 step 60: 0.671s (orig 0.518s) rc=0 demoted=0.0MiB read=89.4MiB
  [regular] call 61 step 61: 0.187s (orig 0.187s) rc=0 demoted=0.0MiB read=0.3MiB
  [regular] call 62 step 62: 0.185s (orig 0.181s) rc=0 demoted=0.0MiB read=0.0MiB
  [regular] call 63 step 63: 0.187s (orig 0.189s) rc=0 demoted=0.0MiB read=0.0MiB
  [regular] call 64 step 64: 0.179s (orig 0.179s) rc=0 demoted=0.0MiB read=0.0MiB
  [regular] call 65 step 67: 0.181s (orig 0.180s) rc=0 demoted=0.0MiB read=0.0MiB
[16/58] django__django-11734 regular: total=14.274855699999998 orig=13.358038394 mismatches=64 err=None
[16/58] django__django-11734 lazy
minisweagent.environment: DEBUG: Starting container with command: docker run -d --name   
minisweagent-a3844c17 -w /testbed --rm                                                   
docker.io/swebench/sweb.eval.x86_64.django_1776_django-11734:latest sleep 2h             
minisweagent.environment: INFO: Started container minisweagent-a3844c17 with ID          
704d1887632693e8e0f75fd9755186db62f57abe5179361a126d5c30bd78a249                         
  [lazy] call 1 step 1: 1.037s (orig 0.391s) rc=0 demoted=3.7MiB read=112.0MiB
  [lazy] call 2 step 2: 0.273s (orig 0.178s) rc=0 demoted=70.1MiB read=47.7MiB
  [lazy] call 3 step 3: 0.264s (orig 0.181s) rc=0 demoted=24.7MiB read=47.3MiB
  [lazy] call 4 step 4: 0.261s (orig 0.181s) rc=1 demoted=24.4MiB read=47.1MiB
  [lazy] call 5 step 5: 0.261s (orig 0.183s) rc=0 demoted=24.4MiB read=47.0MiB
  [lazy] call 6 step 6: 0.262s (orig 0.183s) rc=0 demoted=24.5MiB read=47.1MiB
  [lazy] call 7 step 7: 0.259s (orig 0.177s) rc=0 demoted=24.0MiB read=47.1MiB
  [lazy] call 8 step 8: 0.261s (orig 0.182s) rc=0 demoted=24.2MiB read=47.1MiB
  [lazy] call 9 step 9: 0.260s (orig 0.183s) rc=0 demoted=24.0MiB read=47.2MiB
  [lazy] call 10 step 10: 0.260s (orig 0.183s) rc=0 demoted=25.1MiB read=47.1MiB
  [lazy] call 11 step 11: 0.257s (orig 0.177s) rc=0 demoted=24.1MiB read=47.2MiB
  [lazy] call 12 step 12: 0.257s (orig 0.180s) rc=1 demoted=24.6MiB read=46.9MiB
  [lazy] call 13 step 13: 0.259s (orig 0.184s) rc=1 demoted=24.1MiB read=46.9MiB
  [lazy] call 14 step 14: 0.262s (orig 0.184s) rc=0 demoted=24.3MiB read=47.0MiB
  [lazy] call 15 step 15: 0.266s (orig 0.179s) rc=0 demoted=24.1MiB read=46.9MiB
  [lazy] call 16 step 16: 0.265s (orig 0.182s) rc=0 demoted=24.1MiB read=46.9MiB
  [lazy] call 17 step 17: 0.259s (orig 0.179s) rc=0 demoted=24.2MiB read=46.8MiB
  [lazy] call 18 step 18: 0.267s (orig 0.179s) rc=0 demoted=24.1MiB read=47.0MiB
  [lazy] call 19 step 19: 0.259s (orig 0.184s) rc=1 demoted=24.1MiB read=46.8MiB
  [lazy] call 20 step 20: 0.258s (orig 0.183s) rc=0 demoted=25.3MiB read=45.9MiB
  [lazy] call 21 step 21: 0.262s (orig 0.186s) rc=0 demoted=23.8MiB read=48.4MiB
  [lazy] call 22 step 22: 0.257s (orig 0.176s) rc=0 demoted=25.4MiB read=42.4MiB
  [lazy] call 23 step 23: 0.262s (orig 0.181s) rc=0 demoted=22.1MiB read=46.8MiB
  [lazy] call 24 step 24: 0.255s (orig 0.183s) rc=0 demoted=24.4MiB read=47.1MiB
  [lazy] call 25 step 25: 0.257s (orig 0.177s) rc=0 demoted=24.5MiB read=47.0MiB
  [lazy] call 26 step 26: 0.264s (orig 0.187s) rc=0 demoted=24.2MiB read=47.6MiB
  [lazy] call 27 step 27: 0.259s (orig 0.187s) rc=0 demoted=24.6MiB read=47.1MiB
  [lazy] call 28 step 28: 0.256s (orig 0.186s) rc=0 demoted=24.1MiB read=46.9MiB
  [lazy] call 29 step 29: 0.261s (orig 0.181s) rc=0 demoted=24.3MiB read=47.1MiB
  [lazy] call 30 step 30: 0.261s (orig 0.182s) rc=0 demoted=24.2MiB read=47.2MiB
  [lazy] call 31 step 31: 0.272s (orig 0.187s) rc=0 demoted=24.2MiB read=50.1MiB
  [lazy] call 32 step 32: 0.255s (orig 0.181s) rc=0 demoted=26.3MiB read=46.8MiB
  [lazy] call 33 step 33: 0.266s (orig 0.188s) rc=0 demoted=24.6MiB read=49.9MiB
  [lazy] call 34 step 34: 0.265s (orig 0.181s) rc=0 demoted=26.1MiB read=47.0MiB
  [lazy] call 35 step 35: 0.263s (orig 0.175s) rc=0 demoted=24.6MiB read=47.9MiB
  [lazy] call 36 step 36: 0.262s (orig 0.181s) rc=0 demoted=24.5MiB read=47.2MiB
  [lazy] call 37 step 37: 0.253s (orig 0.178s) rc=0 demoted=25.2MiB read=43.8MiB
  [lazy] call 38 step 38: 0.259s (orig 0.181s) rc=1 demoted=23.3MiB read=45.6MiB
  [lazy] call 39 step 39: 0.258s (orig 0.185s) rc=0 demoted=24.8MiB read=46.5MiB
  [lazy] call 40 step 40: 0.259s (orig 0.188s) rc=0 demoted=24.0MiB read=47.0MiB
  [lazy] call 41 step 41: 0.263s (orig 0.177s) rc=0 demoted=24.5MiB read=47.0MiB
  [lazy] call 42 step 42: 0.262s (orig 0.186s) rc=0 demoted=24.5MiB read=47.5MiB
  [lazy] call 43 step 43: 0.257s (orig 0.187s) rc=0 demoted=24.7MiB read=45.5MiB
  [lazy] call 44 step 44: 0.885s (orig 0.695s) rc=1 demoted=23.4MiB read=105.6MiB
  [lazy] call 45 step 45: 0.259s (orig 0.183s) rc=0 demoted=55.8MiB read=45.4MiB
  [lazy] call 46 step 46: 0.249s (orig 0.180s) rc=0 demoted=23.8MiB read=41.8MiB
  [lazy] call 47 step 47: 0.659s (orig 0.473s) rc=0 demoted=22.9MiB read=104.4MiB
  [lazy] call 48 step 48: 0.256s (orig 0.184s) rc=1 demoted=52.8MiB read=47.2MiB
  [lazy] call 49 step 49: 0.438s (orig 0.225s) rc=123 demoted=24.4MiB read=64.4MiB
  [lazy] call 50 step 50: 0.431s (orig 0.223s) rc=1 demoted=33.0MiB read=64.3MiB
  [lazy] call 51 step 51: 0.434s (orig 0.231s) rc=0 demoted=33.2MiB read=64.2MiB
  [lazy] call 52 step 52: 0.259s (orig 0.180s) rc=1 demoted=33.3MiB read=46.9MiB
  [lazy] call 53 step 53: 0.261s (orig 0.182s) rc=1 demoted=24.6MiB read=46.8MiB
  [lazy] call 54 step 54: 0.255s (orig 0.180s) rc=0 demoted=24.2MiB read=45.6MiB
  [lazy] call 55 step 55: 0.250s (orig 0.180s) rc=0 demoted=24.1MiB read=44.1MiB
  [lazy] call 56 step 56: 0.258s (orig 0.188s) rc=0 demoted=22.8MiB read=46.8MiB
  [lazy] call 57 step 57: 0.435s (orig 0.226s) rc=0 demoted=24.2MiB read=64.3MiB
  [lazy] call 58 step 58: 0.259s (orig 0.185s) rc=0 demoted=33.3MiB read=46.9MiB
  [lazy] call 59 step 59: 0.263s (orig 0.176s) rc=0 demoted=24.5MiB read=47.3MiB
  [lazy] call 60 step 60: 0.821s (orig 0.518s) rc=0 demoted=24.5MiB read=206.3MiB
  [lazy] call 61 step 61: 0.268s (orig 0.187s) rc=0 demoted=122.2MiB read=48.3MiB
  [lazy] call 62 step 62: 0.263s (orig 0.181s) rc=0 demoted=25.2MiB read=54.7MiB
  [lazy] call 63 step 63: 0.277s (orig 0.189s) rc=0 demoted=28.1MiB read=82.0MiB
  [lazy] call 64 step 64: 0.262s (orig 0.179s) rc=0 demoted=41.8MiB read=45.5MiB
  [lazy] call 65 step 67: 0.257s (orig 0.180s) rc=0 demoted=23.2MiB read=45.5MiB
[16/58] django__django-11734 lazy: total=19.994854533 orig=13.358038394 mismatches=64 err=None
[17/58] django__django-11740 regular
minisweagent.environment: DEBUG: Starting container with command: docker run -d --name   
minisweagent-e570effa -w /testbed --rm                                                   
docker.io/swebench/sweb.eval.x86_64.django_1776_django-11740:latest sleep 2h             
minisweagent.environment: INFO: Started container minisweagent-e570effa with ID          
51353cb57043a95e6ac2ceeb51bccec35318cbd59f494332ad5897386bba6520                         
  [regular] call 1 step 1: 0.263s (orig 0.183s) rc=0 demoted=0.0MiB read=42.8MiB
  [regular] call 2 step 2: 0.642s (orig 0.308s) rc=0 demoted=0.0MiB read=28.9MiB
  [regular] call 3 step 3: 0.188s (orig 0.184s) rc=0 demoted=0.0MiB read=0.1MiB
  [regular] call 4 step 4: 0.294s (orig 0.289s) rc=0 demoted=0.0MiB read=0.1MiB
  [regular] call 5 step 5: 0.302s (orig 0.285s) rc=1 demoted=0.0MiB read=0.0MiB
  [regular] call 6 step 6: 0.178s (orig 0.183s) rc=0 demoted=0.0MiB read=0.1MiB
  [regular] call 7 step 7: 0.184s (orig 0.180s) rc=1 demoted=0.0MiB read=0.0MiB
  [regular] call 8 step 8: 0.184s (orig 0.178s) rc=0 demoted=0.0MiB read=0.1MiB
  [regular] call 9 step 9: 0.185s (orig 0.177s) rc=0 demoted=0.0MiB read=0.0MiB
  [regular] call 10 step 10: 0.183s (orig 0.186s) rc=0 demoted=0.0MiB read=0.2MiB
  [regular] call 11 step 11: 0.186s (orig 0.175s) rc=0 demoted=0.0MiB read=0.0MiB
  [regular] call 12 step 12: 0.181s (orig 0.179s) rc=0 demoted=0.0MiB read=0.0MiB
  [regular] call 13 step 13: 0.250s (orig 0.216s) rc=1 demoted=0.0MiB read=21.4MiB
  [regular] call 14 step 14: 0.219s (orig 0.217s) rc=0 demoted=0.0MiB read=0.0MiB
  [regular] call 15 step 15: 0.712s (orig 0.619s) rc=1 demoted=0.0MiB read=30.5MiB
  [regular] call 16 step 16: 0.186s (orig 0.179s) rc=0 demoted=0.0MiB read=0.0MiB
  [regular] call 17 step 17: 0.423s (orig 0.416s) rc=1 demoted=0.0MiB read=0.6MiB
  [regular] call 18 step 18: 0.449s (orig 0.430s) rc=1 demoted=0.0MiB read=1.6MiB
  [regular] call 19 step 19: 0.182s (orig 0.174s) rc=0 demoted=0.0MiB read=0.0MiB
  [regular] call 20 step 20: 0.442s (orig 0.425s) rc=1 demoted=0.0MiB read=0.0MiB
  [regular] call 21 step 21: 0.184s (orig 0.178s) rc=0 demoted=0.0MiB read=0.0MiB
  [regular] call 22 step 22: 0.188s (orig 0.182s) rc=0 demoted=0.0MiB read=0.4MiB
  [regular] call 23 step 23: 0.486s (orig 0.468s) rc=0 demoted=0.0MiB read=4.6MiB
  [regular] call 24 step 24: 0.392s (orig 0.379s) rc=1 demoted=0.0MiB read=0.0MiB
  [regular] call 25 step 25: 0.474s (orig 0.458s) rc=1 demoted=0.0MiB read=0.0MiB
  [regular] call 26 step 26: 0.184s (orig 0.178s) rc=0 demoted=0.0MiB read=0.3MiB
  [regular] call 27 step 27: 0.467s (orig 0.452s) rc=1 demoted=0.0MiB read=0.0MiB
  [regular] call 28 step 28: 0.751s (orig 0.712s) rc=1 demoted=0.0MiB read=0.0MiB
  [regular] call 29 step 29: 0.199s (orig 0.197s) rc=0 demoted=0.0MiB read=0.0MiB
  [regular] call 30 step 30: 0.757s (orig 0.719s) rc=1 demoted=0.0MiB read=0.0MiB
  [regular] call 31 step 31: 0.181s (orig 0.182s) rc=0 demoted=0.0MiB read=0.0MiB
  [regular] call 32 step 32: 0.459s (orig 0.453s) rc=1 demoted=0.0MiB read=0.0MiB
  [regular] call 33 step 33: 0.197s (orig 0.193s) rc=1 demoted=0.0MiB read=0.0MiB
  [regular] call 34 step 34: 0.198s (orig 0.191s) rc=1 demoted=0.0MiB read=0.0MiB
  [regular] call 35 step 35: 0.234s (orig 0.232s) rc=0 demoted=0.0MiB read=0.0MiB
  [regular] call 36 step 36: 0.510s (orig 0.493s) rc=0 demoted=0.0MiB read=0.0MiB
  [regular] call 37 step 37: 0.231s (orig 0.232s) rc=0 demoted=0.0MiB read=0.0MiB
  [regular] call 38 step 38: 0.729s (orig 0.738s) rc=1 demoted=0.0MiB read=0.0MiB
  [regular] call 39 step 39: 0.187s (orig 0.179s) rc=0 demoted=0.0MiB read=0.0MiB
  [regular] call 40 step 40: 0.455s (orig 0.444s) rc=0 demoted=0.0MiB read=0.0MiB
  [regular] call 41 step 41: 0.453s (orig 0.449s) rc=1 demoted=0.0MiB read=0.0MiB
  [regular] call 42 step 42: 0.460s (orig 0.452s) rc=0 demoted=0.0MiB read=0.0MiB
  [regular] call 43 step 43: 0.482s (orig 0.484s) rc=0 demoted=0.0MiB read=0.0MiB
  [regular] call 44 step 44: 0.183s (orig 0.183s) rc=0 demoted=0.0MiB read=0.0MiB
  [regular] call 45 step 45: 0.487s (orig 0.474s) rc=0 demoted=0.0MiB read=0.0MiB
  [regular] call 46 step 46: 0.186s (orig 0.188s) rc=0 demoted=0.0MiB read=0.0MiB
  [regular] call 47 step 47: 0.189s (orig 0.180s) rc=0 demoted=0.0MiB read=0.0MiB
  [regular] call 48 step 48: 0.483s (orig 0.476s) rc=0 demoted=0.0MiB read=0.0MiB
  [regular] call 49 step 49: 0.182s (orig 0.179s) rc=1 demoted=0.0MiB read=0.0MiB
  [regular] call 50 step 50: 0.331s (orig 0.310s) rc=0 demoted=0.0MiB read=2.5MiB
  [regular] call 51 step 51: 0.311s (orig 0.310s) rc=0 demoted=0.0MiB read=0.0MiB
  [regular] call 52 step 52: 0.191s (orig 0.187s) rc=0 demoted=0.0MiB read=0.0MiB
  [regular] call 53 step 53: 0.183s (orig 0.182s) rc=0 demoted=0.0MiB read=0.0MiB
  [regular] call 54 step 54: 0.187s (orig 0.175s) rc=1 demoted=0.0MiB read=0.0MiB
  [regular] call 55 step 55: 0.190s (orig 0.186s) rc=0 demoted=0.0MiB read=0.0MiB
  [regular] call 56 step 56: 0.184s (orig 0.181s) rc=1 demoted=0.0MiB read=0.0MiB
  [regular] call 57 step 57: 0.185s (orig 0.185s) rc=1 demoted=0.0MiB read=0.0MiB
  [regular] call 58 step 58: 0.185s (orig 0.180s) rc=0 demoted=0.0MiB read=0.0MiB
  [regular] call 59 step 59: 0.185s (orig 0.184s) rc=0 demoted=0.0MiB read=0.0MiB
  [regular] call 60 step 60: 0.181s (orig 0.180s) rc=0 demoted=0.0MiB read=0.0MiB
  [regular] call 61 step 61: 0.185s (orig 0.182s) rc=1 demoted=0.0MiB read=0.0MiB
  [regular] call 62 step 62: 0.182s (orig 0.178s) rc=0 demoted=0.0MiB read=0.0MiB
  [regular] call 63 step 63: 0.183s (orig 0.184s) rc=0 demoted=0.0MiB read=0.0MiB
  [regular] call 64 step 64: 0.183s (orig 0.180s) rc=0 demoted=0.0MiB read=0.0MiB
  [regular] call 65 step 65: 0.184s (orig 0.182s) rc=0 demoted=0.0MiB read=0.0MiB
  [regular] call 66 step 66: 0.183s (orig 0.182s) rc=0 demoted=0.0MiB read=0.0MiB
  [regular] call 67 step 67: 0.184s (orig 0.178s) rc=0 demoted=0.0MiB read=0.0MiB
  [regular] call 68 step 68: 0.182s (orig 0.181s) rc=0 demoted=0.0MiB read=0.0MiB
  [regular] call 69 step 69: 0.182s (orig 0.182s) rc=0 demoted=0.0MiB read=0.0MiB
  [regular] call 70 step 70: 0.181s (orig 0.182s) rc=0 demoted=0.0MiB read=0.0MiB
  [regular] call 71 step 71: 0.191s (orig 0.175s) rc=0 demoted=0.0MiB read=0.0MiB
  [regular] call 72 step 72: 0.186s (orig 0.182s) rc=0 demoted=0.0MiB read=0.0MiB
  [regular] call 73 step 73: 0.187s (orig 0.178s) rc=0 demoted=0.0MiB read=0.0MiB
  [regular] call 74 step 74: 0.183s (orig 0.185s) rc=0 demoted=0.0MiB read=0.0MiB
  [regular] call 75 step 75: 0.184s (orig 0.178s) rc=0 demoted=0.0MiB read=0.0MiB
  [regular] call 76 step 76: 0.185s (orig 0.183s) rc=0 demoted=0.0MiB read=0.0MiB
  [regular] call 77 step 77: 0.183s (orig 0.185s) rc=0 demoted=0.0MiB read=0.0MiB
  [regular] call 78 step 78: 0.184s (orig 0.185s) rc=0 demoted=0.0MiB read=0.0MiB
  [regular] call 79 step 79: 0.184s (orig 0.184s) rc=0 demoted=0.0MiB read=0.0MiB
  [regular] call 80 step 80: 0.188s (orig 0.183s) rc=0 demoted=0.0MiB read=0.0MiB
  [regular] call 81 step 81: 0.185s (orig 0.181s) rc=0 demoted=0.0MiB read=0.0MiB
  [regular] call 82 step 82: 0.180s (orig 0.181s) rc=0 demoted=0.0MiB read=0.0MiB
  [regular] call 83 step 83: 0.183s (orig 0.187s) rc=0 demoted=0.0MiB read=0.0MiB
  [regular] call 84 step 84: 0.186s (orig 0.182s) rc=0 demoted=0.0MiB read=0.0MiB
  [regular] call 85 step 85: 0.186s (orig 0.181s) rc=0 demoted=0.0MiB read=0.0MiB
  [regular] call 86 step 86: 0.184s (orig 0.186s) rc=0 demoted=0.0MiB read=0.0MiB
  [regular] call 87 step 87: 0.186s (orig 0.176s) rc=0 demoted=0.0MiB read=0.0MiB
  [regular] call 88 step 88: 0.186s (orig 0.177s) rc=0 demoted=0.0MiB read=0.0MiB
  [regular] call 89 step 89: 0.183s (orig 0.182s) rc=1 demoted=0.0MiB read=0.0MiB
  [regular] call 90 step 90: 0.183s (orig 0.186s) rc=0 demoted=0.0MiB read=0.0MiB
  [regular] call 91 step 91: 0.183s (orig 0.184s) rc=0 demoted=0.0MiB read=0.0MiB
  [regular] call 92 step 92: 0.185s (orig 0.184s) rc=0 demoted=0.0MiB read=0.0MiB
  [regular] call 93 step 93: 0.186s (orig 0.182s) rc=0 demoted=0.0MiB read=0.0MiB
  [regular] call 94 step 94: 0.185s (orig 0.182s) rc=0 demoted=0.0MiB read=0.0MiB
  [regular] call 95 step 95: 0.182s (orig 0.179s) rc=0 demoted=0.0MiB read=0.0MiB
  [regular] call 96 step 96: 0.184s (orig 0.178s) rc=0 demoted=0.0MiB read=0.0MiB
  [regular] call 97 step 97: 0.183s (orig 0.180s) rc=1 demoted=0.0MiB read=0.0MiB
  [regular] call 98 step 98: 0.181s (orig 0.184s) rc=0 demoted=0.0MiB read=0.0MiB
  [regular] call 99 step 99: 0.186s (orig 0.178s) rc=0 demoted=0.0MiB read=0.0MiB
  [regular] call 100 step 100: 0.184s (orig 0.182s) rc=0 demoted=0.0MiB read=0.0MiB
  [regular] call 101 step 101: 0.188s (orig 0.180s) rc=0 demoted=0.0MiB read=0.0MiB
  [regular] call 102 step 102: 0.184s (orig 0.182s) rc=0 demoted=0.0MiB read=0.0MiB
  [regular] call 103 step 103: 0.184s (orig 0.182s) rc=0 demoted=0.0MiB read=0.0MiB
  [regular] call 104 step 104: 0.179s (orig 0.180s) rc=1 demoted=0.0MiB read=0.0MiB
  [regular] call 105 step 105: 0.185s (orig 0.181s) rc=1 demoted=0.0MiB read=0.0MiB
  [regular] call 106 step 106: 0.187s (orig 0.177s) rc=0 demoted=0.0MiB read=0.0MiB
  [regular] call 107 step 107: 0.185s (orig 0.183s) rc=0 demoted=0.0MiB read=0.0MiB
  [regular] call 108 step 108: 0.188s (orig 0.180s) rc=0 demoted=0.0MiB read=0.0MiB
  [regular] call 109 step 109: 0.182s (orig 0.183s) rc=1 demoted=0.0MiB read=0.0MiB
  [regular] call 110 step 110: 0.186s (orig 0.183s) rc=1 demoted=0.0MiB read=0.0MiB
  [regular] call 111 step 111: 0.180s (orig 0.184s) rc=0 demoted=0.0MiB read=0.0MiB
  [regular] call 112 step 112: 0.188s (orig 0.180s) rc=0 demoted=0.0MiB read=0.0MiB
  [regular] call 113 step 114: 0.184s (orig 0.182s) rc=0 demoted=0.0MiB read=0.0MiB
  [regular] call 114 step 115: 0.194s (orig 0.192s) rc=0 demoted=0.0MiB read=24.0MiB
  [regular] call 115 step 116: 1.434s (orig 1.406s) rc=0 demoted=0.0MiB read=66.1MiB
  [regular] call 116 step 117: 0.347s (orig 0.610s) rc=0 demoted=0.0MiB read=0.0MiB
  [regular] call 117 step 118: 0.350s (orig 0.295s) rc=1 demoted=0.0MiB read=0.0MiB
  [regular] call 118 step 119: 0.336s (orig 0.254s) rc=0 demoted=0.0MiB read=0.0MiB
  [regular] call 119 step 120: 0.266s (orig 0.258s) rc=1 demoted=0.0MiB read=0.0MiB
  [regular] call 120 step 121: 0.261s (orig 0.252s) rc=0 demoted=0.0MiB read=0.0MiB
  [regular] call 121 step 122: 0.259s (orig 0.246s) rc=0 demoted=0.0MiB read=0.0MiB
  [regular] call 122 step 123: 0.258s (orig 0.251s) rc=0 demoted=0.0MiB read=0.0MiB
  [regular] call 123 step 124: 0.264s (orig 0.251s) rc=0 demoted=0.0MiB read=0.0MiB
  [regular] call 124 step 125: 0.263s (orig 0.250s) rc=0 demoted=0.0MiB read=0.0MiB
  [regular] call 125 step 126: 0.262s (orig 0.250s) rc=0 demoted=0.0MiB read=0.0MiB
  [regular] call 126 step 127: 0.258s (orig 0.259s) rc=0 demoted=0.0MiB read=0.0MiB
  [regular] call 127 step 128: 0.263s (orig 0.250s) rc=0 demoted=0.0MiB read=0.0MiB
  [regular] call 128 step 129: 0.260s (orig 0.250s) rc=0 demoted=0.0MiB read=0.0MiB
  [regular] call 129 step 130: 0.258s (orig 0.254s) rc=0 demoted=0.0MiB read=0.0MiB
  [regular] call 130 step 131: 0.261s (orig 0.255s) rc=0 demoted=0.0MiB read=0.0MiB
  [regular] call 131 step 132: 0.263s (orig 0.252s) rc=0 demoted=0.0MiB read=0.0MiB
  [regular] call 132 step 133: 0.263s (orig 0.255s) rc=0 demoted=0.0MiB read=0.0MiB
  [regular] call 133 step 134: 0.265s (orig 0.255s) rc=0 demoted=0.0MiB read=0.0MiB
  [regular] call 134 step 135: 0.257s (orig 0.256s) rc=0 demoted=0.0MiB read=0.0MiB
  [regular] call 135 step 136: 0.264s (orig 0.251s) rc=0 demoted=0.0MiB read=0.0MiB
  [regular] call 136 step 137: 0.257s (orig 0.251s) rc=0 demoted=0.0MiB read=0.0MiB
  [regular] call 137 step 138: 0.260s (orig 0.248s) rc=0 demoted=0.0MiB read=0.0MiB
  [regular] call 138 step 139: 0.257s (orig 0.243s) rc=0 demoted=0.0MiB read=0.0MiB
  [regular] call 139 step 140: 0.259s (orig 0.250s) rc=0 demoted=0.0MiB read=0.0MiB
  [regular] call 140 step 141: 0.260s (orig 0.253s) rc=0 demoted=0.0MiB read=0.0MiB
  [regular] call 141 step 142: 0.256s (orig 0.247s) rc=0 demoted=0.0MiB read=0.0MiB
  [regular] call 142 step 143: 0.259s (orig 0.247s) rc=0 demoted=0.0MiB read=0.0MiB
  [regular] call 143 step 144: 0.263s (orig 0.249s) rc=0 demoted=0.0MiB read=0.0MiB
  [regular] call 144 step 145: 0.261s (orig 0.246s) rc=0 demoted=0.0MiB read=0.0MiB
  [regular] call 145 step 146: 0.258s (orig 0.254s) rc=0 demoted=0.0MiB read=0.0MiB
  [regular] call 146 step 147: 0.260s (orig 0.250s) rc=0 demoted=0.0MiB read=0.0MiB
  [regular] call 147 step 148: 0.262s (orig 0.252s) rc=0 demoted=0.0MiB read=0.0MiB
  [regular] call 148 step 149: 0.257s (orig 0.253s) rc=0 demoted=0.0MiB read=0.0MiB
  [regular] call 149 step 150: 0.188s (orig 0.187s) rc=0 demoted=0.0MiB read=0.0MiB
  [regular] call 150 step 151: 0.261s (orig 0.248s) rc=0 demoted=0.0MiB read=0.0MiB
  [regular] call 151 step 152: 0.257s (orig 0.249s) rc=0 demoted=0.0MiB read=0.0MiB
  [regular] call 152 step 153: 0.256s (orig 0.252s) rc=0 demoted=0.0MiB read=0.0MiB
  [regular] call 153 step 154: 0.260s (orig 0.252s) rc=0 demoted=0.0MiB read=0.0MiB
  [regular] call 154 step 155: 0.258s (orig 0.249s) rc=0 demoted=0.0MiB read=0.0MiB
  [regular] call 155 step 156: 0.255s (orig 0.249s) rc=0 demoted=0.0MiB read=0.0MiB
  [regular] call 156 step 157: 0.258s (orig 0.250s) rc=0 demoted=0.0MiB read=0.0MiB
  [regular] call 157 step 158: 0.255s (orig 0.252s) rc=0 demoted=0.0MiB read=0.0MiB
  [regular] call 158 step 159: 0.258s (orig 0.252s) rc=0 demoted=0.0MiB read=0.0MiB
  [regular] call 159 step 160: 0.255s (orig 0.250s) rc=0 demoted=0.0MiB read=0.0MiB
  [regular] call 160 step 161: 0.260s (orig 0.249s) rc=0 demoted=0.0MiB read=0.0MiB
  [regular] call 161 step 162: 0.257s (orig 0.252s) rc=0 demoted=0.0MiB read=0.0MiB
  [regular] call 162 step 163: 0.258s (orig 0.251s) rc=0 demoted=0.0MiB read=0.0MiB
  [regular] call 163 step 164: 0.255s (orig 0.249s) rc=0 demoted=0.0MiB read=0.0MiB
  [regular] call 164 step 165: 0.258s (orig 0.251s) rc=0 demoted=0.0MiB read=0.0MiB
  [regular] call 165 step 166: 0.191s (orig 0.187s) rc=0 demoted=0.0MiB read=0.0MiB
  [regular] call 166 step 167: 0.262s (orig 0.255s) rc=0 demoted=0.0MiB read=0.0MiB
  [regular] call 167 step 168: 0.263s (orig 0.258s) rc=1 demoted=0.0MiB read=0.0MiB
  [regular] call 168 step 169: 0.261s (orig 0.261s) rc=1 demoted=0.0MiB read=0.0MiB
  [regular] call 169 step 170: 0.263s (orig 0.258s) rc=1 demoted=0.0MiB read=0.0MiB
  [regular] call 170 step 171: 0.260s (orig 0.263s) rc=1 demoted=0.0MiB read=0.0MiB
  [regular] call 171 step 172: 0.265s (orig 0.259s) rc=1 demoted=0.0MiB read=0.0MiB
  [regular] call 172 step 173: 0.264s (orig 0.256s) rc=1 demoted=0.0MiB read=0.0MiB
  [regular] call 173 step 174: 0.264s (orig 0.259s) rc=1 demoted=0.0MiB read=0.0MiB
  [regular] call 174 step 175: 0.267s (orig 0.259s) rc=1 demoted=0.0MiB read=0.0MiB
  [regular] call 175 step 176: 0.267s (orig 0.260s) rc=1 demoted=0.0MiB read=0.0MiB
  [regular] call 176 step 177: 0.261s (orig 0.259s) rc=1 demoted=0.0MiB read=0.0MiB
  [regular] call 177 step 178: 0.268s (orig 0.254s) rc=1 demoted=0.0MiB read=0.0MiB
  [regular] call 178 step 179: 0.261s (orig 0.255s) rc=1 demoted=0.0MiB read=0.0MiB
  [regular] call 179 step 180: 0.268s (orig 0.259s) rc=1 demoted=0.0MiB read=0.0MiB
  [regular] call 180 step 181: 0.266s (orig 0.256s) rc=1 demoted=0.0MiB read=0.0MiB
  [regular] call 181 step 182: 0.264s (orig 0.254s) rc=1 demoted=0.0MiB read=0.0MiB
  [regular] call 182 step 183: 0.262s (orig 0.259s) rc=1 demoted=0.0MiB read=0.0MiB
  [regular] call 183 step 184: 0.262s (orig 0.257s) rc=1 demoted=0.0MiB read=0.0MiB
  [regular] call 184 step 185: 0.268s (orig 0.267s) rc=1 demoted=0.0MiB read=0.0MiB
  [regular] call 185 step 186: 0.266s (orig 0.261s) rc=1 demoted=0.0MiB read=0.0MiB
  [regular] call 186 step 187: 0.263s (orig 0.253s) rc=1 demoted=0.0MiB read=0.0MiB
  [regular] call 187 step 188: 0.264s (orig 0.254s) rc=1 demoted=0.0MiB read=0.0MiB
  [regular] call 188 step 189: 0.264s (orig 0.260s) rc=1 demoted=0.0MiB read=0.0MiB
  [regular] call 189 step 190: 0.263s (orig 0.258s) rc=1 demoted=0.0MiB read=0.0MiB
  [regular] call 190 step 191: 0.259s (orig 0.257s) rc=1 demoted=0.0MiB read=0.0MiB
  [regular] call 191 step 192: 0.261s (orig 0.260s) rc=1 demoted=0.0MiB read=0.0MiB
  [regular] call 192 step 193: 0.263s (orig 0.253s) rc=1 demoted=0.0MiB read=0.0MiB
  [regular] call 193 step 194: 0.266s (orig 0.268s) rc=1 demoted=0.0MiB read=0.0MiB
  [regular] call 194 step 195: 0.262s (orig 0.259s) rc=1 demoted=0.0MiB read=0.0MiB
  [regular] call 195 step 196: 0.263s (orig 0.259s) rc=1 demoted=0.0MiB read=0.0MiB
  [regular] call 196 step 197: 0.267s (orig 0.255s) rc=1 demoted=0.0MiB read=0.0MiB
  [regular] call 197 step 198: 0.264s (orig 0.263s) rc=1 demoted=0.0MiB read=0.0MiB
  [regular] call 198 step 199: 0.262s (orig 0.262s) rc=1 demoted=0.0MiB read=0.0MiB
  [regular] call 199 step 200: 0.265s (orig 0.255s) rc=1 demoted=0.0MiB read=0.0MiB
  [regular] call 200 step 201: 0.260s (orig 0.256s) rc=1 demoted=0.0MiB read=0.0MiB
  [regular] call 201 step 202: 0.261s (orig 0.250s) rc=1 demoted=0.0MiB read=0.0MiB
  [regular] call 202 step 203: 0.264s (orig 0.254s) rc=1 demoted=0.0MiB read=0.0MiB
  [regular] call 203 step 204: 0.265s (orig 0.251s) rc=1 demoted=0.0MiB read=0.0MiB
  [regular] call 204 step 205: 0.263s (orig 0.254s) rc=1 demoted=0.0MiB read=0.0MiB
  [regular] call 205 step 206: 0.259s (orig 0.257s) rc=1 demoted=0.0MiB read=0.0MiB
  [regular] call 206 step 207: 0.265s (orig 0.255s) rc=1 demoted=0.0MiB read=0.0MiB
  [regular] call 207 step 208: 0.260s (orig 0.261s) rc=1 demoted=0.0MiB read=0.0MiB
  [regular] call 208 step 209: 0.266s (orig 0.265s) rc=1 demoted=0.0MiB read=0.0MiB
  [regular] call 209 step 210: 0.262s (orig 0.260s) rc=1 demoted=0.0MiB read=0.0MiB
  [regular] call 210 step 211: 0.262s (orig 0.257s) rc=1 demoted=0.0MiB read=0.0MiB
  [regular] call 211 step 212: 0.262s (orig 0.259s) rc=1 demoted=0.0MiB read=0.0MiB
  [regular] call 212 step 213: 0.263s (orig 0.255s) rc=1 demoted=0.0MiB read=0.0MiB
  [regular] call 213 step 214: 0.262s (orig 0.259s) rc=1 demoted=0.0MiB read=0.0MiB
  [regular] call 214 step 215: 0.259s (orig 0.261s) rc=1 demoted=0.0MiB read=0.0MiB
  [regular] call 215 step 216: 0.264s (orig 0.258s) rc=1 demoted=0.0MiB read=0.0MiB
  [regular] call 216 step 217: 0.263s (orig 0.259s) rc=1 demoted=0.0MiB read=0.0MiB
  [regular] call 217 step 218: 0.266s (orig 0.256s) rc=1 demoted=0.0MiB read=0.0MiB
  [regular] call 218 step 219: 0.260s (orig 0.260s) rc=1 demoted=0.0MiB read=0.0MiB
  [regular] call 219 step 220: 0.260s (orig 0.260s) rc=1 demoted=0.0MiB read=0.0MiB
  [regular] call 220 step 221: 0.266s (orig 0.256s) rc=1 demoted=0.0MiB read=0.0MiB
  [regular] call 221 step 222: 0.264s (orig 0.257s) rc=1 demoted=0.0MiB read=0.0MiB
  [regular] call 222 step 223: 0.264s (orig 0.253s) rc=1 demoted=0.0MiB read=0.0MiB
  [regular] call 223 step 224: 0.265s (orig 0.254s) rc=1 demoted=0.0MiB read=0.0MiB
  [regular] call 224 step 225: 0.262s (orig 0.257s) rc=1 demoted=0.0MiB read=0.0MiB
  [regular] call 225 step 226: 0.264s (orig 0.261s) rc=1 demoted=0.0MiB read=0.0MiB
  [regular] call 226 step 227: 0.268s (orig 0.250s) rc=1 demoted=0.0MiB read=0.0MiB
  [regular] call 227 step 228: 0.263s (orig 0.253s) rc=1 demoted=0.0MiB read=0.0MiB
  [regular] call 228 step 229: 0.265s (orig 0.256s) rc=1 demoted=0.0MiB read=0.0MiB
  [regular] call 229 step 230: 0.261s (orig 0.257s) rc=1 demoted=0.0MiB read=0.0MiB
  [regular] call 230 step 231: 0.265s (orig 0.252s) rc=1 demoted=0.0MiB read=0.0MiB
  [regular] call 231 step 232: 0.265s (orig 0.254s) rc=1 demoted=0.0MiB read=0.0MiB
  [regular] call 232 step 233: 0.263s (orig 0.265s) rc=1 demoted=0.0MiB read=0.0MiB
  [regular] call 233 step 234: 0.265s (orig 0.256s) rc=1 demoted=0.0MiB read=0.0MiB
  [regular] call 234 step 235: 0.267s (orig 0.256s) rc=1 demoted=0.0MiB read=0.0MiB
  [regular] call 235 step 236: 0.265s (orig 0.256s) rc=1 demoted=0.0MiB read=0.0MiB
  [regular] call 236 step 237: 0.263s (orig 0.262s) rc=1 demoted=0.0MiB read=0.0MiB
  [regular] call 237 step 238: 0.263s (orig 0.253s) rc=1 demoted=0.0MiB read=0.0MiB
  [regular] call 238 step 239: 0.262s (orig 0.257s) rc=1 demoted=0.0MiB read=0.0MiB
  [regular] call 239 step 240: 0.265s (orig 0.250s) rc=1 demoted=0.0MiB read=0.0MiB
  [regular] call 240 step 241: 0.265s (orig 0.253s) rc=1 demoted=0.0MiB read=0.0MiB
  [regular] call 241 step 242: 0.268s (orig 0.252s) rc=1 demoted=0.0MiB read=0.0MiB
  [regular] call 242 step 243: 0.267s (orig 0.254s) rc=1 demoted=0.0MiB read=0.0MiB
  [regular] call 243 step 244: 0.262s (orig 0.254s) rc=1 demoted=0.0MiB read=0.0MiB
  [regular] call 244 step 245: 0.266s (orig 0.260s) rc=1 demoted=0.0MiB read=0.0MiB
  [regular] call 245 step 246: 0.262s (orig 0.252s) rc=1 demoted=0.0MiB read=0.0MiB
  [regular] call 246 step 247: 0.261s (orig 0.254s) rc=1 demoted=0.0MiB read=0.0MiB
  [regular] call 247 step 248: 0.266s (orig 0.257s) rc=1 demoted=0.0MiB read=0.0MiB
  [regular] call 248 step 249: 0.269s (orig 0.257s) rc=1 demoted=0.0MiB read=0.0MiB
  [regular] call 249 step 250: 0.263s (orig 0.257s) rc=1 demoted=0.0MiB read=0.0MiB
[17/58] django__django-11740 regular: total=65.342032021 orig=63.406364323 mismatches=1 err=None
[17/58] django__django-11740 lazy
minisweagent.environment: DEBUG: Starting container with command: docker run -d --name   
minisweagent-d3ed34ec -w /testbed --rm                                                   
docker.io/swebench/sweb.eval.x86_64.django_1776_django-11740:latest sleep 2h             
minisweagent.environment: INFO: Started container minisweagent-d3ed34ec with ID          
ba4af65895bd59b604c31c8d6bdf3457bd0448ec8b206ea2f18c5a1e38fa2797                         
  [lazy] call 1 step 1: 0.272s (orig 0.183s) rc=0 demoted=3.2MiB read=47.5MiB
  [lazy] call 2 step 2: 0.738s (orig 0.308s) rc=0 demoted=24.2MiB read=75.8MiB
  [lazy] call 3 step 3: 0.268s (orig 0.184s) rc=0 demoted=40.7MiB read=47.6MiB
  [lazy] call 4 step 4: 0.722s (orig 0.289s) rc=0 demoted=24.9MiB read=74.8MiB
  [lazy] call 5 step 5: 0.729s (orig 0.285s) rc=1 demoted=38.5MiB read=75.7MiB
  [lazy] call 6 step 6: 0.262s (orig 0.183s) rc=0 demoted=39.3MiB read=46.8MiB
  [lazy] call 7 step 7: 0.256s (orig 0.180s) rc=1 demoted=24.0MiB read=45.2MiB
  [lazy] call 8 step 8: 0.260s (orig 0.178s) rc=0 demoted=23.1MiB read=45.3MiB
  [lazy] call 9 step 9: 0.259s (orig 0.177s) rc=0 demoted=23.1MiB read=46.9MiB
  [lazy] call 10 step 10: 0.260s (orig 0.186s) rc=0 demoted=24.1MiB read=45.4MiB
  [lazy] call 11 step 11: 0.260s (orig 0.175s) rc=0 demoted=23.3MiB read=45.2MiB
  [lazy] call 12 step 12: 0.257s (orig 0.179s) rc=0 demoted=23.2MiB read=45.2MiB
  [lazy] call 13 step 13: 0.324s (orig 0.216s) rc=1 demoted=23.0MiB read=68.1MiB
  [lazy] call 14 step 14: 0.314s (orig 0.217s) rc=0 demoted=34.8MiB read=67.7MiB
  [lazy] call 15 step 15: 0.800s (orig 0.619s) rc=1 demoted=34.6MiB read=98.8MiB
  [lazy] call 16 step 16: 0.258s (orig 0.179s) rc=0 demoted=52.1MiB read=45.0MiB
  [lazy] call 17 step 17: 0.573s (orig 0.416s) rc=1 demoted=23.0MiB read=94.7MiB
  [lazy] call 18 step 18: 0.616s (orig 0.430s) rc=1 demoted=48.5MiB read=99.8MiB
  [lazy] call 19 step 19: 0.259s (orig 0.174s) rc=0 demoted=50.4MiB read=45.2MiB
  [lazy] call 20 step 20: 0.618s (orig 0.425s) rc=1 demoted=23.1MiB read=99.6MiB
  [lazy] call 21 step 21: 0.261s (orig 0.178s) rc=0 demoted=50.6MiB read=46.7MiB
  [lazy] call 22 step 22: 0.272s (orig 0.182s) rc=0 demoted=24.2MiB read=47.8MiB
  [lazy] call 23 step 23: 0.668s (orig 0.468s) rc=0 demoted=24.9MiB read=105.0MiB
  [lazy] call 24 step 24: 0.548s (orig 0.379s) rc=1 demoted=53.4MiB read=94.6MiB
  [lazy] call 25 step 25: 0.670s (orig 0.458s) rc=1 demoted=47.9MiB read=104.7MiB
  [lazy] call 26 step 26: 0.261s (orig 0.178s) rc=0 demoted=53.2MiB read=46.3MiB
  [lazy] call 27 step 27: 0.668s (orig 0.452s) rc=1 demoted=23.9MiB read=104.6MiB
  [lazy] call 28 step 28: 0.938s (orig 0.712s) rc=1 demoted=53.0MiB read=104.6MiB
  [lazy] call 29 step 29: 0.283s (orig 0.197s) rc=0 demoted=55.5MiB read=54.7MiB
  [lazy] call 30 step 30: 0.934s (orig 0.719s) rc=1 demoted=27.9MiB read=103.2MiB
  [lazy] call 31 step 31: 0.259s (orig 0.182s) rc=0 demoted=55.2MiB read=46.2MiB
  [lazy] call 32 step 32: 0.633s (orig 0.453s) rc=1 demoted=24.6MiB read=99.4MiB
  [lazy] call 33 step 33: 0.275s (orig 0.193s) rc=1 demoted=52.5MiB read=52.9MiB
  [lazy] call 34 step 34: 0.276s (orig 0.191s) rc=1 demoted=27.0MiB read=56.0MiB
  [lazy] call 35 step 35: 0.333s (orig 0.232s) rc=0 demoted=28.6MiB read=68.6MiB
  [lazy] call 36 step 36: 0.698s (orig 0.493s) rc=0 demoted=34.9MiB read=103.9MiB
  [lazy] call 37 step 37: 0.333s (orig 0.232s) rc=0 demoted=55.6MiB read=67.6MiB
  [lazy] call 38 step 38: 0.916s (orig 0.738s) rc=1 demoted=34.5MiB read=103.7MiB
  [lazy] call 39 step 39: 0.263s (orig 0.179s) rc=0 demoted=55.9MiB read=45.9MiB
  [lazy] call 40 step 40: 0.643s (orig 0.444s) rc=0 demoted=23.5MiB read=104.8MiB
  [lazy] call 41 step 41: 0.643s (orig 0.449s) rc=1 demoted=53.2MiB read=104.0MiB
  [lazy] call 42 step 42: 0.643s (orig 0.452s) rc=0 demoted=52.8MiB read=104.0MiB
  [lazy] call 43 step 43: 0.670s (orig 0.484s) rc=0 demoted=53.1MiB read=104.5MiB
  [lazy] call 44 step 44: 0.259s (orig 0.183s) rc=0 demoted=53.0MiB read=45.0MiB
  [lazy] call 45 step 45: 0.665s (orig 0.474s) rc=0 demoted=23.1MiB read=104.6MiB
  [lazy] call 46 step 46: 0.260s (orig 0.188s) rc=0 demoted=53.2MiB read=45.0MiB
  [lazy] call 47 step 47: 0.261s (orig 0.180s) rc=0 demoted=23.1MiB read=46.8MiB
  [lazy] call 48 step 48: 0.675s (orig 0.476s) rc=0 demoted=24.3MiB read=104.6MiB
  [lazy] call 49 step 49: 0.263s (orig 0.179s) rc=1 demoted=53.5MiB read=45.1MiB
  [lazy] call 50 step 50: 0.745s (orig 0.310s) rc=0 demoted=23.1MiB read=79.1MiB
  [lazy] call 51 step 51: 0.740s (orig 0.310s) rc=0 demoted=44.7MiB read=79.1MiB
  [lazy] call 52 step 52: 0.263s (orig 0.187s) rc=0 demoted=45.9MiB read=49.2MiB
  [lazy] call 53 step 53: 0.258s (orig 0.182s) rc=0 demoted=25.8MiB read=45.3MiB
  [lazy] call 54 step 54: 0.257s (orig 0.175s) rc=1 demoted=23.3MiB read=46.6MiB
  [lazy] call 55 step 55: 0.258s (orig 0.186s) rc=0 demoted=24.1MiB read=46.6MiB
  [lazy] call 56 step 56: 0.257s (orig 0.181s) rc=1 demoted=24.3MiB read=46.7MiB
  [lazy] call 57 step 57: 0.262s (orig 0.185s) rc=1 demoted=24.1MiB read=46.8MiB
  [lazy] call 58 step 58: 0.263s (orig 0.180s) rc=0 demoted=24.5MiB read=47.2MiB
  [lazy] call 59 step 59: 0.259s (orig 0.184s) rc=0 demoted=24.0MiB read=46.5MiB
  [lazy] call 60 step 60: 0.260s (orig 0.180s) rc=0 demoted=24.0MiB read=46.6MiB
  [lazy] call 61 step 61: 0.260s (orig 0.182s) rc=1 demoted=24.3MiB read=46.5MiB
  [lazy] call 62 step 62: 0.261s (orig 0.178s) rc=0 demoted=24.0MiB read=46.5MiB
  [lazy] call 63 step 63: 0.262s (orig 0.184s) rc=0 demoted=24.3MiB read=46.6MiB
  [lazy] call 64 step 64: 0.261s (orig 0.180s) rc=0 demoted=24.0MiB read=46.8MiB
  [lazy] call 65 step 65: 0.265s (orig 0.182s) rc=0 demoted=24.1MiB read=46.8MiB
  [lazy] call 66 step 66: 0.266s (orig 0.182s) rc=0 demoted=24.2MiB read=46.8MiB
  [lazy] call 67 step 67: 0.268s (orig 0.178s) rc=0 demoted=24.1MiB read=49.5MiB
  [lazy] call 68 step 68: 0.264s (orig 0.181s) rc=0 demoted=25.8MiB read=47.7MiB
  [lazy] call 69 step 69: 0.258s (orig 0.182s) rc=0 demoted=24.6MiB read=46.8MiB
  [lazy] call 70 step 70: 0.263s (orig 0.182s) rc=0 demoted=24.1MiB read=46.8MiB
  [lazy] call 71 step 71: 0.260s (orig 0.175s) rc=0 demoted=24.0MiB read=46.8MiB
  [lazy] call 72 step 72: 0.261s (orig 0.182s) rc=0 demoted=24.1MiB read=46.8MiB
  [lazy] call 73 step 73: 0.256s (orig 0.178s) rc=0 demoted=24.0MiB read=47.0MiB
  [lazy] call 74 step 74: 0.260s (orig 0.185s) rc=0 demoted=24.0MiB read=46.8MiB
  [lazy] call 75 step 75: 0.258s (orig 0.178s) rc=0 demoted=24.1MiB read=46.7MiB
  [lazy] call 76 step 76: 0.258s (orig 0.183s) rc=0 demoted=24.1MiB read=46.8MiB
  [lazy] call 77 step 77: 0.266s (orig 0.185s) rc=0 demoted=24.0MiB read=47.7MiB
  [lazy] call 78 step 78: 0.271s (orig 0.185s) rc=0 demoted=24.3MiB read=49.5MiB
  [lazy] call 79 step 79: 0.261s (orig 0.184s) rc=0 demoted=25.7MiB read=46.8MiB
  [lazy] call 80 step 80: 0.261s (orig 0.183s) rc=0 demoted=24.4MiB read=46.8MiB
  [lazy] call 81 step 81: 0.257s (orig 0.181s) rc=0 demoted=24.5MiB read=46.7MiB
  [lazy] call 82 step 82: 0.257s (orig 0.181s) rc=0 demoted=24.0MiB read=46.7MiB
  [lazy] call 83 step 83: 0.263s (orig 0.187s) rc=0 demoted=23.9MiB read=46.8MiB
  [lazy] call 84 step 84: 0.259s (orig 0.182s) rc=0 demoted=23.9MiB read=46.5MiB
  [lazy] call 85 step 85: 0.255s (orig 0.181s) rc=0 demoted=23.7MiB read=45.0MiB
  [lazy] call 86 step 86: 0.255s (orig 0.186s) rc=0 demoted=23.1MiB read=45.3MiB
  [lazy] call 87 step 87: 0.259s (orig 0.176s) rc=0 demoted=23.0MiB read=45.3MiB
  [lazy] call 88 step 88: 0.259s (orig 0.177s) rc=0 demoted=23.3MiB read=45.8MiB
  [lazy] call 89 step 89: 0.261s (orig 0.182s) rc=1 demoted=23.6MiB read=46.7MiB
  [lazy] call 90 step 90: 0.261s (orig 0.186s) rc=0 demoted=24.1MiB read=46.8MiB
  [lazy] call 91 step 91: 0.264s (orig 0.184s) rc=0 demoted=24.1MiB read=47.5MiB
  [lazy] call 92 step 92: 0.252s (orig 0.184s) rc=0 demoted=24.9MiB read=43.7MiB
  [lazy] call 93 step 93: 0.252s (orig 0.182s) rc=0 demoted=22.4MiB read=43.5MiB
  [lazy] call 94 step 94: 0.259s (orig 0.182s) rc=0 demoted=22.4MiB read=46.6MiB
  [lazy] call 95 step 95: 0.257s (orig 0.179s) rc=0 demoted=24.1MiB read=46.1MiB
  [lazy] call 96 step 96: 0.255s (orig 0.178s) rc=0 demoted=23.6MiB read=46.4MiB
  [lazy] call 97 step 97: 0.259s (orig 0.180s) rc=1 demoted=23.9MiB read=46.7MiB
  [lazy] call 98 step 98: 0.260s (orig 0.184s) rc=0 demoted=23.8MiB read=46.6MiB
  [lazy] call 99 step 99: 0.258s (orig 0.178s) rc=0 demoted=24.3MiB read=46.8MiB
  [lazy] call 100 step 100: 0.262s (orig 0.182s) rc=0 demoted=24.0MiB read=46.8MiB
  [lazy] call 101 step 101: 0.256s (orig 0.180s) rc=0 demoted=24.3MiB read=46.6MiB
  [lazy] call 102 step 102: 0.260s (orig 0.182s) rc=0 demoted=24.5MiB read=46.4MiB
  [lazy] call 103 step 103: 0.256s (orig 0.182s) rc=0 demoted=23.9MiB read=46.4MiB
  [lazy] call 104 step 104: 0.256s (orig 0.180s) rc=1 demoted=23.9MiB read=46.7MiB
  [lazy] call 105 step 105: 0.258s (orig 0.181s) rc=1 demoted=24.3MiB read=46.7MiB
  [lazy] call 106 step 106: 0.258s (orig 0.177s) rc=0 demoted=24.2MiB read=46.7MiB
  [lazy] call 107 step 107: 0.260s (orig 0.183s) rc=0 demoted=24.1MiB read=46.8MiB
  [lazy] call 108 step 108: 0.260s (orig 0.180s) rc=0 demoted=24.0MiB read=47.3MiB
  [lazy] call 109 step 109: 0.261s (orig 0.183s) rc=1 demoted=24.3MiB read=46.8MiB
  [lazy] call 110 step 110: 0.258s (orig 0.183s) rc=1 demoted=24.3MiB read=46.7MiB
  [lazy] call 111 step 111: 0.260s (orig 0.184s) rc=0 demoted=24.2MiB read=46.7MiB
  [lazy] call 112 step 112: 0.260s (orig 0.180s) rc=0 demoted=23.8MiB read=47.1MiB
  [lazy] call 113 step 114: 0.259s (orig 0.182s) rc=0 demoted=24.1MiB read=47.1MiB
  [lazy] call 114 step 115: 0.275s (orig 0.192s) rc=0 demoted=24.3MiB read=78.2MiB
  [lazy] call 115 step 116: 1.698s (orig 1.406s) rc=0 demoted=39.8MiB read=164.3MiB
  [lazy] call 116 step 117: 0.742s (orig 0.610s) rc=0 demoted=166.6MiB read=128.1MiB
  [lazy] call 117 step 118: 0.593s (orig 0.295s) rc=1 demoted=89.9MiB read=116.8MiB
  [lazy] call 118 step 119: 0.710s (orig 0.254s) rc=0 demoted=85.9MiB read=139.9MiB
  [lazy] call 119 step 120: 0.706s (orig 0.258s) rc=1 demoted=90.8MiB read=139.9MiB
  [lazy] call 120 step 121: 0.711s (orig 0.252s) rc=0 demoted=87.7MiB read=139.9MiB
  [lazy] call 121 step 122: 0.700s (orig 0.246s) rc=0 demoted=91.4MiB read=140.0MiB
  [lazy] call 122 step 123: 0.703s (orig 0.251s) rc=0 demoted=91.7MiB read=139.5MiB
  [lazy] call 123 step 124: 0.716s (orig 0.251s) rc=0 demoted=88.1MiB read=139.5MiB
  [lazy] call 124 step 125: 0.696s (orig 0.250s) rc=0 demoted=83.7MiB read=139.9MiB
  [lazy] call 125 step 126: 0.709s (orig 0.250s) rc=0 demoted=93.1MiB read=139.7MiB
  [lazy] call 126 step 127: 0.724s (orig 0.259s) rc=0 demoted=87.4MiB read=140.5MiB
  [lazy] call 127 step 128: 0.719s (orig 0.250s) rc=0 demoted=91.3MiB read=140.3MiB
  [lazy] call 128 step 129: 0.716s (orig 0.250s) rc=0 demoted=92.2MiB read=139.8MiB
  [lazy] call 129 step 130: 0.711s (orig 0.254s) rc=0 demoted=88.8MiB read=139.8MiB
  [lazy] call 130 step 131: 0.729s (orig 0.255s) rc=0 demoted=89.8MiB read=139.8MiB
  [lazy] call 131 step 132: 0.705s (orig 0.252s) rc=0 demoted=86.9MiB read=139.8MiB
  [lazy] call 132 step 133: 0.697s (orig 0.255s) rc=0 demoted=91.4MiB read=139.7MiB
  [lazy] call 133 step 134: 0.700s (orig 0.255s) rc=0 demoted=93.6MiB read=139.5MiB
  [lazy] call 134 step 135: 0.716s (orig 0.256s) rc=0 demoted=91.6MiB read=139.4MiB
  [lazy] call 135 step 136: 0.699s (orig 0.251s) rc=0 demoted=86.6MiB read=139.3MiB
  [lazy] call 136 step 137: 0.701s (orig 0.251s) rc=0 demoted=95.1MiB read=139.9MiB
  [lazy] call 137 step 138: 0.727s (orig 0.248s) rc=0 demoted=89.4MiB read=140.2MiB
  [lazy] call 138 step 139: 0.703s (orig 0.243s) rc=0 demoted=92.4MiB read=139.7MiB
  [lazy] call 139 step 140: 0.710s (orig 0.250s) rc=0 demoted=92.2MiB read=139.6MiB
  [lazy] call 140 step 141: 0.712s (orig 0.253s) rc=0 demoted=96.6MiB read=139.0MiB
  [lazy] call 141 step 142: 0.691s (orig 0.247s) rc=0 demoted=88.0MiB read=134.8MiB
  [lazy] call 142 step 143: 0.712s (orig 0.247s) rc=0 demoted=85.2MiB read=139.7MiB
  [lazy] call 143 step 144: 0.703s (orig 0.249s) rc=0 demoted=87.1MiB read=139.7MiB
  [lazy] call 144 step 145: 0.711s (orig 0.246s) rc=0 demoted=94.1MiB read=139.8MiB
  [lazy] call 145 step 146: 0.722s (orig 0.254s) rc=0 demoted=87.3MiB read=140.4MiB
  [lazy] call 146 step 147: 0.717s (orig 0.250s) rc=0 demoted=84.1MiB read=140.2MiB
  [lazy] call 147 step 148: 0.731s (orig 0.252s) rc=0 demoted=90.9MiB read=139.9MiB
  [lazy] call 148 step 149: 0.710s (orig 0.253s) rc=0 demoted=87.6MiB read=139.9MiB
  [lazy] call 149 step 150: 0.276s (orig 0.187s) rc=0 demoted=89.9MiB read=78.3MiB
  [lazy] call 150 step 151: 0.569s (orig 0.248s) rc=0 demoted=40.0MiB read=117.1MiB
  [lazy] call 151 step 152: 0.568s (orig 0.249s) rc=0 demoted=67.9MiB read=117.0MiB
  [lazy] call 152 step 153: 0.560s (orig 0.252s) rc=0 demoted=67.7MiB read=117.1MiB
  [lazy] call 153 step 154: 0.557s (orig 0.252s) rc=0 demoted=68.8MiB read=117.2MiB
  [lazy] call 154 step 155: 0.561s (orig 0.249s) rc=0 demoted=65.5MiB read=117.0MiB
  [lazy] call 155 step 156: 0.554s (orig 0.249s) rc=0 demoted=70.3MiB read=117.0MiB
  [lazy] call 156 step 157: 0.560s (orig 0.250s) rc=0 demoted=71.9MiB read=117.7MiB
  [lazy] call 157 step 158: 0.566s (orig 0.252s) rc=0 demoted=68.4MiB read=117.1MiB
  [lazy] call 158 step 159: 0.557s (orig 0.252s) rc=0 demoted=64.9MiB read=117.1MiB
  [lazy] call 159 step 160: 0.555s (orig 0.250s) rc=0 demoted=69.4MiB read=117.1MiB
  [lazy] call 160 step 161: 0.549s (orig 0.249s) rc=0 demoted=63.3MiB read=116.9MiB
  [lazy] call 161 step 162: 0.562s (orig 0.252s) rc=0 demoted=70.4MiB read=116.9MiB
  [lazy] call 162 step 163: 0.555s (orig 0.251s) rc=0 demoted=63.8MiB read=117.2MiB
  [lazy] call 163 step 164: 0.562s (orig 0.249s) rc=0 demoted=67.2MiB read=117.2MiB
  [lazy] call 164 step 165: 0.568s (orig 0.251s) rc=0 demoted=71.3MiB read=117.2MiB
  [lazy] call 165 step 166: 0.277s (orig 0.187s) rc=0 demoted=66.9MiB read=78.3MiB
  [lazy] call 166 step 167: 0.562s (orig 0.255s) rc=0 demoted=40.0MiB read=115.7MiB
  [lazy] call 167 step 168: 0.565s (orig 0.258s) rc=1 demoted=68.7MiB read=116.9MiB
  [lazy] call 168 step 169: 0.563s (orig 0.261s) rc=1 demoted=65.1MiB read=116.8MiB
  [lazy] call 169 step 170: 0.557s (orig 0.258s) rc=1 demoted=68.0MiB read=117.4MiB
  [lazy] call 170 step 171: 0.564s (orig 0.263s) rc=1 demoted=67.4MiB read=116.8MiB
  [lazy] call 171 step 172: 0.542s (orig 0.259s) rc=1 demoted=70.1MiB read=112.0MiB
  [lazy] call 172 step 173: 0.553s (orig 0.256s) rc=1 demoted=67.3MiB read=111.0MiB
  [lazy] call 173 step 174: 0.541s (orig 0.259s) rc=1 demoted=67.1MiB read=112.2MiB
  [lazy] call 174 step 175: 0.559s (orig 0.259s) rc=1 demoted=66.3MiB read=116.7MiB
  [lazy] call 175 step 176: 0.554s (orig 0.260s) rc=1 demoted=63.7MiB read=116.9MiB
  [lazy] call 176 step 177: 0.557s (orig 0.259s) rc=1 demoted=65.7MiB read=116.9MiB
  [lazy] call 177 step 178: 0.558s (orig 0.254s) rc=1 demoted=66.6MiB read=116.9MiB
  [lazy] call 178 step 179: 0.556s (orig 0.255s) rc=1 demoted=71.8MiB read=116.9MiB
  [lazy] call 179 step 180: 0.565s (orig 0.259s) rc=1 demoted=66.3MiB read=116.9MiB
  [lazy] call 180 step 181: 0.569s (orig 0.256s) rc=1 demoted=65.5MiB read=117.7MiB
  [lazy] call 181 step 182: 0.559s (orig 0.254s) rc=1 demoted=66.0MiB read=117.1MiB
  [lazy] call 182 step 183: 0.568s (orig 0.259s) rc=1 demoted=66.4MiB read=117.2MiB
  [lazy] call 183 step 184: 0.563s (orig 0.257s) rc=1 demoted=65.6MiB read=117.2MiB
  [lazy] call 184 step 185: 0.563s (orig 0.267s) rc=1 demoted=65.2MiB read=117.1MiB
  [lazy] call 185 step 186: 0.569s (orig 0.261s) rc=1 demoted=65.9MiB read=117.1MiB
  [lazy] call 186 step 187: 0.566s (orig 0.253s) rc=1 demoted=62.9MiB read=117.0MiB
  [lazy] call 187 step 188: 0.564s (orig 0.254s) rc=1 demoted=71.4MiB read=117.0MiB
  [lazy] call 188 step 189: 0.567s (orig 0.260s) rc=1 demoted=65.9MiB read=117.1MiB
  [lazy] call 189 step 190: 0.566s (orig 0.258s) rc=1 demoted=65.7MiB read=116.9MiB
  [lazy] call 190 step 191: 0.562s (orig 0.257s) rc=1 demoted=70.3MiB read=116.8MiB
  [lazy] call 191 step 192: 0.569s (orig 0.260s) rc=1 demoted=66.7MiB read=116.8MiB
  [lazy] call 192 step 193: 0.566s (orig 0.253s) rc=1 demoted=67.4MiB read=117.7MiB
  [lazy] call 193 step 194: 0.566s (orig 0.268s) rc=1 demoted=71.2MiB read=117.4MiB
  [lazy] call 194 step 195: 0.568s (orig 0.259s) rc=1 demoted=62.9MiB read=117.2MiB
  [lazy] call 195 step 196: 0.564s (orig 0.259s) rc=1 demoted=62.0MiB read=117.1MiB
  [lazy] call 196 step 197: 0.557s (orig 0.255s) rc=1 demoted=71.6MiB read=117.2MiB
  [lazy] call 197 step 198: 0.559s (orig 0.263s) rc=1 demoted=69.4MiB read=117.1MiB
  [lazy] call 198 step 199: 0.563s (orig 0.262s) rc=1 demoted=72.2MiB read=117.2MiB
  [lazy] call 199 step 200: 0.573s (orig 0.255s) rc=1 demoted=72.9MiB read=117.1MiB
  [lazy] call 200 step 201: 0.560s (orig 0.256s) rc=1 demoted=68.4MiB read=117.2MiB
  [lazy] call 201 step 202: 0.562s (orig 0.250s) rc=1 demoted=64.0MiB read=117.1MiB
  [lazy] call 202 step 203: 0.570s (orig 0.254s) rc=1 demoted=60.1MiB read=117.2MiB
  [lazy] call 203 step 204: 0.569s (orig 0.251s) rc=1 demoted=70.3MiB read=117.4MiB
  [lazy] call 204 step 205: 0.575s (orig 0.254s) rc=1 demoted=66.1MiB read=117.9MiB
  [lazy] call 205 step 206: 0.561s (orig 0.257s) rc=1 demoted=72.4MiB read=117.2MiB
  [lazy] call 206 step 207: 0.567s (orig 0.255s) rc=1 demoted=68.1MiB read=117.1MiB
  [lazy] call 207 step 208: 0.572s (orig 0.261s) rc=1 demoted=64.1MiB read=117.2MiB
  [lazy] call 208 step 209: 0.568s (orig 0.265s) rc=1 demoted=65.2MiB read=117.1MiB
  [lazy] call 209 step 210: 0.559s (orig 0.260s) rc=1 demoted=66.2MiB read=117.1MiB
  [lazy] call 210 step 211: 0.559s (orig 0.257s) rc=1 demoted=64.3MiB read=117.1MiB
  [lazy] call 211 step 212: 0.560s (orig 0.259s) rc=1 demoted=71.2MiB read=117.1MiB
  [lazy] call 212 step 213: 0.561s (orig 0.255s) rc=1 demoted=72.1MiB read=117.1MiB
  [lazy] call 213 step 214: 0.562s (orig 0.259s) rc=1 demoted=63.9MiB read=117.1MiB
  [lazy] call 214 step 215: 0.560s (orig 0.261s) rc=1 demoted=68.2MiB read=117.1MiB
  [lazy] call 215 step 216: 0.566s (orig 0.258s) rc=1 demoted=65.5MiB read=117.1MiB
  [lazy] call 216 step 217: 0.571s (orig 0.259s) rc=1 demoted=67.6MiB read=117.2MiB
  [lazy] call 217 step 218: 0.567s (orig 0.256s) rc=1 demoted=68.4MiB read=117.4MiB
  [lazy] call 218 step 219: 0.559s (orig 0.260s) rc=1 demoted=70.5MiB read=117.5MiB
  [lazy] call 219 step 220: 0.570s (orig 0.260s) rc=1 demoted=65.1MiB read=117.1MiB
  [lazy] call 220 step 221: 0.561s (orig 0.256s) rc=1 demoted=65.1MiB read=117.2MiB
  [lazy] call 221 step 222: 0.559s (orig 0.257s) rc=1 demoted=73.4MiB read=116.6MiB
  [lazy] call 222 step 223: 0.558s (orig 0.253s) rc=1 demoted=67.9MiB read=117.2MiB
  [lazy] call 223 step 224: 0.564s (orig 0.254s) rc=1 demoted=65.3MiB read=117.1MiB
  [lazy] call 224 step 225: 0.563s (orig 0.257s) rc=1 demoted=69.5MiB read=117.1MiB
  [lazy] call 225 step 226: 0.560s (orig 0.261s) rc=1 demoted=70.4MiB read=117.2MiB
  [lazy] call 226 step 227: 0.572s (orig 0.250s) rc=1 demoted=65.4MiB read=117.2MiB
  [lazy] call 227 step 228: 0.569s (orig 0.253s) rc=1 demoted=71.7MiB read=117.0MiB
  [lazy] call 228 step 229: 0.565s (orig 0.256s) rc=1 demoted=65.2MiB read=117.1MiB
  [lazy] call 229 step 230: 0.573s (orig 0.257s) rc=1 demoted=68.1MiB read=117.6MiB
  [lazy] call 230 step 231: 0.569s (orig 0.252s) rc=1 demoted=67.3MiB read=117.2MiB
  [lazy] call 231 step 232: 0.541s (orig 0.254s) rc=1 demoted=69.9MiB read=111.2MiB
  [lazy] call 232 step 233: 0.565s (orig 0.265s) rc=1 demoted=68.2MiB read=117.1MiB
  [lazy] call 233 step 234: 0.565s (orig 0.256s) rc=1 demoted=73.3MiB read=116.8MiB
  [lazy] call 234 step 235: 0.565s (orig 0.256s) rc=1 demoted=73.1MiB read=116.9MiB
  [lazy] call 235 step 236: 0.566s (orig 0.256s) rc=1 demoted=71.4MiB read=117.2MiB
  [lazy] call 236 step 237: 0.560s (orig 0.262s) rc=1 demoted=71.4MiB read=117.2MiB
  [lazy] call 237 step 238: 0.559s (orig 0.253s) rc=1 demoted=70.6MiB read=117.2MiB
  [lazy] call 238 step 239: 0.570s (orig 0.257s) rc=1 demoted=65.4MiB read=117.1MiB
  [lazy] call 239 step 240: 0.571s (orig 0.250s) rc=1 demoted=70.8MiB read=117.1MiB
  [lazy] call 240 step 241: 0.569s (orig 0.253s) rc=1 demoted=67.0MiB read=117.1MiB
  [lazy] call 241 step 242: 0.562s (orig 0.252s) rc=1 demoted=68.9MiB read=117.6MiB
  [lazy] call 242 step 243: 0.560s (orig 0.254s) rc=1 demoted=66.5MiB read=117.4MiB
  [lazy] call 243 step 244: 0.556s (orig 0.254s) rc=1 demoted=65.5MiB read=117.0MiB
  [lazy] call 244 step 245: 0.563s (orig 0.260s) rc=1 demoted=68.5MiB read=117.1MiB
  [lazy] call 245 step 246: 0.566s (orig 0.252s) rc=1 demoted=67.5MiB read=117.1MiB
  [lazy] call 246 step 247: 0.560s (orig 0.254s) rc=1 demoted=70.8MiB read=117.1MiB
  [lazy] call 247 step 248: 0.567s (orig 0.257s) rc=1 demoted=70.4MiB read=117.2MiB
  [lazy] call 248 step 249: 0.573s (orig 0.257s) rc=1 demoted=70.6MiB read=117.2MiB
  [lazy] call 249 step 250: 0.563s (orig 0.257s) rc=1 demoted=68.1MiB read=117.1MiB
[17/58] django__django-11740 lazy: total=121.94773323000001 orig=63.406364323 mismatches=1 err=None
[18/58] django__django-11749 regular
minisweagent.environment: DEBUG: Starting container with command: docker run -d --name   
minisweagent-3127b105 -w /testbed --rm                                                   
docker.io/swebench/sweb.eval.x86_64.django_1776_django-11749:latest sleep 2h             
minisweagent.environment: INFO: Started container minisweagent-3127b105 with ID          
7d46a5bf82df0755dea6f20d52a53853eedf318e5d6fa77226eb4b9fb8ffc6d3                         
  [regular] call 1 step 1: 1.054s (orig 0.383s) rc=0 demoted=0.0MiB read=107.8MiB
  [regular] call 2 step 1: 0.372s (orig 0.354s) rc=0 demoted=0.0MiB read=0.0MiB
  [regular] call 3 step 2: 0.376s (orig 0.355s) rc=0 demoted=0.0MiB read=0.0MiB
  [regular] call 4 step 3: 0.188s (orig 0.180s) rc=0 demoted=0.0MiB read=0.1MiB
  [regular] call 5 step 3: 0.187s (orig 0.178s) rc=0 demoted=0.0MiB read=0.0MiB
  [regular] call 6 step 4: 0.189s (orig 0.185s) rc=0 demoted=0.0MiB read=0.0MiB
  [regular] call 7 step 5: 0.190s (orig 0.178s) rc=0 demoted=0.0MiB read=0.1MiB
  [regular] call 8 step 6: 0.188s (orig 0.180s) rc=0 demoted=0.0MiB read=0.0MiB
  [regular] call 9 step 7: 0.188s (orig 0.182s) rc=0 demoted=0.0MiB read=0.0MiB
  [regular] call 10 step 8: 0.371s (orig 0.349s) rc=0 demoted=0.0MiB read=0.0MiB
  [regular] call 11 step 9: 0.190s (orig 0.181s) rc=0 demoted=0.0MiB read=0.0MiB
  [regular] call 12 step 10: 0.192s (orig 0.185s) rc=0 demoted=0.0MiB read=0.1MiB
  [regular] call 13 step 11: 0.338s (orig 0.292s) rc=0 demoted=0.0MiB read=34.7MiB
  [regular] call 14 step 12: 0.188s (orig 0.180s) rc=0 demoted=0.0MiB read=0.0MiB
  [regular] call 15 step 13: 0.271s (orig 0.257s) rc=2 demoted=0.0MiB read=0.0MiB
  [regular] call 16 step 14: 0.190s (orig 0.179s) rc=0 demoted=0.0MiB read=0.0MiB
  [regular] call 17 step 15: 0.190s (orig 0.187s) rc=0 demoted=0.0MiB read=0.0MiB
  [regular] call 18 step 16: 0.186s (orig 0.186s) rc=0 demoted=0.0MiB read=0.0MiB
  [regular] call 19 step 17: 0.266s (orig 0.259s) rc=0 demoted=0.0MiB read=0.0MiB
  [regular] call 20 step 18: 0.190s (orig 0.186s) rc=0 demoted=0.0MiB read=0.4MiB
  [regular] call 21 step 19: 0.185s (orig 0.181s) rc=0 demoted=0.0MiB read=0.4MiB
  [regular] call 22 step 20: 0.269s (orig 0.263s) rc=0 demoted=0.0MiB read=0.0MiB
  [regular] call 23 step 21: 0.185s (orig 0.182s) rc=0 demoted=0.0MiB read=0.0MiB
  [regular] call 24 step 22: 0.269s (orig 0.268s) rc=0 demoted=0.0MiB read=0.0MiB
  [regular] call 25 step 23: 0.191s (orig 0.181s) rc=0 demoted=0.0MiB read=0.0MiB
  [regular] call 26 step 24: 0.180s (orig 0.184s) rc=0 demoted=0.0MiB read=0.0MiB
  [regular] call 27 step 25: 0.267s (orig 0.256s) rc=0 demoted=0.0MiB read=0.0MiB
  [regular] call 28 step 26: 0.204s (orig 0.184s) rc=0 demoted=0.0MiB read=27.3MiB
  [regular] call 29 step 27: 0.187s (orig 0.181s) rc=0 demoted=0.0MiB read=0.0MiB
[18/58] django__django-11749 regular: total=7.441215968 orig=6.492948043999999 mismatches=0 err=None
[18/58] django__django-11749 lazy
minisweagent.environment: DEBUG: Starting container with command: docker run -d --name   
minisweagent-66bb19b1 -w /testbed --rm                                                   
docker.io/swebench/sweb.eval.x86_64.django_1776_django-11749:latest sleep 2h             
minisweagent.environment: INFO: Started container minisweagent-66bb19b1 with ID          
14e66e8300396ee811a4cbf05ff2015fca963c9c8b153a082a89b7f952fe1b42                         
  [lazy] call 1 step 1: 1.048s (orig 0.383s) rc=0 demoted=3.3MiB read=112.9MiB
  [lazy] call 2 step 1: 1.015s (orig 0.354s) rc=0 demoted=67.8MiB read=108.3MiB
  [lazy] call 3 step 2: 1.055s (orig 0.355s) rc=0 demoted=65.1MiB read=112.8MiB
  [lazy] call 4 step 3: 0.260s (orig 0.180s) rc=0 demoted=71.0MiB read=46.6MiB
  [lazy] call 5 step 3: 0.260s (orig 0.178s) rc=0 demoted=25.1MiB read=46.3MiB
  [lazy] call 6 step 4: 0.259s (orig 0.185s) rc=0 demoted=25.1MiB read=46.3MiB
  [lazy] call 7 step 5: 0.259s (orig 0.178s) rc=0 demoted=25.1MiB read=46.7MiB
  [lazy] call 8 step 6: 0.260s (orig 0.180s) rc=0 demoted=25.4MiB read=46.6MiB
  [lazy] call 9 step 7: 0.255s (orig 0.182s) rc=0 demoted=24.6MiB read=43.5MiB
  [lazy] call 10 step 8: 1.022s (orig 0.349s) rc=0 demoted=22.9MiB read=107.5MiB
  [lazy] call 11 step 9: 0.262s (orig 0.181s) rc=0 demoted=68.5MiB read=46.2MiB
  [lazy] call 12 step 10: 0.258s (orig 0.185s) rc=0 demoted=24.5MiB read=45.5MiB
  [lazy] call 13 step 11: 0.419s (orig 0.292s) rc=0 demoted=23.5MiB read=82.2MiB
  [lazy] call 14 step 12: 0.262s (orig 0.180s) rc=0 demoted=41.9MiB read=45.1MiB
  [lazy] call 15 step 13: 0.389s (orig 0.257s) rc=2 demoted=23.4MiB read=81.9MiB
  [lazy] call 16 step 14: 0.261s (orig 0.179s) rc=0 demoted=41.6MiB read=45.0MiB
  [lazy] call 17 step 15: 0.263s (orig 0.187s) rc=0 demoted=23.2MiB read=45.7MiB
  [lazy] call 18 step 16: 0.263s (orig 0.186s) rc=0 demoted=23.7MiB read=45.2MiB
  [lazy] call 19 step 17: 0.389s (orig 0.259s) rc=0 demoted=23.2MiB read=81.5MiB
  [lazy] call 20 step 18: 0.269s (orig 0.186s) rc=0 demoted=41.3MiB read=46.9MiB
  [lazy] call 21 step 19: 0.266s (orig 0.181s) rc=0 demoted=24.5MiB read=45.6MiB
  [lazy] call 22 step 20: 0.392s (orig 0.263s) rc=0 demoted=23.5MiB read=82.0MiB
  [lazy] call 23 step 21: 0.266s (orig 0.182s) rc=0 demoted=42.2MiB read=45.8MiB
  [lazy] call 24 step 22: 0.391s (orig 0.268s) rc=0 demoted=23.6MiB read=82.1MiB
  [lazy] call 25 step 23: 0.261s (orig 0.181s) rc=0 demoted=41.5MiB read=45.4MiB
  [lazy] call 26 step 24: 0.266s (orig 0.184s) rc=0 demoted=23.2MiB read=45.3MiB
  [lazy] call 27 step 25: 0.390s (orig 0.256s) rc=0 demoted=23.4MiB read=81.9MiB
  [lazy] call 28 step 26: 0.281s (orig 0.184s) rc=0 demoted=41.6MiB read=81.3MiB
  [lazy] call 29 step 27: 0.260s (orig 0.181s) rc=0 demoted=41.5MiB read=45.3MiB
[18/58] django__django-11749 lazy: total=11.49980886 orig=6.492948043999999 mismatches=0 err=None
[19/58] django__django-11790 regular
minisweagent.environment: DEBUG: Starting container with command: docker run -d --name   
minisweagent-f24cf392 -w /testbed --rm                                                   
docker.io/swebench/sweb.eval.x86_64.django_1776_django-11790:latest sleep 2h             
minisweagent.environment: INFO: Started container minisweagent-f24cf392 with ID          
af7a6f54b6b733637dedf7d24ce56a9cdc891597cb2f37c2d4eac1026ad27e1b                         
  [regular] call 1 step 1: 1.035s (orig 0.396s) rc=0 demoted=0.0MiB read=108.2MiB
  [regular] call 2 step 2: 0.191s (orig 0.186s) rc=0 demoted=0.0MiB read=0.1MiB
  [regular] call 3 step 3: 0.353s (orig 0.372s) rc=0 demoted=0.0MiB read=0.0MiB
  [regular] call 4 step 4: 0.182s (orig 0.188s) rc=0 demoted=0.0MiB read=0.0MiB
  [regular] call 5 step 5: 0.183s (orig 0.180s) rc=1 demoted=0.0MiB read=0.0MiB
  [regular] call 6 step 6: 0.180s (orig 0.184s) rc=0 demoted=0.0MiB read=0.0MiB
  [regular] call 7 step 7: 0.187s (orig 0.182s) rc=0 demoted=0.0MiB read=0.0MiB
  [regular] call 8 step 8: 0.190s (orig 0.181s) rc=1 demoted=0.0MiB read=0.0MiB
  [regular] call 9 step 9: 0.189s (orig 0.179s) rc=0 demoted=0.0MiB read=0.0MiB
  [regular] call 10 step 10: 0.184s (orig 0.182s) rc=0 demoted=0.0MiB read=0.0MiB
  [regular] call 11 step 11: 0.191s (orig 0.182s) rc=1 demoted=0.0MiB read=0.0MiB
  [regular] call 12 step 12: 0.187s (orig 0.177s) rc=0 demoted=0.0MiB read=0.0MiB
  [regular] call 13 step 13: 0.181s (orig 0.182s) rc=0 demoted=0.0MiB read=0.0MiB
  [regular] call 14 step 14: 0.184s (orig 0.178s) rc=0 demoted=0.0MiB read=0.0MiB
  [regular] call 15 step 15: 0.188s (orig 0.176s) rc=0 demoted=0.0MiB read=0.0MiB
  [regular] call 16 step 16: 0.186s (orig 0.179s) rc=0 demoted=0.0MiB read=0.0MiB
  [regular] call 17 step 17: 0.186s (orig 0.183s) rc=1 demoted=0.0MiB read=0.0MiB
  [regular] call 18 step 19: 0.185s (orig 0.184s) rc=0 demoted=0.0MiB read=0.0MiB
  [regular] call 19 step 21: 0.182s (orig 0.182s) rc=0 demoted=0.0MiB read=0.0MiB
[19/58] django__django-11790 regular: total=4.5427162469999995 orig=3.8510317249999995 mismatches=0 err=None
[19/58] django__django-11790 lazy
minisweagent.environment: DEBUG: Starting container with command: docker run -d --name   
minisweagent-071d2b6c -w /testbed --rm                                                   
docker.io/swebench/sweb.eval.x86_64.django_1776_django-11790:latest sleep 2h             
minisweagent.environment: INFO: Started container minisweagent-071d2b6c with ID          
190119f23c35cfa5d1d96f9a274d42f3f885ff196c1276504a6dd39869dceb72                         
  [lazy] call 1 step 1: 1.037s (orig 0.396s) rc=0 demoted=3.3MiB read=113.6MiB
  [lazy] call 2 step 2: 0.267s (orig 0.186s) rc=0 demoted=74.1MiB read=48.0MiB
  [lazy] call 3 step 3: 1.023s (orig 0.372s) rc=0 demoted=24.5MiB read=112.0MiB
  [lazy] call 4 step 4: 0.257s (orig 0.188s) rc=0 demoted=66.6MiB read=46.6MiB
  [lazy] call 5 step 5: 0.266s (orig 0.180s) rc=1 demoted=23.8MiB read=46.8MiB
  [lazy] call 6 step 6: 0.263s (orig 0.184s) rc=0 demoted=24.1MiB read=47.0MiB
  [lazy] call 7 step 7: 0.260s (orig 0.182s) rc=0 demoted=24.4MiB read=47.0MiB
  [lazy] call 8 step 8: 0.259s (orig 0.181s) rc=1 demoted=24.2MiB read=46.4MiB
  [lazy] call 9 step 9: 0.259s (orig 0.179s) rc=0 demoted=24.2MiB read=46.4MiB
  [lazy] call 10 step 10: 0.266s (orig 0.182s) rc=0 demoted=23.7MiB read=46.4MiB
  [lazy] call 11 step 11: 0.263s (orig 0.182s) rc=1 demoted=23.9MiB read=46.3MiB
  [lazy] call 12 step 12: 0.258s (orig 0.177s) rc=0 demoted=23.9MiB read=46.5MiB
  [lazy] call 13 step 13: 0.262s (orig 0.182s) rc=0 demoted=24.8MiB read=45.5MiB
  [lazy] call 14 step 14: 0.258s (orig 0.178s) rc=0 demoted=23.1MiB read=46.5MiB
  [lazy] call 15 step 15: 0.261s (orig 0.176s) rc=0 demoted=23.9MiB read=47.0MiB
  [lazy] call 16 step 16: 0.259s (orig 0.179s) rc=0 demoted=24.3MiB read=46.9MiB
  [lazy] call 17 step 17: 0.258s (orig 0.183s) rc=1 demoted=23.9MiB read=46.9MiB
  [lazy] call 18 step 19: 0.263s (orig 0.184s) rc=0 demoted=24.3MiB read=46.9MiB
  [lazy] call 19 step 21: 0.264s (orig 0.182s) rc=0 demoted=24.1MiB read=46.9MiB
[19/58] django__django-11790 lazy: total=6.503485271999999 orig=3.8510317249999995 mismatches=0 err=None
[20/58] django__django-11815 regular
minisweagent.environment: DEBUG: Starting container with command: docker run -d --name   
minisweagent-81bc59f1 -w /testbed --rm                                                   
docker.io/swebench/sweb.eval.x86_64.django_1776_django-11815:latest sleep 2h             
minisweagent.environment: INFO: Started container minisweagent-81bc59f1 with ID          
aad2b64bf277c39781a0c130b4534b7bf4a66555f8cf0e76c358400bbbc884db                         
  [regular] call 1 step 1: 0.269s (orig 0.189s) rc=0 demoted=0.0MiB read=42.3MiB
  [regular] call 2 step 1: 0.692s (orig 0.322s) rc=0 demoted=0.0MiB read=32.4MiB
  [regular] call 3 step 1: 0.323s (orig 0.305s) rc=0 demoted=0.0MiB read=0.0MiB
  [regular] call 4 step 2: 0.182s (orig 0.181s) rc=0 demoted=0.0MiB read=0.1MiB
  [regular] call 5 step 2: 0.184s (orig 0.181s) rc=0 demoted=0.0MiB read=0.0MiB
  [regular] call 6 step 2: 0.185s (orig 0.172s) rc=0 demoted=0.0MiB read=0.0MiB
  [regular] call 7 step 3: 0.189s (orig 0.181s) rc=0 demoted=0.0MiB read=0.5MiB
  [regular] call 8 step 4: 0.183s (orig 0.179s) rc=0 demoted=0.0MiB read=0.0MiB
  [regular] call 9 step 5: 0.181s (orig 0.179s) rc=0 demoted=0.0MiB read=0.0MiB
  [regular] call 10 step 6: 0.186s (orig 0.179s) rc=0 demoted=0.0MiB read=0.0MiB
  [regular] call 11 step 7: 0.208s (orig 0.192s) rc=0 demoted=0.0MiB read=12.0MiB
  [regular] call 12 step 8: 0.187s (orig 0.183s) rc=0 demoted=0.0MiB read=0.6MiB
  [regular] call 13 step 9: 0.181s (orig 0.182s) rc=0 demoted=0.0MiB read=0.0MiB
  [regular] call 14 step 10: 0.200s (orig 0.192s) rc=0 demoted=0.0MiB read=0.0MiB
  [regular] call 15 step 11: 0.206s (orig 0.189s) rc=0 demoted=0.0MiB read=31.0MiB
  [regular] call 16 step 12: 0.183s (orig 0.188s) rc=0 demoted=0.0MiB read=0.0MiB
  [regular] call 17 step 13: 0.181s (orig 0.180s) rc=0 demoted=0.0MiB read=0.0MiB
  [regular] call 18 step 14: 0.182s (orig 0.176s) rc=0 demoted=0.0MiB read=0.0MiB
  [regular] call 19 step 15: 0.220s (orig 0.210s) rc=1 demoted=0.0MiB read=1.0MiB
  [regular] call 20 step 16: 0.184s (orig 0.181s) rc=0 demoted=0.0MiB read=0.0MiB
  [regular] call 21 step 17: 0.196s (orig 0.194s) rc=0 demoted=0.0MiB read=0.0MiB
  [regular] call 22 step 18: 0.181s (orig 0.181s) rc=0 demoted=0.0MiB read=0.0MiB
  [regular] call 23 step 19: 0.179s (orig 0.186s) rc=0 demoted=0.0MiB read=0.0MiB
  [regular] call 24 step 20: 0.193s (orig 0.197s) rc=0 demoted=0.0MiB read=0.0MiB
  [regular] call 25 step 21: 0.186s (orig 0.185s) rc=0 demoted=0.0MiB read=0.0MiB
  [regular] call 26 step 22: 0.186s (orig 0.185s) rc=0 demoted=0.0MiB read=0.0MiB
  [regular] call 27 step 23: 0.177s (orig 0.176s) rc=0 demoted=0.0MiB read=0.0MiB
  [regular] call 28 step 24: 0.193s (orig 0.188s) rc=0 demoted=0.0MiB read=0.0MiB
  [regular] call 29 step 25: 0.187s (orig 0.187s) rc=0 demoted=0.0MiB read=3.6MiB
  [regular] call 30 step 26: 0.181s (orig 0.178s) rc=0 demoted=0.0MiB read=0.0MiB
  [regular] call 31 step 27: 0.178s (orig 0.175s) rc=0 demoted=0.0MiB read=0.0MiB
[20/58] django__django-11815 regular: total=6.541518511999999 orig=5.973010856 mismatches=30 err=None
[20/58] django__django-11815 lazy
minisweagent.environment: DEBUG: Starting container with command: docker run -d --name   
minisweagent-c8430c6c -w /testbed --rm                                                   
docker.io/swebench/sweb.eval.x86_64.django_1776_django-11815:latest sleep 2h             
minisweagent.environment: INFO: Started container minisweagent-c8430c6c with ID          
a74d7d2b01a5f0c614d74e25209abe470a5dca9b3f513f4d6b9d01b6fc4b6302                         
  [lazy] call 1 step 1: 0.265s (orig 0.189s) rc=0 demoted=3.6MiB read=47.4MiB
  [lazy] call 2 step 1: 0.759s (orig 0.322s) rc=0 demoted=24.0MiB read=77.7MiB
  [lazy] call 3 step 1: 0.769s (orig 0.305s) rc=0 demoted=39.6MiB read=77.4MiB
  [lazy] call 4 step 2: 0.264s (orig 0.181s) rc=0 demoted=39.5MiB read=44.8MiB
  [lazy] call 5 step 2: 0.257s (orig 0.181s) rc=0 demoted=22.9MiB read=44.8MiB
  [lazy] call 6 step 2: 0.264s (orig 0.172s) rc=0 demoted=23.0MiB read=44.6MiB
  [lazy] call 7 step 3: 0.263s (orig 0.181s) rc=0 demoted=22.6MiB read=45.9MiB
  [lazy] call 8 step 4: 0.259s (orig 0.179s) rc=0 demoted=23.8MiB read=45.4MiB
  [lazy] call 9 step 5: 0.262s (orig 0.179s) rc=0 demoted=23.2MiB read=45.7MiB
  [lazy] call 10 step 6: 0.259s (orig 0.179s) rc=0 demoted=23.4MiB read=44.5MiB
  [lazy] call 11 step 7: 0.281s (orig 0.192s) rc=0 demoted=22.8MiB read=56.0MiB
  [lazy] call 12 step 8: 0.269s (orig 0.183s) rc=0 demoted=28.8MiB read=47.6MiB
  [lazy] call 13 step 9: 0.258s (orig 0.182s) rc=0 demoted=24.4MiB read=45.1MiB
  [lazy] call 14 step 10: 0.285s (orig 0.192s) rc=0 demoted=23.0MiB read=56.6MiB
  [lazy] call 15 step 11: 0.277s (orig 0.189s) rc=0 demoted=28.6MiB read=77.5MiB
  [lazy] call 16 step 12: 0.261s (orig 0.188s) rc=0 demoted=39.3MiB read=45.1MiB
  [lazy] call 17 step 13: 0.260s (orig 0.180s) rc=0 demoted=23.0MiB read=46.7MiB
  [lazy] call 18 step 14: 0.257s (orig 0.176s) rc=0 demoted=24.7MiB read=43.9MiB
  [lazy] call 19 step 15: 0.304s (orig 0.210s) rc=1 demoted=22.6MiB read=57.1MiB
  [lazy] call 20 step 16: 0.262s (orig 0.181s) rc=0 demoted=28.9MiB read=44.6MiB
  [lazy] call 21 step 17: 0.283s (orig 0.194s) rc=0 demoted=22.9MiB read=56.3MiB
  [lazy] call 22 step 18: 0.259s (orig 0.181s) rc=0 demoted=28.4MiB read=45.9MiB
  [lazy] call 23 step 19: 0.261s (orig 0.186s) rc=0 demoted=23.5MiB read=44.6MiB
  [lazy] call 24 step 20: 0.281s (orig 0.197s) rc=0 demoted=22.7MiB read=56.2MiB
  [lazy] call 25 step 21: 0.259s (orig 0.185s) rc=0 demoted=28.6MiB read=45.8MiB
  [lazy] call 26 step 22: 0.266s (orig 0.185s) rc=0 demoted=23.4MiB read=46.7MiB
  [lazy] call 27 step 23: 0.265s (orig 0.176s) rc=0 demoted=24.2MiB read=45.9MiB
  [lazy] call 28 step 24: 0.277s (orig 0.188s) rc=0 demoted=23.7MiB read=56.5MiB
  [lazy] call 29 step 25: 0.280s (orig 0.187s) rc=0 demoted=28.7MiB read=80.8MiB
  [lazy] call 30 step 26: 0.258s (orig 0.178s) rc=0 demoted=41.1MiB read=44.8MiB
  [lazy] call 31 step 27: 0.264s (orig 0.175s) rc=0 demoted=23.0MiB read=44.9MiB
[20/58] django__django-11815 lazy: total=9.286235987000001 orig=5.973010856 mismatches=30 err=None
[21/58] django__django-11820 regular
minisweagent.environment: DEBUG: Starting container with command: docker run -d --name   
minisweagent-e85dae96 -w /testbed --rm                                                   
docker.io/swebench/sweb.eval.x86_64.django_1776_django-11820:latest sleep 2h             
minisweagent.environment: INFO: Started container minisweagent-e85dae96 with ID          
14bfe1205a88e8c649863271f5924b58d0a41d0bdb86e8bd776c5ad2a3efd816                         
  [regular] call 1 step 1: 0.730s (orig 0.318s) rc=0 demoted=0.0MiB read=71.7MiB
  [regular] call 2 step 1: 0.306s (orig 0.288s) rc=0 demoted=0.0MiB read=0.0MiB
  [regular] call 3 step 1: 0.302s (orig 0.297s) rc=0 demoted=0.0MiB read=0.0MiB
  [regular] call 4 step 2: 5.079s (orig 4.373s) rc=0 demoted=0.0MiB read=36.1MiB
  [regular] call 5 step 3: 0.190s (orig 0.177s) rc=0 demoted=0.0MiB read=0.0MiB
  [regular] call 6 step 4: 0.186s (orig 0.178s) rc=1 demoted=0.0MiB read=0.1MiB
  [regular] call 7 step 5: 0.189s (orig 0.173s) rc=0 demoted=0.0MiB read=0.3MiB
  [regular] call 8 step 6: 0.188s (orig 0.175s) rc=1 demoted=0.0MiB read=0.0MiB
  [regular] call 9 step 7: 0.187s (orig 0.177s) rc=0 demoted=0.0MiB read=0.0MiB
  [regular] call 10 step 8: 0.187s (orig 0.178s) rc=0 demoted=0.0MiB read=0.0MiB
  [regular] call 11 step 9: 0.183s (orig 0.177s) rc=0 demoted=0.0MiB read=0.0MiB
  [regular] call 12 step 10: 0.189s (orig 0.181s) rc=2 demoted=0.0MiB read=0.6MiB
  [regular] call 13 step 11: 0.179s (orig 0.184s) rc=2 demoted=0.0MiB read=0.0MiB
  [regular] call 14 step 12: 0.219s (orig 0.203s) rc=0 demoted=0.0MiB read=11.9MiB
  [regular] call 15 step 13: 0.182s (orig 0.183s) rc=1 demoted=0.0MiB read=0.3MiB
  [regular] call 16 step 14: 0.214s (orig 0.205s) rc=0 demoted=0.0MiB read=0.0MiB
  [regular] call 17 step 15: 0.184s (orig 0.178s) rc=1 demoted=0.0MiB read=0.0MiB
  [regular] call 18 step 16: 0.184s (orig 0.186s) rc=0 demoted=0.0MiB read=0.0MiB
  [regular] call 19 step 17: 0.565s (orig 0.512s) rc=1 demoted=0.0MiB read=32.6MiB
  [regular] call 20 step 18: 0.185s (orig 0.183s) rc=1 demoted=0.0MiB read=0.0MiB
  [regular] call 21 step 19: 0.208s (orig 0.194s) rc=0 demoted=0.0MiB read=0.0MiB
  [regular] call 22 step 20: 0.187s (orig 0.174s) rc=1 demoted=0.0MiB read=0.0MiB
  [regular] call 23 step 21: 0.203s (orig 0.196s) rc=0 demoted=0.0MiB read=0.0MiB
  [regular] call 24 step 22: 0.184s (orig 0.180s) rc=1 demoted=0.0MiB read=0.0MiB
  [regular] call 25 step 23: 0.398s (orig 0.392s) rc=1 demoted=0.0MiB read=0.0MiB
  [regular] call 26 step 24: 0.188s (orig 0.177s) rc=0 demoted=0.0MiB read=0.0MiB
  [regular] call 27 step 25: 0.510s (orig 0.490s) rc=1 demoted=0.0MiB read=4.7MiB
  [regular] call 28 step 26: 0.188s (orig 0.176s) rc=0 demoted=0.0MiB read=0.0MiB
  [regular] call 29 step 27: 0.487s (orig 0.476s) rc=0 demoted=0.0MiB read=4.1MiB
  [regular] call 30 step 28: 0.199s (orig 0.183s) rc=0 demoted=0.0MiB read=23.5MiB
  [regular] call 31 step 29: 0.188s (orig 0.181s) rc=0 demoted=0.0MiB read=0.0MiB
  [regular] call 32 step 30: 0.183s (orig 0.183s) rc=0 demoted=0.0MiB read=0.0MiB
[21/58] django__django-11820 regular: total=12.948925891000002 orig=11.527026971 mismatches=31 err=None
[21/58] django__django-11820 lazy
minisweagent.environment: DEBUG: Starting container with command: docker run -d --name   
minisweagent-cf54323e -w /testbed --rm                                                   
docker.io/swebench/sweb.eval.x86_64.django_1776_django-11820:latest sleep 2h             
minisweagent.environment: INFO: Started container minisweagent-cf54323e with ID          
1434c1a7c516094a9574b89160f8ae4aea206a255c452bbca6eea651614c5149                         
  [lazy] call 1 step 1: 0.729s (orig 0.318s) rc=0 demoted=3.3MiB read=77.1MiB
  [lazy] call 2 step 1: 0.721s (orig 0.288s) rc=0 demoted=40.8MiB read=76.6MiB
  [lazy] call 3 step 1: 0.721s (orig 0.297s) rc=0 demoted=39.3MiB read=76.4MiB
  [lazy] call 4 step 2: 5.393s (orig 4.373s) rc=0 demoted=39.1MiB read=112.0MiB
  [lazy] call 5 step 3: 0.263s (orig 0.177s) rc=0 demoted=72.6MiB read=46.9MiB
  [lazy] call 6 step 4: 0.263s (orig 0.178s) rc=1 demoted=24.1MiB read=46.8MiB
  [lazy] call 7 step 5: 0.262s (orig 0.173s) rc=0 demoted=26.0MiB read=47.8MiB
  [lazy] call 8 step 6: 0.263s (orig 0.175s) rc=1 demoted=24.3MiB read=47.0MiB
  [lazy] call 9 step 7: 0.265s (orig 0.177s) rc=0 demoted=24.2MiB read=45.3MiB
  [lazy] call 10 step 8: 0.263s (orig 0.178s) rc=0 demoted=23.2MiB read=46.8MiB
  [lazy] call 11 step 9: 0.256s (orig 0.177s) rc=0 demoted=24.0MiB read=46.6MiB
  [lazy] call 12 step 10: 0.265s (orig 0.181s) rc=2 demoted=24.0MiB read=47.7MiB
  [lazy] call 13 step 11: 0.256s (orig 0.184s) rc=2 demoted=24.6MiB read=45.5MiB
  [lazy] call 14 step 12: 0.300s (orig 0.203s) rc=0 demoted=23.3MiB read=59.4MiB
  [lazy] call 15 step 13: 0.262s (orig 0.183s) rc=1 demoted=30.3MiB read=46.0MiB
  [lazy] call 16 step 14: 0.296s (orig 0.205s) rc=0 demoted=23.6MiB read=59.4MiB
  [lazy] call 17 step 15: 0.263s (orig 0.178s) rc=1 demoted=30.1MiB read=46.0MiB
  [lazy] call 18 step 16: 0.259s (orig 0.186s) rc=0 demoted=23.6MiB read=45.6MiB
  [lazy] call 19 step 17: 0.676s (orig 0.512s) rc=1 demoted=23.5MiB read=94.2MiB
  [lazy] call 20 step 18: 0.266s (orig 0.183s) rc=1 demoted=49.1MiB read=47.5MiB
  [lazy] call 21 step 19: 0.288s (orig 0.194s) rc=0 demoted=24.4MiB read=57.1MiB
  [lazy] call 22 step 20: 0.255s (orig 0.174s) rc=1 demoted=29.1MiB read=45.0MiB
  [lazy] call 23 step 21: 0.291s (orig 0.196s) rc=0 demoted=23.0MiB read=58.3MiB
  [lazy] call 24 step 22: 0.259s (orig 0.180s) rc=1 demoted=29.8MiB read=45.4MiB
  [lazy] call 25 step 23: 0.555s (orig 0.392s) rc=1 demoted=23.4MiB read=93.9MiB
  [lazy] call 26 step 24: 0.259s (orig 0.177s) rc=0 demoted=48.4MiB read=45.2MiB
  [lazy] call 27 step 25: 0.668s (orig 0.490s) rc=1 demoted=23.2MiB read=99.4MiB
  [lazy] call 28 step 26: 0.261s (orig 0.176s) rc=0 demoted=51.1MiB read=45.2MiB
  [lazy] call 29 step 27: 0.663s (orig 0.476s) rc=0 demoted=23.2MiB read=103.7MiB
  [lazy] call 30 step 28: 0.276s (orig 0.183s) rc=0 demoted=52.9MiB read=77.2MiB
  [lazy] call 31 step 29: 0.259s (orig 0.181s) rc=0 demoted=39.5MiB read=45.2MiB
  [lazy] call 32 step 30: 0.257s (orig 0.183s) rc=0 demoted=23.3MiB read=45.2MiB
[21/58] django__django-11820 lazy: total=16.529413354 orig=11.527026971 mismatches=31 err=None
[22/58] django__django-11848 regular
minisweagent.environment: DEBUG: Starting container with command: docker run -d --name   
minisweagent-dc8f0403 -w /testbed --rm                                                   
docker.io/swebench/sweb.eval.x86_64.django_1776_django-11848:latest sleep 2h             
minisweagent.environment: INFO: Started container minisweagent-dc8f0403 with ID          
db926554b55ff77afb7993d87f50a84f71df0b748dbc0816a1c15b642a42f060                         
  [regular] call 1 step 2: 0.261s (orig 0.182s) rc=0 demoted=0.0MiB read=42.0MiB
  [regular] call 2 step 3: 0.186s (orig 0.182s) rc=0 demoted=0.0MiB read=0.1MiB
  [regular] call 3 step 4: 0.182s (orig 0.178s) rc=0 demoted=0.0MiB read=1.3MiB
  [regular] call 4 step 5: 0.186s (orig 0.184s) rc=0 demoted=0.0MiB read=0.3MiB
  [regular] call 5 step 6: 0.187s (orig 0.180s) rc=0 demoted=0.0MiB read=0.0MiB
  [regular] call 6 step 7: 0.203s (orig 0.197s) rc=1 demoted=0.0MiB read=12.0MiB
  [regular] call 7 step 8: 0.277s (orig 0.248s) rc=0 demoted=0.0MiB read=21.4MiB
  [regular] call 8 step 9: 0.243s (orig 0.236s) rc=0 demoted=0.0MiB read=0.0MiB
  [regular] call 9 step 10: 0.181s (orig 0.177s) rc=2 demoted=0.0MiB read=0.0MiB
  [regular] call 10 step 11: 0.180s (orig 0.178s) rc=2 demoted=0.0MiB read=0.0MiB
  [regular] call 11 step 13: 0.181s (orig 0.174s) rc=0 demoted=0.0MiB read=0.0MiB
  [regular] call 12 step 14: 0.179s (orig 0.182s) rc=0 demoted=0.0MiB read=0.3MiB
  [regular] call 13 step 15: 0.217s (orig 0.215s) rc=1 demoted=0.0MiB read=0.0MiB
  [regular] call 14 step 16: 0.181s (orig 0.182s) rc=0 demoted=0.0MiB read=0.3MiB
  [regular] call 15 step 17: 0.205s (orig 0.202s) rc=0 demoted=0.0MiB read=0.0MiB
  [regular] call 16 step 18: 0.228s (orig 0.215s) rc=1 demoted=0.0MiB read=0.0MiB
  [regular] call 17 step 19: 0.187s (orig 0.176s) rc=0 demoted=0.0MiB read=0.1MiB
  [regular] call 18 step 20: 0.194s (orig 0.186s) rc=0 demoted=0.0MiB read=0.1MiB
  [regular] call 19 step 21: 0.188s (orig 0.182s) rc=0 demoted=0.0MiB read=0.0MiB
  [regular] call 20 step 22: 0.193s (orig 0.187s) rc=1 demoted=0.0MiB read=0.0MiB
  [regular] call 21 step 23: 0.184s (orig 0.180s) rc=0 demoted=0.0MiB read=0.0MiB
  [regular] call 22 step 24: 0.192s (orig 0.183s) rc=0 demoted=0.0MiB read=0.0MiB
  [regular] call 23 step 25: 0.181s (orig 0.186s) rc=0 demoted=0.0MiB read=0.0MiB
  [regular] call 24 step 26: 0.193s (orig 0.182s) rc=2 demoted=0.0MiB read=0.0MiB
  [regular] call 25 step 27: 0.187s (orig 0.189s) rc=255 demoted=0.0MiB read=7.7MiB
  [regular] call 26 step 28: 0.206s (orig 0.206s) rc=0 demoted=0.0MiB read=0.0MiB
  [regular] call 27 step 29: 0.179s (orig 0.183s) rc=0 demoted=0.0MiB read=0.0MiB
  [regular] call 28 step 30: 0.181s (orig 0.184s) rc=0 demoted=0.0MiB read=0.0MiB
  [regular] call 29 step 31: 0.200s (orig 0.194s) rc=0 demoted=0.0MiB read=0.1MiB
  [regular] call 30 step 32: 0.188s (orig 0.182s) rc=0 demoted=0.0MiB read=0.0MiB
  [regular] call 31 step 33: 0.192s (orig 0.186s) rc=0 demoted=0.0MiB read=0.0MiB
  [regular] call 32 step 34: 0.187s (orig 0.182s) rc=0 demoted=0.0MiB read=0.0MiB
  [regular] call 33 step 35: 0.184s (orig 0.180s) rc=0 demoted=0.0MiB read=0.0MiB
  [regular] call 34 step 36: 0.239s (orig 0.241s) rc=0 demoted=0.0MiB read=0.0MiB
  [regular] call 35 step 37: 0.258s (orig 0.238s) rc=0 demoted=0.0MiB read=0.0MiB
  [regular] call 36 step 38: 0.250s (orig 0.244s) rc=0 demoted=0.0MiB read=0.0MiB
  [regular] call 37 step 39: 0.182s (orig 0.182s) rc=0 demoted=0.0MiB read=0.0MiB
  [regular] call 38 step 40: 0.244s (orig 0.246s) rc=0 demoted=0.0MiB read=0.0MiB
  [regular] call 39 step 41: 0.181s (orig 0.177s) rc=0 demoted=0.0MiB read=0.0MiB
  [regular] call 40 step 42: 0.185s (orig 0.180s) rc=0 demoted=0.0MiB read=0.0MiB
  [regular] call 41 step 43: 0.182s (orig 0.185s) rc=0 demoted=0.0MiB read=0.0MiB
  [regular] call 42 step 44: 0.186s (orig 0.184s) rc=0 demoted=0.0MiB read=0.0MiB
  [regular] call 43 step 45: 0.184s (orig 0.184s) rc=0 demoted=0.0MiB read=0.0MiB
  [regular] call 44 step 46: 0.184s (orig 0.182s) rc=0 demoted=0.0MiB read=0.0MiB
  [regular] call 45 step 47: 0.177s (orig 0.181s) rc=2 demoted=0.0MiB read=0.0MiB
  [regular] call 46 step 48: 0.184s (orig 0.187s) rc=0 demoted=0.0MiB read=0.0MiB
  [regular] call 47 step 49: 0.185s (orig 0.181s) rc=0 demoted=0.0MiB read=0.0MiB
  [regular] call 48 step 50: 0.182s (orig 0.181s) rc=0 demoted=0.0MiB read=0.0MiB
  [regular] call 49 step 51: 0.187s (orig 0.183s) rc=0 demoted=0.0MiB read=0.0MiB
  [regular] call 50 step 52: 0.193s (orig 0.180s) rc=1 demoted=0.0MiB read=0.0MiB
  [regular] call 51 step 53: 0.185s (orig 0.176s) rc=0 demoted=0.0MiB read=0.0MiB
  [regular] call 52 step 54: 0.187s (orig 0.182s) rc=0 demoted=0.0MiB read=0.0MiB
  [regular] call 53 step 55: 0.185s (orig 0.187s) rc=0 demoted=0.0MiB read=0.0MiB
  [regular] call 54 step 56: 0.253s (orig 0.254s) rc=0 demoted=0.0MiB read=0.0MiB
  [regular] call 55 step 57: 0.201s (orig 0.190s) rc=0 demoted=0.0MiB read=23.6MiB
  [regular] call 56 step 58: 0.186s (orig 0.179s) rc=0 demoted=0.0MiB read=0.0MiB
  [regular] call 57 step 59: 0.205s (orig 0.204s) rc=0 demoted=0.0MiB read=3.5MiB
  [regular] call 58 step 60: 0.189s (orig 0.181s) rc=0 demoted=0.0MiB read=0.0MiB
  [regular] call 59 step 61: 0.195s (orig 0.190s) rc=0 demoted=0.0MiB read=0.0MiB
  [regular] call 60 step 62: 0.188s (orig 0.187s) rc=0 demoted=0.0MiB read=0.0MiB
  [regular] call 61 step 63: 0.178s (orig 0.180s) rc=0 demoted=0.0MiB read=0.0MiB
  [regular] call 62 step 64: 0.184s (orig 0.184s) rc=0 demoted=0.0MiB read=0.0MiB
  [regular] call 63 step 65: 0.193s (orig 0.190s) rc=0 demoted=0.0MiB read=0.0MiB
  [regular] call 64 step 66: 0.186s (orig 0.182s) rc=0 demoted=0.0MiB read=0.0MiB
  [regular] call 65 step 67: 0.183s (orig 0.180s) rc=0 demoted=0.0MiB read=0.0MiB
  [regular] call 66 step 68: 0.184s (orig 0.181s) rc=0 demoted=0.0MiB read=0.0MiB
  [regular] call 67 step 69: 0.186s (orig 0.182s) rc=0 demoted=0.0MiB read=0.0MiB
[22/58] django__django-11848 regular: total=13.143891363000002 orig=12.807469783 mismatches=66 err=None
[22/58] django__django-11848 lazy
minisweagent.environment: DEBUG: Starting container with command: docker run -d --name   
minisweagent-c6411d45 -w /testbed --rm                                                   
docker.io/swebench/sweb.eval.x86_64.django_1776_django-11848:latest sleep 2h             
minisweagent.environment: INFO: Started container minisweagent-c6411d45 with ID          
5cd22e03f0cca3f6d18f38c6f6a104c43fbaa1a18bcf93051203d107e8beeec9                         
  [lazy] call 1 step 2: 0.273s (orig 0.182s) rc=0 demoted=3.3MiB read=47.6MiB
  [lazy] call 2 step 3: 0.259s (orig 0.182s) rc=0 demoted=24.3MiB read=45.0MiB
  [lazy] call 3 step 4: 0.262s (orig 0.178s) rc=0 demoted=23.2MiB read=46.1MiB
  [lazy] call 4 step 5: 0.257s (orig 0.184s) rc=0 demoted=23.7MiB read=46.6MiB
  [lazy] call 5 step 6: 0.260s (orig 0.180s) rc=0 demoted=23.9MiB read=46.3MiB
  [lazy] call 6 step 7: 0.280s (orig 0.197s) rc=1 demoted=23.7MiB read=55.8MiB
  [lazy] call 7 step 8: 0.358s (orig 0.248s) rc=0 demoted=29.1MiB read=75.2MiB
  [lazy] call 8 step 9: 0.348s (orig 0.236s) rc=0 demoted=38.4MiB read=75.8MiB
  [lazy] call 9 step 10: 0.255s (orig 0.177s) rc=2 demoted=38.7MiB read=44.4MiB
  [lazy] call 10 step 11: 0.263s (orig 0.178s) rc=2 demoted=22.8MiB read=44.5MiB
  [lazy] call 11 step 13: 0.259s (orig 0.174s) rc=0 demoted=22.5MiB read=45.4MiB
  [lazy] call 12 step 14: 0.263s (orig 0.182s) rc=0 demoted=23.4MiB read=46.1MiB
  [lazy] call 13 step 15: 0.322s (orig 0.215s) rc=1 demoted=23.8MiB read=67.0MiB
  [lazy] call 14 step 16: 0.262s (orig 0.182s) rc=0 demoted=34.3MiB read=46.2MiB
  [lazy] call 15 step 17: 0.300s (orig 0.202s) rc=0 demoted=24.2MiB read=58.3MiB
  [lazy] call 16 step 18: 0.320s (orig 0.215s) rc=1 demoted=29.5MiB read=67.6MiB
  [lazy] call 17 step 19: 0.255s (orig 0.176s) rc=0 demoted=34.4MiB read=44.8MiB
  [lazy] call 18 step 20: 0.264s (orig 0.186s) rc=0 demoted=23.0MiB read=46.8MiB
  [lazy] call 19 step 21: 0.257s (orig 0.182s) rc=0 demoted=24.7MiB read=46.0MiB
  [lazy] call 20 step 22: 0.264s (orig 0.187s) rc=1 demoted=23.5MiB read=46.2MiB
  [lazy] call 21 step 23: 0.257s (orig 0.180s) rc=0 demoted=24.6MiB read=46.0MiB
  [lazy] call 22 step 24: 0.265s (orig 0.183s) rc=0 demoted=23.9MiB read=46.9MiB
  [lazy] call 23 step 25: 0.258s (orig 0.186s) rc=0 demoted=24.7MiB read=45.9MiB
  [lazy] call 24 step 26: 0.263s (orig 0.182s) rc=2 demoted=23.6MiB read=46.6MiB
  [lazy] call 25 step 27: 0.263s (orig 0.189s) rc=255 demoted=23.9MiB read=52.7MiB
  [lazy] call 26 step 28: 0.293s (orig 0.206s) rc=0 demoted=27.0MiB read=57.2MiB
  [lazy] call 27 step 29: 0.258s (orig 0.183s) rc=0 demoted=29.0MiB read=46.0MiB
  [lazy] call 28 step 30: 0.260s (orig 0.184s) rc=0 demoted=23.5MiB read=46.0MiB
  [lazy] call 29 step 31: 0.275s (orig 0.194s) rc=0 demoted=23.7MiB read=48.4MiB
  [lazy] call 30 step 32: 0.262s (orig 0.182s) rc=0 demoted=26.1MiB read=46.0MiB
  [lazy] call 31 step 33: 0.267s (orig 0.186s) rc=0 demoted=23.5MiB read=48.1MiB
  [lazy] call 32 step 34: 0.257s (orig 0.182s) rc=0 demoted=25.6MiB read=46.0MiB
  [lazy] call 33 step 35: 0.264s (orig 0.180s) rc=0 demoted=23.6MiB read=46.0MiB
  [lazy] call 34 step 36: 0.361s (orig 0.241s) rc=0 demoted=23.6MiB read=79.8MiB
  [lazy] call 35 step 37: 0.356s (orig 0.238s) rc=0 demoted=40.4MiB read=79.3MiB
  [lazy] call 36 step 38: 0.344s (orig 0.244s) rc=0 demoted=41.3MiB read=75.3MiB
  [lazy] call 37 step 39: 0.261s (orig 0.182s) rc=0 demoted=38.2MiB read=45.9MiB
  [lazy] call 38 step 40: 0.357s (orig 0.246s) rc=0 demoted=23.6MiB read=79.3MiB
  [lazy] call 39 step 41: 0.258s (orig 0.177s) rc=0 demoted=40.1MiB read=45.9MiB
  [lazy] call 40 step 42: 0.261s (orig 0.180s) rc=0 demoted=23.7MiB read=44.8MiB
  [lazy] call 41 step 43: 0.261s (orig 0.185s) rc=0 demoted=23.1MiB read=47.9MiB
  [lazy] call 42 step 44: 0.263s (orig 0.184s) rc=0 demoted=24.6MiB read=46.1MiB
  [lazy] call 43 step 45: 0.261s (orig 0.184s) rc=0 demoted=23.8MiB read=44.8MiB
  [lazy] call 44 step 46: 0.265s (orig 0.182s) rc=0 demoted=22.9MiB read=46.7MiB
  [lazy] call 45 step 47: 0.257s (orig 0.181s) rc=2 demoted=23.9MiB read=44.7MiB
  [lazy] call 46 step 48: 0.267s (orig 0.187s) rc=0 demoted=22.9MiB read=46.9MiB
  [lazy] call 47 step 49: 0.256s (orig 0.181s) rc=0 demoted=24.4MiB read=44.9MiB
  [lazy] call 48 step 50: 0.264s (orig 0.181s) rc=0 demoted=23.1MiB read=46.1MiB
  [lazy] call 49 step 51: 0.256s (orig 0.183s) rc=0 demoted=23.5MiB read=44.8MiB
  [lazy] call 50 step 52: 0.264s (orig 0.180s) rc=1 demoted=22.9MiB read=47.9MiB
  [lazy] call 51 step 53: 0.261s (orig 0.176s) rc=0 demoted=24.8MiB read=44.9MiB
  [lazy] call 52 step 54: 0.258s (orig 0.182s) rc=0 demoted=23.3MiB read=44.8MiB
  [lazy] call 53 step 55: 0.262s (orig 0.187s) rc=0 demoted=23.2MiB read=44.9MiB
  [lazy] call 54 step 56: 0.358s (orig 0.254s) rc=0 demoted=23.0MiB read=79.8MiB
  [lazy] call 55 step 57: 0.272s (orig 0.190s) rc=0 demoted=40.5MiB read=76.9MiB
  [lazy] call 56 step 58: 0.257s (orig 0.179s) rc=0 demoted=39.7MiB read=44.8MiB
  [lazy] call 57 step 59: 0.291s (orig 0.204s) rc=0 demoted=23.0MiB read=80.6MiB
  [lazy] call 58 step 60: 0.256s (orig 0.181s) rc=0 demoted=42.4MiB read=44.8MiB
  [lazy] call 59 step 61: 0.277s (orig 0.190s) rc=0 demoted=22.9MiB read=77.9MiB
  [lazy] call 60 step 62: 0.257s (orig 0.187s) rc=0 demoted=39.9MiB read=44.8MiB
  [lazy] call 61 step 63: 0.258s (orig 0.180s) rc=0 demoted=22.9MiB read=44.7MiB
  [lazy] call 62 step 64: 0.259s (orig 0.184s) rc=0 demoted=22.7MiB read=44.9MiB
  [lazy] call 63 step 65: 0.274s (orig 0.190s) rc=0 demoted=23.0MiB read=77.1MiB
  [lazy] call 64 step 66: 0.258s (orig 0.182s) rc=0 demoted=39.6MiB read=44.7MiB
  [lazy] call 65 step 67: 0.255s (orig 0.180s) rc=0 demoted=23.0MiB read=44.8MiB
  [lazy] call 66 step 68: 0.256s (orig 0.181s) rc=0 demoted=22.9MiB read=44.8MiB
  [lazy] call 67 step 69: 0.259s (orig 0.182s) rc=0 demoted=23.0MiB read=44.8MiB
[22/58] django__django-11848 lazy: total=18.402816439000002 orig=12.807469783 mismatches=66 err=None
[23/58] django__django-11880 regular
minisweagent.environment: DEBUG: Starting container with command: docker run -d --name   
minisweagent-136f31d7 -w /testbed --rm                                                   
docker.io/swebench/sweb.eval.x86_64.django_1776_django-11880:latest sleep 2h             
minisweagent.environment: INFO: Started container minisweagent-136f31d7 with ID          
4cfe5798aa66314cee7b785903598d8742a2e301f7fb08987c24a7ed66b16871                         
  [regular] call 1 step 1: 0.733s (orig 0.306s) rc=0 demoted=0.0MiB read=72.2MiB
  [regular] call 2 step 2: 0.184s (orig 0.174s) rc=0 demoted=0.0MiB read=0.2MiB
  [regular] call 3 step 3: 0.184s (orig 0.179s) rc=0 demoted=0.0MiB read=0.1MiB
  [regular] call 4 step 5: 0.187s (orig 0.183s) rc=0 demoted=0.0MiB read=0.0MiB
  [regular] call 5 step 6: 0.182s (orig 0.182s) rc=0 demoted=0.0MiB read=0.0MiB
  [regular] call 6 step 7: 0.179s (orig 0.183s) rc=0 demoted=0.0MiB read=0.0MiB
  [regular] call 7 step 8: 0.209s (orig 0.195s) rc=1 demoted=0.0MiB read=11.3MiB
  [regular] call 8 step 9: 0.180s (orig 0.186s) rc=0 demoted=0.0MiB read=0.0MiB
  [regular] call 9 step 10: 0.179s (orig 0.181s) rc=0 demoted=0.0MiB read=0.0MiB
  [regular] call 10 step 11: 0.463s (orig 0.412s) rc=0 demoted=0.0MiB read=34.1MiB
[23/58] django__django-11880 regular: total=2.6782111299999998 orig=2.1816018070000003 mismatches=0 err=None
[23/58] django__django-11880 lazy
minisweagent.environment: DEBUG: Starting container with command: docker run -d --name   
minisweagent-c2608392 -w /testbed --rm                                                   
docker.io/swebench/sweb.eval.x86_64.django_1776_django-11880:latest sleep 2h             
minisweagent.environment: INFO: Started container minisweagent-c2608392 with ID          
e121ce4d28138f77d2c9e7efa86c52be01773870b830b21b885ba0e18f9f1f19                         
  [lazy] call 1 step 1: 0.715s (orig 0.306s) rc=0 demoted=3.0MiB read=76.3MiB
  [lazy] call 2 step 2: 0.260s (orig 0.174s) rc=0 demoted=38.8MiB read=46.6MiB
  [lazy] call 3 step 3: 0.262s (orig 0.179s) rc=0 demoted=24.1MiB read=46.9MiB
  [lazy] call 4 step 5: 0.259s (orig 0.183s) rc=0 demoted=24.1MiB read=46.6MiB
  [lazy] call 5 step 6: 0.265s (orig 0.182s) rc=0 demoted=24.0MiB read=46.5MiB
  [lazy] call 6 step 7: 0.255s (orig 0.183s) rc=0 demoted=24.2MiB read=45.0MiB
  [lazy] call 7 step 8: 0.285s (orig 0.195s) rc=1 demoted=23.0MiB read=55.9MiB
  [lazy] call 8 step 9: 0.256s (orig 0.186s) rc=0 demoted=28.2MiB read=44.6MiB
  [lazy] call 9 step 10: 0.262s (orig 0.181s) rc=0 demoted=22.9MiB read=44.9MiB
  [lazy] call 10 step 11: 0.554s (orig 0.412s) rc=0 demoted=23.1MiB read=90.7MiB
[23/58] django__django-11880 lazy: total=3.371691708 orig=2.1816018070000003 mismatches=0 err=None
[24/58] django__django-11885 regular
minisweagent.environment: DEBUG: Starting container with command: docker run -d --name   
minisweagent-4ab533a7 -w /testbed --rm                                                   
docker.io/swebench/sweb.eval.x86_64.django_1776_django-11885:latest sleep 2h             
minisweagent.environment: INFO: Started container minisweagent-4ab533a7 with ID          
4aeab970174a48162e9b2bca3fb1b5b46e66972604de1e92a49dc730b53a332e                         
  [regular] call 1 step 1: 0.261s (orig 0.183s) rc=0 demoted=0.0MiB read=42.3MiB
  [regular] call 2 step 1: 0.655s (orig 0.309s) rc=0 demoted=0.0MiB read=29.1MiB
  [regular] call 3 step 2: 0.295s (orig 0.296s) rc=1 demoted=0.0MiB read=0.0MiB
  [regular] call 4 step 3: 0.190s (orig 0.182s) rc=0 demoted=0.0MiB read=1.8MiB
  [regular] call 5 step 4: 0.187s (orig 0.184s) rc=0 demoted=0.0MiB read=0.1MiB
  [regular] call 6 step 5: 0.185s (orig 0.180s) rc=1 demoted=0.0MiB read=0.0MiB
  [regular] call 7 step 6: 0.182s (orig 0.195s) rc=0 demoted=0.0MiB read=0.0MiB
  [regular] call 8 step 7: 0.185s (orig 0.178s) rc=0 demoted=0.0MiB read=0.0MiB
  [regular] call 9 step 8: 0.183s (orig 0.180s) rc=0 demoted=0.0MiB read=0.0MiB
  [regular] call 10 step 9: 0.179s (orig 0.181s) rc=0 demoted=0.0MiB read=0.0MiB
  [regular] call 11 step 10: 0.184s (orig 0.180s) rc=0 demoted=0.0MiB read=0.0MiB
  [regular] call 12 step 11: 0.189s (orig 0.185s) rc=2 demoted=0.0MiB read=0.6MiB
  [regular] call 13 step 12: 0.181s (orig 0.183s) rc=0 demoted=0.0MiB read=0.0MiB
  [regular] call 14 step 13: 0.204s (orig 0.198s) rc=1 demoted=0.0MiB read=10.9MiB
  [regular] call 15 step 14: 0.184s (orig 0.183s) rc=0 demoted=0.0MiB read=0.0MiB
  [regular] call 16 step 15: 0.204s (orig 0.198s) rc=0 demoted=0.0MiB read=0.6MiB
  [regular] call 17 step 16: 0.181s (orig 0.184s) rc=0 demoted=0.0MiB read=0.0MiB
  [regular] call 18 step 17: 0.183s (orig 0.184s) rc=0 demoted=0.0MiB read=0.0MiB
  [regular] call 19 step 18: 0.202s (orig 0.204s) rc=0 demoted=0.0MiB read=0.0MiB
  [regular] call 20 step 19: 0.183s (orig 0.182s) rc=0 demoted=0.0MiB read=0.0MiB
  [regular] call 21 step 20: 0.181s (orig 0.183s) rc=0 demoted=0.0MiB read=0.0MiB
  [regular] call 22 step 21: 0.202s (orig 0.201s) rc=0 demoted=0.0MiB read=0.0MiB
  [regular] call 23 step 22: 0.179s (orig 0.184s) rc=0 demoted=0.0MiB read=0.0MiB
  [regular] call 24 step 23: 0.185s (orig 0.183s) rc=0 demoted=0.0MiB read=0.0MiB
  [regular] call 25 step 24: 0.202s (orig 0.203s) rc=0 demoted=0.0MiB read=0.0MiB
  [regular] call 26 step 25: 0.183s (orig 0.177s) rc=0 demoted=0.0MiB read=0.0MiB
  [regular] call 27 step 26: 0.183s (orig 0.182s) rc=0 demoted=0.0MiB read=0.0MiB
  [regular] call 28 step 27: 0.184s (orig 0.178s) rc=0 demoted=0.0MiB read=0.0MiB
  [regular] call 29 step 28: 0.182s (orig 0.184s) rc=0 demoted=0.0MiB read=0.0MiB
  [regular] call 30 step 29: 0.184s (orig 0.185s) rc=0 demoted=0.0MiB read=0.0MiB
  [regular] call 31 step 30: 0.180s (orig 0.182s) rc=0 demoted=0.0MiB read=0.0MiB
  [regular] call 32 step 31: 0.182s (orig 0.179s) rc=0 demoted=0.0MiB read=0.0MiB
  [regular] call 33 step 32: 0.183s (orig 0.184s) rc=0 demoted=0.0MiB read=0.0MiB
  [regular] call 34 step 33: 0.179s (orig 0.180s) rc=0 demoted=0.0MiB read=0.0MiB
  [regular] call 35 step 34: 0.199s (orig 0.182s) rc=0 demoted=0.0MiB read=34.5MiB
  [regular] call 36 step 35: 0.181s (orig 0.181s) rc=0 demoted=0.0MiB read=0.0MiB
  [regular] call 37 step 36: 0.241s (orig 0.244s) rc=0 demoted=0.0MiB read=3.2MiB
  [regular] call 38 step 37: 0.193s (orig 0.192s) rc=0 demoted=0.0MiB read=0.0MiB
  [regular] call 39 step 38: 0.183s (orig 0.176s) rc=0 demoted=0.0MiB read=0.0MiB
  [regular] call 40 step 39: 0.184s (orig 0.184s) rc=128 demoted=0.0MiB read=0.0MiB
  [regular] call 41 step 40: 0.199s (orig 0.197s) rc=1 demoted=0.0MiB read=0.0MiB
  [regular] call 42 step 41: 0.193s (orig 0.192s) rc=0 demoted=0.0MiB read=0.0MiB
  [regular] call 43 step 42: 0.183s (orig 0.184s) rc=0 demoted=0.0MiB read=0.0MiB
  [regular] call 44 step 43: 0.188s (orig 0.185s) rc=0 demoted=0.0MiB read=0.3MiB
  [regular] call 45 step 44: 0.185s (orig 0.181s) rc=0 demoted=0.0MiB read=0.0MiB
  [regular] call 46 step 45: 0.181s (orig 0.179s) rc=0 demoted=0.0MiB read=0.0MiB
[24/58] django__django-11885 regular: total=9.297768168999998 orig=8.810917042 mismatches=45 err=None
[24/58] django__django-11885 lazy
minisweagent.environment: DEBUG: Starting container with command: docker run -d --name   
minisweagent-5091551b -w /testbed --rm                                                   
docker.io/swebench/sweb.eval.x86_64.django_1776_django-11885:latest sleep 2h             
minisweagent.environment: INFO: Started container minisweagent-5091551b with ID          
071023e199c90d09daeb90d9a3c753e854958c821747d6387666faedf75870a4                         
  [lazy] call 1 step 1: 0.266s (orig 0.183s) rc=0 demoted=3.4MiB read=47.9MiB
  [lazy] call 2 step 1: 0.712s (orig 0.309s) rc=0 demoted=24.4MiB read=76.3MiB
  [lazy] call 3 step 2: 0.715s (orig 0.296s) rc=1 demoted=39.4MiB read=76.1MiB
  [lazy] call 4 step 3: 0.275s (orig 0.182s) rc=0 demoted=42.4MiB read=50.7MiB
  [lazy] call 5 step 4: 0.254s (orig 0.184s) rc=0 demoted=26.4MiB read=43.8MiB
  [lazy] call 6 step 5: 0.266s (orig 0.180s) rc=1 demoted=22.4MiB read=47.0MiB
  [lazy] call 7 step 6: 0.269s (orig 0.195s) rc=0 demoted=24.6MiB read=49.3MiB
  [lazy] call 8 step 7: 0.265s (orig 0.178s) rc=0 demoted=25.9MiB read=47.2MiB
  [lazy] call 9 step 8: 0.271s (orig 0.180s) rc=0 demoted=24.4MiB read=49.3MiB
  [lazy] call 10 step 9: 0.260s (orig 0.181s) rc=0 demoted=25.4MiB read=46.9MiB
  [lazy] call 11 step 10: 0.260s (orig 0.180s) rc=0 demoted=24.1MiB read=45.5MiB
  [lazy] call 12 step 11: 0.270s (orig 0.185s) rc=2 demoted=23.4MiB read=47.8MiB
  [lazy] call 13 step 12: 0.263s (orig 0.183s) rc=0 demoted=24.5MiB read=45.5MiB
  [lazy] call 14 step 13: 0.289s (orig 0.198s) rc=1 demoted=23.4MiB read=56.4MiB
  [lazy] call 15 step 14: 0.263s (orig 0.183s) rc=0 demoted=28.6MiB read=45.5MiB
  [lazy] call 16 step 15: 0.294s (orig 0.198s) rc=0 demoted=23.2MiB read=57.1MiB
  [lazy] call 17 step 16: 0.263s (orig 0.184s) rc=0 demoted=29.1MiB read=46.9MiB
  [lazy] call 18 step 17: 0.261s (orig 0.184s) rc=0 demoted=24.0MiB read=45.5MiB
  [lazy] call 19 step 18: 0.291s (orig 0.204s) rc=0 demoted=23.3MiB read=57.1MiB
  [lazy] call 20 step 19: 0.261s (orig 0.182s) rc=0 demoted=29.0MiB read=45.5MiB
  [lazy] call 21 step 20: 0.268s (orig 0.183s) rc=0 demoted=23.5MiB read=47.2MiB
  [lazy] call 22 step 21: 0.294s (orig 0.201s) rc=0 demoted=24.2MiB read=57.1MiB
  [lazy] call 23 step 22: 0.258s (orig 0.184s) rc=0 demoted=29.6MiB read=44.4MiB
  [lazy] call 24 step 23: 0.257s (orig 0.183s) rc=0 demoted=23.4MiB read=42.9MiB
  [lazy] call 25 step 24: 0.299s (orig 0.203s) rc=0 demoted=22.3MiB read=57.0MiB
  [lazy] call 26 step 25: 0.265s (orig 0.177s) rc=0 demoted=28.8MiB read=46.7MiB
  [lazy] call 27 step 26: 0.264s (orig 0.182s) rc=0 demoted=24.0MiB read=46.8MiB
  [lazy] call 28 step 27: 0.260s (orig 0.178s) rc=0 demoted=24.2MiB read=46.8MiB
  [lazy] call 29 step 28: 0.259s (orig 0.184s) rc=0 demoted=24.1MiB read=46.8MiB
  [lazy] call 30 step 29: 0.263s (orig 0.185s) rc=0 demoted=24.3MiB read=48.6MiB
  [lazy] call 31 step 30: 0.261s (orig 0.182s) rc=0 demoted=25.1MiB read=47.3MiB
  [lazy] call 32 step 31: 0.262s (orig 0.179s) rc=0 demoted=24.2MiB read=45.3MiB
  [lazy] call 33 step 32: 0.261s (orig 0.184s) rc=0 demoted=23.2MiB read=47.2MiB
  [lazy] call 34 step 33: 0.259s (orig 0.180s) rc=0 demoted=24.3MiB read=47.1MiB
  [lazy] call 35 step 34: 0.272s (orig 0.182s) rc=0 demoted=24.4MiB read=79.6MiB
  [lazy] call 36 step 35: 0.252s (orig 0.181s) rc=0 demoted=41.6MiB read=44.0MiB
  [lazy] call 37 step 36: 0.350s (orig 0.244s) rc=0 demoted=22.4MiB read=95.5MiB
  [lazy] call 38 step 37: 0.287s (orig 0.192s) rc=0 demoted=50.0MiB read=85.3MiB
  [lazy] call 39 step 38: 0.267s (orig 0.176s) rc=0 demoted=43.3MiB read=45.6MiB
  [lazy] call 40 step 39: 0.270s (orig 0.184s) rc=128 demoted=23.3MiB read=55.0MiB
  [lazy] call 41 step 40: 0.285s (orig 0.197s) rc=1 demoted=27.9MiB read=74.7MiB
  [lazy] call 42 step 41: 0.283s (orig 0.192s) rc=0 demoted=38.2MiB read=73.8MiB
  [lazy] call 43 step 42: 0.264s (orig 0.184s) rc=0 demoted=37.7MiB read=45.6MiB
  [lazy] call 44 step 43: 0.286s (orig 0.185s) rc=0 demoted=23.6MiB read=82.0MiB
  [lazy] call 45 step 44: 0.262s (orig 0.181s) rc=0 demoted=41.6MiB read=45.5MiB
  [lazy] call 46 step 45: 0.256s (orig 0.179s) rc=0 demoted=24.1MiB read=44.1MiB
[24/58] django__django-11885 lazy: total=13.333285559999998 orig=8.810917042 mismatches=45 err=None
[25/58] django__django-11951 regular
minisweagent.environment: DEBUG: Starting container with command: docker run -d --name   
minisweagent-5034b9c3 -w /testbed --rm                                                   
docker.io/swebench/sweb.eval.x86_64.django_1776_django-11951:latest sleep 2h             
minisweagent.environment: INFO: Started container minisweagent-5034b9c3 with ID          
b91ba3ea983abe4b40fd740c14362a320840c6b3b8e5527e8a13ca2e788be19b                         
  [regular] call 1 step 1: 0.718s (orig 0.312s) rc=0 demoted=0.0MiB read=71.2MiB
  [regular] call 2 step 2: 0.187s (orig 0.181s) rc=0 demoted=0.0MiB read=0.2MiB
  [regular] call 3 step 2: 0.181s (orig 0.180s) rc=0 demoted=0.0MiB read=0.0MiB
  [regular] call 4 step 3: 0.185s (orig 0.179s) rc=0 demoted=0.0MiB read=0.0MiB
  [regular] call 5 step 3: 0.182s (orig 0.181s) rc=0 demoted=0.0MiB read=0.0MiB
  [regular] call 6 step 4: 0.182s (orig 0.180s) rc=0 demoted=0.0MiB read=0.0MiB
  [regular] call 7 step 5: 0.723s (orig 0.339s) rc=0 demoted=0.0MiB read=52.8MiB
  [regular] call 8 step 6: 0.182s (orig 0.182s) rc=0 demoted=0.0MiB read=0.3MiB
  [regular] call 9 step 7: 0.184s (orig 0.181s) rc=1 demoted=0.0MiB read=0.0MiB
  [regular] call 10 step 8: 0.182s (orig 0.180s) rc=0 demoted=0.0MiB read=0.0MiB
  [regular] call 11 step 9: 0.195s (orig 0.192s) rc=0 demoted=0.0MiB read=30.4MiB
  [regular] call 12 step 10: 0.180s (orig 0.181s) rc=0 demoted=0.0MiB read=0.1MiB
  [regular] call 13 step 13: 0.185s (orig 0.182s) rc=0 demoted=0.0MiB read=0.0MiB
[25/58] django__django-11951 regular: total=3.467017352 orig=2.651192775 mismatches=12 err=None
[25/58] django__django-11951 lazy
minisweagent.environment: DEBUG: Starting container with command: docker run -d --name   
minisweagent-985a8a3f -w /testbed --rm                                                   
docker.io/swebench/sweb.eval.x86_64.django_1776_django-11951:latest sleep 2h             
minisweagent.environment: INFO: Started container minisweagent-985a8a3f with ID          
150ec8d467f29f7569651e1075f65685906528f7a072fddb51f7a5da8046ac3e                         
  [lazy] call 1 step 1: 0.709s (orig 0.312s) rc=0 demoted=3.4MiB read=75.5MiB
  [lazy] call 2 step 2: 0.259s (orig 0.181s) rc=0 demoted=39.8MiB read=46.3MiB
  [lazy] call 3 step 2: 0.261s (orig 0.180s) rc=0 demoted=23.7MiB read=46.2MiB
  [lazy] call 4 step 3: 0.263s (orig 0.179s) rc=0 demoted=23.9MiB read=46.2MiB
  [lazy] call 5 step 3: 0.263s (orig 0.181s) rc=0 demoted=23.6MiB read=46.1MiB
  [lazy] call 6 step 4: 0.261s (orig 0.180s) rc=0 demoted=23.7MiB read=46.1MiB
  [lazy] call 7 step 5: 1.072s (orig 0.339s) rc=0 demoted=23.4MiB read=118.4MiB
  [lazy] call 8 step 6: 0.263s (orig 0.182s) rc=0 demoted=63.2MiB read=46.6MiB
  [lazy] call 9 step 7: 0.263s (orig 0.181s) rc=1 demoted=23.8MiB read=45.9MiB
  [lazy] call 10 step 8: 0.265s (orig 0.180s) rc=0 demoted=23.8MiB read=46.3MiB
  [lazy] call 11 step 9: 0.281s (orig 0.192s) rc=0 demoted=23.5MiB read=76.3MiB
  [lazy] call 12 step 10: 0.256s (orig 0.181s) rc=0 demoted=39.1MiB read=44.5MiB
  [lazy] call 13 step 13: 0.260s (orig 0.182s) rc=0 demoted=22.7MiB read=44.5MiB
[25/58] django__django-11951 lazy: total=4.674549773 orig=2.651192775 mismatches=12 err=None
[26/58] django__django-11964 regular
minisweagent.environment: DEBUG: Starting container with command: docker run -d --name   
minisweagent-060848fb -w /testbed --rm                                                   
docker.io/swebench/sweb.eval.x86_64.django_1776_django-11964:latest sleep 2h             
minisweagent.environment: INFO: Started container minisweagent-060848fb with ID          
04651c50ae35300da76a42fa795b1a3bbbf6fc4ef7613e8f38e41d1d9165a463                         
  [regular] call 1 step 1: 0.267s (orig 0.179s) rc=0 demoted=0.0MiB read=42.5MiB
  [regular] call 2 step 2: 0.189s (orig 0.178s) rc=1 demoted=0.0MiB read=1.9MiB
  [regular] call 3 step 3: 0.185s (orig 0.182s) rc=0 demoted=0.0MiB read=0.0MiB
  [regular] call 4 step 4: 0.182s (orig 0.174s) rc=0 demoted=0.0MiB read=0.1MiB
  [regular] call 5 step 5: 0.187s (orig 0.181s) rc=0 demoted=0.0MiB read=0.0MiB
  [regular] call 6 step 6: 0.185s (orig 0.180s) rc=0 demoted=0.0MiB read=0.2MiB
  [regular] call 7 step 7: 0.180s (orig 0.178s) rc=0 demoted=0.0MiB read=0.0MiB
  [regular] call 8 step 8: 0.181s (orig 0.174s) rc=1 demoted=0.0MiB read=0.0MiB
  [regular] call 9 step 9: 0.185s (orig 0.177s) rc=1 demoted=0.0MiB read=0.0MiB
  [regular] call 10 step 10: 0.199s (orig 0.196s) rc=0 demoted=0.0MiB read=0.3MiB
  [regular] call 11 step 11: 0.182s (orig 0.182s) rc=1 demoted=0.0MiB read=0.0MiB
  [regular] call 12 step 12: 0.181s (orig 0.179s) rc=1 demoted=0.0MiB read=0.0MiB
  [regular] call 13 step 13: 0.182s (orig 0.177s) rc=1 demoted=0.0MiB read=0.0MiB
  [regular] call 14 step 14: 0.197s (orig 0.187s) rc=0 demoted=0.0MiB read=0.0MiB
  [regular] call 15 step 15: 0.180s (orig 0.183s) rc=0 demoted=0.0MiB read=0.1MiB
  [regular] call 16 step 16: 0.182s (orig 0.179s) rc=0 demoted=0.0MiB read=0.0MiB
  [regular] call 17 step 17: 0.182s (orig 0.181s) rc=0 demoted=0.0MiB read=0.0MiB
  [regular] call 18 step 18: 0.181s (orig 0.199s) rc=0 demoted=0.0MiB read=0.0MiB
  [regular] call 19 step 19: 0.183s (orig 0.180s) rc=0 demoted=0.0MiB read=0.0MiB
  [regular] call 20 step 20: 0.617s (orig 0.535s) rc=1 demoted=0.0MiB read=47.4MiB
  [regular] call 21 step 21: 0.188s (orig 0.185s) rc=0 demoted=0.0MiB read=0.0MiB
  [regular] call 22 step 22: 0.600s (orig 0.549s) rc=0 demoted=0.0MiB read=11.3MiB
  [regular] call 23 step 23: 0.184s (orig 0.181s) rc=2 demoted=0.0MiB read=0.0MiB
  [regular] call 24 step 24: 0.187s (orig 0.182s) rc=0 demoted=0.0MiB read=0.6MiB
  [regular] call 25 step 25: 0.472s (orig 0.475s) rc=0 demoted=0.0MiB read=0.0MiB
  [regular] call 26 step 26: 0.185s (orig 0.176s) rc=0 demoted=0.0MiB read=0.0MiB
  [regular] call 27 step 27: 0.476s (orig 0.471s) rc=1 demoted=0.0MiB read=0.1MiB
  [regular] call 28 step 28: 0.189s (orig 0.181s) rc=0 demoted=0.0MiB read=0.0MiB
  [regular] call 29 step 29: 0.467s (orig 0.456s) rc=0 demoted=0.0MiB read=0.0MiB
  [regular] call 30 step 30: 0.186s (orig 0.185s) rc=0 demoted=0.0MiB read=0.0MiB
  [regular] call 31 step 31: 0.186s (orig 0.177s) rc=0 demoted=0.0MiB read=0.0MiB
  [regular] call 32 step 32: 0.182s (orig 0.183s) rc=0 demoted=0.0MiB read=0.0MiB
  [regular] call 33 step 33: 0.184s (orig 0.186s) rc=0 demoted=0.0MiB read=0.0MiB
  [regular] call 34 step 34: 0.183s (orig 0.184s) rc=0 demoted=0.0MiB read=0.0MiB
  [regular] call 35 step 35: 0.262s (orig 0.258s) rc=1 demoted=0.0MiB read=0.0MiB
  [regular] call 36 step 36: 0.196s (orig 0.183s) rc=0 demoted=0.0MiB read=0.0MiB
  [regular] call 37 step 37: 0.262s (orig 0.255s) rc=1 demoted=0.0MiB read=0.0MiB
  [regular] call 38 step 38: 0.184s (orig 0.185s) rc=0 demoted=0.0MiB read=0.0MiB
  [regular] call 39 step 39: 0.260s (orig 0.254s) rc=1 demoted=0.0MiB read=0.0MiB
  [regular] call 40 step 40: 0.182s (orig 0.182s) rc=0 demoted=0.0MiB read=0.0MiB
  [regular] call 41 step 41: 0.182s (orig 0.178s) rc=0 demoted=0.0MiB read=0.0MiB
  [regular] call 42 step 42: 0.205s (orig 0.199s) rc=1 demoted=0.0MiB read=0.0MiB
  [regular] call 43 step 43: 0.182s (orig 0.178s) rc=0 demoted=0.0MiB read=0.0MiB
  [regular] call 44 step 44: 0.256s (orig 0.252s) rc=1 demoted=0.0MiB read=0.0MiB
  [regular] call 45 step 45: 0.183s (orig 0.178s) rc=0 demoted=0.0MiB read=0.0MiB
  [regular] call 46 step 46: 0.184s (orig 0.181s) rc=0 demoted=0.0MiB read=0.0MiB
  [regular] call 47 step 47: 0.266s (orig 0.263s) rc=0 demoted=0.0MiB read=0.0MiB
  [regular] call 48 step 48: 0.178s (orig 0.185s) rc=0 demoted=0.0MiB read=0.0MiB
  [regular] call 49 step 49: 0.182s (orig 0.179s) rc=2 demoted=0.0MiB read=0.0MiB
  [regular] call 50 step 50: 0.188s (orig 0.180s) rc=0 demoted=0.0MiB read=0.0MiB
  [regular] call 51 step 51: 0.218s (orig 0.212s) rc=0 demoted=0.0MiB read=0.0MiB
  [regular] call 52 step 52: 0.184s (orig 0.180s) rc=0 demoted=0.0MiB read=0.0MiB
  [regular] call 53 step 53: 0.185s (orig 0.185s) rc=1 demoted=0.0MiB read=0.0MiB
  [regular] call 54 step 54: 0.183s (orig 0.180s) rc=0 demoted=0.0MiB read=0.0MiB
  [regular] call 55 step 55: 0.184s (orig 0.185s) rc=0 demoted=0.0MiB read=0.0MiB
  [regular] call 56 step 56: 0.177s (orig 0.182s) rc=0 demoted=0.0MiB read=0.0MiB
  [regular] call 57 step 57: 0.184s (orig 0.184s) rc=1 demoted=0.0MiB read=0.0MiB
  [regular] call 58 step 58: 0.183s (orig 0.177s) rc=0 demoted=0.0MiB read=0.0MiB
  [regular] call 59 step 59: 0.185s (orig 0.183s) rc=0 demoted=0.0MiB read=0.0MiB
  [regular] call 60 step 60: 0.199s (orig 0.198s) rc=0 demoted=0.0MiB read=0.0MiB
  [regular] call 61 step 61: 0.184s (orig 0.175s) rc=1 demoted=0.0MiB read=0.0MiB
  [regular] call 62 step 62: 0.220s (orig 0.214s) rc=0 demoted=0.0MiB read=0.0MiB
  [regular] call 63 step 63: 0.179s (orig 0.181s) rc=0 demoted=0.0MiB read=0.0MiB
  [regular] call 64 step 64: 0.183s (orig 0.183s) rc=0 demoted=0.0MiB read=0.0MiB
  [regular] call 65 step 65: 0.203s (orig 0.202s) rc=0 demoted=0.0MiB read=0.0MiB
  [regular] call 66 step 66: 0.183s (orig 0.182s) rc=0 demoted=0.0MiB read=0.0MiB
  [regular] call 67 step 67: 0.182s (orig 0.182s) rc=0 demoted=0.0MiB read=0.0MiB
  [regular] call 68 step 68: 0.260s (orig 0.259s) rc=1 demoted=0.0MiB read=0.0MiB
  [regular] call 69 step 69: 0.180s (orig 0.180s) rc=0 demoted=0.0MiB read=0.0MiB
  [regular] call 70 step 70: 0.199s (orig 0.199s) rc=0 demoted=0.0MiB read=0.0MiB
  [regular] call 71 step 71: 0.184s (orig 0.181s) rc=0 demoted=0.0MiB read=0.0MiB
  [regular] call 72 step 72: 0.260s (orig 0.249s) rc=1 demoted=0.0MiB read=0.0MiB
  [regular] call 73 step 73: 0.181s (orig 0.182s) rc=0 demoted=0.0MiB read=0.0MiB
  [regular] call 74 step 74: 0.255s (orig 0.252s) rc=1 demoted=0.0MiB read=0.0MiB
  [regular] call 75 step 75: 0.182s (orig 0.184s) rc=0 demoted=0.0MiB read=0.0MiB
  [regular] call 76 step 76: 0.192s (orig 0.194s) rc=1 demoted=0.0MiB read=0.0MiB
  [regular] call 77 step 77: 0.184s (orig 0.181s) rc=0 demoted=0.0MiB read=0.0MiB
  [regular] call 78 step 78: 0.206s (orig 0.196s) rc=0 demoted=0.0MiB read=0.0MiB
  [regular] call 79 step 79: 0.264s (orig 0.252s) rc=1 demoted=0.0MiB read=0.0MiB
  [regular] call 80 step 80: 0.182s (orig 0.180s) rc=0 demoted=0.0MiB read=0.0MiB
  [regular] call 81 step 81: 0.184s (orig 0.179s) rc=0 demoted=0.0MiB read=0.0MiB
  [regular] call 82 step 82: 0.186s (orig 0.231s) rc=0 demoted=0.0MiB read=0.0MiB
  [regular] call 83 step 83: 0.185s (orig 0.182s) rc=0 demoted=0.0MiB read=0.0MiB
  [regular] call 84 step 84: 0.194s (orig 0.193s) rc=1 demoted=0.0MiB read=0.0MiB
  [regular] call 85 step 85: 0.190s (orig 0.186s) rc=0 demoted=0.0MiB read=0.0MiB
  [regular] call 86 step 86: 0.197s (orig 0.194s) rc=0 demoted=0.0MiB read=0.0MiB
  [regular] call 87 step 87: 0.448s (orig 0.441s) rc=1 demoted=0.0MiB read=0.0MiB
  [regular] call 88 step 88: 0.182s (orig 0.182s) rc=0 demoted=0.0MiB read=0.0MiB
  [regular] call 89 step 89: 0.184s (orig 0.182s) rc=0 demoted=0.0MiB read=0.0MiB
  [regular] call 90 step 90: 0.186s (orig 0.244s) rc=0 demoted=0.0MiB read=0.0MiB
  [regular] call 91 step 91: 0.199s (orig 0.199s) rc=0 demoted=0.0MiB read=0.0MiB
  [regular] call 92 step 92: 0.453s (orig 0.442s) rc=1 demoted=0.0MiB read=0.0MiB
  [regular] call 93 step 93: 0.184s (orig 0.185s) rc=0 demoted=0.0MiB read=0.0MiB
  [regular] call 94 step 94: 0.183s (orig 0.181s) rc=0 demoted=0.0MiB read=0.0MiB
  [regular] call 95 step 95: 0.181s (orig 0.182s) rc=1 demoted=0.0MiB read=0.0MiB
  [regular] call 96 step 96: 0.184s (orig 0.190s) rc=0 demoted=0.0MiB read=0.0MiB
  [regular] call 97 step 97: 0.257s (orig 0.261s) rc=1 demoted=0.0MiB read=0.0MiB
  [regular] call 98 step 98: 0.186s (orig 0.186s) rc=0 demoted=0.0MiB read=0.0MiB
  [regular] call 99 step 99: 0.183s (orig 0.184s) rc=0 demoted=0.0MiB read=0.0MiB
  [regular] call 100 step 100: 0.265s (orig 0.257s) rc=1 demoted=0.0MiB read=0.0MiB
  [regular] call 101 step 101: 0.183s (orig 0.183s) rc=0 demoted=0.0MiB read=0.0MiB
  [regular] call 102 step 102: 0.186s (orig 0.183s) rc=0 demoted=0.0MiB read=0.0MiB
  [regular] call 103 step 103: 0.190s (orig 0.185s) rc=1 demoted=0.0MiB read=0.0MiB
  [regular] call 104 step 104: 0.182s (orig 0.186s) rc=0 demoted=0.0MiB read=0.0MiB
  [regular] call 105 step 105: 0.196s (orig 0.197s) rc=0 demoted=0.0MiB read=0.0MiB
  [regular] call 106 step 106: 0.181s (orig 0.186s) rc=0 demoted=0.0MiB read=0.0MiB
  [regular] call 107 step 107: 0.188s (orig 0.180s) rc=0 demoted=0.0MiB read=0.0MiB
  [regular] call 108 step 108: 0.201s (orig 0.200s) rc=0 demoted=0.0MiB read=0.0MiB
  [regular] call 109 step 109: 0.186s (orig 0.185s) rc=0 demoted=0.0MiB read=0.0MiB
  [regular] call 110 step 110: 0.187s (orig 0.180s) rc=1 demoted=0.0MiB read=0.0MiB
  [regular] call 111 step 111: 0.186s (orig 0.185s) rc=1 demoted=0.0MiB read=0.0MiB
  [regular] call 112 step 113: 0.185s (orig 0.190s) rc=0 demoted=0.0MiB read=0.0MiB
  [regular] call 113 step 114: 0.179s (orig 0.182s) rc=0 demoted=0.0MiB read=0.0MiB
  [regular] call 114 step 115: 0.187s (orig 0.184s) rc=1 demoted=0.0MiB read=0.0MiB
  [regular] call 115 step 116: 0.191s (orig 0.186s) rc=0 demoted=0.0MiB read=0.6MiB
  [regular] call 116 step 117: 0.187s (orig 0.180s) rc=0 demoted=0.0MiB read=0.0MiB
  [regular] call 117 step 118: 0.189s (orig 0.185s) rc=0 demoted=0.0MiB read=0.0MiB
  [regular] call 118 step 119: 0.183s (orig 0.187s) rc=0 demoted=0.0MiB read=0.0MiB
  [regular] call 119 step 120: 0.187s (orig 0.187s) rc=0 demoted=0.0MiB read=0.0MiB
  [regular] call 120 step 121: 0.197s (orig 0.201s) rc=0 demoted=0.0MiB read=0.0MiB
  [regular] call 121 step 122: 0.183s (orig 0.182s) rc=0 demoted=0.0MiB read=0.0MiB
  [regular] call 122 step 123: 0.182s (orig 0.181s) rc=0 demoted=0.0MiB read=0.0MiB
  [regular] call 123 step 124: 0.198s (orig 0.192s) rc=0 demoted=0.0MiB read=0.0MiB
  [regular] call 124 step 125: 0.185s (orig 0.183s) rc=0 demoted=0.0MiB read=0.0MiB
  [regular] call 125 step 126: 0.184s (orig 0.182s) rc=0 demoted=0.0MiB read=0.0MiB
  [regular] call 126 step 127: 0.201s (orig 0.194s) rc=0 demoted=0.0MiB read=0.0MiB
  [regular] call 127 step 128: 0.182s (orig 0.183s) rc=0 demoted=0.0MiB read=0.0MiB
  [regular] call 128 step 129: 0.185s (orig 0.185s) rc=0 demoted=0.0MiB read=0.0MiB
  [regular] call 129 step 130: 0.202s (orig 0.199s) rc=0 demoted=0.0MiB read=0.0MiB
  [regular] call 130 step 131: 0.186s (orig 0.182s) rc=0 demoted=0.0MiB read=0.0MiB
  [regular] call 131 step 132: 0.180s (orig 0.182s) rc=2 demoted=0.0MiB read=0.0MiB
  [regular] call 132 step 133: 0.183s (orig 0.187s) rc=0 demoted=0.0MiB read=0.0MiB
  [regular] call 133 step 134: 0.180s (orig 0.180s) rc=2 demoted=0.0MiB read=0.0MiB
  [regular] call 134 step 135: 0.180s (orig 0.182s) rc=2 demoted=0.0MiB read=0.0MiB
  [regular] call 135 step 136: 0.187s (orig 0.189s) rc=255 demoted=0.0MiB read=7.7MiB
  [regular] call 136 step 137: 0.183s (orig 0.183s) rc=0 demoted=0.0MiB read=0.0MiB
  [regular] call 137 step 138: 0.208s (orig 0.205s) rc=0 demoted=0.0MiB read=0.0MiB
  [regular] call 138 step 139: 0.185s (orig 0.185s) rc=0 demoted=0.0MiB read=0.0MiB
  [regular] call 139 step 140: 0.479s (orig 0.488s) rc=0 demoted=0.0MiB read=0.0MiB
  [regular] call 140 step 141: 0.187s (orig 0.182s) rc=0 demoted=0.0MiB read=0.0MiB
  [regular] call 141 step 142: 0.465s (orig 0.472s) rc=1 demoted=0.0MiB read=0.0MiB
  [regular] call 142 step 143: 0.185s (orig 0.180s) rc=0 demoted=0.0MiB read=0.0MiB
  [regular] call 143 step 144: 0.468s (orig 0.477s) rc=0 demoted=0.0MiB read=0.0MiB
  [regular] call 144 step 145: 0.184s (orig 0.185s) rc=1 demoted=0.0MiB read=0.0MiB
  [regular] call 145 step 146: 0.326s (orig 0.322s) rc=0 demoted=0.0MiB read=0.0MiB
  [regular] call 146 step 147: 0.183s (orig 0.186s) rc=0 demoted=0.0MiB read=0.0MiB
  [regular] call 147 step 148: 0.327s (orig 0.312s) rc=0 demoted=0.0MiB read=0.0MiB
  [regular] call 148 step 149: 0.184s (orig 0.181s) rc=1 demoted=0.0MiB read=0.0MiB
  [regular] call 149 step 150: 0.182s (orig 0.180s) rc=0 demoted=0.0MiB read=0.0MiB
  [regular] call 150 step 151: 0.185s (orig 0.183s) rc=0 demoted=0.0MiB read=0.0MiB
  [regular] call 151 step 152: 0.182s (orig 0.184s) rc=1 demoted=0.0MiB read=0.0MiB
  [regular] call 152 step 153: 0.178s (orig 0.175s) rc=0 demoted=0.0MiB read=0.0MiB
  [regular] call 153 step 154: 0.189s (orig 0.183s) rc=0 demoted=0.0MiB read=0.0MiB
  [regular] call 154 step 155: 0.184s (orig 0.183s) rc=0 demoted=0.0MiB read=0.0MiB
  [regular] call 155 step 156: 0.184s (orig 0.183s) rc=0 demoted=0.0MiB read=0.0MiB
  [regular] call 156 step 157: 0.469s (orig 0.461s) rc=0 demoted=0.0MiB read=0.0MiB
  [regular] call 157 step 158: 0.188s (orig 0.177s) rc=0 demoted=0.0MiB read=0.0MiB
  [regular] call 158 step 159: 0.186s (orig 0.184s) rc=0 demoted=0.0MiB read=0.0MiB
  [regular] call 159 step 160: 0.476s (orig 0.481s) rc=0 demoted=0.0MiB read=0.0MiB
  [regular] call 160 step 161: 0.183s (orig 0.178s) rc=0 demoted=0.0MiB read=0.0MiB
  [regular] call 161 step 162: 0.183s (orig 0.188s) rc=0 demoted=0.0MiB read=0.0MiB
  [regular] call 162 step 163: 0.187s (orig 0.178s) rc=0 demoted=0.0MiB read=0.0MiB
  [regular] call 163 step 164: 0.184s (orig 0.179s) rc=0 demoted=0.0MiB read=0.0MiB
  [regular] call 164 step 165: 0.187s (orig 0.181s) rc=0 demoted=0.0MiB read=0.0MiB
  [regular] call 165 step 166: 0.186s (orig 0.184s) rc=0 demoted=0.0MiB read=0.0MiB
  [regular] call 166 step 167: 0.180s (orig 0.182s) rc=0 demoted=0.0MiB read=0.0MiB
  [regular] call 167 step 168: 0.207s (orig 0.209s) rc=0 demoted=0.0MiB read=0.0MiB
  [regular] call 168 step 169: 0.183s (orig 0.185s) rc=0 demoted=0.0MiB read=0.0MiB
  [regular] call 169 step 170: 0.182s (orig 0.184s) rc=0 demoted=0.0MiB read=0.0MiB
  [regular] call 170 step 171: 0.183s (orig 0.181s) rc=1 demoted=0.0MiB read=0.0MiB
  [regular] call 171 step 172: 0.183s (orig 0.184s) rc=0 demoted=0.0MiB read=0.0MiB
  [regular] call 172 step 173: 0.183s (orig 0.184s) rc=1 demoted=0.0MiB read=0.0MiB
  [regular] call 173 step 174: 0.187s (orig 0.183s) rc=0 demoted=0.0MiB read=0.0MiB
  [regular] call 174 step 175: 0.181s (orig 0.185s) rc=0 demoted=0.0MiB read=0.0MiB
  [regular] call 175 step 176: 0.187s (orig 0.185s) rc=1 demoted=0.0MiB read=0.0MiB
  [regular] call 176 step 177: 0.181s (orig 0.184s) rc=0 demoted=0.0MiB read=0.0MiB
  [regular] call 177 step 178: 0.181s (orig 0.184s) rc=1 demoted=0.0MiB read=0.0MiB
  [regular] call 178 step 179: 0.188s (orig 0.186s) rc=1 demoted=0.0MiB read=0.0MiB
  [regular] call 179 step 180: 0.182s (orig 0.186s) rc=0 demoted=0.0MiB read=0.0MiB
  [regular] call 180 step 181: 0.183s (orig 0.180s) rc=1 demoted=0.0MiB read=0.0MiB
  [regular] call 181 step 182: 0.182s (orig 0.182s) rc=1 demoted=0.0MiB read=0.0MiB
  [regular] call 182 step 183: 0.183s (orig 0.185s) rc=0 demoted=0.0MiB read=0.0MiB
  [regular] call 183 step 184: 0.186s (orig 0.189s) rc=0 demoted=0.0MiB read=0.0MiB
  [regular] call 184 step 185: 0.187s (orig 0.180s) rc=1 demoted=0.0MiB read=0.0MiB
  [regular] call 185 step 186: 0.192s (orig 0.183s) rc=1 demoted=0.0MiB read=0.0MiB
  [regular] call 186 step 187: 0.186s (orig 0.183s) rc=0 demoted=0.0MiB read=0.0MiB
  [regular] call 187 step 188: 0.198s (orig 0.194s) rc=0 demoted=0.0MiB read=0.0MiB
  [regular] call 188 step 189: 0.185s (orig 0.184s) rc=0 demoted=0.0MiB read=0.0MiB
  [regular] call 189 step 190: 0.183s (orig 0.204s) rc=0 demoted=0.0MiB read=0.0MiB
  [regular] call 190 step 191: 0.199s (orig 0.201s) rc=0 demoted=0.0MiB read=0.0MiB
  [regular] call 191 step 192: 0.184s (orig 0.182s) rc=0 demoted=0.0MiB read=0.0MiB
  [regular] call 192 step 193: 0.482s (orig 0.480s) rc=0 demoted=0.0MiB read=0.0MiB
  [regular] call 193 step 194: 0.186s (orig 0.189s) rc=0 demoted=0.0MiB read=0.0MiB
  [regular] call 194 step 195: 0.481s (orig 0.485s) rc=0 demoted=0.0MiB read=0.0MiB
  [regular] call 195 step 196: 0.194s (orig 0.195s) rc=0 demoted=0.0MiB read=0.0MiB
  [regular] call 196 step 197: 0.478s (orig 0.484s) rc=0 demoted=0.0MiB read=0.0MiB
  [regular] call 197 step 198: 0.189s (orig 0.189s) rc=0 demoted=0.0MiB read=0.0MiB
  [regular] call 198 step 199: 0.474s (orig 0.486s) rc=0 demoted=0.0MiB read=0.0MiB
  [regular] call 199 step 200: 0.189s (orig 0.191s) rc=0 demoted=0.0MiB read=0.0MiB
  [regular] call 200 step 201: 0.477s (orig 0.480s) rc=0 demoted=0.0MiB read=0.0MiB
  [regular] call 201 step 202: 0.183s (orig 0.184s) rc=0 demoted=0.0MiB read=0.0MiB
  [regular] call 202 step 203: 0.182s (orig 0.180s) rc=0 demoted=0.0MiB read=0.0MiB
  [regular] call 203 step 204: 0.202s (orig 0.198s) rc=0 demoted=0.0MiB read=0.0MiB
  [regular] call 204 step 205: 0.185s (orig 0.183s) rc=0 demoted=0.0MiB read=0.0MiB
  [regular] call 205 step 206: 0.477s (orig 0.486s) rc=0 demoted=0.0MiB read=0.0MiB
  [regular] call 206 step 207: 0.184s (orig 0.188s) rc=0 demoted=0.0MiB read=0.0MiB
  [regular] call 207 step 208: 0.475s (orig 0.483s) rc=0 demoted=0.0MiB read=0.0MiB
  [regular] call 208 step 209: 0.184s (orig 0.179s) rc=0 demoted=0.0MiB read=0.0MiB
  [regular] call 209 step 210: 0.466s (orig 0.465s) rc=0 demoted=0.0MiB read=0.0MiB
  [regular] call 210 step 211: 0.186s (orig 0.181s) rc=0 demoted=0.0MiB read=0.0MiB
  [regular] call 211 step 212: 0.467s (orig 0.457s) rc=0 demoted=0.0MiB read=0.0MiB
  [regular] call 212 step 213: 0.193s (orig 0.189s) rc=0 demoted=0.0MiB read=0.0MiB
  [regular] call 213 step 214: 0.480s (orig 0.481s) rc=0 demoted=0.0MiB read=0.0MiB
  [regular] call 214 step 215: 0.188s (orig 0.183s) rc=0 demoted=0.0MiB read=0.0MiB
  [regular] call 215 step 216: 0.202s (orig 0.199s) rc=0 demoted=0.0MiB read=0.0MiB
  [regular] call 216 step 217: 0.479s (orig 0.475s) rc=0 demoted=0.0MiB read=0.0MiB
  [regular] call 217 step 218: 0.187s (orig 0.183s) rc=0 demoted=0.0MiB read=0.0MiB
  [regular] call 218 step 219: 0.465s (orig 0.460s) rc=0 demoted=0.0MiB read=0.0MiB
  [regular] call 219 step 220: 0.469s (orig 0.461s) rc=0 demoted=0.0MiB read=0.0MiB
  [regular] call 220 step 221: 0.183s (orig 0.184s) rc=0 demoted=0.0MiB read=0.0MiB
  [regular] call 221 step 222: 0.201s (orig 0.200s) rc=0 demoted=0.0MiB read=0.0MiB
  [regular] call 222 step 223: 0.482s (orig 0.466s) rc=0 demoted=0.0MiB read=0.0MiB
  [regular] call 223 step 224: 0.185s (orig 0.182s) rc=1 demoted=0.0MiB read=0.0MiB
  [regular] call 224 step 225: 0.185s (orig 0.184s) rc=0 demoted=0.0MiB read=0.0MiB
  [regular] call 225 step 226: 0.182s (orig 0.184s) rc=0 demoted=0.0MiB read=0.0MiB
  [regular] call 226 step 227: 0.186s (orig 0.182s) rc=0 demoted=0.0MiB read=0.0MiB
  [regular] call 227 step 228: 0.475s (orig 0.486s) rc=1 demoted=0.0MiB read=0.0MiB
  [regular] call 228 step 229: 0.192s (orig 0.186s) rc=0 demoted=0.0MiB read=0.0MiB
  [regular] call 229 step 230: 0.478s (orig 0.472s) rc=0 demoted=0.0MiB read=0.0MiB
  [regular] call 230 step 231: 0.190s (orig 0.189s) rc=0 demoted=0.0MiB read=0.0MiB
  [regular] call 231 step 232: 0.476s (orig 0.468s) rc=0 demoted=0.0MiB read=0.0MiB
  [regular] call 232 step 233: 0.190s (orig 0.182s) rc=1 demoted=0.0MiB read=0.0MiB
  [regular] call 233 step 234: 0.188s (orig 0.188s) rc=0 demoted=0.0MiB read=0.0MiB
  [regular] call 234 step 235: 0.203s (orig 0.197s) rc=0 demoted=0.0MiB read=0.0MiB
  [regular] call 235 step 236: 0.475s (orig 0.480s) rc=0 demoted=0.0MiB read=0.0MiB
  [regular] call 236 step 237: 0.183s (orig 0.183s) rc=0 demoted=0.0MiB read=0.0MiB
  [regular] call 237 step 238: 0.184s (orig 0.190s) rc=0 demoted=0.0MiB read=0.0MiB
  [regular] call 238 step 239: 0.202s (orig 0.201s) rc=0 demoted=0.0MiB read=0.0MiB
  [regular] call 239 step 240: 0.477s (orig 0.467s) rc=0 demoted=0.0MiB read=0.0MiB
  [regular] call 240 step 241: 0.183s (orig 0.185s) rc=0 demoted=0.0MiB read=0.0MiB
  [regular] call 241 step 242: 0.186s (orig 0.182s) rc=0 demoted=0.0MiB read=0.0MiB
  [regular] call 242 step 243: 0.199s (orig 0.203s) rc=0 demoted=0.0MiB read=0.0MiB
  [regular] call 243 step 244: 0.265s (orig 0.266s) rc=1 demoted=0.0MiB read=0.0MiB
  [regular] call 244 step 245: 0.185s (orig 0.184s) rc=0 demoted=0.0MiB read=0.0MiB
  [regular] call 245 step 246: 0.201s (orig 0.200s) rc=0 demoted=0.0MiB read=0.0MiB
  [regular] call 246 step 247: 0.258s (orig 0.259s) rc=1 demoted=0.0MiB read=0.0MiB
  [regular] call 247 step 249: 0.186s (orig 0.184s) rc=0 demoted=0.0MiB read=0.0MiB
  [regular] call 248 step 250: 0.196s (orig 0.197s) rc=0 demoted=0.0MiB read=0.0MiB
[26/58] django__django-11964 regular: total=56.82240585700001 orig=56.308891378000006 mismatches=0 err=None
[26/58] django__django-11964 lazy
minisweagent.environment: DEBUG: Starting container with command: docker run -d --name   
minisweagent-caf6d445 -w /testbed --rm                                                   
docker.io/swebench/sweb.eval.x86_64.django_1776_django-11964:latest sleep 2h             
minisweagent.environment: INFO: Started container minisweagent-caf6d445 with ID          
ebf191f4e9d8eb3daab95b3ceecf745fd46bc436983fe67e73a476a176868699                         
  [lazy] call 1 step 1: 0.271s (orig 0.179s) rc=0 demoted=3.6MiB read=47.2MiB
  [lazy] call 2 step 2: 0.262s (orig 0.178s) rc=1 demoted=23.9MiB read=47.9MiB
  [lazy] call 3 step 3: 0.262s (orig 0.182s) rc=0 demoted=24.8MiB read=46.4MiB
  [lazy] call 4 step 4: 0.258s (orig 0.174s) rc=0 demoted=23.6MiB read=44.4MiB
  [lazy] call 5 step 5: 0.259s (orig 0.181s) rc=0 demoted=22.6MiB read=46.1MiB
  [lazy] call 6 step 6: 0.256s (orig 0.180s) rc=0 demoted=23.5MiB read=45.8MiB
  [lazy] call 7 step 7: 0.257s (orig 0.178s) rc=0 demoted=23.4MiB read=45.8MiB
  [lazy] call 8 step 8: 0.259s (orig 0.174s) rc=1 demoted=23.6MiB read=45.9MiB
  [lazy] call 9 step 9: 0.253s (orig 0.177s) rc=1 demoted=24.2MiB read=45.1MiB
  [lazy] call 10 step 10: 0.272s (orig 0.196s) rc=0 demoted=23.1MiB read=48.6MiB
  [lazy] call 11 step 11: 0.262s (orig 0.182s) rc=1 demoted=26.3MiB read=46.2MiB
  [lazy] call 12 step 12: 0.262s (orig 0.179s) rc=1 demoted=23.7MiB read=46.2MiB
  [lazy] call 13 step 13: 0.258s (orig 0.177s) rc=1 demoted=23.4MiB read=45.8MiB
  [lazy] call 14 step 14: 0.274s (orig 0.187s) rc=0 demoted=23.3MiB read=48.2MiB
  [lazy] call 15 step 15: 0.258s (orig 0.183s) rc=0 demoted=26.2MiB read=46.3MiB
  [lazy] call 16 step 16: 0.256s (orig 0.179s) rc=0 demoted=23.9MiB read=46.1MiB
  [lazy] call 17 step 17: 0.257s (orig 0.181s) rc=0 demoted=23.9MiB read=46.2MiB
  [lazy] call 18 step 18: 0.257s (orig 0.199s) rc=0 demoted=23.7MiB read=46.2MiB
  [lazy] call 19 step 19: 0.260s (orig 0.180s) rc=0 demoted=23.5MiB read=44.8MiB
  [lazy] call 20 step 20: 0.691s (orig 0.535s) rc=1 demoted=23.0MiB read=94.2MiB
  [lazy] call 21 step 21: 0.259s (orig 0.185s) rc=0 demoted=48.9MiB read=44.7MiB
  [lazy] call 22 step 22: 0.746s (orig 0.549s) rc=0 demoted=23.1MiB read=105.2MiB
  [lazy] call 23 step 23: 0.251s (orig 0.181s) rc=2 demoted=53.9MiB read=44.8MiB
  [lazy] call 24 step 24: 0.259s (orig 0.182s) rc=0 demoted=22.8MiB read=47.3MiB
  [lazy] call 25 step 25: 0.662s (orig 0.475s) rc=0 demoted=24.5MiB read=105.1MiB
  [lazy] call 26 step 26: 0.255s (orig 0.176s) rc=0 demoted=53.0MiB read=44.8MiB
  [lazy] call 27 step 27: 0.663s (orig 0.471s) rc=1 demoted=22.9MiB read=105.2MiB
  [lazy] call 28 step 28: 0.258s (orig 0.181s) rc=0 demoted=53.1MiB read=44.9MiB
  [lazy] call 29 step 29: 0.657s (orig 0.456s) rc=0 demoted=23.0MiB read=104.8MiB
  [lazy] call 30 step 30: 0.255s (orig 0.185s) rc=0 demoted=55.3MiB read=45.2MiB
  [lazy] call 31 step 31: 0.253s (orig 0.177s) rc=0 demoted=23.0MiB read=46.1MiB
  [lazy] call 32 step 32: 0.257s (orig 0.183s) rc=0 demoted=23.5MiB read=46.2MiB
  [lazy] call 33 step 33: 0.257s (orig 0.186s) rc=0 demoted=23.6MiB read=46.3MiB
  [lazy] call 34 step 34: 0.264s (orig 0.184s) rc=0 demoted=23.9MiB read=45.8MiB
  [lazy] call 35 step 35: 0.381s (orig 0.258s) rc=1 demoted=23.7MiB read=82.1MiB
  [lazy] call 36 step 36: 0.264s (orig 0.183s) rc=0 demoted=41.4MiB read=47.1MiB
  [lazy] call 37 step 37: 0.377s (orig 0.255s) rc=1 demoted=24.3MiB read=82.1MiB
  [lazy] call 38 step 38: 0.263s (orig 0.185s) rc=0 demoted=41.4MiB read=47.1MiB
  [lazy] call 39 step 39: 0.382s (orig 0.254s) rc=1 demoted=24.2MiB read=82.1MiB
  [lazy] call 40 step 40: 0.260s (orig 0.182s) rc=0 demoted=41.3MiB read=44.7MiB
  [lazy] call 41 step 41: 0.253s (orig 0.178s) rc=0 demoted=23.0MiB read=43.5MiB
  [lazy] call 42 step 42: 0.292s (orig 0.199s) rc=1 demoted=22.3MiB read=57.1MiB
  [lazy] call 43 step 43: 0.257s (orig 0.178s) rc=0 demoted=28.8MiB read=44.7MiB
  [lazy] call 44 step 44: 0.375s (orig 0.252s) rc=1 demoted=22.9MiB read=81.3MiB
  [lazy] call 45 step 45: 0.259s (orig 0.178s) rc=0 demoted=40.9MiB read=46.0MiB
  [lazy] call 46 step 46: 0.259s (orig 0.181s) rc=0 demoted=23.7MiB read=45.0MiB
  [lazy] call 47 step 47: 0.354s (orig 0.263s) rc=0 demoted=23.1MiB read=55.8MiB
  [lazy] call 48 step 48: 0.255s (orig 0.185s) rc=0 demoted=28.1MiB read=46.2MiB
  [lazy] call 49 step 49: 0.253s (orig 0.179s) rc=2 demoted=23.6MiB read=44.8MiB
  [lazy] call 50 step 50: 0.256s (orig 0.180s) rc=0 demoted=22.8MiB read=44.9MiB
  [lazy] call 51 step 51: 0.308s (orig 0.212s) rc=0 demoted=22.9MiB read=57.6MiB
  [lazy] call 52 step 52: 0.259s (orig 0.180s) rc=0 demoted=29.0MiB read=46.2MiB
  [lazy] call 53 step 53: 0.255s (orig 0.185s) rc=1 demoted=23.8MiB read=46.1MiB
  [lazy] call 54 step 54: 0.255s (orig 0.180s) rc=0 demoted=23.5MiB read=46.1MiB
  [lazy] call 55 step 55: 0.259s (orig 0.185s) rc=0 demoted=23.4MiB read=46.7MiB
  [lazy] call 56 step 56: 0.258s (orig 0.182s) rc=0 demoted=23.7MiB read=46.2MiB
  [lazy] call 57 step 57: 0.254s (orig 0.184s) rc=1 demoted=23.5MiB read=46.1MiB
  [lazy] call 58 step 58: 0.258s (orig 0.177s) rc=0 demoted=23.7MiB read=46.1MiB
  [lazy] call 59 step 59: 0.251s (orig 0.183s) rc=0 demoted=23.4MiB read=42.8MiB
  [lazy] call 60 step 60: 0.290s (orig 0.198s) rc=0 demoted=21.8MiB read=57.0MiB
  [lazy] call 61 step 61: 0.257s (orig 0.175s) rc=1 demoted=28.8MiB read=46.0MiB
  [lazy] call 62 step 62: 0.303s (orig 0.214s) rc=0 demoted=23.5MiB read=49.8MiB
  [lazy] call 63 step 63: 0.258s (orig 0.181s) rc=0 demoted=27.5MiB read=46.1MiB
  [lazy] call 64 step 64: 0.258s (orig 0.183s) rc=0 demoted=23.5MiB read=44.7MiB
  [lazy] call 65 step 65: 0.292s (orig 0.202s) rc=0 demoted=23.2MiB read=57.1MiB
  [lazy] call 66 step 66: 0.259s (orig 0.182s) rc=0 demoted=28.9MiB read=46.1MiB
  [lazy] call 67 step 67: 0.261s (orig 0.182s) rc=0 demoted=23.7MiB read=46.2MiB
  [lazy] call 68 step 68: 0.383s (orig 0.259s) rc=1 demoted=23.8MiB read=81.9MiB
  [lazy] call 69 step 69: 0.256s (orig 0.180s) rc=0 demoted=41.4MiB read=44.7MiB
  [lazy] call 70 step 70: 0.284s (orig 0.199s) rc=0 demoted=23.1MiB read=56.3MiB
  [lazy] call 71 step 71: 0.258s (orig 0.181s) rc=0 demoted=28.4MiB read=45.2MiB
  [lazy] call 72 step 72: 0.378s (orig 0.249s) rc=1 demoted=23.2MiB read=81.8MiB
  [lazy] call 73 step 73: 0.257s (orig 0.182s) rc=0 demoted=41.3MiB read=46.5MiB
  [lazy] call 74 step 74: 0.375s (orig 0.252s) rc=1 demoted=23.7MiB read=81.8MiB
  [lazy] call 75 step 75: 0.259s (orig 0.184s) rc=0 demoted=41.2MiB read=44.8MiB
  [lazy] call 76 step 76: 0.279s (orig 0.194s) rc=1 demoted=22.9MiB read=56.4MiB
  [lazy] call 77 step 77: 0.258s (orig 0.181s) rc=0 demoted=28.7MiB read=45.1MiB
  [lazy] call 78 step 78: 0.295s (orig 0.196s) rc=0 demoted=23.0MiB read=57.2MiB
  [lazy] call 79 step 79: 0.378s (orig 0.252s) rc=1 demoted=28.8MiB read=82.0MiB
  [lazy] call 80 step 80: 0.257s (orig 0.180s) rc=0 demoted=41.2MiB read=46.1MiB
  [lazy] call 81 step 81: 0.255s (orig 0.179s) rc=0 demoted=24.0MiB read=44.5MiB
  [lazy] call 82 step 82: 0.259s (orig 0.231s) rc=0 demoted=22.7MiB read=46.6MiB
  [lazy] call 83 step 83: 0.255s (orig 0.182s) rc=0 demoted=24.0MiB read=44.6MiB
  [lazy] call 84 step 84: 0.287s (orig 0.193s) rc=1 demoted=22.9MiB read=56.6MiB
  [lazy] call 85 step 85: 0.259s (orig 0.186s) rc=0 demoted=28.5MiB read=44.7MiB
  [lazy] call 86 step 86: 0.276s (orig 0.194s) rc=0 demoted=23.7MiB read=54.5MiB
  [lazy] call 87 step 87: 0.632s (orig 0.441s) rc=1 demoted=27.6MiB read=98.7MiB
  [lazy] call 88 step 88: 0.257s (orig 0.182s) rc=0 demoted=50.3MiB read=45.9MiB
  [lazy] call 89 step 89: 0.251s (orig 0.182s) rc=0 demoted=23.6MiB read=45.7MiB
  [lazy] call 90 step 90: 0.255s (orig 0.244s) rc=0 demoted=23.4MiB read=44.7MiB
  [lazy] call 91 step 91: 0.283s (orig 0.199s) rc=0 demoted=22.8MiB read=56.5MiB
  [lazy] call 92 step 92: 0.633s (orig 0.442s) rc=1 demoted=28.7MiB read=100.4MiB
  [lazy] call 93 step 93: 0.253s (orig 0.185s) rc=0 demoted=52.9MiB read=44.1MiB
  [lazy] call 94 step 94: 0.253s (orig 0.181s) rc=0 demoted=23.6MiB read=46.6MiB
  [lazy] call 95 step 95: 0.258s (orig 0.182s) rc=1 demoted=23.8MiB read=46.3MiB
  [lazy] call 96 step 96: 0.256s (orig 0.190s) rc=0 demoted=23.8MiB read=46.5MiB
  [lazy] call 97 step 97: 0.378s (orig 0.261s) rc=1 demoted=23.7MiB read=81.9MiB
  [lazy] call 98 step 98: 0.261s (orig 0.186s) rc=0 demoted=41.2MiB read=46.9MiB
  [lazy] call 99 step 99: 0.257s (orig 0.184s) rc=0 demoted=24.0MiB read=46.2MiB
  [lazy] call 100 step 100: 0.378s (orig 0.257s) rc=1 demoted=23.7MiB read=81.9MiB
  [lazy] call 101 step 101: 0.257s (orig 0.183s) rc=0 demoted=41.2MiB read=46.1MiB
  [lazy] call 102 step 102: 0.254s (orig 0.183s) rc=0 demoted=24.5MiB read=45.1MiB
  [lazy] call 103 step 103: 0.257s (orig 0.185s) rc=1 demoted=23.3MiB read=45.1MiB
  [lazy] call 104 step 104: 0.257s (orig 0.186s) rc=0 demoted=23.6MiB read=44.9MiB
  [lazy] call 105 step 105: 0.281s (orig 0.197s) rc=0 demoted=22.9MiB read=56.2MiB
  [lazy] call 106 step 106: 0.259s (orig 0.186s) rc=0 demoted=28.5MiB read=46.3MiB
  [lazy] call 107 step 107: 0.255s (orig 0.180s) rc=0 demoted=24.0MiB read=44.8MiB
  [lazy] call 108 step 108: 0.283s (orig 0.200s) rc=0 demoted=22.9MiB read=56.7MiB
  [lazy] call 109 step 109: 0.256s (orig 0.185s) rc=0 demoted=28.6MiB read=46.3MiB
  [lazy] call 110 step 110: 0.262s (orig 0.180s) rc=1 demoted=23.7MiB read=47.0MiB
  [lazy] call 111 step 111: 0.262s (orig 0.185s) rc=1 demoted=24.1MiB read=47.0MiB
  [lazy] call 112 step 113: 0.260s (orig 0.190s) rc=0 demoted=24.3MiB read=47.1MiB
  [lazy] call 113 step 114: 0.257s (orig 0.182s) rc=0 demoted=24.1MiB read=46.3MiB
  [lazy] call 114 step 115: 0.265s (orig 0.184s) rc=1 demoted=23.9MiB read=47.0MiB
  [lazy] call 115 step 116: 0.267s (orig 0.186s) rc=0 demoted=24.2MiB read=47.3MiB
  [lazy] call 116 step 117: 0.261s (orig 0.180s) rc=0 demoted=24.4MiB read=46.2MiB
  [lazy] call 117 step 118: 0.267s (orig 0.185s) rc=0 demoted=23.7MiB read=47.3MiB
  [lazy] call 118 step 119: 0.260s (orig 0.187s) rc=0 demoted=24.6MiB read=46.2MiB
  [lazy] call 119 step 120: 0.253s (orig 0.187s) rc=0 demoted=23.9MiB read=41.8MiB
  [lazy] call 120 step 121: 0.278s (orig 0.201s) rc=0 demoted=21.3MiB read=56.3MiB
  [lazy] call 121 step 122: 0.254s (orig 0.182s) rc=0 demoted=28.4MiB read=46.2MiB
  [lazy] call 122 step 123: 0.256s (orig 0.181s) rc=0 demoted=23.9MiB read=44.7MiB
  [lazy] call 123 step 124: 0.279s (orig 0.192s) rc=0 demoted=22.9MiB read=56.4MiB
  [lazy] call 124 step 125: 0.257s (orig 0.183s) rc=0 demoted=28.7MiB read=46.2MiB
  [lazy] call 125 step 126: 0.251s (orig 0.182s) rc=0 demoted=23.7MiB read=41.6MiB
  [lazy] call 126 step 127: 0.279s (orig 0.194s) rc=0 demoted=21.3MiB read=56.6MiB
  [lazy] call 127 step 128: 0.254s (orig 0.183s) rc=0 demoted=28.6MiB read=45.2MiB
  [lazy] call 128 step 129: 0.256s (orig 0.185s) rc=0 demoted=23.1MiB read=44.7MiB
  [lazy] call 129 step 130: 0.280s (orig 0.199s) rc=0 demoted=23.0MiB read=56.5MiB
  [lazy] call 130 step 131: 0.253s (orig 0.182s) rc=0 demoted=28.5MiB read=46.2MiB
  [lazy] call 131 step 132: 0.248s (orig 0.182s) rc=2 demoted=23.6MiB read=43.9MiB
  [lazy] call 132 step 133: 0.253s (orig 0.187s) rc=0 demoted=22.3MiB read=44.0MiB
  [lazy] call 133 step 134: 0.251s (orig 0.180s) rc=2 demoted=22.5MiB read=44.4MiB
  [lazy] call 134 step 135: 0.255s (orig 0.182s) rc=2 demoted=22.6MiB read=44.7MiB
  [lazy] call 135 step 136: 0.263s (orig 0.189s) rc=255 demoted=22.7MiB read=54.4MiB
  [lazy] call 136 step 137: 0.257s (orig 0.183s) rc=0 demoted=28.2MiB read=45.0MiB
  [lazy] call 137 step 138: 0.293s (orig 0.205s) rc=0 demoted=23.7MiB read=57.3MiB
  [lazy] call 138 step 139: 0.257s (orig 0.185s) rc=0 demoted=29.0MiB read=46.3MiB
  [lazy] call 139 step 140: 0.671s (orig 0.488s) rc=0 demoted=23.8MiB read=105.1MiB
  [lazy] call 140 step 141: 0.253s (orig 0.182s) rc=0 demoted=55.8MiB read=44.6MiB
  [lazy] call 141 step 142: 0.664s (orig 0.472s) rc=1 demoted=23.0MiB read=105.4MiB
  [lazy] call 142 step 143: 0.259s (orig 0.180s) rc=0 demoted=53.2MiB read=44.8MiB
  [lazy] call 143 step 144: 0.660s (orig 0.477s) rc=0 demoted=22.9MiB read=104.8MiB
  [lazy] call 144 step 145: 0.256s (orig 0.185s) rc=1 demoted=52.7MiB read=46.2MiB
  [lazy] call 145 step 146: 0.413s (orig 0.322s) rc=0 demoted=23.6MiB read=52.2MiB
  [lazy] call 146 step 147: 0.261s (orig 0.186s) rc=0 demoted=29.3MiB read=46.0MiB
  [lazy] call 147 step 148: 0.411s (orig 0.312s) rc=0 demoted=23.4MiB read=52.0MiB
  [lazy] call 148 step 149: 0.256s (orig 0.181s) rc=1 demoted=29.2MiB read=46.1MiB
  [lazy] call 149 step 150: 0.255s (orig 0.180s) rc=0 demoted=23.5MiB read=46.1MiB
  [lazy] call 150 step 151: 0.263s (orig 0.183s) rc=0 demoted=23.7MiB read=46.1MiB
  [lazy] call 151 step 152: 0.260s (orig 0.184s) rc=1 demoted=23.6MiB read=46.2MiB
  [lazy] call 152 step 153: 0.259s (orig 0.175s) rc=0 demoted=23.5MiB read=46.2MiB
  [lazy] call 153 step 154: 0.264s (orig 0.183s) rc=0 demoted=23.5MiB read=46.3MiB
  [lazy] call 154 step 155: 0.259s (orig 0.183s) rc=0 demoted=23.7MiB read=46.2MiB
  [lazy] call 155 step 156: 0.258s (orig 0.183s) rc=0 demoted=23.8MiB read=44.8MiB
  [lazy] call 156 step 157: 0.662s (orig 0.461s) rc=0 demoted=22.8MiB read=104.9MiB
  [lazy] call 157 step 158: 0.257s (orig 0.177s) rc=0 demoted=52.9MiB read=46.2MiB
  [lazy] call 158 step 159: 0.266s (orig 0.184s) rc=0 demoted=23.6MiB read=47.1MiB
  [lazy] call 159 step 160: 0.675s (orig 0.481s) rc=0 demoted=24.1MiB read=104.9MiB
  [lazy] call 160 step 161: 0.259s (orig 0.178s) rc=0 demoted=53.0MiB read=46.4MiB
  [lazy] call 161 step 162: 0.259s (orig 0.188s) rc=0 demoted=23.6MiB read=46.5MiB
  [lazy] call 162 step 163: 0.260s (orig 0.178s) rc=0 demoted=23.7MiB read=46.2MiB
  [lazy] call 163 step 164: 0.258s (orig 0.179s) rc=0 demoted=23.8MiB read=46.3MiB
  [lazy] call 164 step 165: 0.257s (orig 0.181s) rc=0 demoted=23.8MiB read=46.0MiB
  [lazy] call 165 step 166: 0.258s (orig 0.184s) rc=0 demoted=23.4MiB read=46.2MiB
  [lazy] call 166 step 167: 0.252s (orig 0.182s) rc=0 demoted=24.3MiB read=44.3MiB
  [lazy] call 167 step 168: 0.288s (orig 0.209s) rc=0 demoted=22.7MiB read=48.8MiB
  [lazy] call 168 step 169: 0.253s (orig 0.185s) rc=0 demoted=27.5MiB read=44.8MiB
  [lazy] call 169 step 170: 0.258s (orig 0.184s) rc=0 demoted=22.8MiB read=46.0MiB
  [lazy] call 170 step 171: 0.256s (orig 0.181s) rc=1 demoted=23.4MiB read=46.1MiB
  [lazy] call 171 step 172: 0.257s (orig 0.184s) rc=0 demoted=23.7MiB read=46.0MiB
  [lazy] call 172 step 173: 0.258s (orig 0.184s) rc=1 demoted=23.5MiB read=45.7MiB
  [lazy] call 173 step 174: 0.255s (orig 0.183s) rc=0 demoted=23.6MiB read=45.7MiB
  [lazy] call 174 step 175: 0.259s (orig 0.185s) rc=0 demoted=23.4MiB read=46.2MiB
  [lazy] call 175 step 176: 0.258s (orig 0.185s) rc=1 demoted=23.9MiB read=46.2MiB
  [lazy] call 176 step 177: 0.257s (orig 0.184s) rc=0 demoted=23.8MiB read=46.2MiB
  [lazy] call 177 step 178: 0.255s (orig 0.184s) rc=1 demoted=23.5MiB read=44.9MiB
  [lazy] call 178 step 179: 0.258s (orig 0.186s) rc=1 demoted=23.3MiB read=46.2MiB
  [lazy] call 179 step 180: 0.260s (orig 0.186s) rc=0 demoted=23.8MiB read=46.2MiB
  [lazy] call 180 step 181: 0.256s (orig 0.180s) rc=1 demoted=23.7MiB read=46.2MiB
  [lazy] call 181 step 182: 0.255s (orig 0.182s) rc=1 demoted=24.0MiB read=45.1MiB
  [lazy] call 182 step 183: 0.260s (orig 0.185s) rc=0 demoted=23.4MiB read=45.8MiB
  [lazy] call 183 step 184: 0.259s (orig 0.189s) rc=0 demoted=23.3MiB read=45.8MiB
  [lazy] call 184 step 185: 0.260s (orig 0.180s) rc=1 demoted=23.4MiB read=46.7MiB
  [lazy] call 185 step 186: 0.262s (orig 0.183s) rc=1 demoted=23.9MiB read=46.7MiB
  [lazy] call 186 step 187: 0.253s (orig 0.183s) rc=0 demoted=24.7MiB read=43.1MiB
  [lazy] call 187 step 188: 0.275s (orig 0.194s) rc=0 demoted=22.1MiB read=56.3MiB
  [lazy] call 188 step 189: 0.257s (orig 0.184s) rc=0 demoted=28.7MiB read=45.9MiB
  [lazy] call 189 step 190: 0.263s (orig 0.204s) rc=0 demoted=23.5MiB read=44.8MiB
  [lazy] call 190 step 191: 0.276s (orig 0.201s) rc=0 demoted=22.9MiB read=55.6MiB
  [lazy] call 191 step 192: 0.259s (orig 0.182s) rc=0 demoted=28.4MiB read=46.4MiB
  [lazy] call 192 step 193: 0.679s (orig 0.480s) rc=0 demoted=23.8MiB read=105.2MiB
  [lazy] call 193 step 194: 0.264s (orig 0.189s) rc=0 demoted=52.9MiB read=47.1MiB
  [lazy] call 194 step 195: 0.671s (orig 0.485s) rc=0 demoted=25.0MiB read=102.7MiB
  [lazy] call 195 step 196: 0.271s (orig 0.195s) rc=0 demoted=52.2MiB read=47.1MiB
  [lazy] call 196 step 197: 0.677s (orig 0.484s) rc=0 demoted=24.6MiB read=105.0MiB
  [lazy] call 197 step 198: 0.262s (orig 0.189s) rc=0 demoted=52.9MiB read=47.0MiB
  [lazy] call 198 step 199: 0.675s (orig 0.486s) rc=0 demoted=24.3MiB read=105.0MiB
  [lazy] call 199 step 200: 0.265s (orig 0.191s) rc=0 demoted=53.0MiB read=46.7MiB
  [lazy] call 200 step 201: 0.675s (orig 0.480s) rc=0 demoted=24.3MiB read=104.6MiB
  [lazy] call 201 step 202: 0.253s (orig 0.184s) rc=0 demoted=52.7MiB read=46.1MiB
  [lazy] call 202 step 203: 0.256s (orig 0.180s) rc=0 demoted=23.5MiB read=43.5MiB
  [lazy] call 203 step 204: 0.282s (orig 0.198s) rc=0 demoted=22.3MiB read=56.5MiB
  [lazy] call 204 step 205: 0.259s (orig 0.183s) rc=0 demoted=28.5MiB read=46.1MiB
  [lazy] call 205 step 206: 0.673s (orig 0.486s) rc=0 demoted=23.5MiB read=105.0MiB
  [lazy] call 206 step 207: 0.263s (orig 0.188s) rc=0 demoted=53.1MiB read=47.0MiB
  [lazy] call 207 step 208: 0.675s (orig 0.483s) rc=0 demoted=24.3MiB read=105.0MiB
  [lazy] call 208 step 209: 0.259s (orig 0.179s) rc=0 demoted=53.0MiB read=44.8MiB
  [lazy] call 209 step 210: 0.659s (orig 0.465s) rc=0 demoted=22.9MiB read=104.7MiB
  [lazy] call 210 step 211: 0.265s (orig 0.181s) rc=0 demoted=53.4MiB read=45.1MiB
  [lazy] call 211 step 212: 0.658s (orig 0.457s) rc=0 demoted=23.1MiB read=105.1MiB
  [lazy] call 212 step 213: 0.265s (orig 0.189s) rc=0 demoted=53.2MiB read=47.0MiB
  [lazy] call 213 step 214: 0.675s (orig 0.481s) rc=0 demoted=24.1MiB read=105.0MiB
  [lazy] call 214 step 215: 0.262s (orig 0.183s) rc=0 demoted=54.5MiB read=44.8MiB
  [lazy] call 215 step 216: 0.278s (orig 0.199s) rc=0 demoted=22.9MiB read=56.6MiB
  [lazy] call 216 step 217: 0.674s (orig 0.475s) rc=0 demoted=28.6MiB read=105.0MiB
  [lazy] call 217 step 218: 0.260s (orig 0.183s) rc=0 demoted=53.1MiB read=46.2MiB
  [lazy] call 218 step 219: 0.660s (orig 0.460s) rc=0 demoted=23.5MiB read=104.8MiB
  [lazy] call 219 step 220: 0.647s (orig 0.461s) rc=0 demoted=55.1MiB read=99.6MiB
  [lazy] call 220 step 221: 0.257s (orig 0.184s) rc=0 demoted=52.8MiB read=43.6MiB
  [lazy] call 221 step 222: 0.280s (orig 0.200s) rc=0 demoted=22.3MiB read=56.4MiB
  [lazy] call 222 step 223: 0.668s (orig 0.466s) rc=0 demoted=29.4MiB read=103.4MiB
  [lazy] call 223 step 224: 0.257s (orig 0.182s) rc=1 demoted=53.6MiB read=44.7MiB
  [lazy] call 224 step 225: 0.276s (orig 0.184s) rc=0 demoted=22.9MiB read=51.2MiB
  [lazy] call 225 step 226: 0.257s (orig 0.184s) rc=0 demoted=25.9MiB read=46.1MiB
  [lazy] call 226 step 227: 0.259s (orig 0.182s) rc=0 demoted=23.8MiB read=47.0MiB
  [lazy] call 227 step 228: 0.673s (orig 0.486s) rc=1 demoted=24.2MiB read=105.2MiB
  [lazy] call 228 step 229: 0.266s (orig 0.186s) rc=0 demoted=53.2MiB read=47.0MiB
  [lazy] call 229 step 230: 0.670s (orig 0.472s) rc=0 demoted=24.4MiB read=104.9MiB
  [lazy] call 230 step 231: 0.267s (orig 0.189s) rc=0 demoted=53.2MiB read=47.4MiB
  [lazy] call 231 step 232: 0.671s (orig 0.468s) rc=0 demoted=24.2MiB read=105.2MiB
  [lazy] call 232 step 233: 0.258s (orig 0.182s) rc=1 demoted=53.1MiB read=47.0MiB
  [lazy] call 233 step 234: 0.255s (orig 0.188s) rc=0 demoted=24.1MiB read=44.8MiB
  [lazy] call 234 step 235: 0.279s (orig 0.197s) rc=0 demoted=22.9MiB read=56.6MiB
  [lazy] call 235 step 236: 0.678s (orig 0.480s) rc=0 demoted=28.7MiB read=105.1MiB
  [lazy] call 236 step 237: 0.256s (orig 0.183s) rc=0 demoted=52.9MiB read=44.9MiB
  [lazy] call 237 step 238: 0.257s (orig 0.190s) rc=0 demoted=22.8MiB read=44.8MiB
  [lazy] call 238 step 239: 0.279s (orig 0.201s) rc=0 demoted=23.1MiB read=56.6MiB
  [lazy] call 239 step 240: 0.671s (orig 0.467s) rc=0 demoted=28.6MiB read=105.1MiB
  [lazy] call 240 step 241: 0.258s (orig 0.185s) rc=0 demoted=53.0MiB read=44.8MiB
  [lazy] call 241 step 242: 0.259s (orig 0.182s) rc=0 demoted=22.8MiB read=44.9MiB
  [lazy] call 242 step 243: 0.279s (orig 0.203s) rc=0 demoted=23.4MiB read=56.6MiB
  [lazy] call 243 step 244: 0.383s (orig 0.266s) rc=1 demoted=28.6MiB read=82.1MiB
  [lazy] call 244 step 245: 0.257s (orig 0.184s) rc=0 demoted=41.3MiB read=44.8MiB
  [lazy] call 245 step 246: 0.281s (orig 0.200s) rc=0 demoted=23.0MiB read=56.6MiB
  [lazy] call 246 step 247: 0.385s (orig 0.259s) rc=1 demoted=28.6MiB read=82.1MiB
  [lazy] call 247 step 249: 0.258s (orig 0.184s) rc=0 demoted=41.4MiB read=44.8MiB
  [lazy] call 248 step 250: 0.280s (orig 0.197s) rc=0 demoted=23.0MiB read=56.6MiB
[26/58] django__django-11964 lazy: total=79.409865461 orig=56.308891378000006 mismatches=0 err=None
[27/58] django__django-11999 regular
minisweagent.environment: DEBUG: Starting container with command: docker run -d --name   
minisweagent-12634ed3 -w /testbed --rm                                                   
docker.io/swebench/sweb.eval.x86_64.django_1776_django-11999:latest sleep 2h             
minisweagent.environment: INFO: Started container minisweagent-12634ed3 with ID          
394bad6df111f3144da4bc31989469e8291c40ebd456fdfef7ab318821316f9a                         
  [regular] call 1 step 1: 0.266s (orig 0.188s) rc=0 demoted=0.0MiB read=42.4MiB
  [regular] call 2 step 2: 0.528s (orig 0.279s) rc=0 demoted=0.0MiB read=21.8MiB
  [regular] call 3 step 3: 0.186s (orig 0.182s) rc=1 demoted=0.0MiB read=0.2MiB
  [regular] call 4 step 4: 0.259s (orig 0.244s) rc=0 demoted=0.0MiB read=1.5MiB
  [regular] call 5 step 5: 0.182s (orig 0.178s) rc=0 demoted=0.0MiB read=0.0MiB
  [regular] call 6 step 6: 0.181s (orig 0.184s) rc=0 demoted=0.0MiB read=0.0MiB
  [regular] call 7 step 7: 0.281s (orig 0.217s) rc=0 demoted=0.0MiB read=6.4MiB
  [regular] call 8 step 8: 0.206s (orig 0.212s) rc=0 demoted=0.0MiB read=0.0MiB
  [regular] call 9 step 9: 0.206s (orig 0.206s) rc=0 demoted=0.0MiB read=0.0MiB
  [regular] call 10 step 10: 3.318s (orig 3.099s) rc=0 demoted=0.0MiB read=23.8MiB
  [regular] call 11 step 11: 0.184s (orig 0.184s) rc=0 demoted=0.0MiB read=0.0MiB
  [regular] call 12 step 12: 0.179s (orig 0.180s) rc=0 demoted=0.0MiB read=0.1MiB
  [regular] call 13 step 13: 0.725s (orig 0.628s) rc=1 demoted=0.0MiB read=51.9MiB
  [regular] call 14 step 14: 0.179s (orig 0.179s) rc=0 demoted=0.0MiB read=0.0MiB
  [regular] call 15 step 15: 0.471s (orig 0.450s) rc=0 demoted=0.0MiB read=4.6MiB
  [regular] call 16 step 16: 0.183s (orig 0.181s) rc=0 demoted=0.0MiB read=0.4MiB
  [regular] call 17 step 18: 0.183s (orig 0.181s) rc=0 demoted=0.0MiB read=0.0MiB
  [regular] call 18 step 19: 0.180s (orig 0.180s) rc=0 demoted=0.0MiB read=0.0MiB
  [regular] call 19 step 20: 0.182s (orig 0.179s) rc=0 demoted=0.0MiB read=0.0MiB
  [regular] call 20 step 21: 0.179s (orig 0.176s) rc=0 demoted=0.0MiB read=0.0MiB
  [regular] call 21 step 22: 0.179s (orig 0.174s) rc=0 demoted=0.0MiB read=0.0MiB
  [regular] call 22 step 23: 0.189s (orig 0.184s) rc=2 demoted=0.0MiB read=0.6MiB
  [regular] call 23 step 24: 0.185s (orig 0.177s) rc=0 demoted=0.0MiB read=0.2MiB
  [regular] call 24 step 25: 0.181s (orig 0.180s) rc=0 demoted=0.0MiB read=0.0MiB
  [regular] call 25 step 26: 0.258s (orig 0.254s) rc=1 demoted=0.0MiB read=0.0MiB
  [regular] call 26 step 27: 0.187s (orig 0.179s) rc=0 demoted=0.0MiB read=0.0MiB
  [regular] call 27 step 28: 0.185s (orig 0.173s) rc=0 demoted=0.0MiB read=0.0MiB
  [regular] call 28 step 29: 0.182s (orig 0.175s) rc=0 demoted=0.0MiB read=0.0MiB
  [regular] call 29 step 30: 0.450s (orig 0.443s) rc=0 demoted=0.0MiB read=0.0MiB
  [regular] call 30 step 31: 0.201s (orig 0.184s) rc=0 demoted=0.0MiB read=27.7MiB
  [regular] call 31 step 32: 0.189s (orig 0.187s) rc=0 demoted=0.0MiB read=0.0MiB
  [regular] call 32 step 33: 0.179s (orig 0.180s) rc=0 demoted=0.0MiB read=0.0MiB
  [regular] call 33 step 34: 0.179s (orig 0.178s) rc=0 demoted=0.0MiB read=0.0MiB
[27/58] django__django-11999 regular: total=11.003018600999999 orig=10.171896384 mismatches=32 err=None
[27/58] django__django-11999 lazy
minisweagent.environment: DEBUG: Starting container with command: docker run -d --name   
minisweagent-4b3a7617 -w /testbed --rm                                                   
docker.io/swebench/sweb.eval.x86_64.django_1776_django-11999:latest sleep 2h             
minisweagent.environment: INFO: Started container minisweagent-4b3a7617 with ID          
ea25068834e33b1dee836dc3823fbc00bb2893385283557e1539172abc1ef1cc                         
  [lazy] call 1 step 1: 0.273s (orig 0.188s) rc=0 demoted=3.3MiB read=47.7MiB
  [lazy] call 2 step 2: 0.603s (orig 0.279s) rc=0 demoted=24.3MiB read=69.0MiB
  [lazy] call 3 step 3: 0.263s (orig 0.182s) rc=1 demoted=35.5MiB read=46.9MiB
  [lazy] call 4 step 4: 0.340s (orig 0.244s) rc=0 demoted=23.8MiB read=50.5MiB
  [lazy] call 5 step 5: 0.264s (orig 0.178s) rc=0 demoted=29.6MiB read=46.8MiB
  [lazy] call 6 step 6: 0.259s (orig 0.184s) rc=0 demoted=24.1MiB read=46.8MiB
  [lazy] call 7 step 7: 0.360s (orig 0.217s) rc=0 demoted=23.9MiB read=55.4MiB
  [lazy] call 8 step 8: 0.361s (orig 0.212s) rc=0 demoted=28.6MiB read=55.2MiB
  [lazy] call 9 step 9: 0.358s (orig 0.206s) rc=0 demoted=30.4MiB read=53.7MiB
  [lazy] call 10 step 10: 3.478s (orig 3.099s) rc=0 demoted=27.9MiB read=79.0MiB
  [lazy] call 11 step 11: 0.262s (orig 0.184s) rc=0 demoted=44.3MiB read=47.0MiB
  [lazy] call 12 step 12: 0.260s (orig 0.180s) rc=0 demoted=24.1MiB read=44.9MiB
  [lazy] call 13 step 13: 0.818s (orig 0.628s) rc=1 demoted=24.2MiB read=99.7MiB
  [lazy] call 14 step 14: 0.262s (orig 0.179s) rc=0 demoted=53.0MiB read=44.8MiB
  [lazy] call 15 step 15: 0.663s (orig 0.450s) rc=0 demoted=24.0MiB read=104.4MiB
  [lazy] call 16 step 16: 0.265s (orig 0.181s) rc=0 demoted=53.0MiB read=47.5MiB
  [lazy] call 17 step 18: 0.256s (orig 0.181s) rc=0 demoted=24.4MiB read=45.4MiB
  [lazy] call 18 step 19: 0.259s (orig 0.180s) rc=0 demoted=23.4MiB read=47.0MiB
  [lazy] call 19 step 20: 0.261s (orig 0.179s) rc=0 demoted=23.9MiB read=47.0MiB
  [lazy] call 20 step 21: 0.260s (orig 0.176s) rc=0 demoted=24.2MiB read=45.5MiB
  [lazy] call 21 step 22: 0.262s (orig 0.174s) rc=0 demoted=23.5MiB read=45.4MiB
  [lazy] call 22 step 23: 0.264s (orig 0.184s) rc=2 demoted=23.2MiB read=48.0MiB
  [lazy] call 23 step 24: 0.268s (orig 0.177s) rc=0 demoted=24.9MiB read=47.9MiB
  [lazy] call 24 step 25: 0.259s (orig 0.180s) rc=0 demoted=24.9MiB read=46.8MiB
  [lazy] call 25 step 26: 0.381s (orig 0.254s) rc=1 demoted=24.0MiB read=81.4MiB
  [lazy] call 26 step 27: 0.263s (orig 0.179s) rc=0 demoted=41.5MiB read=47.0MiB
  [lazy] call 27 step 28: 0.261s (orig 0.173s) rc=0 demoted=24.0MiB read=46.5MiB
  [lazy] call 28 step 29: 0.258s (orig 0.175s) rc=0 demoted=23.6MiB read=46.4MiB
  [lazy] call 29 step 30: 0.644s (orig 0.443s) rc=0 demoted=23.7MiB read=103.6MiB
  [lazy] call 30 step 31: 0.284s (orig 0.184s) rc=0 demoted=53.3MiB read=81.6MiB
  [lazy] call 31 step 32: 0.276s (orig 0.187s) rc=0 demoted=41.3MiB read=81.5MiB
  [lazy] call 32 step 33: 0.262s (orig 0.180s) rc=0 demoted=41.6MiB read=45.0MiB
  [lazy] call 33 step 34: 0.258s (orig 0.178s) rc=0 demoted=23.1MiB read=45.3MiB
[27/58] django__django-11999 lazy: total=14.062808383999998 orig=10.171896384 mismatches=32 err=None
[28/58] django__django-12039 regular
minisweagent.environment: DEBUG: Starting container with command: docker run -d --name   
minisweagent-7b186f88 -w /testbed --rm                                                   
docker.io/swebench/sweb.eval.x86_64.django_1776_django-12039:latest sleep 2h             
minisweagent.environment: INFO: Started container minisweagent-7b186f88 with ID          
39a5c9acdcc3f809cfa856b68d049935a922ecc04071833e189338e64eefbc56                         
  [regular] call 1 step 1: 0.269s (orig 0.208s) rc=0 demoted=0.0MiB read=43.5MiB
  [regular] call 2 step 2: 0.531s (orig 0.276s) rc=0 demoted=0.0MiB read=22.0MiB
  [regular] call 3 step 3: 0.183s (orig 0.182s) rc=0 demoted=0.0MiB read=0.1MiB
  [regular] call 4 step 4: 0.267s (orig 0.263s) rc=0 demoted=0.0MiB read=0.0MiB
  [regular] call 5 step 5: 0.185s (orig 0.178s) rc=0 demoted=0.0MiB read=0.0MiB
  [regular] call 6 step 6: 0.270s (orig 0.275s) rc=0 demoted=0.0MiB read=0.0MiB
  [regular] call 7 step 7: 0.197s (orig 0.178s) rc=0 demoted=0.0MiB read=1.0MiB
  [regular] call 8 step 8: 0.185s (orig 0.186s) rc=0 demoted=0.0MiB read=0.0MiB
  [regular] call 9 step 9: 0.186s (orig 0.179s) rc=0 demoted=0.0MiB read=0.0MiB
  [regular] call 10 step 10: 0.181s (orig 0.180s) rc=0 demoted=0.0MiB read=0.0MiB
  [regular] call 11 step 11: 0.189s (orig 0.179s) rc=0 demoted=0.0MiB read=0.0MiB
  [regular] call 12 step 12: 0.186s (orig 0.180s) rc=0 demoted=0.0MiB read=0.0MiB
  [regular] call 13 step 13: 0.190s (orig 0.176s) rc=0 demoted=0.0MiB read=0.0MiB
  [regular] call 14 step 14: 0.185s (orig 0.175s) rc=1 demoted=0.0MiB read=0.6MiB
  [regular] call 15 step 15: 0.215s (orig 0.196s) rc=1 demoted=0.0MiB read=11.3MiB
  [regular] call 16 step 17: 0.187s (orig 0.178s) rc=0 demoted=0.0MiB read=0.0MiB
  [regular] call 17 step 18: 0.210s (orig 0.194s) rc=1 demoted=0.0MiB read=0.0MiB
  [regular] call 18 step 19: 0.205s (orig 0.188s) rc=0 demoted=0.0MiB read=0.0MiB
  [regular] call 19 step 20: 0.185s (orig 0.181s) rc=0 demoted=0.0MiB read=0.0MiB
  [regular] call 20 step 21: 0.204s (orig 0.194s) rc=0 demoted=0.0MiB read=0.0MiB
  [regular] call 21 step 22: 0.184s (orig 0.174s) rc=0 demoted=0.0MiB read=0.0MiB
  [regular] call 22 step 23: 0.313s (orig 0.275s) rc=1 demoted=0.0MiB read=23.7MiB
  [regular] call 23 step 24: 0.259s (orig 0.243s) rc=0 demoted=0.0MiB read=0.0MiB
  [regular] call 24 step 25: 0.203s (orig 0.183s) rc=0 demoted=0.0MiB read=27.5MiB
  [regular] call 25 step 26: 0.187s (orig 0.175s) rc=0 demoted=0.0MiB read=0.0MiB
  [regular] call 26 step 27: 0.184s (orig 0.178s) rc=0 demoted=0.0MiB read=0.0MiB
[28/58] django__django-12039 regular: total=5.741342689 orig=5.175419187 mismatches=25 err=None
[28/58] django__django-12039 lazy
minisweagent.environment: DEBUG: Starting container with command: docker run -d --name   
minisweagent-b34ebdd0 -w /testbed --rm                                                   
docker.io/swebench/sweb.eval.x86_64.django_1776_django-12039:latest sleep 2h             
minisweagent.environment: INFO: Started container minisweagent-b34ebdd0 with ID          
e5a262e2cde573a2d044feb3ef93873f80bf30a28c5e3a9e9975f75b038d3019                         
  [lazy] call 1 step 1: 0.269s (orig 0.208s) rc=0 demoted=3.7MiB read=47.4MiB
  [lazy] call 2 step 2: 0.603s (orig 0.276s) rc=0 demoted=24.0MiB read=66.3MiB
  [lazy] call 3 step 3: 0.264s (orig 0.182s) rc=0 demoted=33.9MiB read=45.1MiB
  [lazy] call 4 step 4: 0.610s (orig 0.263s) rc=0 demoted=23.0MiB read=67.8MiB
  [lazy] call 5 step 5: 0.256s (orig 0.178s) rc=0 demoted=36.1MiB read=44.5MiB
  [lazy] call 6 step 6: 0.588s (orig 0.275s) rc=0 demoted=23.7MiB read=63.5MiB
  [lazy] call 7 step 7: 0.260s (orig 0.178s) rc=0 demoted=36.6MiB read=45.9MiB
  [lazy] call 8 step 8: 0.256s (orig 0.186s) rc=0 demoted=23.6MiB read=45.8MiB
  [lazy] call 9 step 9: 0.257s (orig 0.179s) rc=0 demoted=23.5MiB read=45.5MiB
  [lazy] call 10 step 10: 0.257s (orig 0.180s) rc=0 demoted=23.6MiB read=45.6MiB
  [lazy] call 11 step 11: 0.266s (orig 0.179s) rc=0 demoted=23.5MiB read=46.7MiB
  [lazy] call 12 step 12: 0.257s (orig 0.180s) rc=0 demoted=23.9MiB read=45.4MiB
  [lazy] call 13 step 13: 0.254s (orig 0.176s) rc=0 demoted=23.5MiB read=45.4MiB
  [lazy] call 14 step 14: 0.260s (orig 0.175s) rc=1 demoted=23.9MiB read=46.5MiB
  [lazy] call 15 step 15: 0.287s (orig 0.196s) rc=1 demoted=24.4MiB read=57.8MiB
  [lazy] call 16 step 17: 0.262s (orig 0.178s) rc=0 demoted=29.3MiB read=45.9MiB
  [lazy] call 17 step 18: 0.281s (orig 0.194s) rc=1 demoted=23.3MiB read=55.5MiB
  [lazy] call 18 step 19: 0.281s (orig 0.188s) rc=0 demoted=28.1MiB read=55.5MiB
  [lazy] call 19 step 20: 0.259s (orig 0.181s) rc=0 demoted=28.3MiB read=45.6MiB
  [lazy] call 20 step 21: 0.280s (orig 0.194s) rc=0 demoted=23.3MiB read=55.6MiB
  [lazy] call 21 step 22: 0.259s (orig 0.174s) rc=0 demoted=28.1MiB read=45.7MiB
  [lazy] call 22 step 23: 0.394s (orig 0.275s) rc=1 demoted=23.6MiB read=79.4MiB
  [lazy] call 23 step 24: 0.368s (orig 0.243s) rc=0 demoted=41.9MiB read=78.5MiB
  [lazy] call 24 step 25: 0.266s (orig 0.183s) rc=0 demoted=41.0MiB read=78.4MiB
  [lazy] call 25 step 26: 0.255s (orig 0.175s) rc=0 demoted=40.2MiB read=44.4MiB
  [lazy] call 26 step 27: 0.253s (orig 0.178s) rc=0 demoted=22.8MiB read=44.4MiB
[28/58] django__django-12039 lazy: total=8.102935603 orig=5.175419187 mismatches=25 err=None
[29/58] django__django-12050 regular
minisweagent.environment: DEBUG: Starting container with command: docker run -d --name   
minisweagent-8378f8d9 -w /testbed --rm                                                   
docker.io/swebench/sweb.eval.x86_64.django_1776_django-12050:latest sleep 2h             
minisweagent.environment: INFO: Started container minisweagent-8378f8d9 with ID          
a84b8f3486d5cc9a3fadcaa79af73bd7f00ce7b6adbc79d7f22cdd48b458ba04                         
  [regular] call 1 step 1: 1.048s (orig 0.380s) rc=0 demoted=0.0MiB read=107.3MiB
  [regular] call 2 step 2: 0.187s (orig 0.175s) rc=0 demoted=0.0MiB read=0.0MiB
  [regular] call 3 step 3: 0.185s (orig 0.176s) rc=0 demoted=0.0MiB read=0.0MiB
  [regular] call 4 step 4: 0.187s (orig 0.179s) rc=0 demoted=0.0MiB read=0.1MiB
  [regular] call 5 step 5: 0.587s (orig 0.530s) rc=0 demoted=0.0MiB read=44.5MiB
  [regular] call 6 step 7: 0.185s (orig 0.184s) rc=0 demoted=0.0MiB read=0.3MiB
  [regular] call 7 step 8: 0.184s (orig 0.178s) rc=0 demoted=0.0MiB read=0.0MiB
  [regular] call 8 step 9: 0.371s (orig 0.372s) rc=0 demoted=0.0MiB read=0.0MiB
  [regular] call 9 step 10: 0.195s (orig 0.191s) rc=0 demoted=0.0MiB read=27.4MiB
  [regular] call 10 step 11: 0.182s (orig 0.182s) rc=0 demoted=0.0MiB read=0.0MiB
  [regular] call 11 step 13: 0.182s (orig 0.182s) rc=0 demoted=0.0MiB read=0.0MiB
[29/58] django__django-12050 regular: total=3.493986594 orig=2.7275009760000004 mismatches=10 err=None
[29/58] django__django-12050 lazy
minisweagent.environment: DEBUG: Starting container with command: docker run -d --name   
minisweagent-ba130224 -w /testbed --rm                                                   
docker.io/swebench/sweb.eval.x86_64.django_1776_django-12050:latest sleep 2h             
minisweagent.environment: INFO: Started container minisweagent-ba130224 with ID          
7c86586ccab57628216aafba3537e29ac7dc22c32a154d8b683306d3171ef8c9                         
  [lazy] call 1 step 1: 1.034s (orig 0.380s) rc=0 demoted=3.4MiB read=111.7MiB
  [lazy] call 2 step 2: 0.264s (orig 0.175s) rc=0 demoted=58.8MiB read=46.4MiB
  [lazy] call 3 step 3: 0.256s (orig 0.176s) rc=0 demoted=23.8MiB read=46.0MiB
  [lazy] call 4 step 4: 0.263s (orig 0.179s) rc=0 demoted=23.6MiB read=44.6MiB
  [lazy] call 5 step 5: 0.683s (orig 0.530s) rc=0 demoted=23.0MiB read=92.5MiB
  [lazy] call 6 step 7: 0.253s (orig 0.184s) rc=0 demoted=48.6MiB read=42.9MiB
  [lazy] call 7 step 8: 0.252s (orig 0.178s) rc=0 demoted=22.2MiB read=40.6MiB
  [lazy] call 8 step 9: 0.521s (orig 0.372s) rc=0 demoted=20.9MiB read=90.5MiB
  [lazy] call 9 step 10: 0.275s (orig 0.191s) rc=0 demoted=45.6MiB read=80.6MiB
  [lazy] call 10 step 11: 0.262s (orig 0.182s) rc=0 demoted=40.9MiB read=44.6MiB
  [lazy] call 11 step 13: 0.256s (orig 0.182s) rc=0 demoted=22.7MiB read=44.6MiB
[29/58] django__django-12050 lazy: total=4.320445325000001 orig=2.7275009760000004 mismatches=10 err=None
[30/58] django__django-12125 regular
minisweagent.environment: DEBUG: Starting container with command: docker run -d --name   
minisweagent-d2fe577d -w /testbed --rm                                                   
docker.io/swebench/sweb.eval.x86_64.django_1776_django-12125:latest sleep 2h             
minisweagent.environment: INFO: Started container minisweagent-d2fe577d with ID          
29e07410e3f3eea5ed0e5154ed78a974a34b7a2546ad4e780615afb536242384                         
  [regular] call 1 step 1: 0.263s (orig 0.184s) rc=0 demoted=0.0MiB read=42.2MiB
  [regular] call 2 step 2: 0.177s (orig 0.173s) rc=2 demoted=0.0MiB read=0.0MiB
  [regular] call 3 step 3: 0.528s (orig 0.268s) rc=0 demoted=0.0MiB read=22.0MiB
  [regular] call 4 step 4: 0.182s (orig 0.191s) rc=0 demoted=0.0MiB read=0.1MiB
  [regular] call 5 step 5: 0.179s (orig 0.179s) rc=0 demoted=0.0MiB read=0.0MiB
  [regular] call 6 step 6: 0.180s (orig 0.177s) rc=0 demoted=0.0MiB read=0.0MiB
  [regular] call 7 step 7: 0.178s (orig 0.177s) rc=0 demoted=0.0MiB read=0.3MiB
  [regular] call 8 step 8: 0.183s (orig 0.179s) rc=0 demoted=0.0MiB read=0.0MiB
  [regular] call 9 step 9: 0.180s (orig 0.178s) rc=0 demoted=0.0MiB read=0.0MiB
  [regular] call 10 step 10: 0.181s (orig 0.181s) rc=0 demoted=0.0MiB read=0.0MiB
  [regular] call 11 step 11: 0.181s (orig 0.176s) rc=0 demoted=0.0MiB read=0.3MiB
  [regular] call 12 step 12: 0.181s (orig 0.175s) rc=0 demoted=0.0MiB read=0.0MiB
  [regular] call 13 step 13: 0.182s (orig 0.179s) rc=0 demoted=0.0MiB read=0.3MiB
  [regular] call 14 step 14: 0.181s (orig 0.181s) rc=0 demoted=0.0MiB read=0.0MiB
  [regular] call 15 step 15: 0.184s (orig 0.177s) rc=0 demoted=0.0MiB read=0.0MiB
  [regular] call 16 step 16: 0.180s (orig 0.178s) rc=0 demoted=0.0MiB read=0.0MiB
  [regular] call 17 step 17: 0.184s (orig 0.180s) rc=0 demoted=0.0MiB read=0.0MiB
  [regular] call 18 step 18: 0.181s (orig 0.181s) rc=0 demoted=0.0MiB read=0.0MiB
  [regular] call 19 step 19: 0.188s (orig 0.181s) rc=0 demoted=0.0MiB read=0.1MiB
  [regular] call 20 step 20: 0.183s (orig 0.185s) rc=0 demoted=0.0MiB read=0.2MiB
  [regular] call 21 step 21: 0.185s (orig 0.180s) rc=0 demoted=0.0MiB read=0.0MiB
  [regular] call 22 step 22: 0.346s (orig 0.296s) rc=1 demoted=0.0MiB read=35.6MiB
  [regular] call 23 step 23: 0.180s (orig 0.181s) rc=0 demoted=0.0MiB read=0.1MiB
  [regular] call 24 step 24: 0.190s (orig 0.194s) rc=0 demoted=0.0MiB read=0.0MiB
  [regular] call 25 step 25: 0.189s (orig 0.178s) rc=2 demoted=0.0MiB read=0.0MiB
  [regular] call 26 step 26: 0.197s (orig 0.191s) rc=0 demoted=0.0MiB read=0.0MiB
  [regular] call 27 step 27: 0.182s (orig 0.176s) rc=0 demoted=0.0MiB read=0.0MiB
  [regular] call 28 step 28: 0.184s (orig 0.177s) rc=0 demoted=0.0MiB read=0.0MiB
  [regular] call 29 step 29: 0.193s (orig 0.193s) rc=0 demoted=0.0MiB read=0.0MiB
  [regular] call 30 step 30: 0.198s (orig 0.191s) rc=0 demoted=0.0MiB read=0.0MiB
  [regular] call 31 step 31: 0.191s (orig 0.192s) rc=1 demoted=0.0MiB read=0.0MiB
  [regular] call 32 step 32: 0.178s (orig 0.177s) rc=0 demoted=0.0MiB read=0.0MiB
  [regular] call 33 step 33: 0.530s (orig 0.488s) rc=1 demoted=0.0MiB read=12.3MiB
  [regular] call 34 step 34: 0.431s (orig 0.412s) rc=1 demoted=0.0MiB read=3.4MiB
  [regular] call 35 step 35: 0.181s (orig 0.179s) rc=0 demoted=0.0MiB read=0.0MiB
  [regular] call 36 step 36: 0.509s (orig 0.485s) rc=1 demoted=0.0MiB read=6.8MiB
  [regular] call 37 step 37: 0.190s (orig 0.178s) rc=0 demoted=0.0MiB read=0.0MiB
  [regular] call 38 step 38: 0.447s (orig 0.428s) rc=1 demoted=0.0MiB read=0.0MiB
  [regular] call 39 step 39: 0.187s (orig 0.177s) rc=0 demoted=0.0MiB read=0.0MiB
  [regular] call 40 step 40: 0.181s (orig 0.177s) rc=0 demoted=0.0MiB read=0.0MiB
  [regular] call 41 step 41: 0.193s (orig 0.190s) rc=0 demoted=0.0MiB read=0.0MiB
  [regular] call 42 step 42: 0.182s (orig 0.178s) rc=0 demoted=0.0MiB read=0.0MiB
  [regular] call 43 step 43: 0.193s (orig 0.191s) rc=0 demoted=0.0MiB read=0.0MiB
  [regular] call 44 step 44: 0.195s (orig 0.187s) rc=0 demoted=0.0MiB read=0.0MiB
  [regular] call 45 step 45: 0.196s (orig 0.189s) rc=0 demoted=0.0MiB read=0.0MiB
  [regular] call 46 step 46: 0.401s (orig 0.404s) rc=1 demoted=0.0MiB read=0.0MiB
  [regular] call 47 step 47: 0.178s (orig 0.177s) rc=0 demoted=0.0MiB read=0.0MiB
  [regular] call 48 step 48: 0.450s (orig 0.436s) rc=0 demoted=0.0MiB read=0.0MiB
  [regular] call 49 step 49: 0.199s (orig 0.193s) rc=0 demoted=0.0MiB read=0.0MiB
  [regular] call 50 step 50: 0.180s (orig 0.182s) rc=0 demoted=0.0MiB read=0.0MiB
  [regular] call 51 step 51: 0.194s (orig 0.192s) rc=0 demoted=0.0MiB read=0.0MiB
  [regular] call 52 step 52: 0.193s (orig 0.192s) rc=0 demoted=0.0MiB read=0.0MiB
  [regular] call 53 step 53: 0.196s (orig 0.192s) rc=0 demoted=0.0MiB read=0.0MiB
  [regular] call 54 step 54: 0.179s (orig 0.178s) rc=0 demoted=0.0MiB read=0.0MiB
  [regular] call 55 step 55: 0.478s (orig 0.470s) rc=0 demoted=0.0MiB read=0.5MiB
  [regular] call 56 step 56: 0.461s (orig 0.452s) rc=1 demoted=0.0MiB read=0.0MiB
  [regular] call 57 step 57: 0.459s (orig 0.451s) rc=0 demoted=0.0MiB read=0.0MiB
  [regular] call 58 step 58: 0.457s (orig 0.449s) rc=1 demoted=0.0MiB read=0.0MiB
  [regular] call 59 step 59: 0.195s (orig 0.183s) rc=0 demoted=0.0MiB read=27.3MiB
  [regular] call 60 step 60: 0.181s (orig 0.180s) rc=0 demoted=0.0MiB read=0.0MiB
  [regular] call 61 step 62: 0.181s (orig 0.178s) rc=0 demoted=0.0MiB read=0.0MiB
[30/58] django__django-12125 regular: total=14.666980681000002 orig=13.973845471999997 mismatches=60 err=None
[30/58] django__django-12125 lazy
minisweagent.environment: DEBUG: Starting container with command: docker run -d --name   
minisweagent-e7a399b3 -w /testbed --rm                                                   
docker.io/swebench/sweb.eval.x86_64.django_1776_django-12125:latest sleep 2h             
minisweagent.environment: INFO: Started container minisweagent-e7a399b3 with ID          
38711194b461d5226e5dd64b7dfbaa797e4342eb32458365f1980b046f2cc87a                         
  [lazy] call 1 step 1: 0.266s (orig 0.184s) rc=0 demoted=3.3MiB read=46.7MiB
  [lazy] call 2 step 2: 0.256s (orig 0.173s) rc=2 demoted=24.0MiB read=44.2MiB
  [lazy] call 3 step 3: 0.609s (orig 0.268s) rc=0 demoted=22.6MiB read=68.2MiB
  [lazy] call 4 step 4: 0.264s (orig 0.191s) rc=0 demoted=34.8MiB read=44.4MiB
  [lazy] call 5 step 5: 0.254s (orig 0.179s) rc=0 demoted=22.7MiB read=45.7MiB
  [lazy] call 6 step 6: 0.256s (orig 0.177s) rc=0 demoted=23.4MiB read=45.7MiB
  [lazy] call 7 step 7: 0.256s (orig 0.177s) rc=0 demoted=23.4MiB read=45.9MiB
  [lazy] call 8 step 8: 0.262s (orig 0.179s) rc=0 demoted=23.7MiB read=45.8MiB
  [lazy] call 9 step 9: 0.256s (orig 0.178s) rc=0 demoted=23.4MiB read=45.8MiB
  [lazy] call 10 step 10: 0.258s (orig 0.181s) rc=0 demoted=23.7MiB read=45.9MiB
  [lazy] call 11 step 11: 0.263s (orig 0.176s) rc=0 demoted=23.7MiB read=46.3MiB
  [lazy] call 12 step 12: 0.265s (orig 0.175s) rc=0 demoted=23.7MiB read=46.4MiB
  [lazy] call 13 step 13: 0.265s (orig 0.179s) rc=0 demoted=23.9MiB read=46.7MiB
  [lazy] call 14 step 14: 0.253s (orig 0.181s) rc=0 demoted=24.2MiB read=45.1MiB
  [lazy] call 15 step 15: 0.262s (orig 0.177s) rc=0 demoted=23.1MiB read=46.5MiB
  [lazy] call 16 step 16: 0.262s (orig 0.178s) rc=0 demoted=24.1MiB read=45.7MiB
  [lazy] call 17 step 17: 0.262s (orig 0.180s) rc=0 demoted=23.4MiB read=46.5MiB
  [lazy] call 18 step 18: 0.258s (orig 0.181s) rc=0 demoted=24.0MiB read=45.6MiB
  [lazy] call 19 step 19: 0.260s (orig 0.181s) rc=0 demoted=23.5MiB read=46.0MiB
  [lazy] call 20 step 20: 0.265s (orig 0.185s) rc=0 demoted=23.7MiB read=46.3MiB
  [lazy] call 21 step 21: 0.262s (orig 0.180s) rc=0 demoted=23.9MiB read=46.3MiB
  [lazy] call 22 step 22: 0.428s (orig 0.296s) rc=1 demoted=23.8MiB read=81.1MiB
  [lazy] call 23 step 23: 0.259s (orig 0.181s) rc=0 demoted=41.5MiB read=44.6MiB
  [lazy] call 24 step 24: 0.281s (orig 0.194s) rc=0 demoted=22.8MiB read=55.2MiB
  [lazy] call 25 step 25: 0.260s (orig 0.178s) rc=2 demoted=28.1MiB read=46.3MiB
  [lazy] call 26 step 26: 0.288s (orig 0.191s) rc=0 demoted=24.0MiB read=57.4MiB
  [lazy] call 27 step 27: 0.260s (orig 0.176s) rc=0 demoted=29.1MiB read=46.3MiB
  [lazy] call 28 step 28: 0.257s (orig 0.177s) rc=0 demoted=24.0MiB read=44.5MiB
  [lazy] call 29 step 29: 0.276s (orig 0.193s) rc=0 demoted=22.9MiB read=55.2MiB
  [lazy] call 30 step 30: 0.274s (orig 0.191s) rc=0 demoted=28.3MiB read=55.2MiB
  [lazy] call 31 step 31: 0.280s (orig 0.192s) rc=1 demoted=28.3MiB read=55.2MiB
  [lazy] call 32 step 32: 0.259s (orig 0.177s) rc=0 demoted=27.9MiB read=44.5MiB
  [lazy] call 33 step 33: 0.652s (orig 0.488s) rc=1 demoted=22.9MiB read=93.6MiB
  [lazy] call 34 step 34: 0.591s (orig 0.412s) rc=1 demoted=48.6MiB read=96.7MiB
  [lazy] call 35 step 35: 0.257s (orig 0.179s) rc=0 demoted=49.4MiB read=44.5MiB
  [lazy] call 36 step 36: 0.681s (orig 0.485s) rc=1 demoted=22.9MiB read=103.1MiB
  [lazy] call 37 step 37: 0.261s (orig 0.178s) rc=0 demoted=53.0MiB read=44.5MiB
  [lazy] call 38 step 38: 0.635s (orig 0.428s) rc=1 demoted=22.8MiB read=103.1MiB
  [lazy] call 39 step 39: 0.258s (orig 0.177s) rc=0 demoted=52.1MiB read=44.5MiB
  [lazy] call 40 step 40: 0.258s (orig 0.177s) rc=0 demoted=22.7MiB read=44.4MiB
  [lazy] call 41 step 41: 0.280s (orig 0.190s) rc=0 demoted=22.6MiB read=55.1MiB
  [lazy] call 42 step 42: 0.257s (orig 0.178s) rc=0 demoted=28.2MiB read=46.1MiB
  [lazy] call 43 step 43: 0.277s (orig 0.191s) rc=0 demoted=23.8MiB read=55.2MiB
  [lazy] call 44 step 44: 0.277s (orig 0.187s) rc=0 demoted=28.1MiB read=55.2MiB
  [lazy] call 45 step 45: 0.275s (orig 0.189s) rc=0 demoted=28.4MiB read=55.2MiB
  [lazy] call 46 step 46: 0.571s (orig 0.404s) rc=1 demoted=28.2MiB read=96.8MiB
  [lazy] call 47 step 47: 0.251s (orig 0.177s) rc=0 demoted=51.0MiB read=40.6MiB
  [lazy] call 48 step 48: 0.624s (orig 0.436s) rc=0 demoted=22.2MiB read=102.4MiB
  [lazy] call 49 step 49: 0.277s (orig 0.193s) rc=0 demoted=52.1MiB read=55.1MiB
  [lazy] call 50 step 50: 0.262s (orig 0.182s) rc=0 demoted=28.3MiB read=46.4MiB
  [lazy] call 51 step 51: 0.278s (orig 0.192s) rc=0 demoted=23.7MiB read=55.3MiB
  [lazy] call 52 step 52: 0.279s (orig 0.192s) rc=0 demoted=28.1MiB read=55.3MiB
  [lazy] call 53 step 53: 0.274s (orig 0.192s) rc=0 demoted=28.3MiB read=53.6MiB
  [lazy] call 54 step 54: 0.255s (orig 0.178s) rc=0 demoted=28.1MiB read=45.5MiB
  [lazy] call 55 step 55: 0.671s (orig 0.470s) rc=0 demoted=23.5MiB read=103.7MiB
  [lazy] call 56 step 56: 0.654s (orig 0.452s) rc=1 demoted=52.7MiB read=103.4MiB
  [lazy] call 57 step 57: 0.650s (orig 0.451s) rc=0 demoted=52.5MiB read=103.4MiB
  [lazy] call 58 step 58: 0.649s (orig 0.449s) rc=1 demoted=52.5MiB read=103.6MiB
  [lazy] call 59 step 59: 0.273s (orig 0.183s) rc=0 demoted=55.0MiB read=79.4MiB
  [lazy] call 60 step 60: 0.252s (orig 0.180s) rc=0 demoted=41.8MiB read=43.8MiB
  [lazy] call 61 step 62: 0.247s (orig 0.178s) rc=0 demoted=23.3MiB read=40.5MiB
[30/58] django__django-12125 lazy: total=20.368230915999995 orig=13.973845471999997 mismatches=60 err=None
[31/58] django__django-12143 regular
minisweagent.environment: DEBUG: Starting container with command: docker run -d --name   
minisweagent-b9276d6f -w /testbed --rm                                                   
docker.io/swebench/sweb.eval.x86_64.django_1776_django-12143:latest sleep 2h             
minisweagent.environment: INFO: Started container minisweagent-b9276d6f with ID          
f5533ad995d94143596632b30273ff4b5fdc53c832fa34202d383afbf250e73c                         
  [regular] call 1 step 1: 0.717s (orig 0.314s) rc=0 demoted=0.0MiB read=72.2MiB
  [regular] call 2 step 2: 0.185s (orig 0.180s) rc=0 demoted=0.0MiB read=0.2MiB
  [regular] call 3 step 3: 0.188s (orig 0.179s) rc=0 demoted=0.0MiB read=0.0MiB
  [regular] call 4 step 4: 0.182s (orig 0.175s) rc=2 demoted=0.0MiB read=0.0MiB
  [regular] call 5 step 5: 0.207s (orig 0.195s) rc=1 demoted=0.0MiB read=11.3MiB
  [regular] call 6 step 6: 0.188s (orig 0.186s) rc=0 demoted=0.0MiB read=0.3MiB
  [regular] call 7 step 7: 0.184s (orig 0.178s) rc=0 demoted=0.0MiB read=0.0MiB
  [regular] call 8 step 8: 0.186s (orig 0.182s) rc=0 demoted=0.0MiB read=0.3MiB
  [regular] call 9 step 9: 0.190s (orig 0.178s) rc=0 demoted=0.0MiB read=0.0MiB
  [regular] call 10 step 10: 0.184s (orig 0.174s) rc=0 demoted=0.0MiB read=0.0MiB
  [regular] call 11 step 11: 0.204s (orig 0.204s) rc=1 demoted=0.0MiB read=0.6MiB
  [regular] call 12 step 12: 0.186s (orig 0.178s) rc=127 demoted=0.0MiB read=0.0MiB
  [regular] call 13 step 13: 0.179s (orig 0.176s) rc=0 demoted=0.0MiB read=0.1MiB
  [regular] call 14 step 14: 0.205s (orig 0.198s) rc=0 demoted=0.0MiB read=0.0MiB
  [regular] call 15 step 15: 0.186s (orig 0.178s) rc=0 demoted=0.0MiB read=0.0MiB
  [regular] call 16 step 16: 0.192s (orig 0.182s) rc=0 demoted=0.0MiB read=0.0MiB
  [regular] call 17 step 17: 0.182s (orig 0.178s) rc=0 demoted=0.0MiB read=0.0MiB
  [regular] call 18 step 18: 0.187s (orig 0.183s) rc=0 demoted=0.0MiB read=0.0MiB
  [regular] call 19 step 19: 0.209s (orig 0.202s) rc=1 demoted=0.0MiB read=0.0MiB
  [regular] call 20 step 20: 0.206s (orig 0.197s) rc=0 demoted=0.0MiB read=0.0MiB
  [regular] call 21 step 21: 0.183s (orig 0.180s) rc=0 demoted=0.0MiB read=0.0MiB
  [regular] call 22 step 22: 0.204s (orig 0.202s) rc=0 demoted=0.0MiB read=0.0MiB
  [regular] call 23 step 23: 0.207s (orig 0.203s) rc=0 demoted=0.0MiB read=0.0MiB
  [regular] call 24 step 24: 0.198s (orig 0.197s) rc=1 demoted=0.0MiB read=0.0MiB
  [regular] call 25 step 25: 0.198s (orig 0.193s) rc=0 demoted=0.0MiB read=0.0MiB
  [regular] call 26 step 26: 0.188s (orig 0.178s) rc=0 demoted=0.0MiB read=0.0MiB
  [regular] call 27 step 27: 0.203s (orig 0.183s) rc=0 demoted=0.0MiB read=35.0MiB
  [regular] call 28 step 28: 0.185s (orig 0.181s) rc=0 demoted=0.0MiB read=0.1MiB
  [regular] call 29 step 29: 0.182s (orig 0.175s) rc=0 demoted=0.0MiB read=0.0MiB
[31/58] django__django-12143 regular: total=6.093945035 orig=5.506937303999999 mismatches=28 err=None
[31/58] django__django-12143 lazy
minisweagent.environment: DEBUG: Starting container with command: docker run -d --name   
minisweagent-826ee02e -w /testbed --rm                                                   
docker.io/swebench/sweb.eval.x86_64.django_1776_django-12143:latest sleep 2h             
minisweagent.environment: INFO: Started container minisweagent-826ee02e with ID          
3051c934064da1ef120382ebe31c18f6c2410fe28def7389f62fad290710127e                         
  [lazy] call 1 step 1: 0.716s (orig 0.314s) rc=0 demoted=3.2MiB read=77.4MiB
  [lazy] call 2 step 2: 0.263s (orig 0.180s) rc=0 demoted=39.4MiB read=47.5MiB
  [lazy] call 3 step 3: 0.261s (orig 0.179s) rc=0 demoted=24.9MiB read=45.4MiB
  [lazy] call 4 step 4: 0.251s (orig 0.175s) rc=2 demoted=23.4MiB read=42.9MiB
  [lazy] call 5 step 5: 0.282s (orig 0.195s) rc=1 demoted=22.1MiB read=55.4MiB
  [lazy] call 6 step 6: 0.262s (orig 0.186s) rc=0 demoted=28.1MiB read=45.1MiB
  [lazy] call 7 step 7: 0.251s (orig 0.178s) rc=0 demoted=23.9MiB read=44.4MiB
  [lazy] call 8 step 8: 0.266s (orig 0.182s) rc=0 demoted=22.4MiB read=48.8MiB
  [lazy] call 9 step 9: 0.259s (orig 0.178s) rc=0 demoted=25.0MiB read=47.4MiB
  [lazy] call 10 step 10: 0.265s (orig 0.174s) rc=0 demoted=24.3MiB read=47.4MiB
  [lazy] call 11 step 11: 0.293s (orig 0.204s) rc=1 demoted=24.1MiB read=57.3MiB
  [lazy] call 12 step 12: 0.256s (orig 0.178s) rc=127 demoted=29.1MiB read=45.3MiB
  [lazy] call 13 step 13: 0.261s (orig 0.176s) rc=0 demoted=23.3MiB read=45.5MiB
  [lazy] call 14 step 14: 0.300s (orig 0.198s) rc=0 demoted=23.3MiB read=57.4MiB
  [lazy] call 15 step 15: 0.261s (orig 0.178s) rc=0 demoted=29.1MiB read=46.8MiB
  [lazy] call 16 step 16: 0.262s (orig 0.182s) rc=0 demoted=23.9MiB read=47.4MiB
  [lazy] call 17 step 17: 0.258s (orig 0.178s) rc=0 demoted=24.7MiB read=46.8MiB
  [lazy] call 18 step 18: 0.261s (orig 0.183s) rc=0 demoted=24.6MiB read=48.0MiB
  [lazy] call 19 step 19: 0.294s (orig 0.202s) rc=1 demoted=24.3MiB read=57.9MiB
  [lazy] call 20 step 20: 0.293s (orig 0.197s) rc=0 demoted=29.1MiB read=57.3MiB
  [lazy] call 21 step 21: 0.261s (orig 0.180s) rc=0 demoted=29.1MiB read=47.4MiB
  [lazy] call 22 step 22: 0.297s (orig 0.202s) rc=0 demoted=24.3MiB read=57.4MiB
  [lazy] call 23 step 23: 0.294s (orig 0.203s) rc=0 demoted=29.1MiB read=57.4MiB
  [lazy] call 24 step 24: 0.282s (orig 0.197s) rc=1 demoted=29.0MiB read=56.9MiB
  [lazy] call 25 step 25: 0.283s (orig 0.193s) rc=0 demoted=28.8MiB read=56.8MiB
  [lazy] call 26 step 26: 0.263s (orig 0.178s) rc=0 demoted=28.8MiB read=47.5MiB
  [lazy] call 27 step 27: 0.277s (orig 0.183s) rc=0 demoted=24.4MiB read=80.9MiB
  [lazy] call 28 step 28: 0.257s (orig 0.181s) rc=0 demoted=41.1MiB read=45.5MiB
  [lazy] call 29 step 29: 0.259s (orig 0.175s) rc=0 demoted=23.3MiB read=45.5MiB
[31/58] django__django-12143 lazy: total=8.288046587 orig=5.506937303999999 mismatches=28 err=None
[32/58] django__django-12155 regular
minisweagent.environment: DEBUG: Starting container with command: docker run -d --name   
minisweagent-09e49d4b -w /testbed --rm                                                   
docker.io/swebench/sweb.eval.x86_64.django_1776_django-12155:latest sleep 2h             
minisweagent.environment: INFO: Started container minisweagent-09e49d4b with ID          
280b8ff3a3ccbda654c74d279be90ccf1140377050863546d31bc76941acd7b9                         
  [regular] call 1 step 1: 1.033s (orig 0.396s) rc=0 demoted=0.0MiB read=108.3MiB
  [regular] call 2 step 2: 0.180s (orig 0.179s) rc=0 demoted=0.0MiB read=0.1MiB
  [regular] call 3 step 3: 0.191s (orig 0.177s) rc=0 demoted=0.0MiB read=0.3MiB
  [regular] call 4 step 4: 0.179s (orig 0.180s) rc=0 demoted=0.0MiB read=0.0MiB
  [regular] call 5 step 5: 0.188s (orig 0.176s) rc=0 demoted=0.0MiB read=0.0MiB
  [regular] call 6 step 6: 0.668s (orig 0.592s) rc=1 demoted=0.0MiB read=48.4MiB
  [regular] call 7 step 7: 0.188s (orig 0.185s) rc=0 demoted=0.0MiB read=0.0MiB
  [regular] call 8 step 8: 0.184s (orig 0.176s) rc=0 demoted=0.0MiB read=0.0MiB
  [regular] call 9 step 9: 0.184s (orig 0.183s) rc=0 demoted=0.0MiB read=0.0MiB
  [regular] call 10 step 10: 0.194s (orig 0.186s) rc=0 demoted=0.0MiB read=0.5MiB
  [regular] call 11 step 11: 0.421s (orig 0.422s) rc=0 demoted=0.0MiB read=0.0MiB
  [regular] call 12 step 12: 0.189s (orig 0.174s) rc=0 demoted=0.0MiB read=0.0MiB
  [regular] call 13 step 13: 0.418s (orig 0.405s) rc=0 demoted=0.0MiB read=0.0MiB
  [regular] call 14 step 14: 0.198s (orig 0.188s) rc=0 demoted=0.0MiB read=27.5MiB
  [regular] call 15 step 15: 0.184s (orig 0.178s) rc=0 demoted=0.0MiB read=0.0MiB
  [regular] call 16 step 16: 0.202s (orig 0.193s) rc=4 demoted=0.0MiB read=11.2MiB
  [regular] call 17 step 17: 0.211s (orig 0.205s) rc=0 demoted=0.0MiB read=0.0MiB
  [regular] call 18 step 18: 0.189s (orig 0.190s) rc=0 demoted=0.0MiB read=0.0MiB
  [regular] call 19 step 19: 0.185s (orig 0.179s) rc=0 demoted=0.0MiB read=0.0MiB
  [regular] call 20 step 20: 0.184s (orig 0.186s) rc=2 demoted=0.0MiB read=0.0MiB
  [regular] call 21 step 21: 0.184s (orig 0.178s) rc=2 demoted=0.0MiB read=0.0MiB
  [regular] call 22 step 22: 0.184s (orig 0.179s) rc=0 demoted=0.0MiB read=0.0MiB
  [regular] call 23 step 23: 0.209s (orig 0.200s) rc=0 demoted=0.0MiB read=0.0MiB
  [regular] call 24 step 24: 0.194s (orig 0.188s) rc=0 demoted=0.0MiB read=0.0MiB
  [regular] call 25 step 25: 0.185s (orig 0.175s) rc=2 demoted=0.0MiB read=0.0MiB
  [regular] call 26 step 26: 0.203s (orig 0.201s) rc=0 demoted=0.0MiB read=0.0MiB
  [regular] call 27 step 27: 0.195s (orig 0.186s) rc=0 demoted=0.0MiB read=0.0MiB
  [regular] call 28 step 28: 0.200s (orig 0.194s) rc=0 demoted=0.0MiB read=0.0MiB
  [regular] call 29 step 29: 0.195s (orig 0.187s) rc=0 demoted=0.0MiB read=0.0MiB
  [regular] call 30 step 30: 0.189s (orig 0.184s) rc=0 demoted=0.0MiB read=0.3MiB
  [regular] call 31 step 31: 0.185s (orig 0.177s) rc=2 demoted=0.0MiB read=0.0MiB
  [regular] call 32 step 32: 0.188s (orig 0.181s) rc=0 demoted=0.0MiB read=0.0MiB
  [regular] call 33 step 33: 0.191s (orig 0.190s) rc=0 demoted=0.0MiB read=0.0MiB
  [regular] call 34 step 34: 0.221s (orig 0.211s) rc=0 demoted=0.0MiB read=0.0MiB
  [regular] call 35 step 35: 0.186s (orig 0.187s) rc=0 demoted=0.0MiB read=0.0MiB
  [regular] call 36 step 36: 0.723s (orig 0.573s) rc=0 demoted=0.0MiB read=77.5MiB
  [regular] call 37 step 37: 0.181s (orig 0.179s) rc=0 demoted=0.0MiB read=0.0MiB
  [regular] call 38 step 38: 0.197s (orig 0.189s) rc=0 demoted=0.0MiB read=0.0MiB
  [regular] call 39 step 39: 0.189s (orig 0.178s) rc=0 demoted=0.0MiB read=0.0MiB
[32/58] django__django-12155 regular: total=9.769501885 orig=8.687113623999998 mismatches=38 err=None
[32/58] django__django-12155 lazy
minisweagent.environment: DEBUG: Starting container with command: docker run -d --name   
minisweagent-01af9978 -w /testbed --rm                                                   
docker.io/swebench/sweb.eval.x86_64.django_1776_django-12155:latest sleep 2h             
minisweagent.environment: INFO: Started container minisweagent-01af9978 with ID          
70f7f57ff2ffd81dc0fac820068f434c020dc42c45937fd86234a92e5e640aa1                         
  [lazy] call 1 step 1: 1.033s (orig 0.396s) rc=0 demoted=3.3MiB read=111.0MiB
  [lazy] call 2 step 2: 0.261s (orig 0.179s) rc=0 demoted=66.2MiB read=43.9MiB
  [lazy] call 3 step 3: 0.262s (orig 0.177s) rc=0 demoted=22.5MiB read=45.5MiB
  [lazy] call 4 step 4: 0.254s (orig 0.180s) rc=0 demoted=23.4MiB read=44.8MiB
  [lazy] call 5 step 5: 0.251s (orig 0.176s) rc=0 demoted=23.0MiB read=43.1MiB
  [lazy] call 6 step 6: 0.753s (orig 0.592s) rc=1 demoted=22.4MiB read=97.2MiB
  [lazy] call 7 step 7: 0.260s (orig 0.185s) rc=0 demoted=53.1MiB read=45.3MiB
  [lazy] call 8 step 8: 0.253s (orig 0.176s) rc=0 demoted=23.1MiB read=44.4MiB
  [lazy] call 9 step 9: 0.258s (orig 0.183s) rc=0 demoted=22.8MiB read=43.2MiB
  [lazy] call 10 step 10: 0.269s (orig 0.186s) rc=0 demoted=22.9MiB read=47.9MiB
  [lazy] call 11 step 11: 0.581s (orig 0.422s) rc=0 demoted=24.5MiB read=95.9MiB
  [lazy] call 12 step 12: 0.253s (orig 0.174s) rc=0 demoted=50.4MiB read=41.7MiB
  [lazy] call 13 step 13: 0.577s (orig 0.405s) rc=0 demoted=21.5MiB read=96.6MiB
  [lazy] call 14 step 14: 0.276s (orig 0.188s) rc=0 demoted=48.8MiB read=79.4MiB
  [lazy] call 15 step 15: 0.251s (orig 0.178s) rc=0 demoted=40.6MiB read=43.2MiB
  [lazy] call 16 step 16: 0.285s (orig 0.193s) rc=4 demoted=22.1MiB read=91.0MiB
  [lazy] call 17 step 17: 0.289s (orig 0.205s) rc=0 demoted=46.9MiB read=54.8MiB
  [lazy] call 18 step 18: 0.273s (orig 0.190s) rc=0 demoted=27.9MiB read=75.5MiB
  [lazy] call 19 step 19: 0.251s (orig 0.179s) rc=0 demoted=38.8MiB read=43.7MiB
  [lazy] call 20 step 20: 0.255s (orig 0.186s) rc=2 demoted=22.6MiB read=43.7MiB
  [lazy] call 21 step 21: 0.252s (orig 0.178s) rc=2 demoted=22.2MiB read=43.7MiB
  [lazy] call 22 step 22: 0.250s (orig 0.179s) rc=0 demoted=22.3MiB read=43.8MiB
  [lazy] call 23 step 23: 0.288s (orig 0.200s) rc=0 demoted=22.5MiB read=55.5MiB
  [lazy] call 24 step 24: 0.274s (orig 0.188s) rc=0 demoted=28.2MiB read=75.9MiB
  [lazy] call 25 step 25: 0.252s (orig 0.175s) rc=2 demoted=38.9MiB read=43.5MiB
  [lazy] call 26 step 26: 0.289s (orig 0.201s) rc=0 demoted=22.1MiB read=55.5MiB
  [lazy] call 27 step 27: 0.273s (orig 0.186s) rc=0 demoted=28.3MiB read=75.8MiB
  [lazy] call 28 step 28: 0.285s (orig 0.194s) rc=0 demoted=38.7MiB read=91.2MiB
  [lazy] call 29 step 29: 0.271s (orig 0.187s) rc=0 demoted=46.5MiB read=75.8MiB
  [lazy] call 30 step 30: 0.262s (orig 0.184s) rc=0 demoted=38.6MiB read=47.1MiB
  [lazy] call 31 step 31: 0.255s (orig 0.177s) rc=2 demoted=24.6MiB read=43.7MiB
  [lazy] call 32 step 32: 0.255s (orig 0.181s) rc=0 demoted=22.4MiB read=43.1MiB
  [lazy] call 33 step 33: 0.273s (orig 0.190s) rc=0 demoted=22.3MiB read=76.9MiB
  [lazy] call 34 step 34: 0.317s (orig 0.211s) rc=0 demoted=39.2MiB read=102.5MiB
  [lazy] call 35 step 35: 0.276s (orig 0.187s) rc=0 demoted=51.6MiB read=75.9MiB
  [lazy] call 36 step 36: 0.908s (orig 0.573s) rc=0 demoted=38.8MiB read=232.7MiB
  [lazy] call 37 step 37: 0.253s (orig 0.179s) rc=0 demoted=134.3MiB read=44.1MiB
  [lazy] call 38 step 38: 0.268s (orig 0.189s) rc=0 demoted=23.1MiB read=55.3MiB
  [lazy] call 39 step 39: 0.250s (orig 0.178s) rc=0 demoted=28.7MiB read=43.7MiB
[32/58] django__django-12155 lazy: total=12.896647496999998 orig=8.687113623999998 mismatches=38 err=None
[33/58] django__django-12193 regular
minisweagent.environment: DEBUG: Starting container with command: docker run -d --name   
minisweagent-fcdd63f1 -w /testbed --rm                                                   
docker.io/swebench/sweb.eval.x86_64.django_1776_django-12193:latest sleep 2h             
minisweagent.environment: INFO: Started container minisweagent-fcdd63f1 with ID          
bbfce5e26238fb7bba3a927635717ebb3e19ef6c10037c661fff379f3e25a340                         
  [regular] call 1 step 1: 1.063s (orig 0.392s) rc=0 demoted=0.0MiB read=106.6MiB
  [regular] call 2 step 1: 0.355s (orig 0.358s) rc=0 demoted=0.0MiB read=0.0MiB
  [regular] call 3 step 2: 0.183s (orig 0.179s) rc=0 demoted=0.0MiB read=0.1MiB
  [regular] call 4 step 2: 0.188s (orig 0.180s) rc=0 demoted=0.0MiB read=0.0MiB
  [regular] call 5 step 3: 0.190s (orig 0.180s) rc=0 demoted=0.0MiB read=0.0MiB
  [regular] call 6 step 4: 0.190s (orig 0.182s) rc=0 demoted=0.0MiB read=0.0MiB
  [regular] call 7 step 5: 0.188s (orig 0.176s) rc=0 demoted=0.0MiB read=0.0MiB
  [regular] call 8 step 6: 0.468s (orig 0.397s) rc=1 demoted=0.0MiB read=44.2MiB
  [regular] call 9 step 7: 2.669s (orig 2.507s) rc=0 demoted=0.0MiB read=21.5MiB
  [regular] call 10 step 8: 0.367s (orig 0.353s) rc=1 demoted=0.0MiB read=0.1MiB
  [regular] call 11 step 9: 0.185s (orig 0.182s) rc=0 demoted=0.0MiB read=0.0MiB
  [regular] call 12 step 10: 0.602s (orig 0.590s) rc=0 demoted=0.0MiB read=0.6MiB
  [regular] call 13 step 11: 0.193s (orig 0.182s) rc=0 demoted=0.0MiB read=0.6MiB
  [regular] call 14 step 12: 0.191s (orig 0.173s) rc=0 demoted=0.0MiB read=0.3MiB
  [regular] call 15 step 13: 0.191s (orig 0.180s) rc=0 demoted=0.0MiB read=0.0MiB
  [regular] call 16 step 14: 0.189s (orig 0.184s) rc=0 demoted=0.0MiB read=0.0MiB
  [regular] call 17 step 15: 0.191s (orig 0.181s) rc=0 demoted=0.0MiB read=0.3MiB
  [regular] call 18 step 16: 0.455s (orig 0.467s) rc=0 demoted=0.0MiB read=0.0MiB
  [regular] call 19 step 17: 0.188s (orig 0.181s) rc=0 demoted=0.0MiB read=0.0MiB
  [regular] call 20 step 18: 0.189s (orig 0.183s) rc=0 demoted=0.0MiB read=0.0MiB
  [regular] call 21 step 19: 0.188s (orig 0.183s) rc=0 demoted=0.0MiB read=0.0MiB
  [regular] call 22 step 20: 0.458s (orig 0.438s) rc=0 demoted=0.0MiB read=0.0MiB
  [regular] call 23 step 21: 0.186s (orig 0.181s) rc=0 demoted=0.0MiB read=0.0MiB
  [regular] call 24 step 22: 0.456s (orig 0.446s) rc=0 demoted=0.0MiB read=0.0MiB
  [regular] call 25 step 23: 0.189s (orig 0.182s) rc=0 demoted=0.0MiB read=0.0MiB
  [regular] call 26 step 24: 0.457s (orig 0.456s) rc=0 demoted=0.0MiB read=0.0MiB
  [regular] call 27 step 25: 0.184s (orig 0.183s) rc=0 demoted=0.0MiB read=0.0MiB
  [regular] call 28 step 26: 0.453s (orig 0.443s) rc=0 demoted=0.0MiB read=0.0MiB
  [regular] call 29 step 27: 0.201s (orig 0.182s) rc=0 demoted=0.0MiB read=23.7MiB
  [regular] call 30 step 28: 0.189s (orig 0.180s) rc=0 demoted=0.0MiB read=0.0MiB
  [regular] call 31 step 29: 0.188s (orig 0.177s) rc=0 demoted=0.0MiB read=0.0MiB
[33/58] django__django-12193 regular: total=11.581752896 orig=10.460572155 mismatches=30 err=None
[33/58] django__django-12193 lazy
minisweagent.environment: DEBUG: Starting container with command: docker run -d --name   
minisweagent-15b37764 -w /testbed --rm                                                   
docker.io/swebench/sweb.eval.x86_64.django_1776_django-12193:latest sleep 2h             
minisweagent.environment: INFO: Started container minisweagent-15b37764 with ID          
617842ba502610a82ead3544d503ada8ab2e1b3ac30fbad6dabaf72089d9ec38                         
  [lazy] call 1 step 1: 1.052s (orig 0.392s) rc=0 demoted=3.4MiB read=112.0MiB
  [lazy] call 2 step 1: 1.057s (orig 0.358s) rc=0 demoted=67.5MiB read=111.6MiB
  [lazy] call 3 step 2: 0.257s (orig 0.179s) rc=0 demoted=67.5MiB read=43.6MiB
  [lazy] call 4 step 2: 0.255s (orig 0.180s) rc=0 demoted=23.1MiB read=44.6MiB
  [lazy] call 5 step 3: 0.252s (orig 0.180s) rc=0 demoted=23.8MiB read=44.6MiB
  [lazy] call 6 step 4: 0.261s (orig 0.182s) rc=0 demoted=24.0MiB read=44.6MiB
  [lazy] call 7 step 5: 0.253s (orig 0.176s) rc=0 demoted=23.9MiB read=43.3MiB
  [lazy] call 8 step 6: 0.546s (orig 0.397s) rc=1 demoted=23.1MiB read=90.5MiB
  [lazy] call 9 step 7: 2.788s (orig 2.507s) rc=0 demoted=47.6MiB read=101.6MiB
  [lazy] call 10 step 8: 0.528s (orig 0.353s) rc=1 demoted=63.3MiB read=108.2MiB
  [lazy] call 11 step 9: 0.259s (orig 0.182s) rc=0 demoted=54.7MiB read=44.3MiB
  [lazy] call 12 step 10: 0.787s (orig 0.590s) rc=0 demoted=22.8MiB read=113.8MiB
  [lazy] call 13 step 11: 0.264s (orig 0.182s) rc=0 demoted=59.0MiB read=46.9MiB
  [lazy] call 14 step 12: 0.258s (orig 0.173s) rc=0 demoted=24.4MiB read=44.7MiB
  [lazy] call 15 step 13: 0.263s (orig 0.180s) rc=0 demoted=22.8MiB read=45.5MiB
  [lazy] call 16 step 14: 0.259s (orig 0.184s) rc=0 demoted=23.5MiB read=44.1MiB
  [lazy] call 17 step 15: 0.258s (orig 0.181s) rc=0 demoted=22.7MiB read=46.5MiB
  [lazy] call 18 step 16: 0.635s (orig 0.467s) rc=0 demoted=23.9MiB read=113.1MiB
  [lazy] call 19 step 17: 0.260s (orig 0.181s) rc=0 demoted=57.2MiB read=45.2MiB
  [lazy] call 20 step 18: 0.258s (orig 0.183s) rc=0 demoted=23.2MiB read=45.5MiB
  [lazy] call 21 step 19: 0.256s (orig 0.183s) rc=0 demoted=23.3MiB read=44.0MiB
  [lazy] call 22 step 20: 0.643s (orig 0.438s) rc=0 demoted=22.6MiB read=113.8MiB
  [lazy] call 23 step 21: 0.254s (orig 0.181s) rc=0 demoted=57.5MiB read=43.9MiB
  [lazy] call 24 step 22: 0.637s (orig 0.446s) rc=0 demoted=22.6MiB read=112.9MiB
  [lazy] call 25 step 23: 0.261s (orig 0.182s) rc=0 demoted=57.2MiB read=43.9MiB
  [lazy] call 26 step 24: 0.652s (orig 0.456s) rc=0 demoted=23.1MiB read=114.9MiB
  [lazy] call 27 step 25: 0.260s (orig 0.183s) rc=0 demoted=58.7MiB read=44.3MiB
  [lazy] call 28 step 26: 0.641s (orig 0.443s) rc=0 demoted=22.7MiB read=113.4MiB
  [lazy] call 29 step 27: 0.273s (orig 0.182s) rc=0 demoted=57.3MiB read=76.9MiB
  [lazy] call 30 step 28: 0.256s (orig 0.180s) rc=0 demoted=39.4MiB read=44.2MiB
  [lazy] call 31 step 29: 0.253s (orig 0.177s) rc=0 demoted=22.7MiB read=44.1MiB
[33/58] django__django-12193 lazy: total=15.133441527999997 orig=10.460572155 mismatches=30 err=None
[34/58] django__django-12209 regular
minisweagent.environment: DEBUG: Starting container with command: docker run -d --name   
minisweagent-8aa9f5bf -w /testbed --rm                                                   
docker.io/swebench/sweb.eval.x86_64.django_1776_django-12209:latest sleep 2h             
minisweagent.environment: INFO: Started container minisweagent-8aa9f5bf with ID          
2b286882278dce7b114e5a9c24c27f56375415385cb50344e75add9cd628b28d                         
  [regular] call 1 step 1: 0.260s (orig 0.180s) rc=0 demoted=0.0MiB read=41.6MiB
  [regular] call 2 step 1: 0.647s (orig 0.303s) rc=0 demoted=0.0MiB read=29.3MiB
  [regular] call 3 step 2: 0.181s (orig 0.180s) rc=0 demoted=0.0MiB read=0.0MiB
  [regular] call 4 step 3: 0.184s (orig 0.173s) rc=0 demoted=0.0MiB read=0.2MiB
  [regular] call 5 step 4: 0.187s (orig 0.184s) rc=0 demoted=0.0MiB read=0.5MiB
  [regular] call 6 step 5: 0.180s (orig 0.175s) rc=0 demoted=0.0MiB read=0.0MiB
  [regular] call 7 step 6: 0.180s (orig 0.178s) rc=0 demoted=0.0MiB read=0.0MiB
  [regular] call 8 step 7: 0.180s (orig 0.177s) rc=0 demoted=0.0MiB read=0.0MiB
  [regular] call 9 step 8: 0.183s (orig 0.179s) rc=0 demoted=0.0MiB read=0.0MiB
  [regular] call 10 step 9: 0.185s (orig 0.179s) rc=0 demoted=0.0MiB read=0.6MiB
  [regular] call 11 step 10: 0.180s (orig 0.187s) rc=0 demoted=0.0MiB read=0.0MiB
  [regular] call 12 step 11: 0.191s (orig 0.184s) rc=0 demoted=0.0MiB read=0.2MiB
  [regular] call 13 step 12: 0.858s (orig 0.735s) rc=0 demoted=0.0MiB read=58.1MiB
  [regular] call 14 step 13: 0.183s (orig 0.179s) rc=0 demoted=0.0MiB read=0.0MiB
  [regular] call 15 step 14: 0.470s (orig 0.463s) rc=1 demoted=0.0MiB read=0.0MiB
  [regular] call 16 step 15: 0.183s (orig 0.179s) rc=0 demoted=0.0MiB read=0.0MiB
  [regular] call 17 step 16: 0.460s (orig 0.468s) rc=0 demoted=0.0MiB read=0.0MiB
  [regular] call 18 step 17: 0.184s (orig 0.183s) rc=2 demoted=0.0MiB read=0.3MiB
  [regular] call 19 step 18: 0.192s (orig 0.186s) rc=0 demoted=0.0MiB read=0.3MiB
  [regular] call 20 step 19: 0.359s (orig 0.367s) rc=1 demoted=0.0MiB read=0.0MiB
  [regular] call 21 step 20: 0.199s (orig 0.195s) rc=1 demoted=0.0MiB read=0.2MiB
  [regular] call 22 step 21: 0.183s (orig 0.182s) rc=0 demoted=0.0MiB read=0.0MiB
  [regular] call 23 step 22: 0.179s (orig 0.177s) rc=0 demoted=0.0MiB read=0.0MiB
  [regular] call 24 step 23: 0.198s (orig 0.198s) rc=0 demoted=0.0MiB read=0.0MiB
  [regular] call 25 step 24: 0.180s (orig 0.179s) rc=0 demoted=0.0MiB read=0.0MiB
  [regular] call 26 step 25: 0.469s (orig 0.466s) rc=1 demoted=0.0MiB read=0.0MiB
  [regular] call 27 step 26: 0.200s (orig 0.196s) rc=0 demoted=0.0MiB read=0.0MiB
  [regular] call 28 step 27: 0.181s (orig 0.180s) rc=0 demoted=0.0MiB read=0.0MiB
  [regular] call 29 step 28: 0.471s (orig 0.479s) rc=0 demoted=0.0MiB read=0.0MiB
  [regular] call 30 step 29: 0.206s (orig 0.199s) rc=0 demoted=0.0MiB read=0.0MiB
  [regular] call 31 step 30: 0.180s (orig 0.175s) rc=0 demoted=0.0MiB read=0.0MiB
  [regular] call 32 step 31: 0.198s (orig 0.202s) rc=0 demoted=0.0MiB read=0.0MiB
  [regular] call 33 step 32: 0.183s (orig 0.177s) rc=0 demoted=0.0MiB read=0.0MiB
  [regular] call 34 step 33: 0.183s (orig 0.179s) rc=0 demoted=0.0MiB read=0.0MiB
  [regular] call 35 step 34: 0.199s (orig 0.198s) rc=0 demoted=0.0MiB read=0.0MiB
  [regular] call 36 step 35: 0.183s (orig 0.173s) rc=0 demoted=0.0MiB read=0.0MiB
  [regular] call 37 step 36: 0.185s (orig 0.181s) rc=0 demoted=0.0MiB read=0.1MiB
  [regular] call 38 step 37: 0.186s (orig 0.190s) rc=2 demoted=0.0MiB read=0.0MiB
  [regular] call 39 step 38: 0.184s (orig 0.183s) rc=2 demoted=0.0MiB read=0.0MiB
  [regular] call 40 step 39: 0.180s (orig 0.177s) rc=0 demoted=0.0MiB read=0.0MiB
  [regular] call 41 step 40: 0.180s (orig 0.179s) rc=0 demoted=0.0MiB read=0.0MiB
  [regular] call 42 step 41: 0.182s (orig 0.179s) rc=0 demoted=0.0MiB read=0.0MiB
  [regular] call 43 step 42: 0.182s (orig 0.185s) rc=0 demoted=0.0MiB read=0.0MiB
  [regular] call 44 step 43: 0.182s (orig 0.184s) rc=0 demoted=0.0MiB read=0.0MiB
  [regular] call 45 step 44: 0.177s (orig 0.178s) rc=0 demoted=0.0MiB read=0.0MiB
  [regular] call 46 step 45: 0.184s (orig 0.188s) rc=0 demoted=0.0MiB read=0.0MiB
  [regular] call 47 step 46: 0.180s (orig 0.182s) rc=0 demoted=0.0MiB read=0.0MiB
  [regular] call 48 step 47: 0.204s (orig 0.200s) rc=0 demoted=0.0MiB read=0.0MiB
  [regular] call 49 step 48: 0.183s (orig 0.181s) rc=0 demoted=0.0MiB read=0.0MiB
  [regular] call 50 step 49: 0.467s (orig 0.469s) rc=1 demoted=0.0MiB read=0.0MiB
  [regular] call 51 step 50: 0.203s (orig 0.200s) rc=0 demoted=0.0MiB read=0.0MiB
  [regular] call 52 step 51: 0.188s (orig 0.179s) rc=0 demoted=0.0MiB read=0.0MiB
  [regular] call 53 step 52: 0.187s (orig 0.183s) rc=0 demoted=0.0MiB read=0.0MiB
  [regular] call 54 step 53: 0.182s (orig 0.177s) rc=1 demoted=0.0MiB read=0.0MiB
  [regular] call 55 step 54: 0.183s (orig 0.184s) rc=0 demoted=0.0MiB read=0.0MiB
  [regular] call 56 step 55: 0.182s (orig 0.180s) rc=0 demoted=0.0MiB read=0.0MiB
  [regular] call 57 step 56: 0.183s (orig 0.180s) rc=1 demoted=0.0MiB read=0.0MiB
  [regular] call 58 step 57: 0.181s (orig 0.177s) rc=0 demoted=0.0MiB read=0.0MiB
  [regular] call 59 step 58: 0.181s (orig 0.182s) rc=0 demoted=0.0MiB read=0.0MiB
  [regular] call 60 step 59: 0.181s (orig 0.180s) rc=0 demoted=0.0MiB read=0.0MiB
  [regular] call 61 step 60: 0.183s (orig 0.175s) rc=0 demoted=0.0MiB read=0.0MiB
  [regular] call 62 step 61: 0.182s (orig 0.179s) rc=1 demoted=0.0MiB read=0.0MiB
  [regular] call 63 step 62: 0.179s (orig 0.178s) rc=0 demoted=0.0MiB read=0.0MiB
  [regular] call 64 step 63: 0.181s (orig 0.183s) rc=0 demoted=0.0MiB read=0.0MiB
  [regular] call 65 step 64: 0.185s (orig 0.177s) rc=1 demoted=0.0MiB read=0.0MiB
  [regular] call 66 step 65: 0.181s (orig 0.183s) rc=1 demoted=0.0MiB read=0.0MiB
  [regular] call 67 step 66: 0.183s (orig 0.183s) rc=1 demoted=0.0MiB read=0.0MiB
  [regular] call 68 step 67: 0.208s (orig 0.209s) rc=0 demoted=0.0MiB read=0.0MiB
  [regular] call 69 step 68: 0.178s (orig 0.185s) rc=0 demoted=0.0MiB read=0.0MiB
  [regular] call 70 step 69: 0.200s (orig 0.202s) rc=0 demoted=0.0MiB read=0.0MiB
  [regular] call 71 step 70: 0.184s (orig 0.175s) rc=0 demoted=0.0MiB read=0.0MiB
  [regular] call 72 step 71: 0.468s (orig 0.469s) rc=1 demoted=0.0MiB read=0.0MiB
  [regular] call 73 step 72: 0.205s (orig 0.203s) rc=0 demoted=0.0MiB read=0.0MiB
  [regular] call 74 step 73: 0.181s (orig 0.175s) rc=0 demoted=0.0MiB read=0.0MiB
  [regular] call 75 step 74: 0.445s (orig 0.433s) rc=1 demoted=0.0MiB read=0.0MiB
  [regular] call 76 step 75: 0.181s (orig 0.180s) rc=0 demoted=0.0MiB read=0.0MiB
  [regular] call 77 step 76: 0.199s (orig 0.199s) rc=0 demoted=0.0MiB read=0.0MiB
  [regular] call 78 step 77: 0.182s (orig 0.178s) rc=0 demoted=0.0MiB read=0.0MiB
  [regular] call 79 step 78: 0.473s (orig 0.474s) rc=0 demoted=0.0MiB read=0.0MiB
  [regular] call 80 step 79: 0.203s (orig 0.201s) rc=0 demoted=0.0MiB read=0.0MiB
  [regular] call 81 step 80: 0.475s (orig 0.474s) rc=0 demoted=0.0MiB read=0.0MiB
  [regular] call 82 step 81: 0.186s (orig 0.180s) rc=0 demoted=0.0MiB read=0.0MiB
  [regular] call 83 step 82: 0.202s (orig 0.201s) rc=0 demoted=0.0MiB read=0.0MiB
  [regular] call 84 step 83: 0.180s (orig 0.181s) rc=0 demoted=0.0MiB read=0.0MiB
  [regular] call 85 step 84: 0.473s (orig 0.465s) rc=0 demoted=0.0MiB read=0.0MiB
  [regular] call 86 step 85: 0.204s (orig 0.205s) rc=0 demoted=0.0MiB read=0.0MiB
  [regular] call 87 step 86: 0.472s (orig 0.465s) rc=0 demoted=0.0MiB read=0.0MiB
  [regular] call 88 step 87: 0.205s (orig 0.205s) rc=0 demoted=0.0MiB read=0.0MiB
  [regular] call 89 step 88: 0.474s (orig 0.474s) rc=0 demoted=0.0MiB read=0.0MiB
  [regular] call 90 step 89: 0.182s (orig 0.181s) rc=0 demoted=0.0MiB read=0.0MiB
  [regular] call 91 step 90: 0.203s (orig 0.198s) rc=0 demoted=0.0MiB read=0.0MiB
  [regular] call 92 step 91: 0.179s (orig 0.181s) rc=0 demoted=0.0MiB read=0.0MiB
  [regular] call 93 step 92: 0.206s (orig 0.202s) rc=0 demoted=0.0MiB read=0.0MiB
  [regular] call 94 step 93: 0.181s (orig 0.182s) rc=0 demoted=0.0MiB read=0.0MiB
  [regular] call 95 step 94: 0.184s (orig 0.184s) rc=0 demoted=0.0MiB read=0.0MiB
  [regular] call 96 step 95: 0.204s (orig 0.199s) rc=0 demoted=0.0MiB read=0.0MiB
  [regular] call 97 step 96: 0.182s (orig 0.182s) rc=0 demoted=0.0MiB read=0.0MiB
  [regular] call 98 step 97: 0.364s (orig 0.361s) rc=1 demoted=0.0MiB read=0.0MiB
  [regular] call 99 step 98: 0.207s (orig 0.206s) rc=0 demoted=0.0MiB read=0.0MiB
  [regular] call 100 step 99: 0.186s (orig 0.182s) rc=0 demoted=0.0MiB read=0.0MiB
  [regular] call 101 step 100: 0.190s (orig 0.187s) rc=0 demoted=0.0MiB read=0.0MiB
  [regular] call 102 step 101: 0.196s (orig 0.198s) rc=0 demoted=0.0MiB read=0.0MiB
  [regular] call 103 step 102: 0.179s (orig 0.180s) rc=0 demoted=0.0MiB read=0.0MiB
  [regular] call 104 step 103: 0.208s (orig 0.208s) rc=0 demoted=0.0MiB read=0.0MiB
  [regular] call 105 step 104: 0.181s (orig 0.181s) rc=0 demoted=0.0MiB read=0.0MiB
  [regular] call 106 step 105: 0.187s (orig 0.186s) rc=0 demoted=0.0MiB read=0.0MiB
  [regular] call 107 step 106: 0.184s (orig 0.176s) rc=0 demoted=0.0MiB read=0.0MiB
  [regular] call 108 step 107: 0.183s (orig 0.182s) rc=0 demoted=0.0MiB read=0.0MiB
  [regular] call 109 step 108: 0.179s (orig 0.181s) rc=0 demoted=0.0MiB read=0.0MiB
  [regular] call 110 step 109: 0.179s (orig 0.185s) rc=0 demoted=0.0MiB read=0.0MiB
  [regular] call 111 step 110: 0.180s (orig 0.185s) rc=0 demoted=0.0MiB read=0.0MiB
  [regular] call 112 step 111: 0.181s (orig 0.181s) rc=0 demoted=0.0MiB read=0.0MiB
  [regular] call 113 step 112: 0.179s (orig 0.179s) rc=0 demoted=0.0MiB read=0.0MiB
  [regular] call 114 step 113: 0.184s (orig 0.182s) rc=0 demoted=0.0MiB read=0.0MiB
  [regular] call 115 step 114: 0.183s (orig 0.183s) rc=0 demoted=0.0MiB read=0.0MiB
  [regular] call 116 step 115: 0.179s (orig 0.181s) rc=0 demoted=0.0MiB read=0.0MiB
  [regular] call 117 step 116: 0.180s (orig 0.181s) rc=0 demoted=0.0MiB read=0.0MiB
  [regular] call 118 step 117: 0.178s (orig 0.184s) rc=0 demoted=0.0MiB read=0.0MiB
  [regular] call 119 step 118: 0.181s (orig 0.179s) rc=0 demoted=0.0MiB read=0.0MiB
  [regular] call 120 step 119: 0.182s (orig 0.183s) rc=0 demoted=0.0MiB read=0.0MiB
  [regular] call 121 step 120: 0.195s (orig 0.194s) rc=0 demoted=0.0MiB read=0.0MiB
  [regular] call 122 step 121: 0.185s (orig 0.182s) rc=0 demoted=0.0MiB read=0.0MiB
  [regular] call 123 step 122: 0.186s (orig 0.184s) rc=1 demoted=0.0MiB read=0.3MiB
  [regular] call 124 step 123: 0.185s (orig 0.178s) rc=0 demoted=0.0MiB read=0.0MiB
  [regular] call 125 step 124: 1.377s (orig 1.129s) rc=0 demoted=0.0MiB read=172.4MiB
  [regular] call 126 step 125: 0.177s (orig 0.180s) rc=2 demoted=0.0MiB read=0.0MiB
  [regular] call 127 step 126: 0.186s (orig 0.189s) rc=0 demoted=0.0MiB read=0.0MiB
  [regular] call 128 step 127: 0.182s (orig 0.174s) rc=0 demoted=0.0MiB read=0.0MiB
  [regular] call 129 step 128: 0.186s (orig 0.192s) rc=0 demoted=0.0MiB read=0.0MiB
  [regular] call 130 step 129: 0.182s (orig 0.180s) rc=0 demoted=0.0MiB read=0.0MiB
  [regular] call 131 step 130: 0.182s (orig 0.181s) rc=0 demoted=0.0MiB read=0.0MiB
  [regular] call 132 step 131: 0.184s (orig 0.179s) rc=0 demoted=0.0MiB read=0.0MiB
[34/58] django__django-12209 regular: total=30.734644895 orig=29.742834309000003 mismatches=131 err=None
[34/58] django__django-12209 lazy
minisweagent.environment: DEBUG: Starting container with command: docker run -d --name   
minisweagent-28ea022e -w /testbed --rm                                                   
docker.io/swebench/sweb.eval.x86_64.django_1776_django-12209:latest sleep 2h             
minisweagent.environment: INFO: Started container minisweagent-28ea022e with ID          
f2b8cded1d5aa4bbec7acc6ad47e8cf6fab9a0f8d7f6b24cec3358509242f857                         
  [lazy] call 1 step 1: 0.271s (orig 0.180s) rc=0 demoted=3.4MiB read=47.3MiB
  [lazy] call 2 step 1: 0.716s (orig 0.303s) rc=0 demoted=24.1MiB read=74.2MiB
  [lazy] call 3 step 2: 0.265s (orig 0.180s) rc=0 demoted=38.2MiB read=48.2MiB
  [lazy] call 4 step 3: 0.259s (orig 0.173s) rc=0 demoted=25.3MiB read=46.1MiB
  [lazy] call 5 step 4: 0.261s (orig 0.184s) rc=0 demoted=23.6MiB read=46.5MiB
  [lazy] call 6 step 5: 0.259s (orig 0.175s) rc=0 demoted=23.7MiB read=45.4MiB
  [lazy] call 7 step 6: 0.258s (orig 0.178s) rc=0 demoted=23.4MiB read=46.1MiB
  [lazy] call 8 step 7: 0.258s (orig 0.177s) rc=0 demoted=23.6MiB read=44.9MiB
  [lazy] call 9 step 8: 0.262s (orig 0.179s) rc=0 demoted=23.1MiB read=46.5MiB
  [lazy] call 10 step 9: 0.270s (orig 0.179s) rc=0 demoted=24.0MiB read=48.5MiB
  [lazy] call 11 step 10: 0.259s (orig 0.187s) rc=0 demoted=25.1MiB read=45.5MiB
  [lazy] call 12 step 11: 0.258s (orig 0.184s) rc=0 demoted=23.2MiB read=45.2MiB
  [lazy] call 13 step 12: 0.936s (orig 0.735s) rc=0 demoted=24.0MiB read=106.5MiB
  [lazy] call 14 step 13: 0.258s (orig 0.179s) rc=0 demoted=57.5MiB read=44.3MiB
  [lazy] call 15 step 14: 0.677s (orig 0.463s) rc=1 demoted=23.0MiB read=105.5MiB
  [lazy] call 16 step 15: 0.260s (orig 0.179s) rc=0 demoted=53.4MiB read=44.2MiB
  [lazy] call 17 step 16: 0.669s (orig 0.468s) rc=0 demoted=22.6MiB read=104.7MiB
  [lazy] call 18 step 17: 0.264s (orig 0.183s) rc=2 demoted=53.2MiB read=46.9MiB
  [lazy] call 19 step 18: 0.263s (orig 0.186s) rc=0 demoted=24.2MiB read=45.9MiB
  [lazy] call 20 step 19: 0.521s (orig 0.367s) rc=1 demoted=23.6MiB read=93.0MiB
  [lazy] call 21 step 20: 0.286s (orig 0.195s) rc=1 demoted=47.1MiB read=55.1MiB
  [lazy] call 22 step 21: 0.258s (orig 0.182s) rc=0 demoted=27.9MiB read=46.3MiB
  [lazy] call 23 step 22: 0.260s (orig 0.177s) rc=0 demoted=23.9MiB read=46.5MiB
  [lazy] call 24 step 23: 0.289s (orig 0.198s) rc=0 demoted=24.1MiB read=55.3MiB
  [lazy] call 25 step 24: 0.261s (orig 0.179s) rc=0 demoted=28.5MiB read=46.4MiB
  [lazy] call 26 step 25: 0.674s (orig 0.466s) rc=1 demoted=23.9MiB read=105.0MiB
  [lazy] call 27 step 26: 0.287s (orig 0.196s) rc=0 demoted=53.3MiB read=55.3MiB
  [lazy] call 28 step 27: 0.260s (orig 0.180s) rc=0 demoted=28.3MiB read=46.4MiB
  [lazy] call 29 step 28: 0.675s (orig 0.479s) rc=0 demoted=23.9MiB read=105.0MiB
  [lazy] call 30 step 29: 0.291s (orig 0.199s) rc=0 demoted=53.0MiB read=55.4MiB
  [lazy] call 31 step 30: 0.261s (orig 0.175s) rc=0 demoted=28.2MiB read=46.4MiB
  [lazy] call 32 step 31: 0.284s (orig 0.202s) rc=0 demoted=23.6MiB read=55.3MiB
  [lazy] call 33 step 32: 0.260s (orig 0.177s) rc=0 demoted=28.0MiB read=46.3MiB
  [lazy] call 34 step 33: 0.265s (orig 0.179s) rc=0 demoted=24.2MiB read=47.1MiB
  [lazy] call 35 step 34: 0.287s (orig 0.198s) rc=0 demoted=24.1MiB read=56.1MiB
  [lazy] call 36 step 35: 0.260s (orig 0.173s) rc=0 demoted=28.4MiB read=46.7MiB
  [lazy] call 37 step 36: 0.257s (orig 0.181s) rc=0 demoted=23.8MiB read=45.7MiB
  [lazy] call 38 step 37: 0.267s (orig 0.190s) rc=2 demoted=23.5MiB read=46.8MiB
  [lazy] call 39 step 38: 0.259s (orig 0.183s) rc=2 demoted=24.5MiB read=46.6MiB
  [lazy] call 40 step 39: 0.265s (orig 0.177s) rc=0 demoted=24.3MiB read=46.6MiB
  [lazy] call 41 step 40: 0.256s (orig 0.179s) rc=0 demoted=23.9MiB read=44.2MiB
  [lazy] call 42 step 41: 0.259s (orig 0.179s) rc=0 demoted=22.7MiB read=46.3MiB
  [lazy] call 43 step 42: 0.256s (orig 0.185s) rc=0 demoted=23.7MiB read=46.4MiB
  [lazy] call 44 step 43: 0.259s (orig 0.184s) rc=0 demoted=23.8MiB read=46.5MiB
  [lazy] call 45 step 44: 0.255s (orig 0.178s) rc=0 demoted=23.8MiB read=45.5MiB
  [lazy] call 46 step 45: 0.263s (orig 0.188s) rc=0 demoted=23.4MiB read=46.4MiB
  [lazy] call 47 step 46: 0.255s (orig 0.182s) rc=0 demoted=24.1MiB read=45.4MiB
  [lazy] call 48 step 47: 0.288s (orig 0.200s) rc=0 demoted=23.1MiB read=57.1MiB
  [lazy] call 49 step 48: 0.259s (orig 0.181s) rc=0 demoted=29.3MiB read=46.2MiB
  [lazy] call 50 step 49: 0.672s (orig 0.469s) rc=1 demoted=23.6MiB read=105.1MiB
  [lazy] call 51 step 50: 0.294s (orig 0.200s) rc=0 demoted=53.1MiB read=57.2MiB
  [lazy] call 52 step 51: 0.260s (orig 0.179s) rc=0 demoted=29.2MiB read=45.5MiB
  [lazy] call 53 step 52: 0.261s (orig 0.183s) rc=0 demoted=23.5MiB read=46.2MiB
  [lazy] call 54 step 53: 0.262s (orig 0.177s) rc=1 demoted=23.5MiB read=45.4MiB
  [lazy] call 55 step 54: 0.256s (orig 0.184s) rc=0 demoted=23.3MiB read=45.4MiB
  [lazy] call 56 step 55: 0.258s (orig 0.180s) rc=0 demoted=23.3MiB read=46.2MiB
  [lazy] call 57 step 56: 0.252s (orig 0.180s) rc=1 demoted=23.5MiB read=43.4MiB
  [lazy] call 58 step 57: 0.253s (orig 0.177s) rc=0 demoted=22.6MiB read=43.3MiB
  [lazy] call 59 step 58: 0.256s (orig 0.182s) rc=0 demoted=22.5MiB read=44.1MiB
  [lazy] call 60 step 59: 0.260s (orig 0.180s) rc=0 demoted=22.7MiB read=45.3MiB
  [lazy] call 61 step 60: 0.263s (orig 0.175s) rc=0 demoted=23.3MiB read=46.0MiB
  [lazy] call 62 step 61: 0.259s (orig 0.179s) rc=1 demoted=23.5MiB read=45.3MiB
  [lazy] call 63 step 62: 0.252s (orig 0.178s) rc=0 demoted=23.5MiB read=45.3MiB
  [lazy] call 64 step 63: 0.261s (orig 0.183s) rc=0 demoted=23.8MiB read=47.1MiB
  [lazy] call 65 step 64: 0.259s (orig 0.177s) rc=1 demoted=24.0MiB read=45.9MiB
  [lazy] call 66 step 65: 0.258s (orig 0.183s) rc=1 demoted=23.6MiB read=45.9MiB
  [lazy] call 67 step 66: 0.259s (orig 0.183s) rc=1 demoted=23.5MiB read=45.9MiB
  [lazy] call 68 step 67: 0.288s (orig 0.209s) rc=0 demoted=23.5MiB read=57.8MiB
  [lazy] call 69 step 68: 0.260s (orig 0.185s) rc=0 demoted=29.4MiB read=46.6MiB
  [lazy] call 70 step 69: 0.293s (orig 0.202s) rc=0 demoted=23.9MiB read=57.8MiB
  [lazy] call 71 step 70: 0.260s (orig 0.175s) rc=0 demoted=29.6MiB read=46.3MiB
  [lazy] call 72 step 71: 0.672s (orig 0.469s) rc=1 demoted=23.7MiB read=105.3MiB
  [lazy] call 73 step 72: 0.290s (orig 0.203s) rc=0 demoted=53.1MiB read=57.5MiB
  [lazy] call 74 step 73: 0.260s (orig 0.175s) rc=0 demoted=29.2MiB read=45.6MiB
  [lazy] call 75 step 74: 0.634s (orig 0.433s) rc=1 demoted=23.8MiB read=100.2MiB
  [lazy] call 76 step 75: 0.264s (orig 0.180s) rc=0 demoted=50.7MiB read=46.5MiB
  [lazy] call 77 step 76: 0.283s (orig 0.199s) rc=0 demoted=24.2MiB read=55.3MiB
  [lazy] call 78 step 77: 0.258s (orig 0.178s) rc=0 demoted=28.5MiB read=46.4MiB
  [lazy] call 79 step 78: 0.679s (orig 0.474s) rc=0 demoted=23.7MiB read=105.0MiB
  [lazy] call 80 step 79: 0.287s (orig 0.201s) rc=0 demoted=55.2MiB read=55.0MiB
  [lazy] call 81 step 80: 0.671s (orig 0.474s) rc=0 demoted=28.1MiB read=104.8MiB
  [lazy] call 82 step 81: 0.256s (orig 0.180s) rc=0 demoted=52.9MiB read=45.9MiB
  [lazy] call 83 step 82: 0.293s (orig 0.201s) rc=0 demoted=23.5MiB read=57.3MiB
  [lazy] call 84 step 83: 0.256s (orig 0.181s) rc=0 demoted=29.3MiB read=46.3MiB
  [lazy] call 85 step 84: 0.671s (orig 0.465s) rc=0 demoted=23.6MiB read=104.7MiB
  [lazy] call 86 step 85: 0.288s (orig 0.205s) rc=0 demoted=53.4MiB read=57.3MiB
  [lazy] call 87 step 86: 0.688s (orig 0.465s) rc=0 demoted=29.5MiB read=105.9MiB
  [lazy] call 88 step 87: 0.293s (orig 0.205s) rc=0 demoted=53.3MiB read=57.4MiB
  [lazy] call 89 step 88: 0.669s (orig 0.474s) rc=0 demoted=29.3MiB read=103.6MiB
  [lazy] call 90 step 89: 0.263s (orig 0.181s) rc=0 demoted=52.4MiB read=46.3MiB
  [lazy] call 91 step 90: 0.291s (orig 0.198s) rc=0 demoted=23.6MiB read=57.4MiB
  [lazy] call 92 step 91: 0.258s (orig 0.181s) rc=0 demoted=29.4MiB read=46.5MiB
  [lazy] call 93 step 92: 0.292s (orig 0.202s) rc=0 demoted=23.9MiB read=57.6MiB
  [lazy] call 94 step 93: 0.259s (orig 0.182s) rc=0 demoted=29.6MiB read=46.5MiB
  [lazy] call 95 step 94: 0.265s (orig 0.184s) rc=0 demoted=23.8MiB read=46.9MiB
  [lazy] call 96 step 95: 0.285s (orig 0.199s) rc=0 demoted=24.2MiB read=55.2MiB
  [lazy] call 97 step 96: 0.261s (orig 0.182s) rc=0 demoted=28.2MiB read=46.5MiB
  [lazy] call 98 step 97: 0.528s (orig 0.361s) rc=1 demoted=23.7MiB read=93.5MiB
  [lazy] call 99 step 98: 0.296s (orig 0.206s) rc=0 demoted=47.2MiB read=57.6MiB
  [lazy] call 100 step 99: 0.259s (orig 0.182s) rc=0 demoted=30.1MiB read=46.3MiB
  [lazy] call 101 step 100: 0.264s (orig 0.187s) rc=0 demoted=23.6MiB read=46.6MiB
  [lazy] call 102 step 101: 0.282s (orig 0.198s) rc=0 demoted=24.2MiB read=55.3MiB
  [lazy] call 103 step 102: 0.260s (orig 0.180s) rc=0 demoted=28.0MiB read=46.6MiB
  [lazy] call 104 step 103: 0.294s (orig 0.208s) rc=0 demoted=23.7MiB read=57.8MiB
  [lazy] call 105 step 104: 0.255s (orig 0.181s) rc=0 demoted=29.4MiB read=46.3MiB
  [lazy] call 106 step 105: 0.264s (orig 0.186s) rc=0 demoted=23.7MiB read=46.3MiB
  [lazy] call 107 step 106: 0.259s (orig 0.176s) rc=0 demoted=23.7MiB read=46.3MiB
  [lazy] call 108 step 107: 0.259s (orig 0.182s) rc=0 demoted=23.7MiB read=46.3MiB
  [lazy] call 109 step 108: 0.262s (orig 0.181s) rc=0 demoted=23.6MiB read=46.3MiB
  [lazy] call 110 step 109: 0.260s (orig 0.185s) rc=0 demoted=23.6MiB read=46.5MiB
  [lazy] call 111 step 110: 0.258s (orig 0.185s) rc=0 demoted=23.7MiB read=46.6MiB
  [lazy] call 112 step 111: 0.261s (orig 0.181s) rc=0 demoted=23.9MiB read=46.6MiB
  [lazy] call 113 step 112: 0.264s (orig 0.179s) rc=0 demoted=24.2MiB read=47.1MiB
  [lazy] call 114 step 113: 0.261s (orig 0.182s) rc=0 demoted=23.9MiB read=46.7MiB
  [lazy] call 115 step 114: 0.261s (orig 0.183s) rc=0 demoted=23.8MiB read=46.7MiB
  [lazy] call 116 step 115: 0.264s (orig 0.181s) rc=0 demoted=24.0MiB read=46.7MiB
  [lazy] call 117 step 116: 0.257s (orig 0.181s) rc=0 demoted=24.0MiB read=46.7MiB
  [lazy] call 118 step 117: 0.264s (orig 0.184s) rc=0 demoted=24.0MiB read=46.7MiB
  [lazy] call 119 step 118: 0.258s (orig 0.179s) rc=0 demoted=23.8MiB read=46.8MiB
  [lazy] call 120 step 119: 0.258s (orig 0.183s) rc=0 demoted=24.0MiB read=44.7MiB
  [lazy] call 121 step 120: 0.284s (orig 0.194s) rc=0 demoted=23.4MiB read=55.5MiB
  [lazy] call 122 step 121: 0.264s (orig 0.182s) rc=0 demoted=28.1MiB read=46.6MiB
  [lazy] call 123 step 122: 0.259s (orig 0.184s) rc=1 demoted=24.1MiB read=44.9MiB
  [lazy] call 124 step 123: 0.255s (orig 0.178s) rc=0 demoted=23.1MiB read=44.5MiB
  [lazy] call 125 step 124: 1.535s (orig 1.129s) rc=0 demoted=22.8MiB read=258.1MiB
  [lazy] call 126 step 125: 0.259s (orig 0.180s) rc=2 demoted=146.0MiB read=44.4MiB
  [lazy] call 127 step 126: 0.278s (orig 0.189s) rc=0 demoted=22.8MiB read=81.1MiB
  [lazy] call 128 step 127: 0.258s (orig 0.174s) rc=0 demoted=41.1MiB read=44.5MiB
  [lazy] call 129 step 128: 0.280s (orig 0.192s) rc=0 demoted=22.6MiB read=80.7MiB
  [lazy] call 130 step 129: 0.256s (orig 0.180s) rc=0 demoted=41.5MiB read=44.5MiB
  [lazy] call 131 step 130: 0.262s (orig 0.181s) rc=0 demoted=22.9MiB read=44.4MiB
  [lazy] call 132 step 131: 0.255s (orig 0.179s) rc=0 demoted=22.6MiB read=44.4MiB
[34/58] django__django-12209 lazy: total=42.87899729 orig=29.742834309000003 mismatches=131 err=None
[35/58] django__django-12262 regular
minisweagent.environment: DEBUG: Starting container with command: docker run -d --name   
minisweagent-540f5cee -w /testbed --rm                                                   
docker.io/swebench/sweb.eval.x86_64.django_1776_django-12262:latest sleep 2h             
minisweagent.environment: INFO: Started container minisweagent-540f5cee with ID          
c49fc08e779774c1b2114580caa486f0793c9194f8111b5171326ff49efc97b2                         
  [regular] call 1 step 1: 0.262s (orig 0.183s) rc=0 demoted=0.0MiB read=43.4MiB
  [regular] call 2 step 1: 0.636s (orig 0.306s) rc=0 demoted=0.0MiB read=28.8MiB
  [regular] call 3 step 2: 0.186s (orig 0.177s) rc=0 demoted=0.0MiB read=0.1MiB
  [regular] call 4 step 3: 0.179s (orig 0.180s) rc=0 demoted=0.0MiB read=0.0MiB
  [regular] call 5 step 4: 0.182s (orig 0.178s) rc=0 demoted=0.0MiB read=0.0MiB
  [regular] call 6 step 5: 0.182s (orig 0.178s) rc=0 demoted=0.0MiB read=0.0MiB
  [regular] call 7 step 6: 0.181s (orig 0.181s) rc=0 demoted=0.0MiB read=0.3MiB
  [regular] call 8 step 7: 0.366s (orig 0.308s) rc=1 demoted=0.0MiB read=39.0MiB
  [regular] call 9 step 8: 0.185s (orig 0.182s) rc=0 demoted=0.0MiB read=0.0MiB
  [regular] call 10 step 9: 0.178s (orig 0.182s) rc=0 demoted=0.0MiB read=0.0MiB
  [regular] call 11 step 11: 0.182s (orig 0.182s) rc=0 demoted=0.0MiB read=0.0MiB
  [regular] call 12 step 12: 0.182s (orig 0.174s) rc=0 demoted=0.0MiB read=0.0MiB
  [regular] call 13 step 13: 0.185s (orig 0.180s) rc=0 demoted=0.0MiB read=0.0MiB
  [regular] call 14 step 14: 0.184s (orig 0.181s) rc=0 demoted=0.0MiB read=0.0MiB
  [regular] call 15 step 15: 0.183s (orig 0.182s) rc=0 demoted=0.0MiB read=0.0MiB
  [regular] call 16 step 16: 0.184s (orig 0.173s) rc=0 demoted=0.0MiB read=0.0MiB
  [regular] call 17 step 17: 0.204s (orig 0.200s) rc=0 demoted=0.0MiB read=0.0MiB
  [regular] call 18 step 18: 0.185s (orig 0.179s) rc=0 demoted=0.0MiB read=0.0MiB
  [regular] call 19 step 19: 0.180s (orig 0.180s) rc=0 demoted=0.0MiB read=0.0MiB
  [regular] call 20 step 20: 0.185s (orig 0.181s) rc=0 demoted=0.0MiB read=0.0MiB
  [regular] call 21 step 21: 0.185s (orig 0.176s) rc=2 demoted=0.0MiB read=0.6MiB
  [regular] call 22 step 22: 0.188s (orig 0.180s) rc=0 demoted=0.0MiB read=0.3MiB
  [regular] call 23 step 23: 0.178s (orig 0.177s) rc=0 demoted=0.0MiB read=0.0MiB
  [regular] call 24 step 24: 0.181s (orig 0.179s) rc=0 demoted=0.0MiB read=0.0MiB
  [regular] call 25 step 25: 0.207s (orig 0.204s) rc=0 demoted=0.0MiB read=0.0MiB
  [regular] call 26 step 26: 0.180s (orig 0.179s) rc=0 demoted=0.0MiB read=0.0MiB
  [regular] call 27 step 27: 0.197s (orig 0.191s) rc=0 demoted=0.0MiB read=0.0MiB
  [regular] call 28 step 28: 0.186s (orig 0.176s) rc=0 demoted=0.0MiB read=0.0MiB
  [regular] call 29 step 29: 0.184s (orig 0.180s) rc=0 demoted=0.0MiB read=0.0MiB
  [regular] call 30 step 30: 0.289s (orig 0.285s) rc=1 demoted=0.0MiB read=1.2MiB
  [regular] call 31 step 31: 0.181s (orig 0.184s) rc=0 demoted=0.0MiB read=0.0MiB
  [regular] call 32 step 32: 0.655s (orig 0.600s) rc=0 demoted=0.0MiB read=13.3MiB
  [regular] call 33 step 33: 0.187s (orig 0.180s) rc=2 demoted=0.0MiB read=0.1MiB
  [regular] call 34 step 34: 0.180s (orig 0.182s) rc=0 demoted=0.0MiB read=0.0MiB
  [regular] call 35 step 35: 0.180s (orig 0.177s) rc=0 demoted=0.0MiB read=0.0MiB
  [regular] call 36 step 36: 0.180s (orig 0.179s) rc=0 demoted=0.0MiB read=0.0MiB
  [regular] call 37 step 37: 0.180s (orig 0.182s) rc=0 demoted=0.0MiB read=0.0MiB
  [regular] call 38 step 38: 0.182s (orig 0.183s) rc=0 demoted=0.0MiB read=0.0MiB
  [regular] call 39 step 39: 0.435s (orig 0.422s) rc=1 demoted=0.0MiB read=0.0MiB
  [regular] call 40 step 40: 0.180s (orig 0.177s) rc=0 demoted=0.0MiB read=0.0MiB
  [regular] call 41 step 41: 0.434s (orig 0.425s) rc=0 demoted=0.0MiB read=0.0MiB
  [regular] call 42 step 42: 0.183s (orig 0.180s) rc=0 demoted=0.0MiB read=0.0MiB
  [regular] call 43 step 43: 0.181s (orig 0.178s) rc=0 demoted=0.0MiB read=0.0MiB
  [regular] call 44 step 44: 0.192s (orig 0.191s) rc=0 demoted=0.0MiB read=0.0MiB
  [regular] call 45 step 45: 0.179s (orig 0.175s) rc=0 demoted=0.0MiB read=0.0MiB
  [regular] call 46 step 46: 0.195s (orig 0.194s) rc=0 demoted=0.0MiB read=0.0MiB
  [regular] call 47 step 47: 0.187s (orig 0.182s) rc=0 demoted=0.0MiB read=0.0MiB
  [regular] call 48 step 48: 0.439s (orig 0.425s) rc=0 demoted=0.0MiB read=0.0MiB
  [regular] call 49 step 49: 0.183s (orig 0.179s) rc=0 demoted=0.0MiB read=0.0MiB
  [regular] call 50 step 50: 0.198s (orig 0.177s) rc=0 demoted=0.0MiB read=32.8MiB
  [regular] call 51 step 51: 0.194s (orig 0.187s) rc=0 demoted=0.0MiB read=0.0MiB
  [regular] call 52 step 52: 0.181s (orig 0.176s) rc=0 demoted=0.0MiB read=0.0MiB
  [regular] call 53 step 53: 0.197s (orig 0.252s) rc=0 demoted=0.0MiB read=0.0MiB
  [regular] call 54 step 54: 0.183s (orig 0.180s) rc=0 demoted=0.0MiB read=0.0MiB
  [regular] call 55 step 55: 0.183s (orig 0.231s) rc=2 demoted=0.0MiB read=0.0MiB
  [regular] call 56 step 57: 0.182s (orig 0.181s) rc=0 demoted=0.0MiB read=0.0MiB
  [regular] call 57 step 58: 0.197s (orig 0.196s) rc=1 demoted=0.0MiB read=0.0MiB
  [regular] call 58 step 59: 0.182s (orig 0.181s) rc=0 demoted=0.0MiB read=0.0MiB
  [regular] call 59 step 60: 0.205s (orig 0.202s) rc=0 demoted=0.0MiB read=0.0MiB
  [regular] call 60 step 61: 0.184s (orig 0.180s) rc=0 demoted=0.0MiB read=0.0MiB
  [regular] call 61 step 62: 0.181s (orig 0.180s) rc=1 demoted=0.0MiB read=0.0MiB
  [regular] call 62 step 63: 0.185s (orig 0.183s) rc=0 demoted=0.0MiB read=0.0MiB
  [regular] call 63 step 64: 0.184s (orig 0.180s) rc=0 demoted=0.0MiB read=0.0MiB
  [regular] call 64 step 65: 0.436s (orig 0.432s) rc=0 demoted=0.0MiB read=0.0MiB
  [regular] call 65 step 66: 0.210s (orig 0.203s) rc=0 demoted=0.0MiB read=0.0MiB
  [regular] call 66 step 67: 0.436s (orig 0.439s) rc=0 demoted=0.0MiB read=0.0MiB
  [regular] call 67 step 68: 0.194s (orig 0.186s) rc=0 demoted=0.0MiB read=1.5MiB
  [regular] call 68 step 69: 0.185s (orig 0.180s) rc=0 demoted=0.0MiB read=0.0MiB
  [regular] call 69 step 70: 0.184s (orig 0.182s) rc=0 demoted=0.0MiB read=0.0MiB
[35/58] django__django-12262 regular: total=15.360513972000003 orig=14.696921025000002 mismatches=68 err=None
[35/58] django__django-12262 lazy
minisweagent.environment: DEBUG: Starting container with command: docker run -d --name   
minisweagent-07b4b411 -w /testbed --rm                                                   
docker.io/swebench/sweb.eval.x86_64.django_1776_django-12262:latest sleep 2h             
minisweagent.environment: INFO: Started container minisweagent-07b4b411 with ID          
b7c99529d8d44370ea41ab5f5a10fd7654ec192e5b680674a730059447cb77fb                         
  [lazy] call 1 step 1: 0.269s (orig 0.183s) rc=0 demoted=3.2MiB read=48.5MiB
  [lazy] call 2 step 1: 0.724s (orig 0.306s) rc=0 demoted=24.5MiB read=76.7MiB
  [lazy] call 3 step 2: 0.260s (orig 0.177s) rc=0 demoted=39.3MiB read=47.0MiB
  [lazy] call 4 step 3: 0.257s (orig 0.180s) rc=0 demoted=24.2MiB read=45.4MiB
  [lazy] call 5 step 4: 0.263s (orig 0.178s) rc=0 demoted=23.4MiB read=46.9MiB
  [lazy] call 6 step 5: 0.261s (orig 0.178s) rc=0 demoted=24.0MiB read=45.4MiB
  [lazy] call 7 step 6: 0.261s (orig 0.181s) rc=0 demoted=23.3MiB read=47.2MiB
  [lazy] call 8 step 7: 0.443s (orig 0.308s) rc=1 demoted=24.2MiB read=86.3MiB
  [lazy] call 9 step 8: 0.258s (orig 0.182s) rc=0 demoted=44.2MiB read=46.3MiB
  [lazy] call 10 step 9: 0.259s (orig 0.182s) rc=0 demoted=23.5MiB read=45.7MiB
  [lazy] call 11 step 11: 0.259s (orig 0.182s) rc=0 demoted=23.3MiB read=46.2MiB
  [lazy] call 12 step 12: 0.267s (orig 0.174s) rc=0 demoted=23.7MiB read=45.8MiB
  [lazy] call 13 step 13: 0.264s (orig 0.180s) rc=0 demoted=24.0MiB read=46.2MiB
  [lazy] call 14 step 14: 0.264s (orig 0.181s) rc=0 demoted=23.6MiB read=47.4MiB
  [lazy] call 15 step 15: 0.258s (orig 0.182s) rc=0 demoted=24.4MiB read=46.6MiB
  [lazy] call 16 step 16: 0.255s (orig 0.173s) rc=0 demoted=24.0MiB read=45.0MiB
  [lazy] call 17 step 17: 0.294s (orig 0.200s) rc=0 demoted=23.2MiB read=57.1MiB
  [lazy] call 18 step 18: 0.260s (orig 0.179s) rc=0 demoted=29.0MiB read=46.6MiB
  [lazy] call 19 step 19: 0.257s (orig 0.180s) rc=0 demoted=23.7MiB read=47.1MiB
  [lazy] call 20 step 20: 0.256s (orig 0.181s) rc=0 demoted=24.2MiB read=46.6MiB
  [lazy] call 21 step 21: 0.263s (orig 0.176s) rc=2 demoted=23.9MiB read=46.2MiB
  [lazy] call 22 step 22: 0.269s (orig 0.180s) rc=0 demoted=23.5MiB read=47.7MiB
  [lazy] call 23 step 23: 0.259s (orig 0.177s) rc=0 demoted=24.6MiB read=45.3MiB
  [lazy] call 24 step 24: 0.258s (orig 0.179s) rc=0 demoted=23.1MiB read=45.3MiB
  [lazy] call 25 step 25: 0.291s (orig 0.204s) rc=0 demoted=23.0MiB read=56.9MiB
  [lazy] call 26 step 26: 0.253s (orig 0.179s) rc=0 demoted=28.8MiB read=46.4MiB
  [lazy] call 27 step 27: 0.282s (orig 0.191s) rc=0 demoted=23.8MiB read=56.1MiB
  [lazy] call 28 step 28: 0.259s (orig 0.176s) rc=0 demoted=28.4MiB read=46.4MiB
  [lazy] call 29 step 29: 0.262s (orig 0.180s) rc=0 demoted=23.9MiB read=44.9MiB
  [lazy] call 30 step 30: 0.417s (orig 0.285s) rc=1 demoted=23.2MiB read=87.0MiB
  [lazy] call 31 step 31: 0.258s (orig 0.184s) rc=0 demoted=44.0MiB read=44.7MiB
  [lazy] call 32 step 32: 0.783s (orig 0.600s) rc=0 demoted=23.0MiB read=99.9MiB
  [lazy] call 33 step 33: 0.260s (orig 0.180s) rc=2 demoted=52.5MiB read=46.3MiB
  [lazy] call 34 step 34: 0.260s (orig 0.182s) rc=0 demoted=24.2MiB read=46.3MiB
  [lazy] call 35 step 35: 0.257s (orig 0.177s) rc=0 demoted=23.6MiB read=44.7MiB
  [lazy] call 36 step 36: 0.254s (orig 0.179s) rc=0 demoted=23.1MiB read=44.7MiB
  [lazy] call 37 step 37: 0.254s (orig 0.182s) rc=0 demoted=22.9MiB read=44.7MiB
  [lazy] call 38 step 38: 0.257s (orig 0.183s) rc=0 demoted=23.1MiB read=44.7MiB
  [lazy] call 39 step 39: 0.608s (orig 0.422s) rc=1 demoted=23.0MiB read=99.5MiB
  [lazy] call 40 step 40: 0.253s (orig 0.177s) rc=0 demoted=50.3MiB read=44.7MiB
  [lazy] call 41 step 41: 0.621s (orig 0.425s) rc=0 demoted=23.3MiB read=101.3MiB
  [lazy] call 42 step 42: 0.265s (orig 0.180s) rc=0 demoted=51.5MiB read=46.7MiB
  [lazy] call 43 step 43: 0.261s (orig 0.178s) rc=0 demoted=23.7MiB read=44.8MiB
  [lazy] call 44 step 44: 0.289s (orig 0.191s) rc=0 demoted=23.1MiB read=56.3MiB
  [lazy] call 45 step 45: 0.254s (orig 0.175s) rc=0 demoted=29.7MiB read=44.9MiB
  [lazy] call 46 step 46: 0.287s (orig 0.194s) rc=0 demoted=23.1MiB read=56.3MiB
  [lazy] call 47 step 47: 0.252s (orig 0.182s) rc=0 demoted=28.4MiB read=46.6MiB
  [lazy] call 48 step 48: 0.612s (orig 0.425s) rc=0 demoted=23.9MiB read=100.4MiB
  [lazy] call 49 step 49: 0.262s (orig 0.179s) rc=0 demoted=50.5MiB read=46.4MiB
  [lazy] call 50 step 50: 0.276s (orig 0.177s) rc=0 demoted=24.7MiB read=86.3MiB
  [lazy] call 51 step 51: 0.277s (orig 0.187s) rc=0 demoted=44.4MiB read=54.4MiB
  [lazy] call 52 step 52: 0.259s (orig 0.176s) rc=0 demoted=27.6MiB read=44.8MiB
  [lazy] call 53 step 53: 0.281s (orig 0.252s) rc=0 demoted=23.8MiB read=54.6MiB
  [lazy] call 54 step 54: 0.256s (orig 0.180s) rc=0 demoted=28.6MiB read=44.3MiB
  [lazy] call 55 step 55: 0.257s (orig 0.231s) rc=2 demoted=23.9MiB read=43.4MiB
  [lazy] call 56 step 57: 0.257s (orig 0.181s) rc=0 demoted=23.2MiB read=43.6MiB
  [lazy] call 57 step 58: 0.274s (orig 0.196s) rc=1 demoted=23.3MiB read=54.5MiB
  [lazy] call 58 step 59: 0.249s (orig 0.181s) rc=0 demoted=27.7MiB read=45.3MiB
  [lazy] call 59 step 60: 0.287s (orig 0.202s) rc=0 demoted=23.5MiB read=57.0MiB
  [lazy] call 60 step 61: 0.256s (orig 0.180s) rc=0 demoted=28.9MiB read=46.5MiB
  [lazy] call 61 step 62: 0.256s (orig 0.180s) rc=1 demoted=23.8MiB read=46.7MiB
  [lazy] call 62 step 63: 0.260s (orig 0.183s) rc=0 demoted=24.1MiB read=46.8MiB
  [lazy] call 63 step 64: 0.254s (orig 0.180s) rc=0 demoted=24.1MiB read=45.3MiB
  [lazy] call 64 step 65: 0.614s (orig 0.432s) rc=0 demoted=23.3MiB read=100.0MiB
  [lazy] call 65 step 66: 0.292s (orig 0.203s) rc=0 demoted=50.5MiB read=56.4MiB
  [lazy] call 66 step 67: 0.613s (orig 0.439s) rc=0 demoted=28.6MiB read=99.5MiB
  [lazy] call 67 step 68: 0.280s (orig 0.186s) rc=0 demoted=50.7MiB read=78.7MiB
  [lazy] call 68 step 69: 0.254s (orig 0.180s) rc=0 demoted=40.6MiB read=43.5MiB
  [lazy] call 69 step 70: 0.255s (orig 0.182s) rc=0 demoted=22.1MiB read=45.1MiB
[35/58] django__django-12262 lazy: total=21.259797177 orig=14.696921025000002 mismatches=68 err=None
[36/58] django__django-12273 regular
minisweagent.environment: DEBUG: Starting container with command: docker run -d --name   
minisweagent-5113c457 -w /testbed --rm                                                   
docker.io/swebench/sweb.eval.x86_64.django_1776_django-12273:latest sleep 2h             
minisweagent.environment: INFO: Started container minisweagent-5113c457 with ID          
280b5ef8b667642c9b0b49d7853e6b707175a2e905d9b0e5b0df421928d6c6e1                         
  [regular] call 1 step 2: 0.267s (orig 0.184s) rc=0 demoted=0.0MiB read=42.6MiB
  [regular] call 2 step 3: 0.190s (orig 0.183s) rc=0 demoted=0.0MiB read=0.3MiB
  [regular] call 3 step 4: 0.188s (orig 0.182s) rc=0 demoted=0.0MiB read=1.4MiB
  [regular] call 4 step 5: 0.183s (orig 0.182s) rc=0 demoted=0.0MiB read=0.1MiB
  [regular] call 5 step 6: 0.184s (orig 0.178s) rc=0 demoted=0.0MiB read=0.3MiB
  [regular] call 6 step 7: 0.189s (orig 0.183s) rc=0 demoted=0.0MiB read=0.0MiB
  [regular] call 7 step 8: 0.183s (orig 0.180s) rc=0 demoted=0.0MiB read=0.0MiB
  [regular] call 8 step 9: 0.187s (orig 0.182s) rc=0 demoted=0.0MiB read=0.0MiB
  [regular] call 9 step 10: 0.183s (orig 0.178s) rc=0 demoted=0.0MiB read=0.0MiB
  [regular] call 10 step 11: 0.183s (orig 0.178s) rc=0 demoted=0.0MiB read=0.0MiB
  [regular] call 11 step 12: 0.185s (orig 0.176s) rc=0 demoted=0.0MiB read=0.0MiB
  [regular] call 12 step 13: 0.181s (orig 0.180s) rc=0 demoted=0.0MiB read=0.0MiB
  [regular] call 13 step 14: 0.185s (orig 0.184s) rc=0 demoted=0.0MiB read=0.2MiB
  [regular] call 14 step 15: 0.184s (orig 0.177s) rc=0 demoted=0.0MiB read=0.0MiB
  [regular] call 15 step 16: 0.186s (orig 0.181s) rc=0 demoted=0.0MiB read=0.0MiB
  [regular] call 16 step 17: 0.184s (orig 0.176s) rc=0 demoted=0.0MiB read=0.0MiB
  [regular] call 17 step 18: 0.194s (orig 0.181s) rc=0 demoted=0.0MiB read=0.3MiB
  [regular] call 18 step 19: 0.204s (orig 0.188s) rc=0 demoted=0.0MiB read=30.3MiB
  [regular] call 19 step 20: 0.187s (orig 0.180s) rc=0 demoted=0.0MiB read=0.1MiB
  [regular] call 20 step 21: 0.189s (orig 0.187s) rc=0 demoted=0.0MiB read=0.0MiB
  [regular] call 21 step 22: 0.193s (orig 0.182s) rc=0 demoted=0.0MiB read=0.0MiB
  [regular] call 22 step 23: 0.181s (orig 0.178s) rc=0 demoted=0.0MiB read=0.0MiB
  [regular] call 23 step 24: 0.183s (orig 0.179s) rc=1 demoted=0.0MiB read=0.3MiB
  [regular] call 24 step 25: 0.183s (orig 0.185s) rc=0 demoted=0.0MiB read=0.1MiB
  [regular] call 25 step 26: 0.205s (orig 0.198s) rc=0 demoted=0.0MiB read=16.1MiB
  [regular] call 26 step 27: 0.186s (orig 0.184s) rc=0 demoted=0.0MiB read=0.0MiB
  [regular] call 27 step 28: 0.188s (orig 0.185s) rc=0 demoted=0.0MiB read=0.4MiB
  [regular] call 28 step 29: 0.198s (orig 0.186s) rc=0 demoted=0.0MiB read=0.0MiB
  [regular] call 29 step 30: 0.185s (orig 0.176s) rc=0 demoted=0.0MiB read=0.0MiB
  [regular] call 30 step 31: 0.185s (orig 0.183s) rc=0 demoted=0.0MiB read=0.0MiB
[36/58] django__django-12273 regular: total=5.704205511 orig=5.453369123 mismatches=29 err=None
[36/58] django__django-12273 lazy
minisweagent.environment: DEBUG: Starting container with command: docker run -d --name   
minisweagent-9c856e18 -w /testbed --rm                                                   
docker.io/swebench/sweb.eval.x86_64.django_1776_django-12273:latest sleep 2h             
minisweagent.environment: INFO: Started container minisweagent-9c856e18 with ID          
e65301723629429c000d43c812da4df517e53a4e847b5058d6d6f314b1a4e982                         
  [lazy] call 1 step 2: 0.262s (orig 0.184s) rc=0 demoted=3.3MiB read=47.0MiB
  [lazy] call 2 step 3: 0.258s (orig 0.183s) rc=0 demoted=24.2MiB read=46.5MiB
  [lazy] call 3 step 4: 0.257s (orig 0.182s) rc=0 demoted=23.6MiB read=45.8MiB
  [lazy] call 4 step 5: 0.262s (orig 0.182s) rc=0 demoted=23.2MiB read=45.9MiB
  [lazy] call 5 step 6: 0.258s (orig 0.178s) rc=0 demoted=23.6MiB read=46.3MiB
  [lazy] call 6 step 7: 0.257s (orig 0.183s) rc=0 demoted=23.5MiB read=46.3MiB
  [lazy] call 7 step 8: 0.255s (orig 0.180s) rc=0 demoted=23.6MiB read=46.3MiB
  [lazy] call 8 step 9: 0.256s (orig 0.182s) rc=0 demoted=23.6MiB read=45.8MiB
  [lazy] call 9 step 10: 0.258s (orig 0.178s) rc=0 demoted=23.3MiB read=46.0MiB
  [lazy] call 10 step 11: 0.257s (orig 0.178s) rc=0 demoted=23.4MiB read=46.3MiB
  [lazy] call 11 step 12: 0.256s (orig 0.176s) rc=0 demoted=23.6MiB read=45.8MiB
  [lazy] call 12 step 13: 0.265s (orig 0.180s) rc=0 demoted=23.3MiB read=46.3MiB
  [lazy] call 13 step 14: 0.257s (orig 0.184s) rc=0 demoted=23.7MiB read=46.0MiB
  [lazy] call 14 step 15: 0.255s (orig 0.177s) rc=0 demoted=23.5MiB read=46.3MiB
  [lazy] call 15 step 16: 0.252s (orig 0.181s) rc=0 demoted=23.6MiB read=45.8MiB
  [lazy] call 16 step 17: 0.260s (orig 0.176s) rc=0 demoted=23.3MiB read=46.3MiB
  [lazy] call 17 step 18: 0.263s (orig 0.181s) rc=0 demoted=23.7MiB read=46.9MiB
  [lazy] call 18 step 19: 0.272s (orig 0.188s) rc=0 demoted=24.1MiB read=76.0MiB
  [lazy] call 19 step 20: 0.258s (orig 0.180s) rc=0 demoted=38.7MiB read=44.5MiB
  [lazy] call 20 step 21: 0.262s (orig 0.187s) rc=0 demoted=22.8MiB read=46.9MiB
  [lazy] call 21 step 22: 0.272s (orig 0.182s) rc=0 demoted=24.2MiB read=75.7MiB
  [lazy] call 22 step 23: 0.253s (orig 0.178s) rc=0 demoted=38.5MiB read=44.2MiB
  [lazy] call 23 step 24: 0.255s (orig 0.179s) rc=1 demoted=22.5MiB read=44.7MiB
  [lazy] call 24 step 25: 0.260s (orig 0.185s) rc=0 demoted=22.8MiB read=44.5MiB
  [lazy] call 25 step 26: 0.291s (orig 0.198s) rc=0 demoted=22.6MiB read=92.0MiB
  [lazy] call 26 step 27: 0.257s (orig 0.184s) rc=0 demoted=47.3MiB read=43.8MiB
  [lazy] call 27 step 28: 0.263s (orig 0.185s) rc=0 demoted=22.3MiB read=47.0MiB
  [lazy] call 28 step 29: 0.269s (orig 0.186s) rc=0 demoted=24.4MiB read=61.3MiB
  [lazy] call 29 step 30: 0.253s (orig 0.176s) rc=0 demoted=31.5MiB read=44.4MiB
  [lazy] call 30 step 31: 0.254s (orig 0.183s) rc=0 demoted=22.7MiB read=44.3MiB
[36/58] django__django-12273 lazy: total=7.808106393000001 orig=5.453369123 mismatches=29 err=None
[37/58] django__django-12276 regular
minisweagent.environment: DEBUG: Starting container with command: docker run -d --name   
minisweagent-9144f1ed -w /testbed --rm                                                   
docker.io/swebench/sweb.eval.x86_64.django_1776_django-12276:latest sleep 2h             
minisweagent.environment: INFO: Started container minisweagent-9144f1ed with ID          
cbcf3f57d7f0b24ac18494fd7f0d1ed28dd7b291f2e7f095101c5ee50dfb2513                         
  [regular] call 1 step 1: 0.720s (orig 0.310s) rc=0 demoted=0.0MiB read=71.6MiB
  [regular] call 2 step 2: 0.188s (orig 0.178s) rc=0 demoted=0.0MiB read=0.1MiB
  [regular] call 3 step 3: 0.181s (orig 0.183s) rc=0 demoted=0.0MiB read=0.0MiB
  [regular] call 4 step 4: 0.188s (orig 0.179s) rc=0 demoted=0.0MiB read=0.0MiB
  [regular] call 5 step 5: 0.184s (orig 0.178s) rc=0 demoted=0.0MiB read=0.0MiB
  [regular] call 6 step 6: 0.180s (orig 0.171s) rc=0 demoted=0.0MiB read=0.0MiB
  [regular] call 7 step 7: 0.184s (orig 0.179s) rc=0 demoted=0.0MiB read=0.0MiB
  [regular] call 8 step 8: 0.186s (orig 0.182s) rc=0 demoted=0.0MiB read=0.0MiB
  [regular] call 9 step 9: 0.184s (orig 0.180s) rc=0 demoted=0.0MiB read=0.0MiB
  [regular] call 10 step 10: 0.190s (orig 0.184s) rc=1 demoted=0.0MiB read=0.0MiB
  [regular] call 11 step 11: 0.183s (orig 0.184s) rc=0 demoted=0.0MiB read=0.0MiB
  [regular] call 12 step 12: 0.417s (orig 0.315s) rc=0 demoted=0.0MiB read=19.2MiB
  [regular] call 13 step 13: 0.184s (orig 0.176s) rc=0 demoted=0.0MiB read=0.1MiB
  [regular] call 14 step 14: 0.180s (orig 0.183s) rc=0 demoted=0.0MiB read=0.0MiB
  [regular] call 15 step 15: 0.179s (orig 0.180s) rc=0 demoted=0.0MiB read=0.0MiB
  [regular] call 16 step 18: 0.179s (orig 0.173s) rc=0 demoted=0.0MiB read=0.0MiB
  [regular] call 17 step 19: 0.189s (orig 0.177s) rc=0 demoted=0.0MiB read=0.0MiB
  [regular] call 18 step 20: 0.475s (orig 0.407s) rc=0 demoted=0.0MiB read=45.4MiB
  [regular] call 19 step 21: 0.186s (orig 0.183s) rc=0 demoted=0.0MiB read=0.3MiB
  [regular] call 20 step 22: 0.191s (orig 0.183s) rc=0 demoted=0.0MiB read=0.0MiB
  [regular] call 21 step 23: 0.280s (orig 0.273s) rc=1 demoted=0.0MiB read=0.0MiB
  [regular] call 22 step 24: 0.186s (orig 0.177s) rc=0 demoted=0.0MiB read=0.0MiB
  [regular] call 23 step 25: 0.184s (orig 0.183s) rc=0 demoted=0.0MiB read=0.0MiB
  [regular] call 24 step 26: 0.192s (orig 0.184s) rc=0 demoted=0.0MiB read=0.3MiB
  [regular] call 25 step 28: 0.182s (orig 0.178s) rc=0 demoted=0.0MiB read=0.0MiB
  [regular] call 26 step 29: 0.185s (orig 0.179s) rc=0 demoted=0.0MiB read=0.0MiB
  [regular] call 27 step 30: 0.181s (orig 0.179s) rc=0 demoted=0.0MiB read=0.0MiB
  [regular] call 28 step 31: 0.184s (orig 0.182s) rc=0 demoted=0.0MiB read=0.0MiB
  [regular] call 29 step 32: 0.182s (orig 0.175s) rc=0 demoted=0.0MiB read=0.0MiB
  [regular] call 30 step 33: 0.187s (orig 0.183s) rc=0 demoted=0.0MiB read=0.3MiB
  [regular] call 31 step 34: 0.189s (orig 0.178s) rc=0 demoted=0.0MiB read=0.0MiB
  [regular] call 32 step 35: 0.185s (orig 0.174s) rc=0 demoted=0.0MiB read=0.0MiB
  [regular] call 33 step 36: 0.200s (orig 0.195s) rc=1 demoted=0.0MiB read=0.0MiB
  [regular] call 34 step 37: 0.206s (orig 0.201s) rc=0 demoted=0.0MiB read=0.0MiB
  [regular] call 35 step 38: 0.182s (orig 0.177s) rc=0 demoted=0.0MiB read=0.0MiB
  [regular] call 36 step 39: 0.201s (orig 0.197s) rc=0 demoted=0.0MiB read=0.0MiB
  [regular] call 37 step 40: 0.184s (orig 0.178s) rc=0 demoted=0.0MiB read=0.0MiB
  [regular] call 38 step 41: 0.201s (orig 0.195s) rc=0 demoted=0.0MiB read=0.0MiB
  [regular] call 39 step 42: 0.184s (orig 0.173s) rc=0 demoted=0.0MiB read=0.0MiB
  [regular] call 40 step 43: 0.192s (orig 0.176s) rc=2 demoted=0.0MiB read=0.0MiB
  [regular] call 41 step 44: 0.187s (orig 0.181s) rc=0 demoted=0.0MiB read=0.1MiB
  [regular] call 42 step 45: 0.182s (orig 0.181s) rc=0 demoted=0.0MiB read=0.0MiB
  [regular] call 43 step 46: 0.192s (orig 0.182s) rc=0 demoted=0.0MiB read=0.1MiB
  [regular] call 44 step 47: 0.181s (orig 0.180s) rc=0 demoted=0.0MiB read=0.0MiB
  [regular] call 45 step 48: 0.184s (orig 0.180s) rc=0 demoted=0.0MiB read=0.0MiB
  [regular] call 46 step 49: 0.183s (orig 0.181s) rc=1 demoted=0.0MiB read=0.0MiB
  [regular] call 47 step 50: 0.193s (orig 0.185s) rc=1 demoted=0.0MiB read=0.0MiB
  [regular] call 48 step 51: 0.187s (orig 0.185s) rc=0 demoted=0.0MiB read=0.3MiB
  [regular] call 49 step 52: 0.187s (orig 0.178s) rc=0 demoted=0.0MiB read=0.0MiB
  [regular] call 50 step 53: 0.280s (orig 0.264s) rc=1 demoted=0.0MiB read=0.0MiB
  [regular] call 51 step 54: 0.184s (orig 0.180s) rc=0 demoted=0.0MiB read=0.0MiB
  [regular] call 52 step 55: 0.187s (orig 0.183s) rc=1 demoted=0.0MiB read=0.0MiB
  [regular] call 53 step 56: 0.182s (orig 0.180s) rc=0 demoted=0.0MiB read=0.0MiB
  [regular] call 54 step 57: 0.186s (orig 0.176s) rc=0 demoted=0.0MiB read=0.0MiB
  [regular] call 55 step 58: 0.196s (orig 0.195s) rc=0 demoted=0.0MiB read=0.0MiB
  [regular] call 56 step 59: 0.184s (orig 0.176s) rc=0 demoted=0.0MiB read=0.0MiB
  [regular] call 57 step 60: 0.194s (orig 0.186s) rc=0 demoted=0.0MiB read=0.1MiB
  [regular] call 58 step 61: 0.185s (orig 0.181s) rc=0 demoted=0.0MiB read=0.0MiB
  [regular] call 59 step 62: 0.199s (orig 0.196s) rc=0 demoted=0.0MiB read=0.0MiB
  [regular] call 60 step 63: 0.182s (orig 0.180s) rc=0 demoted=0.0MiB read=0.0MiB
  [regular] call 61 step 64: 0.200s (orig 0.181s) rc=0 demoted=0.0MiB read=23.6MiB
  [regular] call 62 step 65: 0.186s (orig 0.177s) rc=0 demoted=0.0MiB read=0.0MiB
  [regular] call 63 step 66: 0.183s (orig 0.179s) rc=0 demoted=0.0MiB read=0.0MiB
  [regular] call 64 step 67: 0.187s (orig 0.175s) rc=0 demoted=0.0MiB read=0.0MiB
[37/58] django__django-12276 regular: total=13.207463071 orig=12.268130789999999 mismatches=63 err=None
[37/58] django__django-12276 lazy
minisweagent.environment: DEBUG: Starting container with command: docker run -d --name   
minisweagent-3aaf174c -w /testbed --rm                                                   
docker.io/swebench/sweb.eval.x86_64.django_1776_django-12276:latest sleep 2h             
minisweagent.environment: INFO: Started container minisweagent-3aaf174c with ID          
5cdb465b12ec2a72102c6ce87bc84b21ab3a04e704b07812aa2545f78e02d136                         
  [lazy] call 1 step 1: 0.717s (orig 0.310s) rc=0 demoted=3.7MiB read=77.1MiB
  [lazy] call 2 step 2: 0.262s (orig 0.178s) rc=0 demoted=39.6MiB read=47.3MiB
  [lazy] call 3 step 3: 0.259s (orig 0.183s) rc=0 demoted=24.0MiB read=46.7MiB
  [lazy] call 4 step 4: 0.265s (orig 0.179s) rc=0 demoted=23.7MiB read=46.6MiB
  [lazy] call 5 step 5: 0.260s (orig 0.178s) rc=0 demoted=23.8MiB read=46.6MiB
  [lazy] call 6 step 6: 0.257s (orig 0.171s) rc=0 demoted=24.0MiB read=46.4MiB
  [lazy] call 7 step 7: 0.261s (orig 0.179s) rc=0 demoted=24.4MiB read=45.0MiB
  [lazy] call 8 step 8: 0.255s (orig 0.182s) rc=0 demoted=23.8MiB read=44.9MiB
  [lazy] call 9 step 9: 0.259s (orig 0.180s) rc=0 demoted=23.4MiB read=46.2MiB
  [lazy] call 10 step 10: 0.260s (orig 0.184s) rc=1 demoted=23.5MiB read=46.3MiB
  [lazy] call 11 step 11: 0.261s (orig 0.184s) rc=0 demoted=24.2MiB read=46.5MiB
  [lazy] call 12 step 12: 0.837s (orig 0.315s) rc=0 demoted=24.7MiB read=94.3MiB
  [lazy] call 13 step 13: 0.256s (orig 0.176s) rc=0 demoted=50.1MiB read=45.0MiB
  [lazy] call 14 step 14: 0.256s (orig 0.183s) rc=0 demoted=23.0MiB read=45.2MiB
  [lazy] call 15 step 15: 0.256s (orig 0.180s) rc=0 demoted=23.2MiB read=46.5MiB
  [lazy] call 16 step 18: 0.265s (orig 0.173s) rc=0 demoted=24.2MiB read=47.7MiB
  [lazy] call 17 step 19: 0.266s (orig 0.177s) rc=0 demoted=24.1MiB read=46.1MiB
  [lazy] call 18 step 20: 0.548s (orig 0.407s) rc=0 demoted=23.7MiB read=92.9MiB
  [lazy] call 19 step 21: 0.257s (orig 0.183s) rc=0 demoted=47.3MiB read=47.4MiB
  [lazy] call 20 step 22: 0.265s (orig 0.183s) rc=0 demoted=24.1MiB read=45.4MiB
  [lazy] call 21 step 23: 0.409s (orig 0.273s) rc=1 demoted=23.6MiB read=85.8MiB
  [lazy] call 22 step 24: 0.259s (orig 0.177s) rc=0 demoted=43.3MiB read=47.3MiB
  [lazy] call 23 step 25: 0.261s (orig 0.183s) rc=0 demoted=24.5MiB read=46.8MiB
  [lazy] call 24 step 26: 0.264s (orig 0.184s) rc=0 demoted=23.9MiB read=48.7MiB
  [lazy] call 25 step 28: 0.269s (orig 0.178s) rc=0 demoted=25.2MiB read=47.5MiB
  [lazy] call 26 step 29: 0.263s (orig 0.179s) rc=0 demoted=24.5MiB read=45.5MiB
  [lazy] call 27 step 30: 0.258s (orig 0.179s) rc=0 demoted=23.4MiB read=46.8MiB
  [lazy] call 28 step 31: 0.267s (orig 0.182s) rc=0 demoted=23.9MiB read=47.4MiB
  [lazy] call 29 step 32: 0.264s (orig 0.175s) rc=0 demoted=24.4MiB read=46.9MiB
  [lazy] call 30 step 33: 0.267s (orig 0.183s) rc=0 demoted=24.2MiB read=47.8MiB
  [lazy] call 31 step 34: 0.259s (orig 0.178s) rc=0 demoted=24.9MiB read=46.9MiB
  [lazy] call 32 step 35: 0.258s (orig 0.174s) rc=0 demoted=24.0MiB read=45.6MiB
  [lazy] call 33 step 36: 0.282s (orig 0.195s) rc=1 demoted=23.5MiB read=56.7MiB
  [lazy] call 34 step 37: 0.290s (orig 0.201s) rc=0 demoted=28.8MiB read=57.3MiB
  [lazy] call 35 step 38: 0.260s (orig 0.177s) rc=0 demoted=29.1MiB read=46.8MiB
  [lazy] call 36 step 39: 0.281s (orig 0.197s) rc=0 demoted=23.9MiB read=56.7MiB
  [lazy] call 37 step 40: 0.259s (orig 0.178s) rc=0 demoted=28.7MiB read=47.0MiB
  [lazy] call 38 step 41: 0.284s (orig 0.195s) rc=0 demoted=24.1MiB read=56.9MiB
  [lazy] call 39 step 42: 0.266s (orig 0.173s) rc=0 demoted=28.9MiB read=47.0MiB
  [lazy] call 40 step 43: 0.263s (orig 0.176s) rc=2 demoted=24.0MiB read=45.6MiB
  [lazy] call 41 step 44: 0.267s (orig 0.181s) rc=0 demoted=23.5MiB read=47.0MiB
  [lazy] call 42 step 45: 0.259s (orig 0.181s) rc=0 demoted=25.1MiB read=45.7MiB
  [lazy] call 43 step 46: 0.275s (orig 0.182s) rc=0 demoted=23.3MiB read=49.1MiB
  [lazy] call 44 step 47: 0.258s (orig 0.180s) rc=0 demoted=25.7MiB read=46.6MiB
  [lazy] call 45 step 48: 0.258s (orig 0.180s) rc=0 demoted=23.7MiB read=46.6MiB
  [lazy] call 46 step 49: 0.262s (orig 0.181s) rc=1 demoted=24.4MiB read=47.6MiB
  [lazy] call 47 step 50: 0.265s (orig 0.185s) rc=1 demoted=24.5MiB read=47.5MiB
  [lazy] call 48 step 51: 0.267s (orig 0.185s) rc=0 demoted=24.9MiB read=47.8MiB
  [lazy] call 49 step 52: 0.267s (orig 0.178s) rc=0 demoted=25.2MiB read=45.9MiB
  [lazy] call 50 step 53: 0.405s (orig 0.264s) rc=1 demoted=23.5MiB read=86.3MiB
  [lazy] call 51 step 54: 0.260s (orig 0.180s) rc=0 demoted=43.8MiB read=46.9MiB
  [lazy] call 52 step 55: 0.262s (orig 0.183s) rc=1 demoted=23.9MiB read=47.8MiB
  [lazy] call 53 step 56: 0.261s (orig 0.180s) rc=0 demoted=24.7MiB read=47.7MiB
  [lazy] call 54 step 57: 0.260s (orig 0.176s) rc=0 demoted=24.5MiB read=46.8MiB
  [lazy] call 55 step 58: 0.281s (orig 0.195s) rc=0 demoted=23.9MiB read=56.7MiB
  [lazy] call 56 step 59: 0.263s (orig 0.176s) rc=0 demoted=29.0MiB read=46.8MiB
  [lazy] call 57 step 60: 0.268s (orig 0.186s) rc=0 demoted=23.9MiB read=48.9MiB
  [lazy] call 58 step 61: 0.255s (orig 0.181s) rc=0 demoted=26.3MiB read=46.8MiB
  [lazy] call 59 step 62: 0.286s (orig 0.196s) rc=0 demoted=23.9MiB read=56.8MiB
  [lazy] call 60 step 63: 0.260s (orig 0.180s) rc=0 demoted=28.8MiB read=46.7MiB
  [lazy] call 61 step 64: 0.282s (orig 0.181s) rc=0 demoted=23.8MiB read=77.8MiB
  [lazy] call 62 step 65: 0.259s (orig 0.177s) rc=0 demoted=39.3MiB read=45.5MiB
  [lazy] call 63 step 66: 0.261s (orig 0.179s) rc=0 demoted=23.1MiB read=45.6MiB
  [lazy] call 64 step 67: 0.261s (orig 0.175s) rc=0 demoted=23.3MiB read=45.6MiB
[37/58] django__django-12276 lazy: total=18.509012389 orig=12.268130789999999 mismatches=63 err=None
[38/58] django__django-12304 regular
minisweagent.environment: DEBUG: Starting container with command: docker run -d --name   
minisweagent-ef0a92b5 -w /testbed --rm                                                   
docker.io/swebench/sweb.eval.x86_64.django_1776_django-12304:latest sleep 2h             
minisweagent.environment: INFO: Started container minisweagent-ef0a92b5 with ID          
d1e02daf8adb36027f645d97fb134155ed7f1afcf73155cdc26d1c84860b36f0                         
  [regular] call 1 step 1: 0.268s (orig 0.187s) rc=0 demoted=0.0MiB read=42.5MiB
  [regular] call 2 step 1: 0.659s (orig 0.305s) rc=0 demoted=0.0MiB read=29.3MiB
  [regular] call 3 step 2: 0.620s (orig 0.367s) rc=0 demoted=0.0MiB read=36.6MiB
  [regular] call 4 step 3: 0.185s (orig 0.175s) rc=0 demoted=0.0MiB read=0.1MiB
  [regular] call 5 step 4: 0.180s (orig 0.179s) rc=0 demoted=0.0MiB read=0.0MiB
  [regular] call 6 step 5: 0.180s (orig 0.180s) rc=0 demoted=0.0MiB read=0.0MiB
[38/58] django__django-12304 regular: total=2.093117981 orig=1.3947437459999998 mismatches=0 err=None
[38/58] django__django-12304 lazy
minisweagent.environment: DEBUG: Starting container with command: docker run -d --name   
minisweagent-7cfcf18b -w /testbed --rm                                                   
docker.io/swebench/sweb.eval.x86_64.django_1776_django-12304:latest sleep 2h             
minisweagent.environment: INFO: Started container minisweagent-7cfcf18b with ID          
2086b97df05431ec3c719dff6e2de21909978c2468e966d5d534acb2c3710290                         
  [lazy] call 1 step 1: 0.272s (orig 0.187s) rc=0 demoted=3.5MiB read=48.8MiB
  [lazy] call 2 step 1: 0.731s (orig 0.305s) rc=0 demoted=24.8MiB read=77.6MiB
  [lazy] call 3 step 2: 1.057s (orig 0.367s) rc=0 demoted=43.1MiB read=113.3MiB
  [lazy] call 4 step 3: 0.269s (orig 0.175s) rc=0 demoted=62.2MiB read=45.9MiB
  [lazy] call 5 step 4: 0.270s (orig 0.179s) rc=0 demoted=23.5MiB read=47.5MiB
  [lazy] call 6 step 5: 0.260s (orig 0.180s) rc=0 demoted=24.6MiB read=47.1MiB
[38/58] django__django-12304 lazy: total=2.8583649579999992 orig=1.3947437459999998 mismatches=0 err=None
[39/58] django__django-12308 regular
minisweagent.environment: DEBUG: Starting container with command: docker run -d --name   
minisweagent-f7e2f2a4 -w /testbed --rm                                                   
docker.io/swebench/sweb.eval.x86_64.django_1776_django-12308:latest sleep 2h             
minisweagent.environment: INFO: Started container minisweagent-f7e2f2a4 with ID          
7cb3ac17a62bfcd083504b0b6f06e42ab16ebecaafb95a36c5dd733ab3169b10                         
  [regular] call 1 step 1: 0.263s (orig 0.183s) rc=0 demoted=0.0MiB read=42.5MiB
  [regular] call 2 step 1: 0.695s (orig 0.322s) rc=0 demoted=0.0MiB read=32.6MiB
  [regular] call 3 step 1: 0.314s (orig 0.305s) rc=0 demoted=0.0MiB read=0.0MiB
  [regular] call 4 step 2: 0.187s (orig 0.180s) rc=0 demoted=0.0MiB read=0.1MiB
  [regular] call 5 step 2: 0.185s (orig 0.178s) rc=0 demoted=0.0MiB read=0.0MiB
  [regular] call 6 step 3: 0.284s (orig 0.201s) rc=1 demoted=0.0MiB read=13.5MiB
  [regular] call 7 step 4: 0.378s (orig 0.289s) rc=0 demoted=0.0MiB read=11.9MiB
  [regular] call 8 step 5: 0.187s (orig 0.177s) rc=0 demoted=0.0MiB read=0.0MiB
  [regular] call 9 step 6: 0.189s (orig 0.174s) rc=0 demoted=0.0MiB read=0.0MiB
  [regular] call 10 step 7: 0.189s (orig 0.180s) rc=0 demoted=0.0MiB read=0.0MiB
  [regular] call 11 step 8: 0.187s (orig 0.178s) rc=0 demoted=0.0MiB read=0.1MiB
  [regular] call 12 step 9: 0.192s (orig 0.178s) rc=0 demoted=0.0MiB read=0.0MiB
  [regular] call 13 step 10: 0.187s (orig 0.181s) rc=0 demoted=0.0MiB read=0.0MiB
  [regular] call 14 step 11: 0.189s (orig 0.177s) rc=0 demoted=0.0MiB read=0.1MiB
  [regular] call 15 step 12: 0.195s (orig 0.185s) rc=0 demoted=0.0MiB read=0.6MiB
  [regular] call 16 step 13: 0.185s (orig 0.179s) rc=1 demoted=0.0MiB read=0.3MiB
  [regular] call 17 step 14: 0.195s (orig 0.184s) rc=0 demoted=0.0MiB read=0.0MiB
  [regular] call 18 step 15: 0.191s (orig 0.185s) rc=0 demoted=0.0MiB read=0.0MiB
  [regular] call 19 step 16: 0.189s (orig 0.187s) rc=0 demoted=0.0MiB read=0.2MiB
  [regular] call 20 step 17: 0.184s (orig 0.179s) rc=1 demoted=0.0MiB read=0.0MiB
  [regular] call 21 step 18: 0.188s (orig 0.179s) rc=0 demoted=0.0MiB read=0.0MiB
  [regular] call 22 step 19: 0.196s (orig 0.184s) rc=0 demoted=0.0MiB read=0.0MiB
  [regular] call 23 step 20: 0.195s (orig 0.187s) rc=0 demoted=0.0MiB read=0.0MiB
  [regular] call 24 step 21: 0.185s (orig 0.179s) rc=0 demoted=0.0MiB read=0.0MiB
  [regular] call 25 step 22: 0.212s (orig 0.192s) rc=1 demoted=0.0MiB read=12.0MiB
  [regular] call 26 step 23: 0.316s (orig 0.300s) rc=0 demoted=0.0MiB read=0.4MiB
  [regular] call 27 step 24: 0.182s (orig 0.182s) rc=0 demoted=0.0MiB read=0.0MiB
  [regular] call 28 step 25: 0.181s (orig 0.177s) rc=0 demoted=0.0MiB read=0.0MiB
  [regular] call 29 step 26: 0.186s (orig 0.186s) rc=0 demoted=0.0MiB read=0.0MiB
  [regular] call 30 step 27: 0.185s (orig 0.176s) rc=0 demoted=0.0MiB read=0.0MiB
  [regular] call 31 step 28: 0.179s (orig 0.177s) rc=0 demoted=0.0MiB read=0.0MiB
  [regular] call 32 step 29: 0.219s (orig 0.203s) rc=0 demoted=0.0MiB read=0.6MiB
  [regular] call 33 step 30: 0.184s (orig 0.181s) rc=0 demoted=0.0MiB read=0.0MiB
  [regular] call 34 step 31: 0.187s (orig 0.181s) rc=0 demoted=0.0MiB read=0.0MiB
  [regular] call 35 step 32: 0.204s (orig 0.198s) rc=0 demoted=0.0MiB read=0.0MiB
  [regular] call 36 step 33: 0.189s (orig 0.181s) rc=0 demoted=0.0MiB read=0.0MiB
  [regular] call 37 step 34: 0.186s (orig 0.182s) rc=0 demoted=0.0MiB read=0.0MiB
  [regular] call 38 step 35: 0.209s (orig 0.201s) rc=0 demoted=0.0MiB read=0.0MiB
  [regular] call 39 step 36: 0.189s (orig 0.182s) rc=0 demoted=0.0MiB read=0.0MiB
  [regular] call 40 step 37: 0.187s (orig 0.177s) rc=0 demoted=0.0MiB read=0.0MiB
  [regular] call 41 step 38: 0.208s (orig 0.200s) rc=0 demoted=0.0MiB read=0.0MiB
  [regular] call 42 step 39: 0.184s (orig 0.175s) rc=0 demoted=0.0MiB read=0.0MiB
  [regular] call 43 step 40: 0.184s (orig 0.182s) rc=0 demoted=0.0MiB read=0.0MiB
  [regular] call 44 step 41: 0.210s (orig 0.199s) rc=0 demoted=0.0MiB read=0.0MiB
  [regular] call 45 step 42: 0.185s (orig 0.178s) rc=0 demoted=0.0MiB read=0.0MiB
  [regular] call 46 step 43: 0.191s (orig 0.183s) rc=0 demoted=0.0MiB read=0.0MiB
  [regular] call 47 step 44: 0.185s (orig 0.179s) rc=0 demoted=0.0MiB read=0.0MiB
  [regular] call 48 step 45: 0.181s (orig 0.182s) rc=0 demoted=0.0MiB read=0.0MiB
  [regular] call 49 step 46: 0.319s (orig 0.302s) rc=0 demoted=0.0MiB read=0.0MiB
  [regular] call 50 step 47: 0.183s (orig 0.177s) rc=0 demoted=0.0MiB read=0.0MiB
  [regular] call 51 step 48: 0.189s (orig 0.180s) rc=0 demoted=0.0MiB read=0.0MiB
  [regular] call 52 step 49: 0.203s (orig 0.197s) rc=0 demoted=0.0MiB read=0.0MiB
  [regular] call 53 step 50: 0.187s (orig 0.179s) rc=0 demoted=0.0MiB read=0.0MiB
  [regular] call 54 step 51: 0.192s (orig 0.179s) rc=0 demoted=0.0MiB read=0.0MiB
  [regular] call 55 step 52: 0.191s (orig 0.183s) rc=0 demoted=0.0MiB read=0.0MiB
  [regular] call 56 step 53: 0.186s (orig 0.177s) rc=0 demoted=0.0MiB read=0.0MiB
  [regular] call 57 step 54: 0.207s (orig 0.178s) rc=0 demoted=0.0MiB read=34.8MiB
  [regular] call 58 step 55: 0.189s (orig 0.180s) rc=0 demoted=0.0MiB read=0.0MiB
  [regular] call 59 step 56: 0.202s (orig 0.192s) rc=0 demoted=0.0MiB read=0.0MiB
  [regular] call 60 step 57: 0.198s (orig 0.188s) rc=0 demoted=0.0MiB read=0.0MiB
  [regular] call 61 step 58: 0.186s (orig 0.180s) rc=0 demoted=0.0MiB read=0.0MiB
  [regular] call 62 step 59: 0.205s (orig 0.195s) rc=0 demoted=0.0MiB read=0.0MiB
  [regular] call 63 step 60: 0.188s (orig 0.177s) rc=0 demoted=0.0MiB read=0.0MiB
  [regular] call 64 step 61: 0.228s (orig 0.212s) rc=0 demoted=0.0MiB read=0.8MiB
  [regular] call 65 step 62: 0.187s (orig 0.172s) rc=0 demoted=0.0MiB read=0.0MiB
  [regular] call 66 step 63: 0.207s (orig 0.199s) rc=0 demoted=0.0MiB read=0.0MiB
  [regular] call 67 step 64: 0.193s (orig 0.187s) rc=0 demoted=0.0MiB read=0.1MiB
  [regular] call 68 step 65: 0.182s (orig 0.177s) rc=2 demoted=0.0MiB read=0.0MiB
  [regular] call 69 step 66: 0.185s (orig 0.179s) rc=0 demoted=0.0MiB read=0.0MiB
  [regular] call 70 step 67: 0.181s (orig 0.178s) rc=0 demoted=0.0MiB read=0.0MiB
[39/58] django__django-12308 regular: total=14.640616567999999 orig=13.449368354999999 mismatches=69 err=None
[39/58] django__django-12308 lazy
minisweagent.environment: DEBUG: Starting container with command: docker run -d --name   
minisweagent-99983ee8 -w /testbed --rm                                                   
docker.io/swebench/sweb.eval.x86_64.django_1776_django-12308:latest sleep 2h             
minisweagent.environment: INFO: Started container minisweagent-99983ee8 with ID          
6869b770cea48caacef1669285f7056d0a7fe93073bff83c11cf9ab255e2f1a6                         
  [lazy] call 1 step 1: 0.275s (orig 0.183s) rc=0 demoted=3.4MiB read=48.1MiB
  [lazy] call 2 step 1: 0.765s (orig 0.322s) rc=0 demoted=24.4MiB read=80.1MiB
  [lazy] call 3 step 1: 0.759s (orig 0.305s) rc=0 demoted=41.1MiB read=79.8MiB
  [lazy] call 4 step 2: 0.267s (orig 0.180s) rc=0 demoted=43.8MiB read=47.0MiB
  [lazy] call 5 step 2: 0.265s (orig 0.178s) rc=0 demoted=24.2MiB read=45.5MiB
  [lazy] call 6 step 3: 0.374s (orig 0.201s) rc=1 demoted=23.2MiB read=62.2MiB
  [lazy] call 7 step 4: 0.727s (orig 0.289s) rc=0 demoted=31.9MiB read=81.8MiB
  [lazy] call 8 step 5: 0.263s (orig 0.177s) rc=0 demoted=45.7MiB read=46.9MiB
  [lazy] call 9 step 6: 0.259s (orig 0.174s) rc=0 demoted=24.0MiB read=46.7MiB
  [lazy] call 10 step 7: 0.261s (orig 0.180s) rc=0 demoted=23.8MiB read=46.6MiB
  [lazy] call 11 step 8: 0.262s (orig 0.178s) rc=0 demoted=24.1MiB read=46.8MiB
  [lazy] call 12 step 9: 0.258s (orig 0.178s) rc=0 demoted=24.2MiB read=45.3MiB
  [lazy] call 13 step 10: 0.260s (orig 0.181s) rc=0 demoted=23.2MiB read=45.2MiB
  [lazy] call 14 step 11: 0.265s (orig 0.177s) rc=0 demoted=23.3MiB read=45.3MiB
  [lazy] call 15 step 12: 0.270s (orig 0.185s) rc=0 demoted=23.6MiB read=47.4MiB
  [lazy] call 16 step 13: 0.259s (orig 0.179s) rc=1 demoted=24.6MiB read=45.6MiB
  [lazy] call 17 step 14: 0.268s (orig 0.184s) rc=0 demoted=23.4MiB read=48.7MiB
  [lazy] call 18 step 15: 0.268s (orig 0.185s) rc=0 demoted=25.4MiB read=48.7MiB
  [lazy] call 19 step 16: 0.269s (orig 0.187s) rc=0 demoted=25.4MiB read=47.7MiB
  [lazy] call 20 step 17: 0.261s (orig 0.179s) rc=1 demoted=25.1MiB read=46.6MiB
  [lazy] call 21 step 18: 0.264s (orig 0.179s) rc=0 demoted=23.8MiB read=46.7MiB
  [lazy] call 22 step 19: 0.274s (orig 0.184s) rc=0 demoted=24.1MiB read=48.7MiB
  [lazy] call 23 step 20: 0.274s (orig 0.187s) rc=0 demoted=25.4MiB read=48.8MiB
  [lazy] call 24 step 21: 0.266s (orig 0.179s) rc=0 demoted=26.3MiB read=45.8MiB
  [lazy] call 25 step 22: 0.287s (orig 0.192s) rc=1 demoted=23.3MiB read=57.5MiB
  [lazy] call 26 step 23: 0.397s (orig 0.300s) rc=0 demoted=29.2MiB read=49.3MiB
  [lazy] call 27 step 24: 0.261s (orig 0.182s) rc=0 demoted=26.6MiB read=46.4MiB
  [lazy] call 28 step 25: 0.263s (orig 0.177s) rc=0 demoted=23.8MiB read=46.8MiB
  [lazy] call 29 step 26: 0.268s (orig 0.186s) rc=0 demoted=24.2MiB read=47.6MiB
  [lazy] call 30 step 27: 0.257s (orig 0.176s) rc=0 demoted=24.7MiB read=46.7MiB
  [lazy] call 31 step 28: 0.261s (orig 0.177s) rc=0 demoted=24.2MiB read=45.4MiB
  [lazy] call 32 step 29: 0.303s (orig 0.203s) rc=0 demoted=23.6MiB read=58.0MiB
  [lazy] call 33 step 30: 0.266s (orig 0.181s) rc=0 demoted=29.4MiB read=46.9MiB
  [lazy] call 34 step 31: 0.265s (orig 0.181s) rc=0 demoted=24.0MiB read=45.4MiB
  [lazy] call 35 step 32: 0.294s (orig 0.198s) rc=0 demoted=23.4MiB read=58.0MiB
  [lazy] call 36 step 33: 0.262s (orig 0.181s) rc=0 demoted=29.5MiB read=46.9MiB
  [lazy] call 37 step 34: 0.265s (orig 0.182s) rc=0 demoted=24.1MiB read=45.5MiB
  [lazy] call 38 step 35: 0.295s (orig 0.201s) rc=0 demoted=23.7MiB read=58.0MiB
  [lazy] call 39 step 36: 0.262s (orig 0.182s) rc=0 demoted=29.4MiB read=46.9MiB
  [lazy] call 40 step 37: 0.266s (orig 0.177s) rc=0 demoted=23.9MiB read=45.5MiB
  [lazy] call 41 step 38: 0.299s (orig 0.200s) rc=0 demoted=23.1MiB read=58.0MiB
  [lazy] call 42 step 39: 0.264s (orig 0.175s) rc=0 demoted=29.5MiB read=46.9MiB
  [lazy] call 43 step 40: 0.263s (orig 0.182s) rc=0 demoted=23.9MiB read=45.5MiB
  [lazy] call 44 step 41: 0.300s (orig 0.199s) rc=0 demoted=23.4MiB read=58.0MiB
  [lazy] call 45 step 42: 0.260s (orig 0.178s) rc=0 demoted=29.4MiB read=46.9MiB
  [lazy] call 46 step 43: 0.266s (orig 0.183s) rc=0 demoted=24.1MiB read=47.8MiB
  [lazy] call 47 step 44: 0.259s (orig 0.179s) rc=0 demoted=24.8MiB read=46.9MiB
  [lazy] call 48 step 45: 0.260s (orig 0.182s) rc=0 demoted=24.1MiB read=45.5MiB
  [lazy] call 49 step 46: 0.390s (orig 0.302s) rc=0 demoted=23.6MiB read=49.3MiB
  [lazy] call 50 step 47: 0.259s (orig 0.177s) rc=0 demoted=27.3MiB read=46.8MiB
  [lazy] call 51 step 48: 0.261s (orig 0.180s) rc=0 demoted=24.0MiB read=45.4MiB
  [lazy] call 52 step 49: 0.288s (orig 0.197s) rc=0 demoted=23.4MiB read=57.3MiB
  [lazy] call 53 step 50: 0.264s (orig 0.179s) rc=0 demoted=29.2MiB read=46.9MiB
  [lazy] call 54 step 51: 0.267s (orig 0.179s) rc=0 demoted=23.8MiB read=47.6MiB
  [lazy] call 55 step 52: 0.262s (orig 0.183s) rc=0 demoted=24.9MiB read=46.6MiB
  [lazy] call 56 step 53: 0.259s (orig 0.177s) rc=0 demoted=24.1MiB read=47.0MiB
  [lazy] call 57 step 54: 0.282s (orig 0.178s) rc=0 demoted=24.3MiB read=81.9MiB
  [lazy] call 58 step 55: 0.259s (orig 0.180s) rc=0 demoted=41.5MiB read=45.5MiB
  [lazy] call 59 step 56: 0.293s (orig 0.192s) rc=0 demoted=23.5MiB read=82.8MiB
  [lazy] call 60 step 57: 0.292s (orig 0.188s) rc=0 demoted=42.7MiB read=83.3MiB
  [lazy] call 61 step 58: 0.263s (orig 0.180s) rc=0 demoted=42.8MiB read=47.4MiB
  [lazy] call 62 step 59: 0.291s (orig 0.195s) rc=0 demoted=24.6MiB read=83.3MiB
  [lazy] call 63 step 60: 0.264s (orig 0.177s) rc=0 demoted=42.9MiB read=45.4MiB
  [lazy] call 64 step 61: 0.327s (orig 0.212s) rc=0 demoted=23.5MiB read=95.5MiB
  [lazy] call 65 step 62: 0.259s (orig 0.172s) rc=0 demoted=48.7MiB read=45.5MiB
  [lazy] call 66 step 63: 0.287s (orig 0.199s) rc=0 demoted=23.2MiB read=82.0MiB
  [lazy] call 67 step 64: 0.285s (orig 0.187s) rc=0 demoted=43.3MiB read=82.5MiB
  [lazy] call 68 step 65: 0.256s (orig 0.177s) rc=2 demoted=42.4MiB read=45.3MiB
  [lazy] call 69 step 66: 0.264s (orig 0.179s) rc=0 demoted=23.2MiB read=45.4MiB
  [lazy] call 70 step 67: 0.261s (orig 0.178s) rc=0 demoted=23.4MiB read=45.5MiB
[39/58] django__django-12308 lazy: total=20.710480287 orig=13.449368354999999 mismatches=69 err=None
[40/58] django__django-12325 regular
minisweagent.environment: DEBUG: Starting container with command: docker run -d --name   
minisweagent-185e91af -w /testbed --rm                                                   
docker.io/swebench/sweb.eval.x86_64.django_1776_django-12325:latest sleep 2h             
minisweagent.environment: INFO: Started container minisweagent-185e91af with ID          
a7e8caaa9ef5556a1ab9d2c8fcfc796064ea30c67db221e58b3f1a33c1cab138                         
  [regular] call 1 step 1: 0.724s (orig 0.314s) rc=0 demoted=0.0MiB read=72.2MiB
  [regular] call 2 step 2: 0.623s (orig 0.366s) rc=0 demoted=0.0MiB read=36.7MiB
  [regular] call 3 step 3: 0.193s (orig 0.184s) rc=0 demoted=0.0MiB read=0.0MiB
  [regular] call 4 step 4: 0.181s (orig 0.179s) rc=0 demoted=0.0MiB read=0.0MiB
  [regular] call 5 step 5: 0.181s (orig 0.179s) rc=0 demoted=0.0MiB read=0.0MiB
  [regular] call 6 step 6: 0.354s (orig 0.350s) rc=0 demoted=0.0MiB read=0.0MiB
  [regular] call 7 step 7: 0.183s (orig 0.180s) rc=0 demoted=0.0MiB read=0.0MiB
  [regular] call 8 step 8: 0.185s (orig 0.180s) rc=0 demoted=0.0MiB read=0.0MiB
  [regular] call 9 step 9: 0.182s (orig 0.178s) rc=0 demoted=0.0MiB read=0.0MiB
  [regular] call 10 step 10: 0.182s (orig 0.179s) rc=0 demoted=0.0MiB read=0.0MiB
  [regular] call 11 step 11: 0.183s (orig 0.181s) rc=0 demoted=0.0MiB read=0.0MiB
  [regular] call 12 step 12: 0.188s (orig 0.182s) rc=0 demoted=0.0MiB read=0.0MiB
  [regular] call 13 step 13: 0.184s (orig 0.176s) rc=0 demoted=0.0MiB read=0.0MiB
  [regular] call 14 step 14: 0.184s (orig 0.184s) rc=0 demoted=0.0MiB read=0.1MiB
  [regular] call 15 step 15: 0.184s (orig 0.179s) rc=2 demoted=0.0MiB read=0.0MiB
  [regular] call 16 step 16: 0.206s (orig 0.192s) rc=0 demoted=0.0MiB read=11.3MiB
  [regular] call 17 step 17: 0.577s (orig 0.522s) rc=1 demoted=0.0MiB read=33.2MiB
  [regular] call 18 step 18: 0.194s (orig 0.189s) rc=0 demoted=0.0MiB read=0.0MiB
  [regular] call 19 step 19: 0.538s (orig 0.513s) rc=1 demoted=0.0MiB read=8.8MiB
  [regular] call 20 step 20: 0.182s (orig 0.180s) rc=0 demoted=0.0MiB read=0.0MiB
  [regular] call 21 step 21: 0.183s (orig 0.181s) rc=0 demoted=0.0MiB read=0.4MiB
  [regular] call 22 step 22: 0.183s (orig 0.178s) rc=0 demoted=0.0MiB read=0.2MiB
  [regular] call 23 step 23: 0.182s (orig 0.177s) rc=2 demoted=0.0MiB read=0.0MiB
  [regular] call 24 step 24: 0.184s (orig 0.182s) rc=2 demoted=0.0MiB read=0.0MiB
  [regular] call 25 step 25: 0.181s (orig 0.184s) rc=2 demoted=0.0MiB read=0.0MiB
  [regular] call 26 step 26: 0.198s (orig 0.198s) rc=1 demoted=0.0MiB read=0.0MiB
  [regular] call 27 step 27: 0.183s (orig 0.181s) rc=0 demoted=0.0MiB read=0.0MiB
  [regular] call 28 step 28: 0.199s (orig 0.201s) rc=1 demoted=0.0MiB read=0.0MiB
  [regular] call 29 step 29: 0.181s (orig 0.184s) rc=1 demoted=0.0MiB read=0.0MiB
  [regular] call 30 step 30: 0.181s (orig 0.180s) rc=0 demoted=0.0MiB read=0.0MiB
  [regular] call 31 step 31: 0.181s (orig 0.181s) rc=2 demoted=0.0MiB read=0.0MiB
  [regular] call 32 step 32: 0.195s (orig 0.224s) rc=1 demoted=0.0MiB read=0.0MiB
  [regular] call 33 step 33: 0.183s (orig 0.183s) rc=0 demoted=0.0MiB read=0.0MiB
  [regular] call 34 step 34: 0.183s (orig 0.179s) rc=0 demoted=0.0MiB read=0.0MiB
  [regular] call 35 step 35: 0.201s (orig 0.197s) rc=0 demoted=0.0MiB read=0.0MiB
  [regular] call 36 step 36: 0.359s (orig 0.358s) rc=1 demoted=0.0MiB read=0.0MiB
  [regular] call 37 step 37: 0.186s (orig 0.181s) rc=0 demoted=0.0MiB read=0.0MiB
  [regular] call 38 step 38: 0.381s (orig 0.375s) rc=1 demoted=0.0MiB read=0.0MiB
[40/58] django__django-12325 regular: total=9.330660946 orig=8.50907438 mismatches=0 err=None
[40/58] django__django-12325 lazy
minisweagent.environment: DEBUG: Starting container with command: docker run -d --name   
minisweagent-071d56b4 -w /testbed --rm                                                   
docker.io/swebench/sweb.eval.x86_64.django_1776_django-12325:latest sleep 2h             
minisweagent.environment: INFO: Started container minisweagent-071d56b4 with ID          
c7eb993f8d19951e18b6c3305662b36f98a64381e146ab07a8964268d46a5699                         
  [lazy] call 1 step 1: 0.716s (orig 0.314s) rc=0 demoted=3.4MiB read=77.7MiB
  [lazy] call 2 step 2: 1.034s (orig 0.366s) rc=0 demoted=39.7MiB read=113.7MiB
  [lazy] call 3 step 3: 0.287s (orig 0.184s) rc=0 demoted=66.6MiB read=53.0MiB
  [lazy] call 4 step 4: 0.264s (orig 0.179s) rc=0 demoted=27.4MiB read=45.7MiB
  [lazy] call 5 step 5: 0.262s (orig 0.179s) rc=0 demoted=23.7MiB read=46.7MiB
  [lazy] call 6 step 6: 1.024s (orig 0.350s) rc=0 demoted=23.9MiB read=113.2MiB
  [lazy] call 7 step 7: 0.268s (orig 0.180s) rc=0 demoted=66.0MiB read=47.6MiB
  [lazy] call 8 step 8: 0.262s (orig 0.180s) rc=0 demoted=24.0MiB read=46.7MiB
  [lazy] call 9 step 9: 0.258s (orig 0.178s) rc=0 demoted=24.1MiB read=46.8MiB
  [lazy] call 10 step 10: 0.262s (orig 0.179s) rc=0 demoted=24.0MiB read=46.8MiB
  [lazy] call 11 step 11: 0.272s (orig 0.181s) rc=0 demoted=24.0MiB read=50.6MiB
  [lazy] call 12 step 12: 0.265s (orig 0.182s) rc=0 demoted=26.4MiB read=46.8MiB
  [lazy] call 13 step 13: 0.261s (orig 0.176s) rc=0 demoted=24.1MiB read=46.8MiB
  [lazy] call 14 step 14: 0.257s (orig 0.184s) rc=0 demoted=24.6MiB read=42.6MiB
  [lazy] call 15 step 15: 0.257s (orig 0.179s) rc=2 demoted=22.7MiB read=44.1MiB
  [lazy] call 16 step 16: 0.283s (orig 0.192s) rc=0 demoted=22.6MiB read=55.8MiB
  [lazy] call 17 step 17: 0.679s (orig 0.522s) rc=1 demoted=28.2MiB read=94.6MiB
  [lazy] call 18 step 18: 0.278s (orig 0.189s) rc=0 demoted=49.4MiB read=55.6MiB
  [lazy] call 19 step 19: 0.704s (orig 0.513s) rc=1 demoted=28.2MiB read=104.4MiB
  [lazy] call 20 step 20: 0.259s (orig 0.180s) rc=0 demoted=53.9MiB read=46.7MiB
  [lazy] call 21 step 21: 0.264s (orig 0.181s) rc=0 demoted=23.8MiB read=47.3MiB
  [lazy] call 22 step 22: 0.266s (orig 0.178s) rc=0 demoted=24.2MiB read=47.1MiB
  [lazy] call 23 step 23: 0.262s (orig 0.177s) rc=2 demoted=24.4MiB read=47.1MiB
  [lazy] call 24 step 24: 0.267s (orig 0.182s) rc=2 demoted=24.1MiB read=47.3MiB
  [lazy] call 25 step 25: 0.257s (orig 0.184s) rc=2 demoted=24.5MiB read=45.3MiB
  [lazy] call 26 step 26: 0.278s (orig 0.198s) rc=1 demoted=23.8MiB read=53.8MiB
  [lazy] call 27 step 27: 0.259s (orig 0.181s) rc=0 demoted=27.3MiB read=45.3MiB
  [lazy] call 28 step 28: 0.281s (orig 0.201s) rc=1 demoted=23.2MiB read=55.7MiB
  [lazy] call 29 step 29: 0.261s (orig 0.184s) rc=1 demoted=28.4MiB read=47.0MiB
  [lazy] call 30 step 30: 0.260s (orig 0.180s) rc=0 demoted=23.9MiB read=45.1MiB
  [lazy] call 31 step 31: 0.260s (orig 0.181s) rc=2 demoted=23.3MiB read=45.1MiB
  [lazy] call 32 step 32: 0.281s (orig 0.224s) rc=1 demoted=23.1MiB read=55.5MiB
  [lazy] call 33 step 33: 0.266s (orig 0.183s) rc=0 demoted=28.6MiB read=48.6MiB
  [lazy] call 34 step 34: 0.258s (orig 0.179s) rc=0 demoted=25.1MiB read=44.4MiB
  [lazy] call 35 step 35: 0.292s (orig 0.197s) rc=0 demoted=22.9MiB read=57.9MiB
  [lazy] call 36 step 36: 0.516s (orig 0.358s) rc=1 demoted=29.7MiB read=94.2MiB
  [lazy] call 37 step 37: 0.259s (orig 0.181s) rc=0 demoted=47.6MiB read=45.2MiB
  [lazy] call 38 step 38: 0.533s (orig 0.375s) rc=1 demoted=23.7MiB read=93.8MiB
[40/58] django__django-12325 lazy: total=13.471006414 orig=8.50907438 mismatches=0 err=None
[41/58] django__django-12406 regular
minisweagent.environment: DEBUG: Starting container with command: docker run -d --name   
minisweagent-5e33f1ab -w /testbed --rm                                                   
docker.io/swebench/sweb.eval.x86_64.django_1776_django-12406:latest sleep 2h             
minisweagent.environment: INFO: Started container minisweagent-5e33f1ab with ID          
0201183c74ec10174d2a511fd3654aa7544e8505db746b01c0f4125398f7ead2                         
  [regular] call 1 step 1: 0.258s (orig 0.184s) rc=0 demoted=0.0MiB read=42.4MiB
  [regular] call 2 step 1: 0.638s (orig 0.325s) rc=0 demoted=0.0MiB read=29.0MiB
  [regular] call 3 step 2: 0.181s (orig 0.176s) rc=0 demoted=0.0MiB read=0.0MiB
  [regular] call 4 step 3: 0.180s (orig 0.179s) rc=0 demoted=0.0MiB read=0.1MiB
  [regular] call 5 step 4: 0.178s (orig 0.181s) rc=0 demoted=0.0MiB read=0.0MiB
  [regular] call 6 step 5: 0.181s (orig 0.181s) rc=0 demoted=0.0MiB read=0.0MiB
  [regular] call 7 step 6: 0.188s (orig 0.181s) rc=1 demoted=0.0MiB read=0.1MiB
  [regular] call 8 step 7: 0.307s (orig 0.278s) rc=0 demoted=0.0MiB read=0.7MiB
  [regular] call 9 step 8: 0.185s (orig 0.177s) rc=0 demoted=0.0MiB read=0.0MiB
  [regular] call 10 step 9: 0.186s (orig 0.181s) rc=0 demoted=0.0MiB read=0.0MiB
  [regular] call 11 step 10: 0.184s (orig 0.182s) rc=0 demoted=0.0MiB read=0.0MiB
  [regular] call 12 step 11: 0.183s (orig 0.183s) rc=0 demoted=0.0MiB read=0.0MiB
  [regular] call 13 step 12: 0.178s (orig 0.178s) rc=1 demoted=0.0MiB read=0.0MiB
  [regular] call 14 step 13: 0.184s (orig 0.176s) rc=1 demoted=0.0MiB read=0.0MiB
  [regular] call 15 step 14: 0.184s (orig 0.177s) rc=0 demoted=0.0MiB read=0.0MiB
  [regular] call 16 step 15: 0.184s (orig 0.176s) rc=0 demoted=0.0MiB read=0.0MiB
  [regular] call 17 step 16: 0.181s (orig 0.176s) rc=0 demoted=0.0MiB read=0.1MiB
  [regular] call 18 step 17: 0.190s (orig 0.179s) rc=0 demoted=0.0MiB read=0.0MiB
  [regular] call 19 step 18: 0.185s (orig 0.179s) rc=0 demoted=0.0MiB read=0.0MiB
  [regular] call 20 step 19: 0.178s (orig 0.176s) rc=1 demoted=0.0MiB read=0.0MiB
  [regular] call 21 step 20: 0.181s (orig 0.180s) rc=0 demoted=0.0MiB read=0.0MiB
  [regular] call 22 step 21: 0.178s (orig 0.175s) rc=0 demoted=0.0MiB read=0.3MiB
  [regular] call 23 step 22: 0.182s (orig 0.181s) rc=0 demoted=0.0MiB read=0.2MiB
  [regular] call 24 step 23: 0.182s (orig 0.179s) rc=0 demoted=0.0MiB read=0.0MiB
  [regular] call 25 step 24: 0.187s (orig 0.173s) rc=0 demoted=0.0MiB read=0.0MiB
  [regular] call 26 step 25: 0.185s (orig 0.177s) rc=0 demoted=0.0MiB read=0.0MiB
  [regular] call 27 step 26: 0.186s (orig 0.179s) rc=0 demoted=0.0MiB read=0.0MiB
  [regular] call 28 step 27: 0.188s (orig 0.173s) rc=0 demoted=0.0MiB read=0.0MiB
  [regular] call 29 step 28: 0.191s (orig 0.174s) rc=1 demoted=0.0MiB read=0.0MiB
  [regular] call 30 step 29: 0.182s (orig 0.181s) rc=0 demoted=0.0MiB read=0.0MiB
  [regular] call 31 step 30: 0.184s (orig 0.178s) rc=0 demoted=0.0MiB read=0.0MiB
  [regular] call 32 step 31: 0.184s (orig 0.176s) rc=0 demoted=0.0MiB read=0.2MiB
  [regular] call 33 step 32: 0.183s (orig 0.176s) rc=0 demoted=0.0MiB read=0.0MiB
  [regular] call 34 step 33: 0.184s (orig 0.186s) rc=0 demoted=0.0MiB read=0.2MiB
  [regular] call 35 step 34: 0.186s (orig 0.179s) rc=0 demoted=0.0MiB read=0.0MiB
  [regular] call 36 step 35: 0.182s (orig 0.182s) rc=0 demoted=0.0MiB read=0.0MiB
  [regular] call 37 step 36: 0.804s (orig 0.706s) rc=1 demoted=0.0MiB read=57.4MiB
  [regular] call 38 step 37: 0.400s (orig 0.391s) rc=1 demoted=0.0MiB read=0.0MiB
  [regular] call 39 step 38: 0.507s (orig 0.477s) rc=0 demoted=0.0MiB read=0.6MiB
  [regular] call 40 step 39: 0.482s (orig 0.471s) rc=0 demoted=0.0MiB read=0.1MiB
  [regular] call 41 step 40: 0.480s (orig 0.457s) rc=0 demoted=0.0MiB read=0.1MiB
  [regular] call 42 step 43: 0.184s (orig 0.176s) rc=0 demoted=0.0MiB read=0.0MiB
  [regular] call 43 step 44: 0.184s (orig 0.182s) rc=0 demoted=0.0MiB read=0.0MiB
  [regular] call 44 step 45: 0.183s (orig 0.181s) rc=0 demoted=0.0MiB read=0.0MiB
  [regular] call 45 step 46: 0.182s (orig 0.180s) rc=0 demoted=0.0MiB read=0.3MiB
  [regular] call 46 step 47: 0.181s (orig 0.181s) rc=2 demoted=0.0MiB read=0.4MiB
  [regular] call 47 step 48: 0.180s (orig 0.183s) rc=0 demoted=0.0MiB read=0.0MiB
  [regular] call 48 step 49: 0.178s (orig 0.180s) rc=2 demoted=0.0MiB read=0.0MiB
  [regular] call 49 step 51: 0.184s (orig 0.179s) rc=0 demoted=0.0MiB read=0.0MiB
  [regular] call 50 step 52: 1.391s (orig 1.135s) rc=0 demoted=0.0MiB read=176.4MiB
  [regular] call 51 step 53: 0.184s (orig 0.182s) rc=2 demoted=0.0MiB read=0.0MiB
  [regular] call 52 step 54: 0.181s (orig 0.183s) rc=0 demoted=0.0MiB read=0.0MiB
  [regular] call 53 step 55: 0.194s (orig 0.199s) rc=1 demoted=0.0MiB read=0.0MiB
  [regular] call 54 step 56: 0.181s (orig 0.184s) rc=0 demoted=0.0MiB read=0.0MiB
  [regular] call 55 step 57: 0.204s (orig 0.196s) rc=0 demoted=0.0MiB read=0.0MiB
  [regular] call 56 step 58: 0.181s (orig 0.173s) rc=0 demoted=0.0MiB read=0.0MiB
  [regular] call 57 step 59: 0.181s (orig 0.184s) rc=0 demoted=0.0MiB read=0.0MiB
  [regular] call 58 step 60: 0.194s (orig 0.193s) rc=0 demoted=0.0MiB read=0.0MiB
  [regular] call 59 step 61: 0.178s (orig 0.178s) rc=0 demoted=0.0MiB read=0.0MiB
  [regular] call 60 step 62: 0.178s (orig 0.182s) rc=0 demoted=0.0MiB read=0.0MiB
  [regular] call 61 step 63: 0.193s (orig 0.196s) rc=0 demoted=0.0MiB read=0.0MiB
  [regular] call 62 step 64: 0.181s (orig 0.179s) rc=0 demoted=0.0MiB read=0.0MiB
  [regular] call 63 step 65: 0.188s (orig 0.183s) rc=0 demoted=0.0MiB read=0.0MiB
  [regular] call 64 step 66: 0.466s (orig 0.457s) rc=0 demoted=0.0MiB read=0.0MiB
  [regular] call 65 step 67: 0.179s (orig 0.177s) rc=0 demoted=0.0MiB read=0.0MiB
  [regular] call 66 step 68: 0.182s (orig 0.184s) rc=0 demoted=0.0MiB read=0.0MiB
[41/58] django__django-12406 regular: total=16.024013803000003 orig=14.979426630999999 mismatches=65 err=None
[41/58] django__django-12406 lazy
minisweagent.environment: DEBUG: Starting container with command: docker run -d --name   
minisweagent-035c4a45 -w /testbed --rm                                                   
docker.io/swebench/sweb.eval.x86_64.django_1776_django-12406:latest sleep 2h             
minisweagent.environment: INFO: Started container minisweagent-035c4a45 with ID          
d363e90dfcb77225ad9eec783383f0722affc47ca3e072be29f0aa20a9122868                         
  [lazy] call 1 step 1: 0.270s (orig 0.184s) rc=0 demoted=3.4MiB read=47.8MiB
  [lazy] call 2 step 1: 0.705s (orig 0.325s) rc=0 demoted=24.2MiB read=73.8MiB
  [lazy] call 3 step 2: 0.267s (orig 0.176s) rc=0 demoted=37.7MiB read=48.5MiB
  [lazy] call 4 step 3: 0.264s (orig 0.179s) rc=0 demoted=25.3MiB read=46.8MiB
  [lazy] call 5 step 4: 0.264s (orig 0.181s) rc=0 demoted=24.0MiB read=46.5MiB
  [lazy] call 6 step 5: 0.261s (orig 0.181s) rc=0 demoted=23.8MiB read=46.5MiB
  [lazy] call 7 step 6: 0.258s (orig 0.181s) rc=1 demoted=23.8MiB read=46.7MiB
  [lazy] call 8 step 7: 0.385s (orig 0.278s) rc=0 demoted=23.9MiB read=49.3MiB
  [lazy] call 9 step 8: 0.259s (orig 0.177s) rc=0 demoted=30.9MiB read=45.3MiB
  [lazy] call 10 step 9: 0.250s (orig 0.181s) rc=0 demoted=23.3MiB read=45.0MiB
  [lazy] call 11 step 10: 0.255s (orig 0.182s) rc=0 demoted=23.1MiB read=46.4MiB
  [lazy] call 12 step 11: 0.263s (orig 0.183s) rc=0 demoted=23.7MiB read=46.4MiB
  [lazy] call 13 step 12: 0.262s (orig 0.178s) rc=1 demoted=23.8MiB read=46.2MiB
  [lazy] call 14 step 13: 0.256s (orig 0.176s) rc=1 demoted=23.6MiB read=46.2MiB
  [lazy] call 15 step 14: 0.256s (orig 0.177s) rc=0 demoted=23.7MiB read=46.3MiB
  [lazy] call 16 step 15: 0.263s (orig 0.176s) rc=0 demoted=23.6MiB read=46.3MiB
  [lazy] call 17 step 16: 0.258s (orig 0.176s) rc=0 demoted=23.7MiB read=46.3MiB
  [lazy] call 18 step 17: 0.267s (orig 0.179s) rc=0 demoted=23.9MiB read=46.3MiB
  [lazy] call 19 step 18: 0.258s (orig 0.179s) rc=0 demoted=23.5MiB read=46.3MiB
  [lazy] call 20 step 19: 0.254s (orig 0.176s) rc=1 demoted=23.7MiB read=46.4MiB
  [lazy] call 21 step 20: 0.256s (orig 0.180s) rc=0 demoted=24.1MiB read=46.3MiB
  [lazy] call 22 step 21: 0.258s (orig 0.175s) rc=0 demoted=23.8MiB read=47.3MiB
  [lazy] call 23 step 22: 0.260s (orig 0.181s) rc=0 demoted=23.9MiB read=46.5MiB
  [lazy] call 24 step 23: 0.262s (orig 0.179s) rc=0 demoted=23.9MiB read=47.4MiB
  [lazy] call 25 step 24: 0.261s (orig 0.173s) rc=0 demoted=24.1MiB read=47.3MiB
  [lazy] call 26 step 25: 0.258s (orig 0.177s) rc=0 demoted=24.2MiB read=46.3MiB
  [lazy] call 27 step 26: 0.260s (orig 0.179s) rc=0 demoted=23.7MiB read=46.4MiB
  [lazy] call 28 step 27: 0.256s (orig 0.173s) rc=0 demoted=23.8MiB read=46.3MiB
  [lazy] call 29 step 28: 0.259s (orig 0.174s) rc=1 demoted=23.8MiB read=46.3MiB
  [lazy] call 30 step 29: 0.262s (orig 0.181s) rc=0 demoted=23.9MiB read=46.3MiB
  [lazy] call 31 step 30: 0.261s (orig 0.178s) rc=0 demoted=23.7MiB read=46.2MiB
  [lazy] call 32 step 31: 0.263s (orig 0.176s) rc=0 demoted=23.5MiB read=47.0MiB
  [lazy] call 33 step 32: 0.263s (orig 0.176s) rc=0 demoted=24.6MiB read=45.0MiB
  [lazy] call 34 step 33: 0.263s (orig 0.186s) rc=0 demoted=23.2MiB read=47.2MiB
  [lazy] call 35 step 34: 0.259s (orig 0.179s) rc=0 demoted=24.6MiB read=45.3MiB
  [lazy] call 36 step 35: 0.258s (orig 0.182s) rc=0 demoted=23.5MiB read=45.3MiB
  [lazy] call 37 step 36: 0.889s (orig 0.706s) rc=1 demoted=23.3MiB read=105.9MiB
  [lazy] call 38 step 37: 0.567s (orig 0.391s) rc=1 demoted=59.0MiB read=97.3MiB
  [lazy] call 39 step 38: 0.686s (orig 0.477s) rc=0 demoted=49.4MiB read=105.3MiB
  [lazy] call 40 step 39: 0.667s (orig 0.471s) rc=0 demoted=53.8MiB read=105.5MiB
  [lazy] call 41 step 40: 0.657s (orig 0.457s) rc=0 demoted=53.5MiB read=105.1MiB
  [lazy] call 42 step 43: 0.258s (orig 0.176s) rc=0 demoted=53.3MiB read=45.3MiB
  [lazy] call 43 step 44: 0.264s (orig 0.182s) rc=0 demoted=23.5MiB read=45.3MiB
  [lazy] call 44 step 45: 0.262s (orig 0.181s) rc=0 demoted=23.2MiB read=45.3MiB
  [lazy] call 45 step 46: 0.259s (orig 0.180s) rc=0 demoted=23.4MiB read=47.7MiB
  [lazy] call 46 step 47: 0.261s (orig 0.181s) rc=2 demoted=24.4MiB read=45.4MiB
  [lazy] call 47 step 48: 0.258s (orig 0.183s) rc=0 demoted=23.4MiB read=45.0MiB
  [lazy] call 48 step 49: 0.257s (orig 0.180s) rc=2 demoted=23.3MiB read=45.4MiB
  [lazy] call 49 step 51: 0.260s (orig 0.179s) rc=0 demoted=23.5MiB read=45.2MiB
  [lazy] call 50 step 52: 1.508s (orig 1.135s) rc=0 demoted=23.2MiB read=262.4MiB
  [lazy] call 51 step 53: 0.258s (orig 0.182s) rc=2 demoted=148.7MiB read=47.1MiB
  [lazy] call 52 step 54: 0.261s (orig 0.183s) rc=0 demoted=25.0MiB read=46.0MiB
  [lazy] call 53 step 55: 0.284s (orig 0.199s) rc=1 demoted=23.5MiB read=56.4MiB
  [lazy] call 54 step 56: 0.259s (orig 0.184s) rc=0 demoted=28.2MiB read=45.0MiB
  [lazy] call 55 step 57: 0.280s (orig 0.196s) rc=0 demoted=23.2MiB read=55.8MiB
  [lazy] call 56 step 58: 0.260s (orig 0.173s) rc=0 demoted=28.3MiB read=46.3MiB
  [lazy] call 57 step 59: 0.258s (orig 0.184s) rc=0 demoted=23.9MiB read=45.1MiB
  [lazy] call 58 step 60: 0.280s (orig 0.193s) rc=0 demoted=23.2MiB read=56.1MiB
  [lazy] call 59 step 61: 0.258s (orig 0.178s) rc=0 demoted=28.5MiB read=46.6MiB
  [lazy] call 60 step 62: 0.258s (orig 0.182s) rc=0 demoted=23.9MiB read=45.3MiB
  [lazy] call 61 step 63: 0.280s (orig 0.196s) rc=0 demoted=23.3MiB read=56.1MiB
  [lazy] call 62 step 64: 0.261s (orig 0.179s) rc=0 demoted=28.7MiB read=46.6MiB
  [lazy] call 63 step 65: 0.275s (orig 0.183s) rc=0 demoted=23.8MiB read=81.5MiB
  [lazy] call 64 step 66: 0.664s (orig 0.457s) rc=0 demoted=41.6MiB read=104.9MiB
  [lazy] call 65 step 67: 0.259s (orig 0.177s) rc=0 demoted=53.3MiB read=45.3MiB
  [lazy] call 66 step 68: 0.254s (orig 0.184s) rc=0 demoted=23.1MiB read=45.3MiB
[41/58] django__django-12406 lazy: total=21.635859986 orig=14.979426630999999 mismatches=65 err=None
[42/58] django__django-12419 regular
minisweagent.environment: DEBUG: Starting container with command: docker run -d --name   
minisweagent-a395c917 -w /testbed --rm                                                   
docker.io/swebench/sweb.eval.x86_64.django_1776_django-12419:latest sleep 2h             
minisweagent.environment: INFO: Started container minisweagent-a395c917 with ID          
d8b4fa293302a2663ef30445d83c35d0eb34774e32e390770b5d0410c3ed3b9b                         
  [regular] call 1 step 1: 0.831s (orig 0.346s) rc=0 demoted=0.0MiB read=84.0MiB
  [regular] call 2 step 2: 0.191s (orig 0.188s) rc=0 demoted=0.0MiB read=0.0MiB
  [regular] call 3 step 3: 0.184s (orig 0.176s) rc=0 demoted=0.0MiB read=0.1MiB
  [regular] call 4 step 4: 0.186s (orig 0.180s) rc=0 demoted=0.0MiB read=0.0MiB
  [regular] call 5 step 5: 0.524s (orig 0.357s) rc=0 demoted=0.0MiB read=24.5MiB
  [regular] call 6 step 6: 0.915s (orig 0.451s) rc=1 demoted=0.0MiB read=230.7MiB
  [regular] call 7 step 7: 0.193s (orig 0.184s) rc=0 demoted=0.0MiB read=0.0MiB
  [regular] call 8 step 8: 0.189s (orig 0.182s) rc=0 demoted=0.0MiB read=0.0MiB
  [regular] call 9 step 9: 0.348s (orig 0.333s) rc=0 demoted=0.0MiB read=0.0MiB
  [regular] call 10 step 10: 0.189s (orig 0.180s) rc=0 demoted=0.0MiB read=0.0MiB
  [regular] call 11 step 11: 0.184s (orig 0.181s) rc=0 demoted=0.0MiB read=0.0MiB
  [regular] call 12 step 12: 0.191s (orig 0.181s) rc=0 demoted=0.0MiB read=0.3MiB
  [regular] call 13 step 13: 0.185s (orig 0.181s) rc=0 demoted=0.0MiB read=0.0MiB
  [regular] call 14 step 14: 0.185s (orig 0.177s) rc=0 demoted=0.0MiB read=0.0MiB
  [regular] call 15 step 15: 0.212s (orig 0.196s) rc=1 demoted=0.0MiB read=11.2MiB
  [regular] call 16 step 16: 0.186s (orig 0.179s) rc=0 demoted=0.0MiB read=0.0MiB
  [regular] call 17 step 17: 0.616s (orig 0.551s) rc=1 demoted=0.0MiB read=35.4MiB
  [regular] call 18 step 18: 0.190s (orig 0.177s) rc=0 demoted=0.0MiB read=0.0MiB
  [regular] call 19 step 19: 0.483s (orig 0.459s) rc=0 demoted=0.0MiB read=2.3MiB
  [regular] call 20 step 20: 0.185s (orig 0.179s) rc=0 demoted=0.0MiB read=0.0MiB
  [regular] call 21 step 21: 0.254s (orig 0.247s) rc=0 demoted=0.0MiB read=0.0MiB
  [regular] call 22 step 22: 0.184s (orig 0.179s) rc=0 demoted=0.0MiB read=0.0MiB
  [regular] call 23 step 23: 0.431s (orig 0.412s) rc=0 demoted=0.0MiB read=0.0MiB
  [regular] call 24 step 24: 0.189s (orig 0.183s) rc=0 demoted=0.0MiB read=0.0MiB
  [regular] call 25 step 25: 0.186s (orig 0.178s) rc=0 demoted=0.0MiB read=0.0MiB
  [regular] call 26 step 28: 0.187s (orig 0.181s) rc=0 demoted=0.0MiB read=0.0MiB
[42/58] django__django-12419 regular: total=7.797762897999999 orig=6.419039711000001 mismatches=25 err=None
[42/58] django__django-12419 lazy
minisweagent.environment: DEBUG: Starting container with command: docker run -d --name   
minisweagent-6e02f448 -w /testbed --rm                                                   
docker.io/swebench/sweb.eval.x86_64.django_1776_django-12419:latest sleep 2h             
minisweagent.environment: INFO: Started container minisweagent-6e02f448 with ID          
7569c3cbb2584996348bd278875a392d00a337412cd34186d2fb72792bbfd1fd                         
  [lazy] call 1 step 1: 0.833s (orig 0.346s) rc=0 demoted=3.4MiB read=89.1MiB
  [lazy] call 2 step 2: 0.259s (orig 0.188s) rc=0 demoted=46.3MiB read=47.0MiB
  [lazy] call 3 step 3: 0.255s (orig 0.176s) rc=0 demoted=24.9MiB read=45.5MiB
  [lazy] call 4 step 4: 0.258s (orig 0.180s) rc=0 demoted=23.7MiB read=46.8MiB
  [lazy] call 5 step 5: 1.020s (orig 0.357s) rc=0 demoted=24.3MiB read=112.4MiB
  [lazy] call 6 step 6: 1.576s (orig 0.451s) rc=1 demoted=60.2MiB read=340.5MiB
  [lazy] call 7 step 7: 0.261s (orig 0.184s) rc=0 demoted=191.7MiB read=46.8MiB
  [lazy] call 8 step 8: 0.258s (orig 0.182s) rc=0 demoted=24.8MiB read=47.1MiB
  [lazy] call 9 step 9: 0.911s (orig 0.333s) rc=0 demoted=24.4MiB read=100.9MiB
  [lazy] call 10 step 10: 0.259s (orig 0.180s) rc=0 demoted=55.2MiB read=47.3MiB
  [lazy] call 11 step 11: 0.265s (orig 0.181s) rc=0 demoted=24.4MiB read=47.1MiB
  [lazy] call 12 step 12: 0.260s (orig 0.181s) rc=0 demoted=24.4MiB read=47.2MiB
  [lazy] call 13 step 13: 0.260s (orig 0.181s) rc=0 demoted=24.4MiB read=46.4MiB
  [lazy] call 14 step 14: 0.257s (orig 0.177s) rc=0 demoted=24.0MiB read=45.2MiB
  [lazy] call 15 step 15: 0.280s (orig 0.196s) rc=1 demoted=23.2MiB read=55.8MiB
  [lazy] call 16 step 16: 0.253s (orig 0.179s) rc=0 demoted=28.6MiB read=45.0MiB
  [lazy] call 17 step 17: 0.724s (orig 0.551s) rc=1 demoted=23.0MiB read=97.0MiB
  [lazy] call 18 step 18: 0.259s (orig 0.177s) rc=0 demoted=51.0MiB read=45.2MiB
  [lazy] call 19 step 19: 0.647s (orig 0.459s) rc=0 demoted=23.2MiB read=99.6MiB
  [lazy] call 20 step 20: 0.257s (orig 0.179s) rc=0 demoted=51.1MiB read=45.2MiB
  [lazy] call 21 step 21: 0.362s (orig 0.247s) rc=0 demoted=23.4MiB read=73.2MiB
  [lazy] call 22 step 22: 0.258s (orig 0.179s) rc=0 demoted=37.2MiB read=45.2MiB
  [lazy] call 23 step 23: 0.602s (orig 0.412s) rc=0 demoted=23.4MiB read=99.6MiB
  [lazy] call 24 step 24: 0.274s (orig 0.183s) rc=0 demoted=50.5MiB read=77.8MiB
  [lazy] call 25 step 25: 0.257s (orig 0.178s) rc=0 demoted=39.9MiB read=45.2MiB
  [lazy] call 26 step 28: 0.259s (orig 0.181s) rc=0 demoted=23.1MiB read=45.3MiB
[42/58] django__django-12419 lazy: total=11.362612837999999 orig=6.419039711000001 mismatches=25 err=None
[43/58] django__django-12663 regular
minisweagent.environment: DEBUG: Starting container with command: docker run -d --name   
minisweagent-7a760e4a -w /testbed --rm                                                   
docker.io/swebench/sweb.eval.x86_64.django_1776_django-12663:latest sleep 2h             
minisweagent.environment: INFO: Started container minisweagent-7a760e4a with ID          
395e2d4ff2e68f26ab1059052f2951ea40d9902b6ece34d7faefff59214e8d57                         
  [regular] call 1 step 1: 0.260s (orig 0.182s) rc=0 demoted=0.0MiB read=42.5MiB
  [regular] call 2 step 2: 0.186s (orig 0.178s) rc=0 demoted=0.0MiB read=1.6MiB
  [regular] call 3 step 3: 0.180s (orig 0.175s) rc=1 demoted=0.0MiB read=0.0MiB
  [regular] call 4 step 4: 0.188s (orig 0.176s) rc=0 demoted=0.0MiB read=0.0MiB
  [regular] call 5 step 5: 0.192s (orig 0.180s) rc=1 demoted=0.0MiB read=0.0MiB
  [regular] call 6 step 6: 0.188s (orig 0.180s) rc=0 demoted=0.0MiB read=0.5MiB
  [regular] call 7 step 7: 0.186s (orig 0.182s) rc=0 demoted=0.0MiB read=0.0MiB
  [regular] call 8 step 8: 0.188s (orig 0.174s) rc=0 demoted=0.0MiB read=0.0MiB
  [regular] call 9 step 9: 0.187s (orig 0.182s) rc=0 demoted=0.0MiB read=0.0MiB
  [regular] call 10 step 10: 0.643s (orig 0.292s) rc=0 demoted=0.0MiB read=33.4MiB
  [regular] call 11 step 11: 0.294s (orig 0.291s) rc=0 demoted=0.0MiB read=0.0MiB
  [regular] call 12 step 12: 0.188s (orig 0.179s) rc=0 demoted=0.0MiB read=0.0MiB
  [regular] call 13 step 13: 0.190s (orig 0.179s) rc=0 demoted=0.0MiB read=0.0MiB
  [regular] call 14 step 14: 0.189s (orig 0.174s) rc=0 demoted=0.0MiB read=0.0MiB
  [regular] call 15 step 15: 0.193s (orig 0.180s) rc=0 demoted=0.0MiB read=0.0MiB
  [regular] call 16 step 16: 0.185s (orig 0.177s) rc=0 demoted=0.0MiB read=0.0MiB
  [regular] call 17 step 17: 0.186s (orig 0.179s) rc=0 demoted=0.0MiB read=0.0MiB
  [regular] call 18 step 18: 0.185s (orig 0.182s) rc=0 demoted=0.0MiB read=0.2MiB
  [regular] call 19 step 19: 0.182s (orig 0.184s) rc=0 demoted=0.0MiB read=0.0MiB
  [regular] call 20 step 20: 0.677s (orig 0.589s) rc=1 demoted=0.0MiB read=49.0MiB
  [regular] call 21 step 21: 0.187s (orig 0.180s) rc=0 demoted=0.0MiB read=0.0MiB
  [regular] call 22 step 22: 0.607s (orig 0.600s) rc=1 demoted=0.0MiB read=5.2MiB
  [regular] call 23 step 23: 0.190s (orig 0.179s) rc=0 demoted=0.0MiB read=0.2MiB
  [regular] call 24 step 24: 0.186s (orig 0.182s) rc=0 demoted=0.0MiB read=0.0MiB
  [regular] call 25 step 25: 0.191s (orig 0.179s) rc=0 demoted=0.0MiB read=0.0MiB
  [regular] call 26 step 26: 0.521s (orig 0.495s) rc=1 demoted=0.0MiB read=0.0MiB
  [regular] call 27 step 27: 0.187s (orig 0.181s) rc=0 demoted=0.0MiB read=0.0MiB
  [regular] call 28 step 28: 0.648s (orig 0.617s) rc=0 demoted=0.0MiB read=0.0MiB
  [regular] call 29 step 29: 0.191s (orig 0.184s) rc=0 demoted=0.0MiB read=0.3MiB
  [regular] call 30 step 30: 0.333s (orig 0.316s) rc=1 demoted=0.0MiB read=0.0MiB
  [regular] call 31 step 31: 0.189s (orig 0.181s) rc=0 demoted=0.0MiB read=0.0MiB
  [regular] call 32 step 32: 0.188s (orig 0.180s) rc=0 demoted=0.0MiB read=0.0MiB
  [regular] call 33 step 33: 0.191s (orig 0.178s) rc=0 demoted=0.0MiB read=0.0MiB
  [regular] call 34 step 34: 0.184s (orig 0.177s) rc=0 demoted=0.0MiB read=0.0MiB
  [regular] call 35 step 35: 0.186s (orig 0.182s) rc=0 demoted=0.0MiB read=0.0MiB
  [regular] call 36 step 37: 0.189s (orig 0.175s) rc=0 demoted=0.0MiB read=0.0MiB
  [regular] call 37 step 38: 0.187s (orig 0.178s) rc=0 demoted=0.0MiB read=0.0MiB
  [regular] call 38 step 39: 0.199s (orig 0.189s) rc=1 demoted=0.0MiB read=0.0MiB
  [regular] call 39 step 40: 0.188s (orig 0.180s) rc=0 demoted=0.0MiB read=0.0MiB
  [regular] call 40 step 41: 0.202s (orig 0.189s) rc=0 demoted=0.0MiB read=0.0MiB
  [regular] call 41 step 42: 0.187s (orig 0.179s) rc=0 demoted=0.0MiB read=0.0MiB
  [regular] call 42 step 43: 0.188s (orig 0.188s) rc=0 demoted=0.0MiB read=0.0MiB
  [regular] call 43 step 44: 0.181s (orig 0.183s) rc=0 demoted=0.0MiB read=0.0MiB
  [regular] call 44 step 46: 0.183s (orig 0.179s) rc=0 demoted=0.0MiB read=0.0MiB
  [regular] call 45 step 47: 0.187s (orig 0.184s) rc=0 demoted=0.0MiB read=0.0MiB
  [regular] call 46 step 48: 0.188s (orig 0.179s) rc=0 demoted=0.0MiB read=0.0MiB
  [regular] call 47 step 49: 0.206s (orig 0.198s) rc=0 demoted=0.0MiB read=0.0MiB
  [regular] call 48 step 50: 0.189s (orig 0.188s) rc=0 demoted=0.0MiB read=0.0MiB
  [regular] call 49 step 51: 0.191s (orig 0.186s) rc=0 demoted=0.0MiB read=0.0MiB
  [regular] call 50 step 52: 0.210s (orig 0.199s) rc=0 demoted=0.0MiB read=0.0MiB
  [regular] call 51 step 53: 0.182s (orig 0.182s) rc=0 demoted=0.0MiB read=0.0MiB
  [regular] call 52 step 54: 0.184s (orig 0.178s) rc=0 demoted=0.0MiB read=0.0MiB
  [regular] call 53 step 55: 0.212s (orig 0.211s) rc=0 demoted=0.0MiB read=0.0MiB
  [regular] call 54 step 56: 0.187s (orig 0.180s) rc=0 demoted=0.0MiB read=0.0MiB
  [regular] call 55 step 57: 0.191s (orig 0.185s) rc=0 demoted=0.0MiB read=0.0MiB
  [regular] call 56 step 58: 0.208s (orig 0.205s) rc=0 demoted=0.0MiB read=0.0MiB
  [regular] call 57 step 59: 0.185s (orig 0.180s) rc=0 demoted=0.0MiB read=0.0MiB
  [regular] call 58 step 60: 0.188s (orig 0.184s) rc=0 demoted=0.0MiB read=0.0MiB
  [regular] call 59 step 61: 0.211s (orig 0.205s) rc=0 demoted=0.0MiB read=0.0MiB
  [regular] call 60 step 62: 0.186s (orig 0.184s) rc=0 demoted=0.0MiB read=0.0MiB
  [regular] call 61 step 63: 0.187s (orig 0.183s) rc=0 demoted=0.0MiB read=0.0MiB
  [regular] call 62 step 64: 0.209s (orig 0.203s) rc=0 demoted=0.0MiB read=0.0MiB
  [regular] call 63 step 65: 0.184s (orig 0.184s) rc=0 demoted=0.0MiB read=0.0MiB
  [regular] call 64 step 66: 0.187s (orig 0.188s) rc=0 demoted=0.0MiB read=0.0MiB
  [regular] call 65 step 67: 0.185s (orig 0.184s) rc=0 demoted=0.0MiB read=0.0MiB
  [regular] call 66 step 68: 0.208s (orig 0.205s) rc=0 demoted=0.0MiB read=0.0MiB
  [regular] call 67 step 69: 0.188s (orig 0.179s) rc=0 demoted=0.0MiB read=0.0MiB
  [regular] call 68 step 70: 0.192s (orig 0.179s) rc=0 demoted=0.0MiB read=0.0MiB
  [regular] call 69 step 71: 0.190s (orig 0.183s) rc=0 demoted=0.0MiB read=0.0MiB
  [regular] call 70 step 72: 0.185s (orig 0.186s) rc=0 demoted=0.0MiB read=0.0MiB
  [regular] call 71 step 73: 0.187s (orig 0.178s) rc=0 demoted=0.0MiB read=0.0MiB
  [regular] call 72 step 74: 0.191s (orig 0.187s) rc=0 demoted=0.0MiB read=0.0MiB
  [regular] call 73 step 75: 0.189s (orig 0.351s) rc=0 demoted=0.0MiB read=0.0MiB
  [regular] call 74 step 76: 0.190s (orig 0.181s) rc=0 demoted=0.0MiB read=0.0MiB
  [regular] call 75 step 77: 0.201s (orig 0.182s) rc=0 demoted=0.0MiB read=0.0MiB
  [regular] call 76 step 78: 0.188s (orig 0.179s) rc=0 demoted=0.0MiB read=0.0MiB
  [regular] call 77 step 79: 0.324s (orig 0.322s) rc=1 demoted=0.0MiB read=0.0MiB
  [regular] call 78 step 80: 0.189s (orig 0.180s) rc=0 demoted=0.0MiB read=0.0MiB
  [regular] call 79 step 81: 0.191s (orig 0.190s) rc=0 demoted=0.0MiB read=0.0MiB
  [regular] call 80 step 82: 0.187s (orig 0.183s) rc=0 demoted=0.0MiB read=0.0MiB
  [regular] call 81 step 83: 0.332s (orig 0.318s) rc=1 demoted=0.0MiB read=0.0MiB
  [regular] call 82 step 84: 0.192s (orig 0.187s) rc=0 demoted=0.0MiB read=0.0MiB
  [regular] call 83 step 85: 0.208s (orig 0.199s) rc=1 demoted=0.0MiB read=0.1MiB
  [regular] call 84 step 86: 0.183s (orig 0.176s) rc=0 demoted=0.0MiB read=0.0MiB
  [regular] call 85 step 87: 0.201s (orig 0.200s) rc=0 demoted=0.0MiB read=0.0MiB
  [regular] call 86 step 88: 0.184s (orig 0.181s) rc=0 demoted=0.0MiB read=0.0MiB
  [regular] call 87 step 89: 0.189s (orig 0.180s) rc=0 demoted=0.0MiB read=0.0MiB
  [regular] call 88 step 90: 0.199s (orig 0.194s) rc=0 demoted=0.0MiB read=0.0MiB
  [regular] call 89 step 91: 0.183s (orig 0.184s) rc=0 demoted=0.0MiB read=0.0MiB
  [regular] call 90 step 92: 0.181s (orig 0.189s) rc=0 demoted=0.0MiB read=0.0MiB
  [regular] call 91 step 93: 0.202s (orig 0.193s) rc=0 demoted=0.0MiB read=0.0MiB
  [regular] call 92 step 94: 0.183s (orig 0.179s) rc=0 demoted=0.0MiB read=0.0MiB
  [regular] call 93 step 95: 0.183s (orig 0.181s) rc=0 demoted=0.0MiB read=0.0MiB
  [regular] call 94 step 96: 0.201s (orig 0.197s) rc=0 demoted=0.0MiB read=0.0MiB
  [regular] call 95 step 97: 0.189s (orig 0.184s) rc=0 demoted=0.0MiB read=0.0MiB
  [regular] call 96 step 98: 0.330s (orig 0.317s) rc=1 demoted=0.0MiB read=0.0MiB
  [regular] call 97 step 99: 0.186s (orig 0.180s) rc=0 demoted=0.0MiB read=0.0MiB
  [regular] call 98 step 100: 0.191s (orig 0.181s) rc=0 demoted=0.0MiB read=0.0MiB
  [regular] call 99 step 101: 0.188s (orig 0.184s) rc=0 demoted=0.0MiB read=0.0MiB
  [regular] call 100 step 102: 0.201s (orig 0.194s) rc=0 demoted=0.0MiB read=0.0MiB
  [regular] call 101 step 103: 0.187s (orig 0.177s) rc=0 demoted=0.0MiB read=0.0MiB
  [regular] call 102 step 104: 0.201s (orig 0.193s) rc=0 demoted=0.0MiB read=0.0MiB
  [regular] call 103 step 105: 0.208s (orig 0.188s) rc=0 demoted=0.0MiB read=27.9MiB
  [regular] call 104 step 106: 0.184s (orig 0.183s) rc=0 demoted=0.0MiB read=0.0MiB
  [regular] call 105 step 107: 0.184s (orig 0.181s) rc=0 demoted=0.0MiB read=0.0MiB
[43/58] django__django-12663 regular: total=22.873456661000002 orig=21.824928469999996 mismatches=104 err=None
[43/58] django__django-12663 lazy
minisweagent.environment: DEBUG: Starting container with command: docker run -d --name   
minisweagent-241708d4 -w /testbed --rm                                                   
docker.io/swebench/sweb.eval.x86_64.django_1776_django-12663:latest sleep 2h             
minisweagent.environment: INFO: Started container minisweagent-241708d4 with ID          
ae685cb21785099194904e5dfd739b6800465cccc6f1f87fd5c9a4ce3bf33184                         
  [lazy] call 1 step 1: 0.265s (orig 0.182s) rc=0 demoted=3.4MiB read=48.3MiB
  [lazy] call 2 step 2: 0.262s (orig 0.178s) rc=0 demoted=24.5MiB read=47.2MiB
  [lazy] call 3 step 3: 0.263s (orig 0.175s) rc=1 demoted=24.2MiB read=47.1MiB
  [lazy] call 4 step 4: 0.261s (orig 0.176s) rc=0 demoted=24.3MiB read=47.0MiB
  [lazy] call 5 step 5: 0.264s (orig 0.180s) rc=1 demoted=24.0MiB read=47.3MiB
  [lazy] call 6 step 6: 0.260s (orig 0.180s) rc=0 demoted=24.3MiB read=47.8MiB
  [lazy] call 7 step 7: 0.262s (orig 0.182s) rc=0 demoted=25.4MiB read=47.4MiB
  [lazy] call 8 step 8: 0.263s (orig 0.174s) rc=0 demoted=25.1MiB read=46.0MiB
  [lazy] call 9 step 9: 0.263s (orig 0.182s) rc=0 demoted=23.4MiB read=47.7MiB
  [lazy] call 10 step 10: 0.710s (orig 0.292s) rc=0 demoted=24.4MiB read=82.0MiB
  [lazy] call 11 step 11: 0.732s (orig 0.291s) rc=0 demoted=46.8MiB read=81.6MiB
  [lazy] call 12 step 12: 0.267s (orig 0.179s) rc=0 demoted=42.4MiB read=47.0MiB
  [lazy] call 13 step 13: 0.262s (orig 0.179s) rc=0 demoted=24.0MiB read=47.2MiB
  [lazy] call 14 step 14: 0.262s (orig 0.174s) rc=0 demoted=24.2MiB read=47.3MiB
  [lazy] call 15 step 15: 0.264s (orig 0.180s) rc=0 demoted=24.0MiB read=46.8MiB
  [lazy] call 16 step 16: 0.261s (orig 0.177s) rc=0 demoted=24.0MiB read=47.3MiB
  [lazy] call 17 step 17: 0.257s (orig 0.179s) rc=0 demoted=24.1MiB read=47.3MiB
  [lazy] call 18 step 18: 0.267s (orig 0.182s) rc=0 demoted=24.1MiB read=47.2MiB
  [lazy] call 19 step 19: 0.262s (orig 0.184s) rc=0 demoted=24.1MiB read=45.5MiB
  [lazy] call 20 step 20: 0.786s (orig 0.589s) rc=1 demoted=23.4MiB read=100.4MiB
  [lazy] call 21 step 21: 0.267s (orig 0.180s) rc=0 demoted=52.5MiB read=45.7MiB
  [lazy] call 22 step 22: 0.802s (orig 0.600s) rc=1 demoted=23.5MiB read=107.7MiB
  [lazy] call 23 step 23: 0.256s (orig 0.179s) rc=0 demoted=57.8MiB read=43.5MiB
  [lazy] call 24 step 24: 0.258s (orig 0.182s) rc=0 demoted=22.8MiB read=45.2MiB
  [lazy] call 25 step 25: 0.255s (orig 0.179s) rc=0 demoted=23.2MiB read=45.2MiB
  [lazy] call 26 step 26: 0.717s (orig 0.495s) rc=1 demoted=23.4MiB read=108.3MiB
  [lazy] call 27 step 27: 0.258s (orig 0.181s) rc=0 demoted=54.6MiB read=45.2MiB
  [lazy] call 28 step 28: 0.854s (orig 0.617s) rc=0 demoted=23.3MiB read=107.8MiB
  [lazy] call 29 step 29: 0.266s (orig 0.184s) rc=0 demoted=55.0MiB read=47.9MiB
  [lazy] call 30 step 30: 0.480s (orig 0.316s) rc=1 demoted=25.2MiB read=93.1MiB
  [lazy] call 31 step 31: 0.265s (orig 0.181s) rc=0 demoted=47.0MiB read=47.9MiB
  [lazy] call 32 step 32: 0.259s (orig 0.180s) rc=0 demoted=25.1MiB read=47.1MiB
  [lazy] call 33 step 33: 0.263s (orig 0.178s) rc=0 demoted=24.0MiB read=47.9MiB
  [lazy] call 34 step 34: 0.262s (orig 0.177s) rc=0 demoted=24.9MiB read=47.1MiB
  [lazy] call 35 step 35: 0.267s (orig 0.182s) rc=0 demoted=24.4MiB read=47.9MiB
  [lazy] call 36 step 37: 0.261s (orig 0.175s) rc=0 demoted=25.0MiB read=47.1MiB
  [lazy] call 37 step 38: 0.256s (orig 0.178s) rc=0 demoted=24.5MiB read=44.9MiB
  [lazy] call 38 step 39: 0.283s (orig 0.189s) rc=1 demoted=23.2MiB read=56.9MiB
  [lazy] call 39 step 40: 0.258s (orig 0.180s) rc=0 demoted=29.4MiB read=45.2MiB
  [lazy] call 40 step 41: 0.283s (orig 0.189s) rc=0 demoted=23.2MiB read=57.0MiB
  [lazy] call 41 step 42: 0.262s (orig 0.179s) rc=0 demoted=29.0MiB read=47.1MiB
  [lazy] call 42 step 43: 0.265s (orig 0.188s) rc=0 demoted=24.3MiB read=47.8MiB
  [lazy] call 43 step 44: 0.266s (orig 0.183s) rc=0 demoted=24.7MiB read=47.3MiB
  [lazy] call 44 step 46: 0.264s (orig 0.179s) rc=0 demoted=24.4MiB read=46.0MiB
  [lazy] call 45 step 47: 0.265s (orig 0.184s) rc=0 demoted=23.5MiB read=47.8MiB
  [lazy] call 46 step 48: 0.267s (orig 0.179s) rc=0 demoted=24.9MiB read=46.0MiB
  [lazy] call 47 step 49: 0.297s (orig 0.198s) rc=0 demoted=23.6MiB read=58.0MiB
  [lazy] call 48 step 50: 0.259s (orig 0.188s) rc=0 demoted=29.5MiB read=47.5MiB
  [lazy] call 49 step 51: 0.267s (orig 0.186s) rc=0 demoted=24.7MiB read=48.2MiB
  [lazy] call 50 step 52: 0.295s (orig 0.199s) rc=0 demoted=25.0MiB read=57.9MiB
  [lazy] call 51 step 53: 0.253s (orig 0.182s) rc=0 demoted=30.4MiB read=45.6MiB
  [lazy] call 52 step 54: 0.255s (orig 0.178s) rc=0 demoted=23.6MiB read=45.4MiB
  [lazy] call 53 step 55: 0.282s (orig 0.211s) rc=0 demoted=23.5MiB read=53.7MiB
  [lazy] call 54 step 56: 0.264s (orig 0.180s) rc=0 demoted=27.3MiB read=47.3MiB
  [lazy] call 55 step 57: 0.268s (orig 0.185s) rc=0 demoted=24.3MiB read=48.1MiB
  [lazy] call 56 step 58: 0.286s (orig 0.205s) rc=0 demoted=25.7MiB read=55.1MiB
  [lazy] call 57 step 59: 0.261s (orig 0.180s) rc=0 demoted=27.9MiB read=47.4MiB
  [lazy] call 58 step 60: 0.260s (orig 0.184s) rc=0 demoted=24.4MiB read=45.5MiB
  [lazy] call 59 step 61: 0.296s (orig 0.205s) rc=0 demoted=23.7MiB read=57.9MiB
  [lazy] call 60 step 62: 0.258s (orig 0.184s) rc=0 demoted=29.4MiB read=47.4MiB
  [lazy] call 61 step 63: 0.256s (orig 0.183s) rc=0 demoted=24.5MiB read=43.9MiB
  [lazy] call 62 step 64: 0.298s (orig 0.203s) rc=0 demoted=22.7MiB read=57.9MiB
  [lazy] call 63 step 65: 0.259s (orig 0.184s) rc=0 demoted=29.3MiB read=47.3MiB
  [lazy] call 64 step 66: 0.262s (orig 0.188s) rc=0 demoted=24.3MiB read=47.2MiB
  [lazy] call 65 step 67: 0.257s (orig 0.184s) rc=0 demoted=24.5MiB read=45.5MiB
  [lazy] call 66 step 68: 0.286s (orig 0.205s) rc=0 demoted=23.7MiB read=55.2MiB
  [lazy] call 67 step 69: 0.260s (orig 0.179s) rc=0 demoted=28.2MiB read=47.3MiB
  [lazy] call 68 step 70: 0.257s (orig 0.179s) rc=0 demoted=24.4MiB read=45.0MiB
  [lazy] call 69 step 71: 0.255s (orig 0.183s) rc=0 demoted=23.5MiB read=45.6MiB
  [lazy] call 70 step 72: 0.257s (orig 0.186s) rc=0 demoted=23.5MiB read=46.0MiB
  [lazy] call 71 step 73: 0.263s (orig 0.178s) rc=0 demoted=23.5MiB read=46.7MiB
  [lazy] call 72 step 74: 0.263s (orig 0.187s) rc=0 demoted=24.9MiB read=46.3MiB
  [lazy] call 73 step 75: 0.256s (orig 0.351s) rc=0 demoted=24.1MiB read=46.5MiB
  [lazy] call 74 step 76: 0.269s (orig 0.181s) rc=0 demoted=24.2MiB read=48.1MiB
  [lazy] call 75 step 77: 0.262s (orig 0.182s) rc=0 demoted=24.7MiB read=47.4MiB
  [lazy] call 76 step 78: 0.268s (orig 0.179s) rc=0 demoted=24.4MiB read=47.8MiB
  [lazy] call 77 step 79: 0.479s (orig 0.322s) rc=1 demoted=24.7MiB read=93.6MiB
  [lazy] call 78 step 80: 0.261s (orig 0.180s) rc=0 demoted=47.5MiB read=47.9MiB
  [lazy] call 79 step 81: 0.269s (orig 0.190s) rc=0 demoted=24.5MiB read=47.6MiB
  [lazy] call 80 step 82: 0.257s (orig 0.183s) rc=0 demoted=25.0MiB read=46.6MiB
  [lazy] call 81 step 83: 0.476s (orig 0.318s) rc=1 demoted=23.8MiB read=93.2MiB
  [lazy] call 82 step 84: 0.263s (orig 0.187s) rc=0 demoted=47.1MiB read=47.6MiB
  [lazy] call 83 step 85: 0.276s (orig 0.199s) rc=1 demoted=24.5MiB read=47.0MiB
  [lazy] call 84 step 86: 0.257s (orig 0.176s) rc=0 demoted=24.3MiB read=45.4MiB
  [lazy] call 85 step 87: 0.281s (orig 0.200s) rc=0 demoted=23.4MiB read=57.1MiB
  [lazy] call 86 step 88: 0.259s (orig 0.181s) rc=0 demoted=29.1MiB read=47.2MiB
  [lazy] call 87 step 89: 0.258s (orig 0.180s) rc=0 demoted=24.6MiB read=45.5MiB
  [lazy] call 88 step 90: 0.283s (orig 0.194s) rc=0 demoted=23.5MiB read=57.3MiB
  [lazy] call 89 step 91: 0.258s (orig 0.184s) rc=0 demoted=29.2MiB read=47.4MiB
  [lazy] call 90 step 92: 0.257s (orig 0.189s) rc=0 demoted=24.5MiB read=45.5MiB
  [lazy] call 91 step 93: 0.288s (orig 0.193s) rc=0 demoted=23.5MiB read=57.3MiB
  [lazy] call 92 step 94: 0.261s (orig 0.179s) rc=0 demoted=29.4MiB read=47.4MiB
  [lazy] call 93 step 95: 0.257s (orig 0.181s) rc=0 demoted=24.4MiB read=45.6MiB
  [lazy] call 94 step 96: 0.281s (orig 0.197s) rc=0 demoted=23.8MiB read=57.3MiB
  [lazy] call 95 step 97: 0.259s (orig 0.184s) rc=0 demoted=29.3MiB read=47.4MiB
  [lazy] call 96 step 98: 0.481s (orig 0.317s) rc=1 demoted=24.8MiB read=93.7MiB
  [lazy] call 97 step 99: 0.260s (orig 0.180s) rc=0 demoted=47.4MiB read=47.5MiB
  [lazy] call 98 step 100: 0.264s (orig 0.181s) rc=0 demoted=24.6MiB read=47.5MiB
  [lazy] call 99 step 101: 0.254s (orig 0.184s) rc=0 demoted=25.3MiB read=43.1MiB
  [lazy] call 100 step 102: 0.274s (orig 0.194s) rc=0 demoted=22.3MiB read=56.4MiB
  [lazy] call 101 step 103: 0.257s (orig 0.177s) rc=0 demoted=28.6MiB read=44.7MiB
  [lazy] call 102 step 104: 0.279s (orig 0.193s) rc=0 demoted=23.0MiB read=56.2MiB
  [lazy] call 103 step 105: 0.280s (orig 0.188s) rc=0 demoted=28.6MiB read=81.7MiB
  [lazy] call 104 step 106: 0.254s (orig 0.183s) rc=0 demoted=41.7MiB read=44.8MiB
  [lazy] call 105 step 107: 0.258s (orig 0.181s) rc=0 demoted=23.0MiB read=45.0MiB
[43/58] django__django-12663 lazy: total=31.722213178000004 orig=21.824928469999996 mismatches=104 err=None
[44/58] django__django-12708 regular
minisweagent.environment: DEBUG: Starting container with command: docker run -d --name   
minisweagent-dec9302f -w /testbed --rm                                                   
docker.io/swebench/sweb.eval.x86_64.django_1776_django-12708:latest sleep 2h             
minisweagent.environment: INFO: Started container minisweagent-dec9302f with ID          
d03640f47f62b6d2726261eb94130ce0ca8ee921eeccc34c6cb083022cf2d047                         
  [regular] call 1 step 1: 0.771s (orig 0.319s) rc=0 demoted=0.0MiB read=74.3MiB
  [regular] call 2 step 1: 0.310s (orig 0.299s) rc=0 demoted=0.0MiB read=0.0MiB
  [regular] call 3 step 1: 0.309s (orig 0.303s) rc=0 demoted=0.0MiB read=0.4MiB
  [regular] call 4 step 2: 0.182s (orig 0.177s) rc=0 demoted=0.0MiB read=0.0MiB
  [regular] call 5 step 3: 0.181s (orig 0.177s) rc=0 demoted=0.0MiB read=0.0MiB
  [regular] call 6 step 4: 0.181s (orig 0.177s) rc=0 demoted=0.0MiB read=0.0MiB
  [regular] call 7 step 5: 0.181s (orig 0.173s) rc=0 demoted=0.0MiB read=0.1MiB
  [regular] call 8 step 6: 0.306s (orig 0.308s) rc=0 demoted=0.0MiB read=0.3MiB
  [regular] call 9 step 7: 0.185s (orig 0.172s) rc=0 demoted=0.0MiB read=0.0MiB
  [regular] call 10 step 8: 0.183s (orig 0.177s) rc=0 demoted=0.0MiB read=0.5MiB
  [regular] call 11 step 9: 0.342s (orig 0.309s) rc=0 demoted=0.0MiB read=2.9MiB
  [regular] call 12 step 10: 0.180s (orig 0.183s) rc=0 demoted=0.0MiB read=0.0MiB
  [regular] call 13 step 11: 0.185s (orig 0.180s) rc=0 demoted=0.0MiB read=0.0MiB
  [regular] call 14 step 12: 0.182s (orig 0.177s) rc=0 demoted=0.0MiB read=0.0MiB
  [regular] call 15 step 13: 0.180s (orig 0.172s) rc=2 demoted=0.0MiB read=0.0MiB
  [regular] call 16 step 16: 0.182s (orig 0.178s) rc=2 demoted=0.0MiB read=0.0MiB
  [regular] call 17 step 17: 0.185s (orig 0.179s) rc=0 demoted=0.0MiB read=0.1MiB
  [regular] call 18 step 18: 0.182s (orig 0.179s) rc=1 demoted=0.0MiB read=0.0MiB
  [regular] call 19 step 19: 0.179s (orig 0.179s) rc=0 demoted=0.0MiB read=0.0MiB
  [regular] call 20 step 20: 0.184s (orig 0.178s) rc=0 demoted=0.0MiB read=0.0MiB
  [regular] call 21 step 21: 0.189s (orig 0.183s) rc=0 demoted=0.0MiB read=0.0MiB
  [regular] call 22 step 22: 0.182s (orig 0.177s) rc=0 demoted=0.0MiB read=0.0MiB
  [regular] call 23 step 23: 0.188s (orig 0.181s) rc=0 demoted=0.0MiB read=0.0MiB
  [regular] call 24 step 24: 0.186s (orig 0.184s) rc=0 demoted=0.0MiB read=0.0MiB
  [regular] call 25 step 25: 0.181s (orig 0.178s) rc=0 demoted=0.0MiB read=0.0MiB
  [regular] call 26 step 26: 0.183s (orig 0.178s) rc=0 demoted=0.0MiB read=0.3MiB
  [regular] call 27 step 27: 0.182s (orig 0.178s) rc=0 demoted=0.0MiB read=0.0MiB
  [regular] call 28 step 28: 0.179s (orig 0.177s) rc=0 demoted=0.0MiB read=0.0MiB
  [regular] call 29 step 29: 0.756s (orig 0.641s) rc=1 demoted=0.0MiB read=53.6MiB
  [regular] call 30 step 30: 0.184s (orig 0.179s) rc=0 demoted=0.0MiB read=0.0MiB
  [regular] call 31 step 31: 0.486s (orig 0.461s) rc=1 demoted=0.0MiB read=4.5MiB
  [regular] call 32 step 32: 0.189s (orig 0.183s) rc=0 demoted=0.0MiB read=0.0MiB
  [regular] call 33 step 33: 0.457s (orig 0.444s) rc=1 demoted=0.0MiB read=0.0MiB
  [regular] call 34 step 34: 0.189s (orig 0.185s) rc=0 demoted=0.0MiB read=0.1MiB
  [regular] call 35 step 35: 0.180s (orig 0.178s) rc=0 demoted=0.0MiB read=0.0MiB
  [regular] call 36 step 36: 0.188s (orig 0.180s) rc=0 demoted=0.0MiB read=0.2MiB
  [regular] call 37 step 37: 0.181s (orig 0.178s) rc=0 demoted=0.0MiB read=0.0MiB
  [regular] call 38 step 38: 0.181s (orig 0.176s) rc=2 demoted=0.0MiB read=0.0MiB
  [regular] call 39 step 39: 0.185s (orig 0.182s) rc=0 demoted=0.0MiB read=0.0MiB
  [regular] call 40 step 40: 0.206s (orig 0.200s) rc=0 demoted=0.0MiB read=0.0MiB
  [regular] call 41 step 41: 0.181s (orig 0.173s) rc=0 demoted=0.0MiB read=0.0MiB
  [regular] call 42 step 42: 0.203s (orig 0.190s) rc=0 demoted=0.0MiB read=31.1MiB
  [regular] call 43 step 43: 0.190s (orig 0.183s) rc=0 demoted=0.0MiB read=1.2MiB
  [regular] call 44 step 44: 0.186s (orig 0.183s) rc=0 demoted=0.0MiB read=0.0MiB
  [regular] call 45 step 45: 0.459s (orig 0.447s) rc=1 demoted=0.0MiB read=0.0MiB
  [regular] call 46 step 46: 0.192s (orig 0.183s) rc=0 demoted=0.0MiB read=0.0MiB
  [regular] call 47 step 47: 0.180s (orig 0.179s) rc=0 demoted=0.0MiB read=0.0MiB
  [regular] call 48 step 48: 0.186s (orig 0.184s) rc=0 demoted=0.0MiB read=0.0MiB
  [regular] call 49 step 49: 0.179s (orig 0.176s) rc=0 demoted=0.0MiB read=0.0MiB
  [regular] call 50 step 50: 0.188s (orig 0.184s) rc=0 demoted=0.0MiB read=0.0MiB
  [regular] call 51 step 51: 0.187s (orig 0.178s) rc=0 demoted=0.0MiB read=0.0MiB
  [regular] call 52 step 52: 0.453s (orig 0.448s) rc=1 demoted=0.0MiB read=0.0MiB
  [regular] call 53 step 53: 0.185s (orig 0.182s) rc=0 demoted=0.0MiB read=0.0MiB
  [regular] call 54 step 54: 0.205s (orig 0.203s) rc=0 demoted=0.0MiB read=0.0MiB
  [regular] call 55 step 55: 0.184s (orig 0.176s) rc=0 demoted=0.0MiB read=0.0MiB
  [regular] call 56 step 56: 0.189s (orig 0.188s) rc=0 demoted=0.0MiB read=0.0MiB
  [regular] call 57 step 57: 0.179s (orig 0.180s) rc=0 demoted=0.0MiB read=0.0MiB
  [regular] call 58 step 58: 0.189s (orig 0.180s) rc=0 demoted=0.0MiB read=0.0MiB
  [regular] call 59 step 59: 0.183s (orig 0.178s) rc=0 demoted=0.0MiB read=0.0MiB
  [regular] call 60 step 60: 0.458s (orig 0.442s) rc=1 demoted=0.0MiB read=0.0MiB
  [regular] call 61 step 61: 0.182s (orig 0.175s) rc=0 demoted=0.0MiB read=0.0MiB
  [regular] call 62 step 62: 0.181s (orig 0.174s) rc=0 demoted=0.0MiB read=0.0MiB
  [regular] call 63 step 63: 0.181s (orig 0.182s) rc=0 demoted=0.0MiB read=0.0MiB
  [regular] call 64 step 64: 0.455s (orig 0.454s) rc=1 demoted=0.0MiB read=0.0MiB
  [regular] call 65 step 65: 0.186s (orig 0.183s) rc=0 demoted=0.0MiB read=0.0MiB
  [regular] call 66 step 66: 0.183s (orig 0.181s) rc=0 demoted=0.0MiB read=0.0MiB
  [regular] call 67 step 67: 0.213s (orig 0.208s) rc=1 demoted=0.0MiB read=0.0MiB
  [regular] call 68 step 68: 0.188s (orig 0.185s) rc=0 demoted=0.0MiB read=0.0MiB
  [regular] call 69 step 69: 0.211s (orig 0.204s) rc=1 demoted=0.0MiB read=0.0MiB
  [regular] call 70 step 70: 0.183s (orig 0.178s) rc=0 demoted=0.0MiB read=0.0MiB
  [regular] call 71 step 71: 0.194s (orig 0.191s) rc=1 demoted=0.0MiB read=0.0MiB
  [regular] call 72 step 72: 0.180s (orig 0.182s) rc=0 demoted=0.0MiB read=0.0MiB
  [regular] call 73 step 73: 0.194s (orig 0.191s) rc=1 demoted=0.0MiB read=0.0MiB
  [regular] call 74 step 74: 0.182s (orig 0.183s) rc=0 demoted=0.0MiB read=0.0MiB
  [regular] call 75 step 75: 0.196s (orig 0.209s) rc=1 demoted=0.0MiB read=0.0MiB
[44/58] django__django-12708 regular: total=17.287993672000006 orig=16.336346613000003 mismatches=0 err=None
[44/58] django__django-12708 lazy
minisweagent.environment: DEBUG: Starting container with command: docker run -d --name   
minisweagent-ef1b8544 -w /testbed --rm                                                   
docker.io/swebench/sweb.eval.x86_64.django_1776_django-12708:latest sleep 2h             
minisweagent.environment: INFO: Started container minisweagent-ef1b8544 with ID          
386137f93da6da2fe782dfcb39db048d7fe9fc5a33fbe181f7461daa5f93c6c9                         
  [lazy] call 1 step 1: 0.768s (orig 0.319s) rc=0 demoted=3.3MiB read=79.1MiB
  [lazy] call 2 step 1: 0.767s (orig 0.299s) rc=0 demoted=41.9MiB read=79.1MiB
  [lazy] call 3 step 1: 0.763s (orig 0.303s) rc=0 demoted=40.3MiB read=79.2MiB
  [lazy] call 4 step 2: 0.259s (orig 0.177s) rc=0 demoted=45.1MiB read=45.4MiB
  [lazy] call 5 step 3: 0.258s (orig 0.177s) rc=0 demoted=23.4MiB read=45.4MiB
  [lazy] call 6 step 4: 0.257s (orig 0.177s) rc=0 demoted=23.1MiB read=45.4MiB
  [lazy] call 7 step 5: 0.265s (orig 0.173s) rc=0 demoted=23.3MiB read=45.5MiB
  [lazy] call 8 step 6: 0.765s (orig 0.308s) rc=0 demoted=23.3MiB read=78.9MiB
  [lazy] call 9 step 7: 0.255s (orig 0.172s) rc=0 demoted=40.8MiB read=45.0MiB
  [lazy] call 10 step 8: 0.258s (orig 0.177s) rc=0 demoted=23.1MiB read=45.8MiB
  [lazy] call 11 step 9: 0.795s (orig 0.309s) rc=0 demoted=23.6MiB read=81.4MiB
  [lazy] call 12 step 10: 0.256s (orig 0.183s) rc=0 demoted=42.5MiB read=45.0MiB
  [lazy] call 13 step 11: 0.260s (orig 0.180s) rc=0 demoted=23.0MiB read=45.1MiB
  [lazy] call 14 step 12: 0.264s (orig 0.177s) rc=0 demoted=22.9MiB read=45.0MiB
  [lazy] call 15 step 13: 0.260s (orig 0.172s) rc=2 demoted=23.1MiB read=43.6MiB
  [lazy] call 16 step 16: 0.253s (orig 0.178s) rc=2 demoted=22.3MiB read=43.7MiB
  [lazy] call 17 step 17: 0.259s (orig 0.179s) rc=0 demoted=22.2MiB read=43.8MiB
  [lazy] call 18 step 18: 0.263s (orig 0.179s) rc=1 demoted=22.5MiB read=45.8MiB
  [lazy] call 19 step 19: 0.258s (orig 0.179s) rc=0 demoted=23.4MiB read=45.1MiB
  [lazy] call 20 step 20: 0.259s (orig 0.178s) rc=0 demoted=23.3MiB read=45.1MiB
  [lazy] call 21 step 21: 0.259s (orig 0.183s) rc=0 demoted=23.4MiB read=45.9MiB
  [lazy] call 22 step 22: 0.260s (orig 0.177s) rc=0 demoted=23.9MiB read=45.9MiB
  [lazy] call 23 step 23: 0.265s (orig 0.181s) rc=0 demoted=23.6MiB read=45.9MiB
  [lazy] call 24 step 24: 0.257s (orig 0.184s) rc=0 demoted=23.7MiB read=45.9MiB
  [lazy] call 25 step 25: 0.259s (orig 0.178s) rc=0 demoted=23.5MiB read=43.8MiB
  [lazy] call 26 step 26: 0.258s (orig 0.178s) rc=0 demoted=22.6MiB read=46.1MiB
  [lazy] call 27 step 27: 0.258s (orig 0.178s) rc=0 demoted=24.0MiB read=45.4MiB
  [lazy] call 28 step 28: 0.260s (orig 0.177s) rc=0 demoted=23.3MiB read=44.1MiB
  [lazy] call 29 step 29: 0.842s (orig 0.641s) rc=1 demoted=22.6MiB read=100.1MiB
  [lazy] call 30 step 30: 0.260s (orig 0.179s) rc=0 demoted=52.9MiB read=44.1MiB
  [lazy] call 31 step 31: 0.663s (orig 0.461s) rc=1 demoted=22.9MiB read=103.8MiB
  [lazy] call 32 step 32: 0.271s (orig 0.183s) rc=0 demoted=53.0MiB read=46.4MiB
  [lazy] call 33 step 33: 0.654s (orig 0.444s) rc=1 demoted=24.1MiB read=103.8MiB
  [lazy] call 34 step 34: 0.270s (orig 0.185s) rc=0 demoted=53.0MiB read=46.1MiB
  [lazy] call 35 step 35: 0.255s (orig 0.178s) rc=0 demoted=24.0MiB read=45.1MiB
  [lazy] call 36 step 36: 0.267s (orig 0.180s) rc=0 demoted=23.0MiB read=47.5MiB
  [lazy] call 37 step 37: 0.258s (orig 0.178s) rc=0 demoted=25.4MiB read=45.3MiB
  [lazy] call 38 step 38: 0.259s (orig 0.176s) rc=2 demoted=23.2MiB read=45.8MiB
  [lazy] call 39 step 39: 0.252s (orig 0.182s) rc=0 demoted=23.6MiB read=44.1MiB
  [lazy] call 40 step 40: 0.295s (orig 0.200s) rc=0 demoted=22.7MiB read=56.2MiB
  [lazy] call 41 step 41: 0.249s (orig 0.173s) rc=0 demoted=29.5MiB read=43.1MiB
  [lazy] call 42 step 42: 0.286s (orig 0.190s) rc=0 demoted=22.2MiB read=84.7MiB
  [lazy] call 43 step 43: 0.272s (orig 0.183s) rc=0 demoted=44.0MiB read=48.7MiB
  [lazy] call 44 step 44: 0.263s (orig 0.183s) rc=0 demoted=25.6MiB read=45.3MiB
  [lazy] call 45 step 45: 0.653s (orig 0.447s) rc=1 demoted=23.3MiB read=104.2MiB
  [lazy] call 46 step 46: 0.265s (orig 0.183s) rc=0 demoted=52.7MiB read=48.4MiB
  [lazy] call 47 step 47: 0.259s (orig 0.179s) rc=0 demoted=26.0MiB read=45.2MiB
  [lazy] call 48 step 48: 0.266s (orig 0.184s) rc=0 demoted=23.3MiB read=47.0MiB
  [lazy] call 49 step 49: 0.262s (orig 0.176s) rc=0 demoted=25.1MiB read=45.4MiB
  [lazy] call 50 step 50: 0.260s (orig 0.184s) rc=0 demoted=23.1MiB read=47.3MiB
  [lazy] call 51 step 51: 0.257s (orig 0.178s) rc=0 demoted=25.0MiB read=45.4MiB
  [lazy] call 52 step 52: 0.653s (orig 0.448s) rc=1 demoted=23.4MiB read=104.5MiB
  [lazy] call 53 step 53: 0.255s (orig 0.182s) rc=0 demoted=53.3MiB read=43.8MiB
  [lazy] call 54 step 54: 0.288s (orig 0.203s) rc=0 demoted=22.8MiB read=56.0MiB
  [lazy] call 55 step 55: 0.255s (orig 0.176s) rc=0 demoted=28.8MiB read=45.1MiB
  [lazy] call 56 step 56: 0.266s (orig 0.188s) rc=0 demoted=23.2MiB read=48.4MiB
  [lazy] call 57 step 57: 0.263s (orig 0.180s) rc=0 demoted=26.3MiB read=44.8MiB
  [lazy] call 58 step 58: 0.261s (orig 0.180s) rc=0 demoted=23.0MiB read=47.0MiB
  [lazy] call 59 step 59: 0.258s (orig 0.178s) rc=0 demoted=24.5MiB read=45.0MiB
  [lazy] call 60 step 60: 0.648s (orig 0.442s) rc=1 demoted=23.1MiB read=104.1MiB
  [lazy] call 61 step 61: 0.260s (orig 0.175s) rc=0 demoted=53.0MiB read=44.1MiB
  [lazy] call 62 step 62: 0.259s (orig 0.174s) rc=0 demoted=22.7MiB read=46.1MiB
  [lazy] call 63 step 63: 0.259s (orig 0.182s) rc=0 demoted=23.6MiB read=45.2MiB
  [lazy] call 64 step 64: 0.649s (orig 0.454s) rc=1 demoted=23.4MiB read=103.8MiB
  [lazy] call 65 step 65: 0.265s (orig 0.183s) rc=0 demoted=52.7MiB read=46.1MiB
  [lazy] call 66 step 66: 0.260s (orig 0.181s) rc=0 demoted=24.5MiB read=44.7MiB
  [lazy] call 67 step 67: 0.296s (orig 0.208s) rc=1 demoted=22.9MiB read=55.9MiB
  [lazy] call 68 step 68: 0.265s (orig 0.185s) rc=0 demoted=28.2MiB read=45.8MiB
  [lazy] call 69 step 69: 0.299s (orig 0.204s) rc=1 demoted=23.9MiB read=55.9MiB
  [lazy] call 70 step 70: 0.255s (orig 0.178s) rc=0 demoted=28.4MiB read=43.5MiB
  [lazy] call 71 step 71: 0.279s (orig 0.191s) rc=1 demoted=22.6MiB read=54.6MiB
  [lazy] call 72 step 72: 0.257s (orig 0.182s) rc=0 demoted=27.7MiB read=43.5MiB
  [lazy] call 73 step 73: 0.276s (orig 0.191s) rc=1 demoted=23.5MiB read=54.1MiB
  [lazy] call 74 step 74: 0.251s (orig 0.183s) rc=0 demoted=27.8MiB read=42.7MiB
  [lazy] call 75 step 75: 0.277s (orig 0.209s) rc=1 demoted=21.8MiB read=54.6MiB
[44/58] django__django-12708 lazy: total=25.209950494999998 orig=16.336346613000003 mismatches=0 err=None
[45/58] django__django-12713 regular
minisweagent.environment: DEBUG: Starting container with command: docker run -d --name   
minisweagent-e4acb54b -w /testbed --rm                                                   
docker.io/swebench/sweb.eval.x86_64.django_1776_django-12713:latest sleep 2h             
minisweagent.environment: INFO: Started container minisweagent-e4acb54b with ID          
77f9cf4cc3a5051ce22db9fd63c330d7b358486ea56bff32a6a67b519b40a944                         
  [regular] call 1 step 1: 0.733s (orig 0.315s) rc=0 demoted=0.0MiB read=72.0MiB
  [regular] call 2 step 2: 0.623s (orig 0.368s) rc=0 demoted=0.0MiB read=37.1MiB
  [regular] call 3 step 3: 0.368s (orig 0.361s) rc=0 demoted=0.0MiB read=0.0MiB
  [regular] call 4 step 4: 0.186s (orig 0.182s) rc=0 demoted=0.0MiB read=0.0MiB
  [regular] call 5 step 5: 0.189s (orig 0.181s) rc=0 demoted=0.0MiB read=0.0MiB
  [regular] call 6 step 6: 0.188s (orig 0.184s) rc=0 demoted=0.0MiB read=0.1MiB
  [regular] call 7 step 7: 0.197s (orig 0.186s) rc=0 demoted=0.0MiB read=0.9MiB
  [regular] call 8 step 8: 0.193s (orig 0.186s) rc=0 demoted=0.0MiB read=0.0MiB
  [regular] call 9 step 9: 0.187s (orig 0.179s) rc=0 demoted=0.0MiB read=0.0MiB
  [regular] call 10 step 11: 0.187s (orig 0.177s) rc=0 demoted=0.0MiB read=0.3MiB
  [regular] call 11 step 14: 0.213s (orig 0.194s) rc=0 demoted=0.0MiB read=30.7MiB
  [regular] call 12 step 15: 0.207s (orig 0.192s) rc=0 demoted=0.0MiB read=4.2MiB
  [regular] call 13 step 16: 0.206s (orig 0.198s) rc=0 demoted=0.0MiB read=0.0MiB
  [regular] call 14 step 17: 0.194s (orig 0.180s) rc=0 demoted=0.0MiB read=0.0MiB
  [regular] call 15 step 18: 0.188s (orig 0.183s) rc=0 demoted=0.0MiB read=0.0MiB
[45/58] django__django-12713 regular: total=4.059532177 orig=3.2668112750000002 mismatches=14 err=None
[45/58] django__django-12713 lazy
minisweagent.environment: DEBUG: Starting container with command: docker run -d --name   
minisweagent-16cd6d7a -w /testbed --rm                                                   
docker.io/swebench/sweb.eval.x86_64.django_1776_django-12713:latest sleep 2h             
minisweagent.environment: INFO: Started container minisweagent-16cd6d7a with ID          
c8afb7247366426aaceb133a75149afc9afe144ccce0f05227729f25856d739d                         
  [lazy] call 1 step 1: 0.727s (orig 0.315s) rc=0 demoted=3.2MiB read=76.4MiB
  [lazy] call 2 step 2: 1.041s (orig 0.368s) rc=0 demoted=46.6MiB read=112.7MiB
  [lazy] call 3 step 3: 1.047s (orig 0.361s) rc=0 demoted=70.2MiB read=111.9MiB
  [lazy] call 4 step 4: 0.259s (orig 0.182s) rc=0 demoted=66.1MiB read=45.4MiB
  [lazy] call 5 step 5: 0.261s (orig 0.181s) rc=0 demoted=23.3MiB read=46.6MiB
  [lazy] call 6 step 6: 0.260s (orig 0.184s) rc=0 demoted=23.7MiB read=46.4MiB
  [lazy] call 7 step 7: 0.272s (orig 0.186s) rc=0 demoted=24.2MiB read=48.8MiB
  [lazy] call 8 step 8: 0.267s (orig 0.186s) rc=0 demoted=25.4MiB read=48.4MiB
  [lazy] call 9 step 9: 0.259s (orig 0.179s) rc=0 demoted=25.1MiB read=46.0MiB
  [lazy] call 10 step 11: 0.260s (orig 0.177s) rc=0 demoted=23.8MiB read=45.2MiB
  [lazy] call 11 step 14: 0.294s (orig 0.194s) rc=0 demoted=23.4MiB read=77.1MiB
  [lazy] call 12 step 15: 0.289s (orig 0.192s) rc=0 demoted=39.7MiB read=81.3MiB
  [lazy] call 13 step 16: 0.294s (orig 0.198s) rc=0 demoted=41.9MiB read=77.4MiB
  [lazy] call 14 step 17: 0.258s (orig 0.180s) rc=0 demoted=40.3MiB read=44.7MiB
  [lazy] call 15 step 18: 0.258s (orig 0.183s) rc=0 demoted=22.9MiB read=44.7MiB
[45/58] django__django-12713 lazy: total=6.048190235999999 orig=3.2668112750000002 mismatches=14 err=None
[46/58] django__django-12741 regular
minisweagent.environment: DEBUG: Starting container with command: docker run -d --name   
minisweagent-9decca53 -w /testbed --rm                                                   
docker.io/swebench/sweb.eval.x86_64.django_1776_django-12741:latest sleep 2h             
minisweagent.environment: INFO: Started container minisweagent-9decca53 with ID          
ac906193dd0c0793a361e4065b4b03a447d0040405f901d5c7cf0d5bcc0d15d5                         
  [regular] call 1 step 1: 1.045s (orig 0.387s) rc=0 demoted=0.0MiB read=108.2MiB
  [regular] call 2 step 2: 0.189s (orig 0.181s) rc=0 demoted=0.0MiB read=0.1MiB
  [regular] call 3 step 3: 0.937s (orig 0.469s) rc=0 demoted=0.0MiB read=231.9MiB
  [regular] call 4 step 4: 0.184s (orig 0.182s) rc=0 demoted=0.0MiB read=0.0MiB
  [regular] call 5 step 5: 0.188s (orig 0.180s) rc=0 demoted=0.0MiB read=0.0MiB
  [regular] call 6 step 6: 0.184s (orig 0.179s) rc=1 demoted=0.0MiB read=0.0MiB
  [regular] call 7 step 7: 0.184s (orig 0.181s) rc=0 demoted=0.0MiB read=0.5MiB
  [regular] call 8 step 8: 0.186s (orig 0.178s) rc=0 demoted=0.0MiB read=0.0MiB
  [regular] call 9 step 9: 0.187s (orig 0.181s) rc=0 demoted=0.0MiB read=0.0MiB
  [regular] call 10 step 10: 0.193s (orig 0.184s) rc=0 demoted=0.0MiB read=7.5MiB
  [regular] call 11 step 11: 0.183s (orig 0.180s) rc=0 demoted=0.0MiB read=0.0MiB
  [regular] call 12 step 12: 0.181s (orig 0.180s) rc=0 demoted=0.0MiB read=0.0MiB
[46/58] django__django-12741 regular: total=3.840201212 orig=2.661790516999999 mismatches=11 err=None
[46/58] django__django-12741 lazy
minisweagent.environment: DEBUG: Starting container with command: docker run -d --name   
minisweagent-efd31199 -w /testbed --rm                                                   
docker.io/swebench/sweb.eval.x86_64.django_1776_django-12741:latest sleep 2h             
minisweagent.environment: INFO: Started container minisweagent-efd31199 with ID          
52055a7ce3c35d16268f7340a879591fc81c39d1485c72d390936f56c643a5c6                         
  [lazy] call 1 step 1: 1.056s (orig 0.387s) rc=0 demoted=3.2MiB read=114.0MiB
  [lazy] call 2 step 2: 0.263s (orig 0.181s) rc=0 demoted=63.7MiB read=47.2MiB
  [lazy] call 3 step 3: 1.616s (orig 0.469s) rc=0 demoted=24.6MiB read=343.6MiB
  [lazy] call 4 step 4: 0.263s (orig 0.182s) rc=0 demoted=187.6MiB read=46.9MiB
  [lazy] call 5 step 5: 0.260s (orig 0.180s) rc=0 demoted=24.2MiB read=48.6MiB
  [lazy] call 6 step 6: 0.266s (orig 0.179s) rc=1 demoted=25.3MiB read=47.5MiB
  [lazy] call 7 step 7: 0.262s (orig 0.181s) rc=0 demoted=24.6MiB read=47.0MiB
  [lazy] call 8 step 8: 0.262s (orig 0.178s) rc=0 demoted=24.2MiB read=47.1MiB
  [lazy] call 9 step 9: 0.262s (orig 0.181s) rc=0 demoted=24.1MiB read=47.3MiB
  [lazy] call 10 step 10: 0.272s (orig 0.184s) rc=0 demoted=24.7MiB read=80.0MiB
  [lazy] call 11 step 11: 0.259s (orig 0.180s) rc=0 demoted=40.4MiB read=45.6MiB
  [lazy] call 12 step 12: 0.256s (orig 0.180s) rc=0 demoted=23.5MiB read=45.0MiB
[46/58] django__django-12741 lazy: total=5.29631932 orig=2.661790516999999 mismatches=11 err=None
[47/58] django__django-12754 regular
minisweagent.environment: DEBUG: Starting container with command: docker run -d --name   
minisweagent-c7a27fa5 -w /testbed --rm                                                   
docker.io/swebench/sweb.eval.x86_64.django_1776_django-12754:latest sleep 2h             
minisweagent.environment: INFO: Started container minisweagent-c7a27fa5 with ID          
7a7bd4ced0c47c5d8507f77bce7a9c5472562a8635291cf4c02f0646ca3124b2                         
  [regular] call 1 step 1: 0.263s (orig 0.183s) rc=0 demoted=0.0MiB read=42.6MiB
  [regular] call 2 step 1: 0.181s (orig 0.178s) rc=2 demoted=0.0MiB read=0.0MiB
  [regular] call 3 step 2: 0.644s (orig 0.312s) rc=0 demoted=0.0MiB read=29.1MiB
  [regular] call 4 step 3: 0.182s (orig 0.182s) rc=1 demoted=0.0MiB read=0.2MiB
  [regular] call 5 step 4: 0.182s (orig 0.173s) rc=0 demoted=0.0MiB read=0.0MiB
  [regular] call 6 step 5: 0.182s (orig 0.182s) rc=1 demoted=0.0MiB read=0.0MiB
  [regular] call 7 step 6: 0.181s (orig 0.173s) rc=0 demoted=0.0MiB read=0.1MiB
  [regular] call 8 step 7: 0.180s (orig 0.174s) rc=0 demoted=0.0MiB read=0.0MiB
  [regular] call 9 step 8: 0.182s (orig 0.177s) rc=0 demoted=0.0MiB read=0.0MiB
  [regular] call 10 step 9: 0.179s (orig 0.183s) rc=0 demoted=0.0MiB read=0.0MiB
  [regular] call 11 step 10: 0.180s (orig 0.173s) rc=0 demoted=0.0MiB read=0.0MiB
  [regular] call 12 step 11: 0.182s (orig 0.184s) rc=0 demoted=0.0MiB read=0.0MiB
  [regular] call 13 step 12: 0.183s (orig 0.178s) rc=0 demoted=0.0MiB read=0.0MiB
  [regular] call 14 step 13: 0.183s (orig 0.179s) rc=0 demoted=0.0MiB read=0.0MiB
  [regular] call 15 step 14: 0.214s (orig 0.206s) rc=123 demoted=0.0MiB read=1.4MiB
  [regular] call 16 step 15: 0.878s (orig 0.756s) rc=0 demoted=0.0MiB read=58.8MiB
  [regular] call 17 step 16: 0.186s (orig 0.179s) rc=0 demoted=0.0MiB read=0.2MiB
  [regular] call 18 step 17: 0.179s (orig 0.172s) rc=0 demoted=0.0MiB read=0.0MiB
  [regular] call 19 step 18: 0.193s (orig 0.192s) rc=1 demoted=0.0MiB read=0.0MiB
  [regular] call 20 step 19: 0.178s (orig 0.180s) rc=0 demoted=0.0MiB read=0.0MiB
  [regular] call 21 step 20: 0.962s (orig 0.902s) rc=2 demoted=0.0MiB read=6.6MiB
  [regular] call 22 step 21: 0.185s (orig 0.177s) rc=0 demoted=0.0MiB read=0.0MiB
  [regular] call 23 step 22: 0.418s (orig 0.410s) rc=1 demoted=0.0MiB read=0.0MiB
  [regular] call 24 step 23: 0.178s (orig 0.181s) rc=0 demoted=0.0MiB read=0.0MiB
  [regular] call 25 step 24: 0.416s (orig 0.414s) rc=1 demoted=0.0MiB read=0.0MiB
  [regular] call 26 step 25: 0.182s (orig 0.177s) rc=0 demoted=0.0MiB read=0.0MiB
  [regular] call 27 step 26: 0.488s (orig 0.476s) rc=1 demoted=0.0MiB read=0.0MiB
  [regular] call 28 step 27: 0.179s (orig 0.175s) rc=0 demoted=0.0MiB read=0.0MiB
  [regular] call 29 step 28: 0.845s (orig 0.838s) rc=0 demoted=0.0MiB read=0.1MiB
  [regular] call 30 step 29: 0.183s (orig 0.183s) rc=0 demoted=0.0MiB read=0.0MiB
  [regular] call 31 step 30: 0.539s (orig 0.530s) rc=0 demoted=0.0MiB read=0.0MiB
  [regular] call 32 step 31: 0.651s (orig 0.649s) rc=1 demoted=0.0MiB read=0.2MiB
  [regular] call 33 step 32: 0.193s (orig 0.181s) rc=0 demoted=0.0MiB read=0.6MiB
  [regular] call 34 step 33: 0.184s (orig 0.549s) rc=1 demoted=0.0MiB read=0.1MiB
  [regular] call 35 step 34: 0.182s (orig 0.177s) rc=1 demoted=0.0MiB read=0.0MiB
  [regular] call 36 step 35: 0.647s (orig 0.666s) rc=1 demoted=0.0MiB read=0.0MiB
  [regular] call 37 step 36: 0.189s (orig 0.177s) rc=0 demoted=0.0MiB read=0.0MiB
  [regular] call 38 step 37: 0.543s (orig 0.531s) rc=0 demoted=0.0MiB read=0.0MiB
  [regular] call 39 step 38: 0.185s (orig 0.180s) rc=0 demoted=0.0MiB read=0.0MiB
  [regular] call 40 step 39: 0.521s (orig 0.511s) rc=0 demoted=0.0MiB read=0.0MiB
  [regular] call 41 step 40: 0.183s (orig 0.181s) rc=0 demoted=0.0MiB read=0.0MiB
  [regular] call 42 step 41: 0.523s (orig 0.672s) rc=1 demoted=0.0MiB read=0.0MiB
  [regular] call 43 step 42: 0.184s (orig 0.183s) rc=0 demoted=0.0MiB read=0.0MiB
  [regular] call 44 step 43: 0.182s (orig 0.180s) rc=0 demoted=0.0MiB read=0.0MiB
  [regular] call 45 step 44: 0.181s (orig 0.178s) rc=0 demoted=0.0MiB read=0.0MiB
  [regular] call 46 step 45: 0.538s (orig 0.528s) rc=0 demoted=0.0MiB read=0.0MiB
  [regular] call 47 step 46: 0.184s (orig 0.177s) rc=0 demoted=0.0MiB read=0.0MiB
  [regular] call 48 step 47: 0.534s (orig 0.550s) rc=0 demoted=0.0MiB read=0.0MiB
  [regular] call 49 step 48: 0.183s (orig 0.185s) rc=0 demoted=0.0MiB read=0.0MiB
  [regular] call 50 step 49: 0.184s (orig 0.186s) rc=0 demoted=0.0MiB read=0.0MiB
  [regular] call 51 step 50: 0.181s (orig 0.181s) rc=0 demoted=0.0MiB read=0.0MiB
  [regular] call 52 step 51: 0.183s (orig 0.183s) rc=1 demoted=0.0MiB read=0.3MiB
  [regular] call 53 step 52: 0.181s (orig 0.185s) rc=0 demoted=0.0MiB read=0.0MiB
  [regular] call 54 step 53: 0.184s (orig 0.183s) rc=1 demoted=0.0MiB read=0.4MiB
  [regular] call 55 step 54: 0.184s (orig 0.192s) rc=0 demoted=0.0MiB read=0.0MiB
  [regular] call 56 step 55: 0.185s (orig 0.180s) rc=0 demoted=0.0MiB read=0.0MiB
  [regular] call 57 step 56: 0.185s (orig 0.181s) rc=0 demoted=0.0MiB read=0.0MiB
  [regular] call 58 step 57: 0.183s (orig 0.177s) rc=0 demoted=0.0MiB read=0.0MiB
  [regular] call 59 step 58: 0.182s (orig 0.177s) rc=0 demoted=0.0MiB read=0.0MiB
  [regular] call 60 step 59: 0.180s (orig 0.181s) rc=0 demoted=0.0MiB read=0.0MiB
  [regular] call 61 step 60: 0.182s (orig 0.178s) rc=0 demoted=0.0MiB read=0.0MiB
  [regular] call 62 step 61: 0.491s (orig 0.498s) rc=1 demoted=0.0MiB read=0.0MiB
  [regular] call 63 step 62: 0.182s (orig 0.182s) rc=0 demoted=0.0MiB read=0.0MiB
  [regular] call 64 step 63: 0.186s (orig 0.188s) rc=0 demoted=0.0MiB read=0.0MiB
  [regular] call 65 step 64: 0.182s (orig 0.179s) rc=0 demoted=0.0MiB read=0.0MiB
  [regular] call 66 step 65: 0.186s (orig 0.187s) rc=0 demoted=0.0MiB read=0.0MiB
  [regular] call 67 step 66: 0.179s (orig 0.184s) rc=0 demoted=0.0MiB read=0.0MiB
  [regular] call 68 step 67: 0.180s (orig 0.180s) rc=0 demoted=0.0MiB read=0.0MiB
  [regular] call 69 step 68: 0.491s (orig 0.482s) rc=1 demoted=0.0MiB read=0.0MiB
  [regular] call 70 step 69: 0.182s (orig 0.181s) rc=0 demoted=0.0MiB read=0.0MiB
  [regular] call 71 step 70: 0.181s (orig 0.181s) rc=0 demoted=0.0MiB read=0.0MiB
  [regular] call 72 step 71: 0.182s (orig 0.177s) rc=0 demoted=0.0MiB read=0.0MiB
  [regular] call 73 step 72: 0.185s (orig 0.184s) rc=0 demoted=0.0MiB read=0.0MiB
  [regular] call 74 step 73: 0.487s (orig 0.502s) rc=1 demoted=0.0MiB read=0.0MiB
  [regular] call 75 step 74: 0.182s (orig 0.179s) rc=0 demoted=0.0MiB read=0.0MiB
  [regular] call 76 step 75: 0.181s (orig 0.181s) rc=0 demoted=0.0MiB read=0.0MiB
  [regular] call 77 step 76: 0.491s (orig 0.498s) rc=1 demoted=0.0MiB read=0.0MiB
  [regular] call 78 step 77: 0.182s (orig 0.182s) rc=0 demoted=0.0MiB read=0.0MiB
  [regular] call 79 step 78: 0.188s (orig 0.178s) rc=0 demoted=0.0MiB read=0.0MiB
  [regular] call 80 step 79: 0.184s (orig 0.186s) rc=0 demoted=0.0MiB read=0.0MiB
  [regular] call 81 step 80: 0.492s (orig 0.483s) rc=1 demoted=0.0MiB read=0.0MiB
  [regular] call 82 step 81: 0.184s (orig 0.185s) rc=0 demoted=0.0MiB read=0.0MiB
  [regular] call 83 step 82: 0.184s (orig 0.184s) rc=0 demoted=0.0MiB read=0.0MiB
  [regular] call 84 step 83: 0.539s (orig 0.537s) rc=0 demoted=0.0MiB read=0.0MiB
  [regular] call 85 step 84: 0.185s (orig 0.178s) rc=0 demoted=0.0MiB read=0.0MiB
  [regular] call 86 step 85: 0.536s (orig 0.512s) rc=0 demoted=0.0MiB read=0.0MiB
  [regular] call 87 step 86: 0.184s (orig 0.182s) rc=0 demoted=0.0MiB read=0.0MiB
  [regular] call 88 step 87: 0.528s (orig 0.540s) rc=1 demoted=0.0MiB read=0.0MiB
  [regular] call 89 step 88: 0.184s (orig 0.178s) rc=0 demoted=0.0MiB read=0.0MiB
  [regular] call 90 step 89: 0.531s (orig 0.527s) rc=1 demoted=0.0MiB read=0.0MiB
  [regular] call 91 step 90: 0.186s (orig 0.180s) rc=0 demoted=0.0MiB read=0.0MiB
  [regular] call 92 step 91: 0.498s (orig 0.477s) rc=1 demoted=0.0MiB read=0.0MiB
  [regular] call 93 step 92: 0.183s (orig 0.187s) rc=0 demoted=0.0MiB read=0.0MiB
  [regular] call 94 step 93: 0.493s (orig 0.498s) rc=1 demoted=0.0MiB read=0.0MiB
  [regular] call 95 step 94: 0.184s (orig 0.185s) rc=0 demoted=0.0MiB read=0.0MiB
  [regular] call 96 step 95: 0.184s (orig 0.182s) rc=0 demoted=0.0MiB read=0.0MiB
  [regular] call 97 step 96: 0.184s (orig 0.181s) rc=0 demoted=0.0MiB read=0.0MiB
  [regular] call 98 step 97: 0.182s (orig 0.181s) rc=0 demoted=0.0MiB read=0.0MiB
  [regular] call 99 step 98: 0.494s (orig 0.509s) rc=1 demoted=0.0MiB read=0.0MiB
  [regular] call 100 step 99: 0.187s (orig 0.181s) rc=0 demoted=0.0MiB read=0.0MiB
  [regular] call 101 step 100: 0.493s (orig 0.500s) rc=1 demoted=0.0MiB read=0.0MiB
  [regular] call 102 step 101: 0.180s (orig 0.185s) rc=0 demoted=0.0MiB read=0.0MiB
  [regular] call 103 step 102: 0.184s (orig 0.180s) rc=0 demoted=0.0MiB read=0.0MiB
  [regular] call 104 step 103: 0.544s (orig 0.552s) rc=0 demoted=0.0MiB read=0.0MiB
  [regular] call 105 step 104: 0.185s (orig 0.185s) rc=0 demoted=0.0MiB read=0.0MiB
  [regular] call 106 step 105: 0.532s (orig 0.539s) rc=1 demoted=0.0MiB read=0.0MiB
  [regular] call 107 step 106: 0.184s (orig 0.183s) rc=0 demoted=0.0MiB read=0.0MiB
  [regular] call 108 step 107: 0.492s (orig 0.492s) rc=1 demoted=0.0MiB read=0.0MiB
  [regular] call 109 step 108: 0.185s (orig 0.186s) rc=0 demoted=0.0MiB read=0.0MiB
  [regular] call 110 step 109: 0.186s (orig 0.182s) rc=0 demoted=0.0MiB read=0.0MiB
  [regular] call 111 step 110: 0.540s (orig 0.550s) rc=0 demoted=0.0MiB read=0.0MiB
  [regular] call 112 step 111: 0.191s (orig 0.186s) rc=0 demoted=0.0MiB read=0.0MiB
  [regular] call 113 step 112: 0.184s (orig 0.182s) rc=1 demoted=0.0MiB read=0.0MiB
  [regular] call 114 step 113: 0.182s (orig 0.182s) rc=0 demoted=0.0MiB read=0.0MiB
  [regular] call 115 step 114: 0.183s (orig 0.186s) rc=0 demoted=0.0MiB read=0.0MiB
  [regular] call 116 step 115: 0.180s (orig 0.177s) rc=0 demoted=0.0MiB read=0.0MiB
  [regular] call 117 step 116: 0.180s (orig 0.182s) rc=0 demoted=0.0MiB read=0.0MiB
  [regular] call 118 step 117: 0.182s (orig 0.180s) rc=0 demoted=0.0MiB read=0.0MiB
  [regular] call 119 step 118: 0.181s (orig 0.177s) rc=0 demoted=0.0MiB read=0.0MiB
  [regular] call 120 step 119: 0.180s (orig 0.185s) rc=2 demoted=0.0MiB read=0.0MiB
  [regular] call 121 step 120: 0.184s (orig 0.185s) rc=1 demoted=0.0MiB read=0.0MiB
  [regular] call 122 step 121: 0.186s (orig 0.179s) rc=0 demoted=0.0MiB read=0.0MiB
  [regular] call 123 step 122: 0.187s (orig 0.178s) rc=0 demoted=0.0MiB read=0.0MiB
  [regular] call 124 step 123: 0.180s (orig 0.185s) rc=1 demoted=0.0MiB read=0.0MiB
  [regular] call 125 step 124: 0.185s (orig 0.184s) rc=0 demoted=0.0MiB read=0.0MiB
  [regular] call 126 step 125: 0.180s (orig 0.181s) rc=0 demoted=0.0MiB read=0.0MiB
  [regular] call 127 step 126: 0.182s (orig 0.189s) rc=0 demoted=0.0MiB read=0.0MiB
  [regular] call 128 step 127: 0.179s (orig 0.184s) rc=0 demoted=0.0MiB read=0.0MiB
  [regular] call 129 step 128: 0.185s (orig 0.181s) rc=2 demoted=0.0MiB read=0.0MiB
  [regular] call 130 step 129: 0.182s (orig 0.186s) rc=0 demoted=0.0MiB read=0.0MiB
  [regular] call 131 step 130: 0.181s (orig 0.184s) rc=0 demoted=0.0MiB read=0.0MiB
  [regular] call 132 step 131: 0.183s (orig 0.183s) rc=1 demoted=0.0MiB read=0.0MiB
  [regular] call 133 step 132: 0.183s (orig 0.184s) rc=0 demoted=0.0MiB read=0.0MiB
  [regular] call 134 step 133: 0.184s (orig 0.180s) rc=0 demoted=0.0MiB read=0.0MiB
  [regular] call 135 step 134: 0.180s (orig 0.180s) rc=1 demoted=0.0MiB read=0.0MiB
  [regular] call 136 step 135: 0.185s (orig 0.185s) rc=0 demoted=0.0MiB read=0.0MiB
[47/58] django__django-12754 regular: total=36.96489704 orig=36.688931548 mismatches=135 err=None
[47/58] django__django-12754 lazy
minisweagent.environment: DEBUG: Starting container with command: docker run -d --name   
minisweagent-d6dae16b -w /testbed --rm                                                   
docker.io/swebench/sweb.eval.x86_64.django_1776_django-12754:latest sleep 2h             
minisweagent.environment: INFO: Started container minisweagent-d6dae16b with ID          
3712942d89853ccfc3daff6283e9102426e79519d841843b2677aab8de278b40                         
  [lazy] call 1 step 1: 0.270s (orig 0.183s) rc=0 demoted=3.4MiB read=48.2MiB
  [lazy] call 2 step 1: 0.260s (orig 0.178s) rc=2 demoted=24.3MiB read=45.1MiB
  [lazy] call 3 step 2: 0.735s (orig 0.312s) rc=0 demoted=23.0MiB read=76.1MiB
  [lazy] call 4 step 3: 0.259s (orig 0.182s) rc=1 demoted=38.8MiB read=46.9MiB
  [lazy] call 5 step 4: 0.260s (orig 0.173s) rc=0 demoted=24.3MiB read=46.7MiB
  [lazy] call 6 step 5: 0.259s (orig 0.182s) rc=1 demoted=23.9MiB read=46.7MiB
  [lazy] call 7 step 6: 0.258s (orig 0.173s) rc=0 demoted=23.8MiB read=46.9MiB
  [lazy] call 8 step 7: 0.263s (orig 0.174s) rc=0 demoted=24.9MiB read=46.7MiB
  [lazy] call 9 step 8: 0.260s (orig 0.177s) rc=0 demoted=24.3MiB read=46.7MiB
  [lazy] call 10 step 9: 0.259s (orig 0.183s) rc=0 demoted=24.0MiB read=46.8MiB
  [lazy] call 11 step 10: 0.265s (orig 0.173s) rc=0 demoted=24.0MiB read=46.8MiB
  [lazy] call 12 step 11: 0.265s (orig 0.184s) rc=0 demoted=24.0MiB read=46.8MiB
  [lazy] call 13 step 12: 0.264s (orig 0.178s) rc=0 demoted=24.0MiB read=46.7MiB
  [lazy] call 14 step 13: 0.261s (orig 0.179s) rc=0 demoted=24.2MiB read=46.6MiB
  [lazy] call 15 step 14: 0.367s (orig 0.206s) rc=123 demoted=24.1MiB read=56.2MiB
  [lazy] call 16 step 15: 0.972s (orig 0.756s) rc=0 demoted=29.3MiB read=106.4MiB
  [lazy] call 17 step 16: 0.267s (orig 0.179s) rc=0 demoted=56.3MiB read=47.6MiB
  [lazy] call 18 step 17: 0.256s (orig 0.172s) rc=0 demoted=24.6MiB read=45.4MiB
  [lazy] call 19 step 18: 0.284s (orig 0.192s) rc=1 demoted=23.1MiB read=57.1MiB
  [lazy] call 20 step 19: 0.255s (orig 0.180s) rc=0 demoted=29.1MiB read=45.3MiB
  [lazy] call 21 step 20: 1.151s (orig 0.902s) rc=2 demoted=23.2MiB read=109.6MiB
  [lazy] call 22 step 21: 0.263s (orig 0.177s) rc=0 demoted=59.8MiB read=45.0MiB
  [lazy] call 23 step 22: 0.595s (orig 0.410s) rc=1 demoted=23.8MiB read=94.8MiB
  [lazy] call 24 step 23: 0.255s (orig 0.181s) rc=0 demoted=48.1MiB read=45.0MiB
  [lazy] call 25 step 24: 0.601s (orig 0.414s) rc=1 demoted=23.3MiB read=99.7MiB
  [lazy] call 26 step 25: 0.259s (orig 0.177s) rc=0 demoted=50.5MiB read=45.1MiB
  [lazy] call 27 step 26: 0.692s (orig 0.476s) rc=1 demoted=23.3MiB read=108.3MiB
  [lazy] call 28 step 27: 0.259s (orig 0.175s) rc=0 demoted=55.0MiB read=45.0MiB
  [lazy] call 29 step 28: 1.069s (orig 0.838s) rc=0 demoted=23.1MiB read=108.9MiB
  [lazy] call 30 step 29: 0.262s (orig 0.183s) rc=0 demoted=59.0MiB read=45.1MiB
  [lazy] call 31 step 30: 0.749s (orig 0.530s) rc=0 demoted=24.0MiB read=104.1MiB
  [lazy] call 32 step 31: 0.866s (orig 0.649s) rc=1 demoted=55.4MiB read=104.0MiB
  [lazy] call 33 step 32: 0.264s (orig 0.181s) rc=0 demoted=55.8MiB read=46.2MiB
  [lazy] call 34 step 33: 0.261s (orig 0.549s) rc=1 demoted=24.3MiB read=45.8MiB
  [lazy] call 35 step 34: 0.255s (orig 0.177s) rc=1 demoted=24.0MiB read=42.9MiB
  [lazy] call 36 step 35: 0.874s (orig 0.666s) rc=1 demoted=21.9MiB read=110.4MiB
  [lazy] call 37 step 36: 0.258s (orig 0.177s) rc=0 demoted=55.6MiB read=45.1MiB
  [lazy] call 38 step 37: 0.758s (orig 0.531s) rc=0 demoted=23.3MiB read=109.3MiB
  [lazy] call 39 step 38: 0.255s (orig 0.180s) rc=0 demoted=55.3MiB read=45.1MiB
  [lazy] call 40 step 39: 0.746s (orig 0.511s) rc=0 demoted=23.1MiB read=109.2MiB
  [lazy] call 41 step 40: 0.257s (orig 0.181s) rc=0 demoted=55.2MiB read=45.0MiB
  [lazy] call 42 step 41: 0.742s (orig 0.672s) rc=1 demoted=23.1MiB read=109.4MiB
  [lazy] call 43 step 42: 0.265s (orig 0.183s) rc=0 demoted=58.9MiB read=47.0MiB
  [lazy] call 44 step 43: 0.264s (orig 0.180s) rc=0 demoted=24.4MiB read=45.5MiB
  [lazy] call 45 step 44: 0.257s (orig 0.178s) rc=0 demoted=24.1MiB read=45.5MiB
  [lazy] call 46 step 45: 0.756s (orig 0.528s) rc=0 demoted=24.3MiB read=106.7MiB
  [lazy] call 47 step 46: 0.245s (orig 0.177s) rc=0 demoted=56.8MiB read=41.7MiB
  [lazy] call 48 step 47: 0.746s (orig 0.550s) rc=0 demoted=21.6MiB read=106.1MiB
  [lazy] call 49 step 48: 0.253s (orig 0.185s) rc=0 demoted=56.4MiB read=43.8MiB
  [lazy] call 50 step 49: 0.256s (orig 0.186s) rc=0 demoted=22.8MiB read=47.0MiB
  [lazy] call 51 step 50: 0.259s (orig 0.181s) rc=0 demoted=24.1MiB read=47.0MiB
  [lazy] call 52 step 51: 0.255s (orig 0.183s) rc=1 demoted=24.3MiB read=45.7MiB
  [lazy] call 53 step 52: 0.264s (orig 0.185s) rc=0 demoted=23.5MiB read=47.3MiB
  [lazy] call 54 step 53: 0.256s (orig 0.183s) rc=1 demoted=24.6MiB read=46.0MiB
  [lazy] call 55 step 54: 0.265s (orig 0.192s) rc=0 demoted=23.6MiB read=47.5MiB
  [lazy] call 56 step 55: 0.266s (orig 0.180s) rc=0 demoted=24.9MiB read=47.1MiB
  [lazy] call 57 step 56: 0.260s (orig 0.181s) rc=0 demoted=24.3MiB read=47.2MiB
  [lazy] call 58 step 57: 0.258s (orig 0.177s) rc=0 demoted=24.1MiB read=46.7MiB
  [lazy] call 59 step 58: 0.258s (orig 0.177s) rc=0 demoted=24.0MiB read=47.2MiB
  [lazy] call 60 step 59: 0.257s (orig 0.181s) rc=0 demoted=24.4MiB read=45.4MiB
  [lazy] call 61 step 60: 0.257s (orig 0.178s) rc=0 demoted=23.4MiB read=45.4MiB
  [lazy] call 62 step 61: 0.702s (orig 0.498s) rc=1 demoted=23.4MiB read=109.3MiB
  [lazy] call 63 step 62: 0.260s (orig 0.182s) rc=0 demoted=55.6MiB read=46.4MiB
  [lazy] call 64 step 63: 0.265s (orig 0.188s) rc=0 demoted=23.7MiB read=47.5MiB
  [lazy] call 65 step 64: 0.263s (orig 0.179s) rc=0 demoted=24.7MiB read=47.2MiB
  [lazy] call 66 step 65: 0.261s (orig 0.187s) rc=0 demoted=24.3MiB read=47.1MiB
  [lazy] call 67 step 66: 0.261s (orig 0.184s) rc=0 demoted=24.4MiB read=45.4MiB
  [lazy] call 68 step 67: 0.257s (orig 0.180s) rc=0 demoted=23.3MiB read=45.4MiB
  [lazy] call 69 step 68: 0.702s (orig 0.482s) rc=1 demoted=23.6MiB read=109.2MiB
  [lazy] call 70 step 69: 0.259s (orig 0.181s) rc=0 demoted=54.9MiB read=46.4MiB
  [lazy] call 71 step 70: 0.261s (orig 0.181s) rc=0 demoted=24.0MiB read=46.4MiB
  [lazy] call 72 step 71: 0.263s (orig 0.177s) rc=0 demoted=23.9MiB read=46.9MiB
  [lazy] call 73 step 72: 0.261s (orig 0.184s) rc=0 demoted=24.0MiB read=45.2MiB
  [lazy] call 74 step 73: 0.706s (orig 0.502s) rc=1 demoted=23.3MiB read=108.8MiB
  [lazy] call 75 step 74: 0.259s (orig 0.179s) rc=0 demoted=55.0MiB read=46.9MiB
  [lazy] call 76 step 75: 0.259s (orig 0.181s) rc=0 demoted=24.1MiB read=45.2MiB
  [lazy] call 77 step 76: 0.705s (orig 0.498s) rc=1 demoted=23.4MiB read=108.6MiB
  [lazy] call 78 step 77: 0.250s (orig 0.182s) rc=0 demoted=57.3MiB read=43.5MiB
  [lazy] call 79 step 78: 0.259s (orig 0.178s) rc=0 demoted=24.1MiB read=45.3MiB
  [lazy] call 80 step 79: 0.254s (orig 0.186s) rc=0 demoted=24.0MiB read=43.1MiB
  [lazy] call 81 step 80: 0.704s (orig 0.483s) rc=1 demoted=22.2MiB read=108.9MiB
  [lazy] call 82 step 81: 0.267s (orig 0.185s) rc=0 demoted=55.4MiB read=47.8MiB
  [lazy] call 83 step 82: 0.254s (orig 0.184s) rc=0 demoted=24.8MiB read=45.1MiB
  [lazy] call 84 step 83: 0.763s (orig 0.537s) rc=0 demoted=23.3MiB read=109.0MiB
  [lazy] call 85 step 84: 0.257s (orig 0.178s) rc=0 demoted=54.9MiB read=45.0MiB
  [lazy] call 86 step 85: 0.757s (orig 0.512s) rc=0 demoted=23.3MiB read=108.9MiB
  [lazy] call 87 step 86: 0.261s (orig 0.182s) rc=0 demoted=54.9MiB read=46.9MiB
  [lazy] call 88 step 87: 0.751s (orig 0.540s) rc=1 demoted=24.2MiB read=109.2MiB
  [lazy] call 89 step 88: 0.258s (orig 0.178s) rc=0 demoted=55.6MiB read=46.8MiB
  [lazy] call 90 step 89: 0.756s (orig 0.527s) rc=1 demoted=24.0MiB read=109.3MiB
  [lazy] call 91 step 90: 0.260s (orig 0.180s) rc=0 demoted=55.3MiB read=46.9MiB
  [lazy] call 92 step 91: 0.705s (orig 0.477s) rc=1 demoted=24.1MiB read=108.8MiB
  [lazy] call 93 step 92: 0.261s (orig 0.187s) rc=0 demoted=55.1MiB read=46.9MiB
  [lazy] call 94 step 93: 0.707s (orig 0.498s) rc=1 demoted=24.3MiB read=108.5MiB
  [lazy] call 95 step 94: 0.264s (orig 0.185s) rc=0 demoted=54.9MiB read=47.3MiB
  [lazy] call 96 step 95: 0.262s (orig 0.182s) rc=0 demoted=24.3MiB read=45.9MiB
  [lazy] call 97 step 96: 0.252s (orig 0.181s) rc=0 demoted=24.4MiB read=44.8MiB
  [lazy] call 98 step 97: 0.257s (orig 0.181s) rc=0 demoted=24.0MiB read=44.4MiB
  [lazy] call 99 step 98: 0.714s (orig 0.509s) rc=1 demoted=23.0MiB read=109.2MiB
  [lazy] call 100 step 99: 0.264s (orig 0.181s) rc=0 demoted=55.2MiB read=46.9MiB
  [lazy] call 101 step 100: 0.705s (orig 0.500s) rc=1 demoted=24.2MiB read=108.5MiB
  [lazy] call 102 step 101: 0.270s (orig 0.185s) rc=0 demoted=55.2MiB read=47.7MiB
  [lazy] call 103 step 102: 0.263s (orig 0.180s) rc=0 demoted=24.8MiB read=45.5MiB
  [lazy] call 104 step 103: 0.762s (orig 0.552s) rc=0 demoted=23.6MiB read=109.4MiB
  [lazy] call 105 step 104: 0.259s (orig 0.185s) rc=0 demoted=55.4MiB read=46.8MiB
  [lazy] call 106 step 105: 0.750s (orig 0.539s) rc=1 demoted=24.0MiB read=109.1MiB
  [lazy] call 107 step 106: 0.258s (orig 0.183s) rc=0 demoted=55.1MiB read=46.9MiB
  [lazy] call 108 step 107: 0.701s (orig 0.492s) rc=1 demoted=24.0MiB read=108.7MiB
  [lazy] call 109 step 108: 0.262s (orig 0.186s) rc=0 demoted=55.0MiB read=47.3MiB
  [lazy] call 110 step 109: 0.260s (orig 0.182s) rc=0 demoted=24.5MiB read=45.2MiB
  [lazy] call 111 step 110: 0.759s (orig 0.550s) rc=0 demoted=23.4MiB read=109.3MiB
  [lazy] call 112 step 111: 0.266s (orig 0.186s) rc=0 demoted=55.3MiB read=47.3MiB
  [lazy] call 113 step 112: 0.255s (orig 0.182s) rc=1 demoted=24.6MiB read=45.5MiB
  [lazy] call 114 step 113: 0.257s (orig 0.182s) rc=0 demoted=23.6MiB read=45.0MiB
  [lazy] call 115 step 114: 0.257s (orig 0.186s) rc=0 demoted=23.3MiB read=45.1MiB
  [lazy] call 116 step 115: 0.256s (orig 0.177s) rc=0 demoted=23.3MiB read=45.4MiB
  [lazy] call 117 step 116: 0.256s (orig 0.182s) rc=0 demoted=23.4MiB read=45.4MiB
  [lazy] call 118 step 117: 0.254s (orig 0.180s) rc=0 demoted=23.2MiB read=45.4MiB
  [lazy] call 119 step 118: 0.262s (orig 0.177s) rc=0 demoted=23.3MiB read=45.4MiB
  [lazy] call 120 step 119: 0.259s (orig 0.185s) rc=2 demoted=23.2MiB read=45.9MiB
  [lazy] call 121 step 120: 0.262s (orig 0.185s) rc=1 demoted=23.5MiB read=45.8MiB
  [lazy] call 122 step 121: 0.257s (orig 0.179s) rc=0 demoted=23.6MiB read=47.2MiB
  [lazy] call 123 step 122: 0.257s (orig 0.178s) rc=0 demoted=24.3MiB read=47.1MiB
  [lazy] call 124 step 123: 0.263s (orig 0.185s) rc=1 demoted=24.1MiB read=45.7MiB
  [lazy] call 125 step 124: 0.262s (orig 0.184s) rc=0 demoted=23.6MiB read=45.3MiB
  [lazy] call 126 step 125: 0.260s (orig 0.181s) rc=0 demoted=23.2MiB read=45.3MiB
  [lazy] call 127 step 126: 0.261s (orig 0.189s) rc=0 demoted=23.7MiB read=45.9MiB
  [lazy] call 128 step 127: 0.257s (orig 0.184s) rc=0 demoted=23.4MiB read=45.3MiB
  [lazy] call 129 step 128: 0.257s (orig 0.181s) rc=2 demoted=23.2MiB read=45.8MiB
  [lazy] call 130 step 129: 0.254s (orig 0.186s) rc=0 demoted=23.4MiB read=45.3MiB
  [lazy] call 131 step 130: 0.257s (orig 0.184s) rc=0 demoted=23.4MiB read=45.3MiB
  [lazy] call 132 step 131: 0.260s (orig 0.183s) rc=1 demoted=23.4MiB read=45.7MiB
  [lazy] call 133 step 132: 0.266s (orig 0.184s) rc=0 demoted=23.6MiB read=48.5MiB
  [lazy] call 134 step 133: 0.257s (orig 0.180s) rc=0 demoted=25.1MiB read=47.1MiB
  [lazy] call 135 step 134: 0.261s (orig 0.180s) rc=1 demoted=24.3MiB read=45.7MiB
  [lazy] call 136 step 135: 0.256s (orig 0.185s) rc=0 demoted=23.9MiB read=45.3MiB
[47/58] django__django-12754 lazy: total=51.523779858 orig=36.688931548 mismatches=135 err=None
[48/58] django__django-12774 regular
minisweagent.environment: DEBUG: Starting container with command: docker run -d --name   
minisweagent-01c4b15f -w /testbed --rm                                                   
docker.io/swebench/sweb.eval.x86_64.django_1776_django-12774:latest sleep 2h             
minisweagent.environment: INFO: Started container minisweagent-01c4b15f with ID          
a69566b6f7e16b4cd16674f8689c36a72277de559dc6d1c47fcbd05b97300f17                         
  [regular] call 1 step 1: 0.265s (orig 0.185s) rc=0 demoted=0.0MiB read=41.4MiB
  [regular] call 2 step 1: 0.643s (orig 0.316s) rc=0 demoted=0.0MiB read=29.1MiB
  [regular] call 3 step 2: 0.299s (orig 0.295s) rc=0 demoted=0.0MiB read=0.0MiB
  [regular] call 4 step 3: 0.187s (orig 0.182s) rc=0 demoted=0.0MiB read=0.2MiB
  [regular] call 5 step 4: 0.293s (orig 0.296s) rc=0 demoted=0.0MiB read=0.0MiB
  [regular] call 6 step 5: 0.182s (orig 0.177s) rc=0 demoted=0.0MiB read=0.1MiB
  [regular] call 7 step 6: 0.184s (orig 0.198s) rc=0 demoted=0.0MiB read=0.0MiB
  [regular] call 8 step 7: 0.307s (orig 0.295s) rc=0 demoted=0.0MiB read=0.0MiB
  [regular] call 9 step 8: 0.187s (orig 0.177s) rc=0 demoted=0.0MiB read=0.1MiB
  [regular] call 10 step 9: 0.301s (orig 0.303s) rc=0 demoted=0.0MiB read=0.0MiB
  [regular] call 11 step 10: 0.187s (orig 0.176s) rc=0 demoted=0.0MiB read=0.0MiB
  [regular] call 12 step 11: 0.185s (orig 0.176s) rc=0 demoted=0.0MiB read=0.2MiB
  [regular] call 13 step 12: 0.189s (orig 0.182s) rc=0 demoted=0.0MiB read=0.3MiB
  [regular] call 14 step 13: 0.185s (orig 0.181s) rc=0 demoted=0.0MiB read=0.0MiB
  [regular] call 15 step 14: 0.186s (orig 0.175s) rc=0 demoted=0.0MiB read=0.0MiB
  [regular] call 16 step 15: 0.181s (orig 0.179s) rc=0 demoted=0.0MiB read=0.0MiB
  [regular] call 17 step 16: 0.185s (orig 0.179s) rc=0 demoted=0.0MiB read=0.0MiB
  [regular] call 18 step 17: 0.737s (orig 0.647s) rc=1 demoted=0.0MiB read=53.5MiB
  [regular] call 19 step 18: 0.186s (orig 0.182s) rc=0 demoted=0.0MiB read=0.0MiB
  [regular] call 20 step 19: 0.503s (orig 0.496s) rc=1 demoted=0.0MiB read=4.8MiB
  [regular] call 21 step 20: 0.184s (orig 0.184s) rc=0 demoted=0.0MiB read=0.0MiB
  [regular] call 22 step 21: 0.456s (orig 0.449s) rc=0 demoted=0.0MiB read=0.0MiB
  [regular] call 23 step 23: 0.184s (orig 0.176s) rc=2 demoted=0.0MiB read=0.0MiB
  [regular] call 24 step 24: 0.195s (orig 0.186s) rc=0 demoted=0.0MiB read=0.4MiB
  [regular] call 25 step 25: 0.191s (orig 0.181s) rc=0 demoted=0.0MiB read=0.2MiB
  [regular] call 26 step 26: 0.182s (orig 0.179s) rc=1 demoted=0.0MiB read=0.0MiB
  [regular] call 27 step 27: 0.185s (orig 0.185s) rc=0 demoted=0.0MiB read=0.0MiB
  [regular] call 28 step 28: 0.182s (orig 0.184s) rc=0 demoted=0.0MiB read=0.0MiB
  [regular] call 29 step 29: 0.469s (orig 0.468s) rc=0 demoted=0.0MiB read=0.0MiB
  [regular] call 30 step 30: 0.186s (orig 0.177s) rc=0 demoted=0.0MiB read=0.0MiB
  [regular] call 31 step 31: 0.185s (orig 0.179s) rc=0 demoted=0.0MiB read=0.0MiB
  [regular] call 32 step 32: 0.184s (orig 0.183s) rc=0 demoted=0.0MiB read=0.0MiB
  [regular] call 33 step 33: 0.183s (orig 0.177s) rc=2 demoted=0.0MiB read=0.0MiB
  [regular] call 34 step 34: 0.180s (orig 0.179s) rc=2 demoted=0.0MiB read=0.0MiB
  [regular] call 35 step 35: 0.183s (orig 0.178s) rc=2 demoted=0.0MiB read=0.0MiB
  [regular] call 36 step 36: 0.186s (orig 0.177s) rc=2 demoted=0.0MiB read=0.0MiB
  [regular] call 37 step 37: 0.199s (orig 0.192s) rc=0 demoted=0.0MiB read=0.0MiB
  [regular] call 38 step 38: 0.188s (orig 0.180s) rc=1 demoted=0.0MiB read=0.3MiB
  [regular] call 39 step 39: 0.481s (orig 0.449s) rc=0 demoted=0.0MiB read=0.0MiB
  [regular] call 40 step 40: 0.200s (orig 0.187s) rc=0 demoted=0.0MiB read=27.9MiB
  [regular] call 41 step 41: 0.188s (orig 0.182s) rc=0 demoted=0.0MiB read=0.0MiB
  [regular] call 42 step 42: 0.184s (orig 0.175s) rc=0 demoted=0.0MiB read=0.0MiB
[48/58] django__django-12774 regular: total=10.524600333999999 orig=9.802165008 mismatches=41 err=None
[48/58] django__django-12774 lazy
minisweagent.environment: DEBUG: Starting container with command: docker run -d --name   
minisweagent-9decd1bc -w /testbed --rm                                                   
docker.io/swebench/sweb.eval.x86_64.django_1776_django-12774:latest sleep 2h             
minisweagent.environment: INFO: Started container minisweagent-9decd1bc with ID          
11573b13ed6e9ce9e88b75d0eef42fcd439b0b305b4b4dd7aae7befa6bac2314                         
  [lazy] call 1 step 1: 0.274s (orig 0.185s) rc=0 demoted=3.4MiB read=48.9MiB
  [lazy] call 2 step 1: 0.728s (orig 0.316s) rc=0 demoted=24.7MiB read=77.1MiB
  [lazy] call 3 step 2: 0.740s (orig 0.295s) rc=0 demoted=39.8MiB read=76.7MiB
  [lazy] call 4 step 3: 0.263s (orig 0.182s) rc=0 demoted=39.4MiB read=47.4MiB
  [lazy] call 5 step 4: 0.729s (orig 0.296s) rc=0 demoted=24.2MiB read=76.7MiB
  [lazy] call 6 step 5: 0.262s (orig 0.177s) rc=0 demoted=42.1MiB read=47.5MiB
  [lazy] call 7 step 6: 0.270s (orig 0.198s) rc=0 demoted=24.1MiB read=47.4MiB
  [lazy] call 8 step 7: 0.726s (orig 0.295s) rc=0 demoted=24.1MiB read=76.6MiB
  [lazy] call 9 step 8: 0.265s (orig 0.177s) rc=0 demoted=44.0MiB read=46.8MiB
  [lazy] call 10 step 9: 0.738s (orig 0.303s) rc=0 demoted=23.7MiB read=77.2MiB
  [lazy] call 11 step 10: 0.267s (orig 0.176s) rc=0 demoted=41.7MiB read=47.9MiB
  [lazy] call 12 step 11: 0.264s (orig 0.176s) rc=0 demoted=24.7MiB read=46.4MiB
  [lazy] call 13 step 12: 0.265s (orig 0.182s) rc=0 demoted=23.8MiB read=47.4MiB
  [lazy] call 14 step 13: 0.267s (orig 0.181s) rc=0 demoted=24.5MiB read=45.7MiB
  [lazy] call 15 step 14: 0.260s (orig 0.175s) rc=0 demoted=23.2MiB read=45.4MiB
  [lazy] call 16 step 15: 0.263s (orig 0.179s) rc=0 demoted=23.2MiB read=45.5MiB
  [lazy] call 17 step 16: 0.263s (orig 0.179s) rc=0 demoted=23.4MiB read=45.3MiB
  [lazy] call 18 step 17: 0.829s (orig 0.647s) rc=1 demoted=23.3MiB read=100.9MiB
  [lazy] call 19 step 18: 0.263s (orig 0.182s) rc=0 demoted=52.9MiB read=45.0MiB
  [lazy] call 20 step 19: 0.687s (orig 0.496s) rc=1 demoted=23.1MiB read=104.8MiB
  [lazy] call 21 step 20: 0.260s (orig 0.184s) rc=0 demoted=53.6MiB read=44.9MiB
  [lazy] call 22 step 21: 0.649s (orig 0.449s) rc=0 demoted=23.1MiB read=104.1MiB
  [lazy] call 23 step 23: 0.259s (orig 0.176s) rc=2 demoted=52.6MiB read=45.0MiB
  [lazy] call 24 step 24: 0.266s (orig 0.186s) rc=0 demoted=23.2MiB read=48.7MiB
  [lazy] call 25 step 25: 0.267s (orig 0.181s) rc=0 demoted=25.5MiB read=47.6MiB
  [lazy] call 26 step 26: 0.258s (orig 0.179s) rc=1 demoted=24.8MiB read=46.5MiB
  [lazy] call 27 step 27: 0.261s (orig 0.185s) rc=0 demoted=24.4MiB read=47.0MiB
  [lazy] call 28 step 28: 0.263s (orig 0.184s) rc=0 demoted=24.5MiB read=44.8MiB
  [lazy] call 29 step 29: 0.655s (orig 0.468s) rc=0 demoted=23.0MiB read=103.9MiB
  [lazy] call 30 step 30: 0.264s (orig 0.177s) rc=0 demoted=52.3MiB read=46.5MiB
  [lazy] call 31 step 31: 0.263s (orig 0.179s) rc=0 demoted=23.9MiB read=46.6MiB
  [lazy] call 32 step 32: 0.263s (orig 0.183s) rc=0 demoted=24.2MiB read=48.1MiB
  [lazy] call 33 step 33: 0.259s (orig 0.177s) rc=2 demoted=24.6MiB read=45.9MiB
  [lazy] call 34 step 34: 0.260s (orig 0.179s) rc=2 demoted=23.5MiB read=45.9MiB
  [lazy] call 35 step 35: 0.253s (orig 0.178s) rc=2 demoted=24.3MiB read=45.4MiB
  [lazy] call 36 step 36: 0.272s (orig 0.177s) rc=2 demoted=23.2MiB read=48.2MiB
  [lazy] call 37 step 37: 0.288s (orig 0.192s) rc=0 demoted=25.1MiB read=58.9MiB
  [lazy] call 38 step 38: 0.260s (orig 0.180s) rc=1 demoted=30.1MiB read=46.5MiB
  [lazy] call 39 step 39: 0.671s (orig 0.449s) rc=0 demoted=23.8MiB read=106.0MiB
  [lazy] call 40 step 40: 0.282s (orig 0.187s) rc=0 demoted=56.2MiB read=81.5MiB
  [lazy] call 41 step 41: 0.261s (orig 0.182s) rc=0 demoted=43.1MiB read=44.8MiB
  [lazy] call 42 step 42: 0.267s (orig 0.175s) rc=0 demoted=22.9MiB read=45.8MiB
[48/58] django__django-12774 lazy: total=15.62592661 orig=9.802165008 mismatches=41 err=None
[49/58] django__django-12858 regular
minisweagent.environment: DEBUG: Starting container with command: docker run -d --name   
minisweagent-664195a2 -w /testbed --rm                                                   
docker.io/swebench/sweb.eval.x86_64.django_1776_django-12858:latest sleep 2h             
minisweagent.environment: INFO: Started container minisweagent-664195a2 with ID          
98b758cce16513bb1a94cde3bd7a96418ab46eb99e7a787d5d9dd87c31f1e499                         
  [regular] call 1 step 1: 1.060s (orig 0.380s) rc=0 demoted=0.0MiB read=109.1MiB
  [regular] call 2 step 2: 0.182s (orig 0.173s) rc=0 demoted=0.0MiB read=0.0MiB
  [regular] call 3 step 3: 0.184s (orig 0.180s) rc=0 demoted=0.0MiB read=0.0MiB
  [regular] call 4 step 4: 0.183s (orig 0.180s) rc=0 demoted=0.0MiB read=0.3MiB
  [regular] call 5 step 5: 0.180s (orig 0.177s) rc=0 demoted=0.0MiB read=0.0MiB
  [regular] call 6 step 6: 0.362s (orig 0.353s) rc=0 demoted=0.0MiB read=0.0MiB
  [regular] call 7 step 7: 0.188s (orig 0.179s) rc=1 demoted=0.0MiB read=0.1MiB
  [regular] call 8 step 8: 0.184s (orig 0.176s) rc=123 demoted=0.0MiB read=0.0MiB
  [regular] call 9 step 9: 0.178s (orig 0.180s) rc=1 demoted=0.0MiB read=0.0MiB
  [regular] call 10 step 10: 0.187s (orig 0.184s) rc=0 demoted=0.0MiB read=0.0MiB
  [regular] call 11 step 11: 0.186s (orig 0.179s) rc=0 demoted=0.0MiB read=0.0MiB
  [regular] call 12 step 12: 0.188s (orig 0.184s) rc=0 demoted=0.0MiB read=0.0MiB
  [regular] call 13 step 13: 0.183s (orig 0.182s) rc=0 demoted=0.0MiB read=0.0MiB
  [regular] call 14 step 14: 0.183s (orig 0.180s) rc=0 demoted=0.0MiB read=0.0MiB
  [regular] call 15 step 15: 0.181s (orig 0.178s) rc=0 demoted=0.0MiB read=0.0MiB
  [regular] call 16 step 16: 0.185s (orig 0.182s) rc=0 demoted=0.0MiB read=0.0MiB
  [regular] call 17 step 17: 0.617s (orig 0.552s) rc=1 demoted=0.0MiB read=48.0MiB
  [regular] call 18 step 18: 0.181s (orig 0.182s) rc=0 demoted=0.0MiB read=0.0MiB
  [regular] call 19 step 19: 0.543s (orig 0.520s) rc=1 demoted=0.0MiB read=5.2MiB
  [regular] call 20 step 20: 0.188s (orig 0.184s) rc=2 demoted=0.0MiB read=0.3MiB
  [regular] call 21 step 21: 0.179s (orig 0.176s) rc=0 demoted=0.0MiB read=0.0MiB
  [regular] call 22 step 22: 0.206s (orig 0.202s) rc=0 demoted=0.0MiB read=0.0MiB
  [regular] call 23 step 23: 0.386s (orig 0.383s) rc=1 demoted=0.0MiB read=0.0MiB
  [regular] call 24 step 24: 0.180s (orig 0.183s) rc=0 demoted=0.0MiB read=0.0MiB
  [regular] call 25 step 25: 0.200s (orig 0.198s) rc=1 demoted=0.0MiB read=0.0MiB
  [regular] call 26 step 26: 0.180s (orig 0.179s) rc=0 demoted=0.0MiB read=0.0MiB
  [regular] call 27 step 28: 0.180s (orig 0.175s) rc=0 demoted=0.0MiB read=0.0MiB
  [regular] call 28 step 29: 0.205s (orig 0.203s) rc=1 demoted=0.0MiB read=0.0MiB
  [regular] call 29 step 30: 0.176s (orig 0.180s) rc=0 demoted=0.0MiB read=0.0MiB
  [regular] call 30 step 31: 0.182s (orig 0.180s) rc=0 demoted=0.0MiB read=0.0MiB
  [regular] call 31 step 32: 0.179s (orig 0.181s) rc=0 demoted=0.0MiB read=0.0MiB
  [regular] call 32 step 33: 0.193s (orig 0.194s) rc=0 demoted=0.0MiB read=0.0MiB
  [regular] call 33 step 34: 0.185s (orig 0.179s) rc=0 demoted=0.0MiB read=0.0MiB
  [regular] call 34 step 35: 0.388s (orig 0.383s) rc=1 demoted=0.0MiB read=0.0MiB
  [regular] call 35 step 36: 0.181s (orig 0.179s) rc=0 demoted=0.0MiB read=0.0MiB
  [regular] call 36 step 37: 0.194s (orig 0.199s) rc=0 demoted=0.0MiB read=0.0MiB
  [regular] call 37 step 38: 0.182s (orig 0.179s) rc=0 demoted=0.0MiB read=0.0MiB
  [regular] call 38 step 39: 0.183s (orig 0.181s) rc=0 demoted=0.0MiB read=0.0MiB
  [regular] call 39 step 40: 0.198s (orig 0.197s) rc=0 demoted=0.0MiB read=0.0MiB
  [regular] call 40 step 41: 0.182s (orig 0.181s) rc=0 demoted=0.0MiB read=0.0MiB
  [regular] call 41 step 42: 0.183s (orig 0.178s) rc=0 demoted=0.0MiB read=0.0MiB
  [regular] call 42 step 43: 0.180s (orig 0.182s) rc=0 demoted=0.0MiB read=0.0MiB
  [regular] call 43 step 44: 0.193s (orig 0.195s) rc=0 demoted=0.0MiB read=0.0MiB
  [regular] call 44 step 45: 0.189s (orig 0.184s) rc=0 demoted=0.0MiB read=0.0MiB
  [regular] call 45 step 46: 0.467s (orig 0.458s) rc=1 demoted=0.0MiB read=0.0MiB
  [regular] call 46 step 47: 0.188s (orig 0.181s) rc=0 demoted=0.0MiB read=0.0MiB
  [regular] call 47 step 48: 0.182s (orig 0.180s) rc=0 demoted=0.0MiB read=0.0MiB
  [regular] call 48 step 49: 0.194s (orig 0.193s) rc=0 demoted=0.0MiB read=0.0MiB
  [regular] call 49 step 50: 0.183s (orig 0.185s) rc=0 demoted=0.0MiB read=0.0MiB
  [regular] call 50 step 51: 0.459s (orig 0.459s) rc=0 demoted=0.0MiB read=0.0MiB
  [regular] call 51 step 52: 0.195s (orig 0.192s) rc=0 demoted=0.0MiB read=27.9MiB
  [regular] call 52 step 53: 0.183s (orig 0.179s) rc=0 demoted=0.0MiB read=0.0MiB
  [regular] call 53 step 54: 0.180s (orig 0.186s) rc=0 demoted=0.0MiB read=0.0MiB
[49/58] django__django-12858 regular: total=12.637389164 orig=11.753886549 mismatches=52 err=None
[49/58] django__django-12858 lazy
minisweagent.environment: DEBUG: Starting container with command: docker run -d --name   
minisweagent-d71b4f68 -w /testbed --rm                                                   
docker.io/swebench/sweb.eval.x86_64.django_1776_django-12858:latest sleep 2h             
minisweagent.environment: INFO: Started container minisweagent-d71b4f68 with ID          
d12bb34e648230e29cb21bb21bb68f16210c2e4f5d5355d13bde0882ecbbbe5c                         
  [lazy] call 1 step 1: 1.041s (orig 0.380s) rc=0 demoted=3.4MiB read=114.7MiB
  [lazy] call 2 step 2: 0.268s (orig 0.173s) rc=0 demoted=66.5MiB read=47.5MiB
  [lazy] call 3 step 3: 0.262s (orig 0.180s) rc=0 demoted=24.1MiB read=46.4MiB
  [lazy] call 4 step 4: 0.251s (orig 0.180s) rc=0 demoted=24.4MiB read=44.1MiB
  [lazy] call 5 step 5: 0.258s (orig 0.177s) rc=0 demoted=23.3MiB read=44.1MiB
  [lazy] call 6 step 6: 1.045s (orig 0.353s) rc=0 demoted=22.6MiB read=113.3MiB
  [lazy] call 7 step 7: 0.266s (orig 0.179s) rc=1 demoted=69.2MiB read=46.1MiB
  [lazy] call 8 step 8: 0.264s (orig 0.176s) rc=123 demoted=23.7MiB read=48.5MiB
  [lazy] call 9 step 9: 0.256s (orig 0.180s) rc=1 demoted=26.2MiB read=44.9MiB
  [lazy] call 10 step 10: 0.270s (orig 0.184s) rc=0 demoted=22.9MiB read=49.8MiB
  [lazy] call 11 step 11: 0.268s (orig 0.179s) rc=0 demoted=25.8MiB read=46.5MiB
  [lazy] call 12 step 12: 0.267s (orig 0.184s) rc=0 demoted=23.7MiB read=49.8MiB
  [lazy] call 13 step 13: 0.261s (orig 0.182s) rc=0 demoted=25.9MiB read=45.9MiB
  [lazy] call 14 step 14: 0.262s (orig 0.180s) rc=0 demoted=23.5MiB read=45.9MiB
  [lazy] call 15 step 15: 0.256s (orig 0.178s) rc=0 demoted=23.5MiB read=45.9MiB
  [lazy] call 16 step 16: 0.258s (orig 0.182s) rc=0 demoted=23.6MiB read=44.4MiB
  [lazy] call 17 step 17: 0.715s (orig 0.552s) rc=1 demoted=22.9MiB read=96.5MiB
  [lazy] call 18 step 18: 0.261s (orig 0.182s) rc=0 demoted=50.1MiB read=45.1MiB
  [lazy] call 19 step 19: 0.722s (orig 0.520s) rc=1 demoted=23.3MiB read=102.5MiB
  [lazy] call 20 step 20: 0.268s (orig 0.184s) rc=2 demoted=52.7MiB read=47.2MiB
  [lazy] call 21 step 21: 0.262s (orig 0.176s) rc=0 demoted=24.4MiB read=45.1MiB
  [lazy] call 22 step 22: 0.292s (orig 0.202s) rc=0 demoted=23.3MiB read=56.3MiB
  [lazy] call 23 step 23: 0.554s (orig 0.383s) rc=1 demoted=28.5MiB read=95.8MiB
  [lazy] call 24 step 24: 0.269s (orig 0.183s) rc=0 demoted=49.3MiB read=45.9MiB
  [lazy] call 25 step 25: 0.296s (orig 0.198s) rc=1 demoted=23.3MiB read=56.7MiB
  [lazy] call 26 step 26: 0.263s (orig 0.179s) rc=0 demoted=28.9MiB read=46.9MiB
  [lazy] call 27 step 28: 0.263s (orig 0.175s) rc=0 demoted=24.0MiB read=45.1MiB
  [lazy] call 28 step 29: 0.292s (orig 0.203s) rc=1 demoted=23.4MiB read=56.4MiB
  [lazy] call 29 step 30: 0.257s (orig 0.180s) rc=0 demoted=28.5MiB read=46.6MiB
  [lazy] call 30 step 31: 0.264s (orig 0.180s) rc=0 demoted=23.7MiB read=46.9MiB
  [lazy] call 31 step 32: 0.259s (orig 0.181s) rc=0 demoted=23.9MiB read=45.0MiB
  [lazy] call 32 step 33: 0.285s (orig 0.194s) rc=0 demoted=23.1MiB read=55.8MiB
  [lazy] call 33 step 34: 0.262s (orig 0.179s) rc=0 demoted=28.2MiB read=46.9MiB
  [lazy] call 34 step 35: 0.557s (orig 0.383s) rc=1 demoted=23.9MiB read=96.0MiB
  [lazy] call 35 step 36: 0.262s (orig 0.179s) rc=0 demoted=48.7MiB read=45.0MiB
  [lazy] call 36 step 37: 0.281s (orig 0.199s) rc=0 demoted=23.2MiB read=55.8MiB
  [lazy] call 37 step 38: 0.262s (orig 0.179s) rc=0 demoted=28.3MiB read=46.9MiB
  [lazy] call 38 step 39: 0.256s (orig 0.181s) rc=0 demoted=24.0MiB read=45.0MiB
  [lazy] call 39 step 40: 0.285s (orig 0.197s) rc=0 demoted=23.5MiB read=55.8MiB
  [lazy] call 40 step 41: 0.260s (orig 0.181s) rc=0 demoted=28.4MiB read=46.9MiB
  [lazy] call 41 step 42: 0.263s (orig 0.178s) rc=0 demoted=24.1MiB read=47.0MiB
  [lazy] call 42 step 43: 0.265s (orig 0.182s) rc=0 demoted=24.1MiB read=45.1MiB
  [lazy] call 43 step 44: 0.284s (orig 0.195s) rc=0 demoted=23.2MiB read=55.8MiB
  [lazy] call 44 step 45: 0.261s (orig 0.184s) rc=0 demoted=28.3MiB read=46.9MiB
  [lazy] call 45 step 46: 0.655s (orig 0.458s) rc=1 demoted=23.9MiB read=102.7MiB
  [lazy] call 46 step 47: 0.266s (orig 0.181s) rc=0 demoted=52.2MiB read=46.6MiB
  [lazy] call 47 step 48: 0.260s (orig 0.180s) rc=0 demoted=23.8MiB read=44.7MiB
  [lazy] call 48 step 49: 0.282s (orig 0.193s) rc=0 demoted=23.0MiB read=55.4MiB
  [lazy] call 49 step 50: 0.263s (orig 0.185s) rc=0 demoted=28.1MiB read=46.5MiB
  [lazy] call 50 step 51: 0.652s (orig 0.459s) rc=0 demoted=24.3MiB read=102.3MiB
  [lazy] call 51 step 52: 0.286s (orig 0.192s) rc=0 demoted=52.0MiB read=82.6MiB
  [lazy] call 52 step 53: 0.265s (orig 0.179s) rc=0 demoted=42.1MiB read=45.0MiB
  [lazy] call 53 step 54: 0.258s (orig 0.186s) rc=0 demoted=23.0MiB read=44.9MiB
[49/58] django__django-12858 lazy: total=17.960083008999998 orig=11.753886549 mismatches=52 err=None
[50/58] django__django-12965 regular
minisweagent.environment: DEBUG: Starting container with command: docker run -d --name   
minisweagent-8431495b -w /testbed --rm                                                   
docker.io/swebench/sweb.eval.x86_64.django_1776_django-12965:latest sleep 2h             
minisweagent.environment: INFO: Started container minisweagent-8431495b with ID          
ff42708d4aad69053ba4b2e14ba291e02db9e20221dabfd7c1cd148b6d0bc8d3                         
  [regular] call 1 step 1: 0.266s (orig 0.187s) rc=0 demoted=0.0MiB read=43.0MiB
  [regular] call 2 step 1: 0.656s (orig 0.309s) rc=0 demoted=0.0MiB read=29.3MiB
  [regular] call 3 step 2: 0.180s (orig 0.178s) rc=0 demoted=0.0MiB read=0.1MiB
  [regular] call 4 step 3: 0.181s (orig 0.181s) rc=1 demoted=0.0MiB read=0.0MiB
  [regular] call 5 step 3: 0.188s (orig 0.181s) rc=0 demoted=0.0MiB read=0.2MiB
  [regular] call 6 step 4: 0.188s (orig 0.182s) rc=0 demoted=0.0MiB read=0.0MiB
  [regular] call 7 step 5: 0.178s (orig 0.183s) rc=1 demoted=0.0MiB read=0.2MiB
  [regular] call 8 step 6: 0.189s (orig 0.183s) rc=0 demoted=0.0MiB read=0.3MiB
  [regular] call 9 step 7: 0.181s (orig 0.182s) rc=0 demoted=0.0MiB read=0.0MiB
  [regular] call 10 step 8: 0.184s (orig 0.178s) rc=0 demoted=0.0MiB read=0.0MiB
  [regular] call 11 step 9: 0.186s (orig 0.181s) rc=0 demoted=0.0MiB read=0.0MiB
  [regular] call 12 step 10: 0.186s (orig 0.182s) rc=0 demoted=0.0MiB read=0.6MiB
  [regular] call 13 step 11: 0.199s (orig 0.188s) rc=0 demoted=0.0MiB read=31.2MiB
  [regular] call 14 step 12: 0.185s (orig 0.174s) rc=0 demoted=0.0MiB read=0.0MiB
  [regular] call 15 step 13: 0.183s (orig 0.181s) rc=0 demoted=0.0MiB read=0.0MiB
[50/58] django__django-12965 regular: total=3.3298853760000005 orig=2.849866585 mismatches=14 err=None
[50/58] django__django-12965 lazy
minisweagent.environment: DEBUG: Starting container with command: docker run -d --name   
minisweagent-3877970a -w /testbed --rm                                                   
docker.io/swebench/sweb.eval.x86_64.django_1776_django-12965:latest sleep 2h             
minisweagent.environment: INFO: Started container minisweagent-3877970a with ID          
47b632565f0147644804e913d236b39594fe97d350741db017ce9718b66e8963                         
  [lazy] call 1 step 1: 0.262s (orig 0.187s) rc=0 demoted=3.2MiB read=46.3MiB
  [lazy] call 2 step 1: 0.727s (orig 0.309s) rc=0 demoted=23.6MiB read=74.0MiB
  [lazy] call 3 step 2: 0.265s (orig 0.178s) rc=0 demoted=38.5MiB read=44.0MiB
  [lazy] call 4 step 3: 0.253s (orig 0.181s) rc=1 demoted=22.3MiB read=45.0MiB
  [lazy] call 5 step 3: 0.254s (orig 0.181s) rc=0 demoted=23.3MiB read=45.2MiB
  [lazy] call 6 step 4: 0.254s (orig 0.182s) rc=0 demoted=23.3MiB read=45.2MiB
  [lazy] call 7 step 5: 0.258s (orig 0.183s) rc=1 demoted=23.5MiB read=45.4MiB
  [lazy] call 8 step 6: 0.262s (orig 0.183s) rc=0 demoted=23.5MiB read=47.7MiB
  [lazy] call 9 step 7: 0.260s (orig 0.182s) rc=0 demoted=24.6MiB read=45.0MiB
  [lazy] call 10 step 8: 0.259s (orig 0.178s) rc=0 demoted=23.4MiB read=44.1MiB
  [lazy] call 11 step 9: 0.255s (orig 0.181s) rc=0 demoted=22.6MiB read=45.1MiB
  [lazy] call 12 step 10: 0.258s (orig 0.182s) rc=0 demoted=23.3MiB read=46.1MiB
  [lazy] call 13 step 11: 0.274s (orig 0.188s) rc=0 demoted=23.6MiB read=76.3MiB
  [lazy] call 14 step 12: 0.251s (orig 0.174s) rc=0 demoted=38.9MiB read=43.8MiB
  [lazy] call 15 step 13: 0.253s (orig 0.181s) rc=0 demoted=22.5MiB read=43.8MiB
[50/58] django__django-12965 lazy: total=4.345110052 orig=2.849866585 mismatches=14 err=None
[51/58] django__django-13012 regular
minisweagent.environment: DEBUG: Starting container with command: docker run -d --name   
minisweagent-186f85cf -w /testbed --rm                                                   
docker.io/swebench/sweb.eval.x86_64.django_1776_django-13012:latest sleep 2h             
minisweagent.environment: INFO: Started container minisweagent-186f85cf with ID          
e85e7d46e3542f28de936afa350426c8809a1fa95e3541cefe09e407a04bc878                         
  [regular] call 1 step 1: 0.269s (orig 0.181s) rc=0 demoted=0.0MiB read=42.6MiB
  [regular] call 2 step 2: 0.526s (orig 0.270s) rc=0 demoted=0.0MiB read=22.8MiB
  [regular] call 3 step 3: 0.269s (orig 0.261s) rc=0 demoted=0.0MiB read=0.0MiB
  [regular] call 4 step 4: 0.181s (orig 0.180s) rc=0 demoted=0.0MiB read=0.1MiB
  [regular] call 5 step 5: 0.181s (orig 0.176s) rc=0 demoted=0.0MiB read=0.2MiB
  [regular] call 6 step 6: 0.179s (orig 0.179s) rc=0 demoted=0.0MiB read=0.0MiB
  [regular] call 7 step 7: 0.180s (orig 0.179s) rc=0 demoted=0.0MiB read=0.0MiB
  [regular] call 8 step 8: 0.181s (orig 0.180s) rc=0 demoted=0.0MiB read=0.0MiB
  [regular] call 9 step 9: 0.182s (orig 0.179s) rc=1 demoted=0.0MiB read=0.0MiB
  [regular] call 10 step 10: 0.183s (orig 0.180s) rc=0 demoted=0.0MiB read=0.0MiB
  [regular] call 11 step 11: 0.486s (orig 0.265s) rc=0 demoted=0.0MiB read=31.6MiB
  [regular] call 12 step 12: 0.180s (orig 0.185s) rc=0 demoted=0.0MiB read=0.1MiB
  [regular] call 13 step 13: 0.180s (orig 0.179s) rc=0 demoted=0.0MiB read=0.0MiB
  [regular] call 14 step 14: 0.181s (orig 0.174s) rc=0 demoted=0.0MiB read=0.3MiB
  [regular] call 15 step 15: 0.180s (orig 0.172s) rc=0 demoted=0.0MiB read=0.0MiB
  [regular] call 16 step 16: 0.180s (orig 0.179s) rc=0 demoted=0.0MiB read=0.0MiB
  [regular] call 17 step 17: 0.184s (orig 0.181s) rc=0 demoted=0.0MiB read=0.0MiB
  [regular] call 18 step 18: 0.179s (orig 0.182s) rc=0 demoted=0.0MiB read=0.0MiB
  [regular] call 19 step 19: 0.183s (orig 0.184s) rc=0 demoted=0.0MiB read=0.3MiB
  [regular] call 20 step 20: 0.186s (orig 0.184s) rc=0 demoted=0.0MiB read=0.0MiB
  [regular] call 21 step 21: 0.182s (orig 0.174s) rc=0 demoted=0.0MiB read=0.0MiB
  [regular] call 22 step 22: 0.183s (orig 0.184s) rc=0 demoted=0.0MiB read=0.2MiB
  [regular] call 23 step 23: 0.181s (orig 0.180s) rc=0 demoted=0.0MiB read=0.0MiB
  [regular] call 24 step 25: 0.182s (orig 0.176s) rc=0 demoted=0.0MiB read=0.0MiB
  [regular] call 25 step 26: 0.179s (orig 0.176s) rc=0 demoted=0.0MiB read=0.0MiB
  [regular] call 26 step 27: 0.179s (orig 0.174s) rc=0 demoted=0.0MiB read=0.0MiB
  [regular] call 27 step 28: 0.188s (orig 0.190s) rc=0 demoted=0.0MiB read=0.3MiB
  [regular] call 28 step 29: 0.180s (orig 0.180s) rc=0 demoted=0.0MiB read=0.0MiB
  [regular] call 29 step 30: 0.182s (orig 0.179s) rc=0 demoted=0.0MiB read=0.0MiB
  [regular] call 30 step 31: 0.179s (orig 0.179s) rc=0 demoted=0.0MiB read=0.0MiB
  [regular] call 31 step 32: 0.176s (orig 0.175s) rc=0 demoted=0.0MiB read=0.0MiB
  [regular] call 32 step 33: 0.204s (orig 0.192s) rc=0 demoted=0.0MiB read=12.0MiB
  [regular] call 33 step 34: 0.178s (orig 0.175s) rc=0 demoted=0.0MiB read=0.0MiB
  [regular] call 34 step 35: 0.184s (orig 0.175s) rc=1 demoted=0.0MiB read=0.0MiB
  [regular] call 35 step 36: 0.183s (orig 0.181s) rc=0 demoted=0.0MiB read=0.3MiB
  [regular] call 36 step 37: 0.179s (orig 0.178s) rc=0 demoted=0.0MiB read=0.0MiB
  [regular] call 37 step 38: 0.185s (orig 0.175s) rc=0 demoted=0.0MiB read=0.0MiB
  [regular] call 38 step 39: 0.196s (orig 0.188s) rc=0 demoted=0.0MiB read=0.0MiB
  [regular] call 39 step 40: 0.180s (orig 0.176s) rc=0 demoted=0.0MiB read=0.0MiB
  [regular] call 40 step 41: 0.186s (orig 0.187s) rc=0 demoted=0.0MiB read=0.0MiB
  [regular] call 41 step 42: 0.178s (orig 0.178s) rc=0 demoted=0.0MiB read=0.0MiB
  [regular] call 42 step 43: 0.184s (orig 0.176s) rc=0 demoted=0.0MiB read=0.0MiB
  [regular] call 43 step 44: 0.183s (orig 0.183s) rc=0 demoted=0.0MiB read=0.0MiB
  [regular] call 44 step 45: 0.202s (orig 0.182s) rc=0 demoted=0.0MiB read=35.5MiB
  [regular] call 45 step 46: 0.179s (orig 0.175s) rc=0 demoted=0.0MiB read=0.0MiB
  [regular] call 46 step 47: 0.196s (orig 0.195s) rc=0 demoted=0.0MiB read=3.3MiB
  [regular] call 47 step 48: 0.180s (orig 0.178s) rc=0 demoted=0.0MiB read=0.0MiB
  [regular] call 48 step 49: 0.179s (orig 0.184s) rc=0 demoted=0.0MiB read=0.0MiB
  [regular] call 49 step 50: 0.199s (orig 0.198s) rc=0 demoted=0.0MiB read=8.0MiB
  [regular] call 50 step 51: 0.182s (orig 0.177s) rc=0 demoted=0.0MiB read=0.0MiB
  [regular] call 51 step 54: 0.692s (orig 0.525s) rc=0 demoted=0.0MiB read=75.5MiB
  [regular] call 52 step 55: 0.184s (orig 0.178s) rc=0 demoted=0.0MiB read=0.0MiB
  [regular] call 53 step 56: 0.182s (orig 0.177s) rc=0 demoted=0.0MiB read=0.0MiB
  [regular] call 54 step 57: 0.199s (orig 0.194s) rc=0 demoted=0.0MiB read=0.0MiB
  [regular] call 55 step 58: 0.179s (orig 0.179s) rc=0 demoted=0.0MiB read=0.0MiB
  [regular] call 56 step 59: 0.239s (orig 0.233s) rc=0 demoted=0.0MiB read=0.0MiB
  [regular] call 57 step 61: 0.183s (orig 0.185s) rc=1 demoted=0.0MiB read=0.0MiB
  [regular] call 58 step 62: 0.182s (orig 0.178s) rc=0 demoted=0.0MiB read=0.0MiB
[51/58] django__django-13012 regular: total=12.021995552 orig=11.117476341999998 mismatches=0 err=None
[51/58] django__django-13012 lazy
minisweagent.environment: DEBUG: Starting container with command: docker run -d --name   
minisweagent-e3ed5f51 -w /testbed --rm                                                   
docker.io/swebench/sweb.eval.x86_64.django_1776_django-13012:latest sleep 2h             
minisweagent.environment: INFO: Started container minisweagent-e3ed5f51 with ID          
3980286cb29ffc0f3b5b43547992cf120ce81aa648c339e8a40923041affc8ad                         
  [lazy] call 1 step 1: 0.263s (orig 0.181s) rc=0 demoted=3.3MiB read=47.0MiB
  [lazy] call 2 step 2: 0.590s (orig 0.270s) rc=0 demoted=24.0MiB read=68.5MiB
  [lazy] call 3 step 3: 0.593s (orig 0.261s) rc=0 demoted=35.3MiB read=68.3MiB
  [lazy] call 4 step 4: 0.263s (orig 0.180s) rc=0 demoted=35.2MiB read=46.1MiB
  [lazy] call 5 step 5: 0.258s (orig 0.176s) rc=0 demoted=23.4MiB read=46.0MiB
  [lazy] call 6 step 6: 0.259s (orig 0.179s) rc=0 demoted=23.8MiB read=46.0MiB
  [lazy] call 7 step 7: 0.258s (orig 0.179s) rc=0 demoted=23.7MiB read=45.9MiB
  [lazy] call 8 step 8: 0.261s (orig 0.180s) rc=0 demoted=23.5MiB read=45.9MiB
  [lazy] call 9 step 9: 0.269s (orig 0.179s) rc=1 demoted=23.5MiB read=45.7MiB
  [lazy] call 10 step 10: 0.260s (orig 0.180s) rc=0 demoted=23.5MiB read=45.8MiB
  [lazy] call 11 step 11: 0.554s (orig 0.265s) rc=0 demoted=23.3MiB read=78.9MiB
  [lazy] call 12 step 12: 0.260s (orig 0.185s) rc=0 demoted=42.3MiB read=44.8MiB
  [lazy] call 13 step 13: 0.264s (orig 0.179s) rc=0 demoted=22.9MiB read=45.1MiB
  [lazy] call 14 step 14: 0.263s (orig 0.174s) rc=0 demoted=22.9MiB read=47.0MiB
  [lazy] call 15 step 15: 0.258s (orig 0.172s) rc=0 demoted=24.8MiB read=44.6MiB
  [lazy] call 16 step 16: 0.259s (orig 0.179s) rc=0 demoted=22.7MiB read=45.7MiB
  [lazy] call 17 step 17: 0.262s (orig 0.181s) rc=0 demoted=23.3MiB read=45.6MiB
  [lazy] call 18 step 18: 0.260s (orig 0.182s) rc=0 demoted=23.3MiB read=45.7MiB
  [lazy] call 19 step 19: 0.265s (orig 0.184s) rc=0 demoted=23.3MiB read=47.0MiB
  [lazy] call 20 step 20: 0.262s (orig 0.184s) rc=0 demoted=24.3MiB read=46.9MiB
  [lazy] call 21 step 21: 0.259s (orig 0.174s) rc=0 demoted=23.9MiB read=46.0MiB
  [lazy] call 22 step 22: 0.267s (orig 0.184s) rc=0 demoted=23.4MiB read=48.4MiB
  [lazy] call 23 step 23: 0.262s (orig 0.180s) rc=0 demoted=25.4MiB read=46.2MiB
  [lazy] call 24 step 25: 0.262s (orig 0.176s) rc=0 demoted=23.5MiB read=46.8MiB
  [lazy] call 25 step 26: 0.255s (orig 0.176s) rc=0 demoted=24.6MiB read=42.8MiB
  [lazy] call 26 step 27: 0.259s (orig 0.174s) rc=0 demoted=21.7MiB read=45.6MiB
  [lazy] call 27 step 28: 0.255s (orig 0.190s) rc=0 demoted=24.1MiB read=44.9MiB
  [lazy] call 28 step 29: 0.256s (orig 0.180s) rc=0 demoted=24.1MiB read=43.4MiB
  [lazy] call 29 step 30: 0.249s (orig 0.179s) rc=0 demoted=23.2MiB read=42.4MiB
  [lazy] call 30 step 31: 0.258s (orig 0.179s) rc=0 demoted=21.8MiB read=44.2MiB
  [lazy] call 31 step 32: 0.253s (orig 0.175s) rc=0 demoted=23.4MiB read=43.1MiB
  [lazy] call 32 step 33: 0.280s (orig 0.192s) rc=0 demoted=22.3MiB read=56.0MiB
  [lazy] call 33 step 34: 0.260s (orig 0.175s) rc=0 demoted=28.3MiB read=45.6MiB
  [lazy] call 34 step 35: 0.264s (orig 0.175s) rc=1 demoted=23.4MiB read=46.5MiB
  [lazy] call 35 step 36: 0.262s (orig 0.181s) rc=0 demoted=23.9MiB read=47.1MiB
  [lazy] call 36 step 37: 0.261s (orig 0.178s) rc=0 demoted=24.3MiB read=45.6MiB
  [lazy] call 37 step 38: 0.260s (orig 0.175s) rc=0 demoted=23.8MiB read=43.4MiB
  [lazy] call 38 step 39: 0.282s (orig 0.188s) rc=0 demoted=22.2MiB read=55.9MiB
  [lazy] call 39 step 40: 0.262s (orig 0.176s) rc=0 demoted=28.2MiB read=45.6MiB
  [lazy] call 40 step 41: 0.261s (orig 0.187s) rc=0 demoted=23.3MiB read=44.3MiB
  [lazy] call 41 step 42: 0.264s (orig 0.178s) rc=0 demoted=23.8MiB read=47.5MiB
  [lazy] call 42 step 43: 0.262s (orig 0.176s) rc=0 demoted=24.0MiB read=45.9MiB
  [lazy] call 43 step 44: 0.260s (orig 0.183s) rc=0 demoted=23.5MiB read=45.8MiB
  [lazy] call 44 step 45: 0.279s (orig 0.182s) rc=0 demoted=23.4MiB read=81.5MiB
  [lazy] call 45 step 46: 0.258s (orig 0.175s) rc=0 demoted=42.3MiB read=43.9MiB
  [lazy] call 46 step 47: 0.285s (orig 0.195s) rc=0 demoted=22.4MiB read=85.0MiB
  [lazy] call 47 step 48: 0.258s (orig 0.178s) rc=0 demoted=43.8MiB read=45.9MiB
  [lazy] call 48 step 49: 0.264s (orig 0.184s) rc=0 demoted=23.4MiB read=46.9MiB
  [lazy] call 49 step 50: 0.295s (orig 0.198s) rc=0 demoted=24.0MiB read=92.8MiB
  [lazy] call 50 step 51: 0.256s (orig 0.177s) rc=0 demoted=47.2MiB read=44.6MiB
  [lazy] call 51 step 54: 0.864s (orig 0.525s) rc=0 demoted=22.8MiB read=220.2MiB
  [lazy] call 52 step 55: 0.256s (orig 0.178s) rc=0 demoted=125.3MiB read=44.6MiB
  [lazy] call 53 step 56: 0.262s (orig 0.177s) rc=0 demoted=22.9MiB read=46.9MiB
  [lazy] call 54 step 57: 0.288s (orig 0.194s) rc=0 demoted=24.0MiB read=92.7MiB
  [lazy] call 55 step 58: 0.257s (orig 0.179s) rc=0 demoted=47.6MiB read=44.5MiB
  [lazy] call 56 step 59: 0.356s (orig 0.233s) rc=0 demoted=22.9MiB read=119.1MiB
  [lazy] call 57 step 61: 0.261s (orig 0.185s) rc=1 demoted=79.0MiB read=45.7MiB
  [lazy] call 58 step 62: 0.262s (orig 0.178s) rc=0 demoted=23.9MiB read=46.7MiB
[51/58] django__django-13012 lazy: total=16.895752386 orig=11.117476341999998 mismatches=0 err=None
[52/58] django__django-13023 regular
minisweagent.environment: DEBUG: Starting container with command: docker run -d --name   
minisweagent-7734d3e6 -w /testbed --rm                                                   
docker.io/swebench/sweb.eval.x86_64.django_1776_django-13023:latest sleep 2h             
minisweagent.environment: INFO: Started container minisweagent-7734d3e6 with ID          
297a47992f12d88580c2e7b84da83346a28aa66de1502957bfcfe9cfa55199ff                         
  [regular] call 1 step 1: 0.262s (orig 0.185s) rc=0 demoted=0.0MiB read=42.6MiB
  [regular] call 2 step 1: 0.645s (orig 0.310s) rc=0 demoted=0.0MiB read=29.2MiB
  [regular] call 3 step 1: 0.295s (orig 0.291s) rc=0 demoted=0.0MiB read=0.0MiB
  [regular] call 4 step 2: 0.180s (orig 0.178s) rc=0 demoted=0.0MiB read=0.1MiB
  [regular] call 5 step 3: 0.181s (orig 0.177s) rc=0 demoted=0.0MiB read=0.0MiB
  [regular] call 6 step 4: 0.181s (orig 0.175s) rc=0 demoted=0.0MiB read=0.1MiB
  [regular] call 7 step 5: 0.182s (orig 0.180s) rc=1 demoted=0.0MiB read=0.0MiB
  [regular] call 8 step 6: 0.182s (orig 0.180s) rc=0 demoted=0.0MiB read=0.3MiB
  [regular] call 9 step 7: 0.180s (orig 0.174s) rc=0 demoted=0.0MiB read=0.0MiB
  [regular] call 10 step 8: 0.716s (orig 0.335s) rc=0 demoted=0.0MiB read=53.2MiB
  [regular] call 11 step 9: 0.184s (orig 0.175s) rc=0 demoted=0.0MiB read=0.0MiB
  [regular] call 12 step 10: 0.184s (orig 0.176s) rc=0 demoted=0.0MiB read=0.0MiB
  [regular] call 13 step 11: 0.182s (orig 0.179s) rc=0 demoted=0.0MiB read=0.0MiB
  [regular] call 14 step 12: 0.183s (orig 0.178s) rc=0 demoted=0.0MiB read=0.0MiB
  [regular] call 15 step 13: 0.182s (orig 0.181s) rc=0 demoted=0.0MiB read=0.0MiB
  [regular] call 16 step 14: 0.181s (orig 0.175s) rc=0 demoted=0.0MiB read=0.1MiB
  [regular] call 17 step 15: 0.178s (orig 0.172s) rc=0 demoted=0.0MiB read=0.0MiB
  [regular] call 18 step 16: 0.205s (orig 0.188s) rc=1 demoted=0.0MiB read=12.0MiB
  [regular] call 19 step 17: 0.182s (orig 0.176s) rc=0 demoted=0.0MiB read=0.1MiB
  [regular] call 20 step 18: 0.480s (orig 0.415s) rc=1 demoted=0.0MiB read=36.4MiB
  [regular] call 21 step 19: 0.182s (orig 0.182s) rc=0 demoted=0.0MiB read=0.0MiB
  [regular] call 22 step 20: 0.367s (orig 0.361s) rc=1 demoted=0.0MiB read=0.0MiB
  [regular] call 23 step 21: 0.181s (orig 0.180s) rc=0 demoted=0.0MiB read=0.0MiB
  [regular] call 24 step 22: 0.217s (orig 0.219s) rc=0 demoted=0.0MiB read=0.0MiB
  [regular] call 25 step 23: 0.186s (orig 0.176s) rc=0 demoted=0.0MiB read=0.0MiB
  [regular] call 26 step 24: 0.220s (orig 0.216s) rc=0 demoted=0.0MiB read=0.0MiB
  [regular] call 27 step 25: 0.185s (orig 0.182s) rc=0 demoted=0.0MiB read=0.0MiB
  [regular] call 28 step 26: 0.330s (orig 0.330s) rc=0 demoted=0.0MiB read=0.0MiB
  [regular] call 29 step 27: 0.180s (orig 0.181s) rc=0 demoted=0.0MiB read=0.0MiB
  [regular] call 30 step 28: 0.185s (orig 0.176s) rc=0 demoted=0.0MiB read=0.0MiB
  [regular] call 31 step 29: 0.183s (orig 0.176s) rc=0 demoted=0.0MiB read=0.0MiB
  [regular] call 32 step 30: 0.183s (orig 0.178s) rc=0 demoted=0.0MiB read=0.0MiB
  [regular] call 33 step 31: 0.198s (orig 0.192s) rc=1 demoted=0.0MiB read=0.0MiB
  [regular] call 34 step 32: 0.183s (orig 0.180s) rc=0 demoted=0.0MiB read=0.0MiB
  [regular] call 35 step 33: 0.217s (orig 0.216s) rc=0 demoted=0.0MiB read=0.0MiB
  [regular] call 36 step 34: 0.181s (orig 0.177s) rc=0 demoted=0.0MiB read=0.0MiB
  [regular] call 37 step 35: 0.181s (orig 0.181s) rc=0 demoted=0.0MiB read=0.0MiB
  [regular] call 38 step 36: 0.198s (orig 0.197s) rc=0 demoted=0.0MiB read=0.0MiB
  [regular] call 39 step 37: 0.182s (orig 0.177s) rc=0 demoted=0.0MiB read=0.0MiB
  [regular] call 40 step 38: 0.195s (orig 0.189s) rc=0 demoted=0.0MiB read=0.0MiB
  [regular] call 41 step 39: 0.187s (orig 0.183s) rc=1 demoted=0.0MiB read=0.0MiB
  [regular] call 42 step 40: 0.180s (orig 0.178s) rc=0 demoted=0.0MiB read=0.0MiB
  [regular] call 43 step 41: 0.180s (orig 0.179s) rc=0 demoted=0.0MiB read=0.0MiB
  [regular] call 44 step 42: 0.188s (orig 0.177s) rc=0 demoted=0.0MiB read=0.3MiB
  [regular] call 45 step 43: 0.182s (orig 0.181s) rc=0 demoted=0.0MiB read=0.0MiB
  [regular] call 46 step 44: 0.367s (orig 0.368s) rc=0 demoted=0.0MiB read=0.0MiB
  [regular] call 47 step 45: 0.184s (orig 0.181s) rc=0 demoted=0.0MiB read=0.0MiB
  [regular] call 48 step 46: 0.183s (orig 0.179s) rc=0 demoted=0.0MiB read=0.0MiB
  [regular] call 49 step 48: 0.185s (orig 0.183s) rc=0 demoted=0.0MiB read=0.0MiB
  [regular] call 50 step 49: 0.178s (orig 0.181s) rc=0 demoted=0.0MiB read=0.0MiB
  [regular] call 51 step 50: 0.367s (orig 0.365s) rc=0 demoted=0.0MiB read=0.0MiB
  [regular] call 52 step 51: 0.181s (orig 0.177s) rc=2 demoted=0.0MiB read=0.0MiB
  [regular] call 53 step 52: 0.183s (orig 0.185s) rc=0 demoted=0.0MiB read=0.0MiB
  [regular] call 54 step 53: 0.182s (orig 0.180s) rc=0 demoted=0.0MiB read=0.0MiB
  [regular] call 55 step 54: 0.181s (orig 0.177s) rc=0 demoted=0.0MiB read=0.0MiB
  [regular] call 56 step 55: 0.195s (orig 0.197s) rc=0 demoted=0.0MiB read=0.0MiB
  [regular] call 57 step 56: 0.178s (orig 0.181s) rc=0 demoted=0.0MiB read=0.0MiB
  [regular] call 58 step 57: 0.185s (orig 0.182s) rc=0 demoted=0.0MiB read=0.0MiB
  [regular] call 59 step 58: 0.180s (orig 0.182s) rc=0 demoted=0.0MiB read=0.0MiB
  [regular] call 60 step 59: 0.185s (orig 0.175s) rc=0 demoted=0.0MiB read=0.0MiB
  [regular] call 61 step 60: 0.197s (orig 0.193s) rc=0 demoted=0.0MiB read=0.0MiB
  [regular] call 62 step 61: 0.182s (orig 0.176s) rc=0 demoted=0.0MiB read=0.0MiB
  [regular] call 63 step 62: 0.369s (orig 0.371s) rc=1 demoted=0.0MiB read=0.0MiB
  [regular] call 64 step 63: 0.183s (orig 0.175s) rc=0 demoted=0.0MiB read=0.0MiB
  [regular] call 65 step 64: 0.220s (orig 0.211s) rc=0 demoted=0.0MiB read=0.0MiB
  [regular] call 66 step 65: 0.195s (orig 0.186s) rc=0 demoted=0.0MiB read=23.7MiB
  [regular] call 67 step 66: 0.183s (orig 0.181s) rc=0 demoted=0.0MiB read=0.0MiB
  [regular] call 68 step 67: 0.184s (orig 0.180s) rc=0 demoted=0.0MiB read=0.0MiB
[52/58] django__django-13023 regular: total=15.020817216000001 orig=13.930384032 mismatches=67 err=None
[52/58] django__django-13023 lazy
minisweagent.environment: DEBUG: Starting container with command: docker run -d --name   
minisweagent-87cc459e -w /testbed --rm                                                   
docker.io/swebench/sweb.eval.x86_64.django_1776_django-13023:latest sleep 2h             
minisweagent.environment: INFO: Started container minisweagent-87cc459e with ID          
4337700e4517ea6b42384fbac5f48f22e58ef8ef1239213cb746c33c715877f9                         
  [lazy] call 1 step 1: 0.268s (orig 0.185s) rc=0 demoted=3.2MiB read=47.7MiB
  [lazy] call 2 step 1: 0.733s (orig 0.310s) rc=0 demoted=24.3MiB read=76.3MiB
  [lazy] call 3 step 1: 0.719s (orig 0.291s) rc=0 demoted=39.1MiB read=74.6MiB
  [lazy] call 4 step 2: 0.256s (orig 0.178s) rc=0 demoted=38.3MiB read=46.4MiB
  [lazy] call 5 step 3: 0.257s (orig 0.177s) rc=0 demoted=23.9MiB read=46.1MiB
  [lazy] call 6 step 4: 0.262s (orig 0.175s) rc=0 demoted=23.9MiB read=46.3MiB
  [lazy] call 7 step 5: 0.260s (orig 0.180s) rc=1 demoted=24.0MiB read=46.1MiB
  [lazy] call 8 step 6: 0.258s (orig 0.180s) rc=0 demoted=24.0MiB read=46.6MiB
  [lazy] call 9 step 7: 0.266s (orig 0.174s) rc=0 demoted=23.9MiB read=46.1MiB
  [lazy] call 10 step 8: 1.052s (orig 0.335s) rc=0 demoted=23.4MiB read=120.0MiB
  [lazy] call 11 step 9: 0.261s (orig 0.175s) rc=0 demoted=71.5MiB read=45.3MiB
  [lazy] call 12 step 10: 0.255s (orig 0.176s) rc=0 demoted=23.4MiB read=46.0MiB
  [lazy] call 13 step 11: 0.261s (orig 0.179s) rc=0 demoted=23.6MiB read=46.6MiB
  [lazy] call 14 step 12: 0.261s (orig 0.178s) rc=0 demoted=24.1MiB read=46.6MiB
  [lazy] call 15 step 13: 0.259s (orig 0.181s) rc=0 demoted=23.8MiB read=46.6MiB
  [lazy] call 16 step 14: 0.259s (orig 0.175s) rc=0 demoted=23.9MiB read=46.1MiB
  [lazy] call 17 step 15: 0.258s (orig 0.172s) rc=0 demoted=24.0MiB read=44.7MiB
  [lazy] call 18 step 16: 0.280s (orig 0.188s) rc=1 demoted=22.6MiB read=56.5MiB
  [lazy] call 19 step 17: 0.263s (orig 0.176s) rc=0 demoted=28.7MiB read=44.8MiB
  [lazy] call 20 step 18: 0.578s (orig 0.415s) rc=1 demoted=23.1MiB read=95.3MiB
  [lazy] call 21 step 19: 0.259s (orig 0.182s) rc=0 demoted=49.1MiB read=44.6MiB
  [lazy] call 22 step 20: 0.524s (orig 0.361s) rc=1 demoted=22.9MiB read=95.6MiB
  [lazy] call 23 step 21: 0.263s (orig 0.180s) rc=0 demoted=48.2MiB read=44.6MiB
  [lazy] call 24 step 22: 0.318s (orig 0.219s) rc=0 demoted=23.0MiB read=69.3MiB
  [lazy] call 25 step 23: 0.258s (orig 0.176s) rc=0 demoted=35.4MiB read=44.8MiB
  [lazy] call 26 step 24: 0.319s (orig 0.216s) rc=0 demoted=23.0MiB read=69.5MiB
  [lazy] call 27 step 25: 0.256s (orig 0.182s) rc=0 demoted=35.2MiB read=42.9MiB
  [lazy] call 28 step 26: 1.082s (orig 0.330s) rc=0 demoted=22.0MiB read=118.3MiB
  [lazy] call 29 step 27: 0.252s (orig 0.181s) rc=0 demoted=67.8MiB read=42.7MiB
  [lazy] call 30 step 28: 0.247s (orig 0.176s) rc=0 demoted=25.0MiB read=43.0MiB
  [lazy] call 31 step 29: 0.260s (orig 0.176s) rc=0 demoted=22.2MiB read=46.6MiB
  [lazy] call 32 step 30: 0.254s (orig 0.178s) rc=0 demoted=23.7MiB read=44.6MiB
  [lazy] call 33 step 31: 0.281s (orig 0.192s) rc=1 demoted=23.1MiB read=56.5MiB
  [lazy] call 34 step 32: 0.258s (orig 0.180s) rc=0 demoted=28.6MiB read=44.9MiB
  [lazy] call 35 step 33: 0.320s (orig 0.216s) rc=0 demoted=23.0MiB read=69.6MiB
  [lazy] call 36 step 34: 0.256s (orig 0.177s) rc=0 demoted=35.4MiB read=46.0MiB
  [lazy] call 37 step 35: 0.258s (orig 0.181s) rc=0 demoted=23.9MiB read=44.8MiB
  [lazy] call 38 step 36: 0.285s (orig 0.197s) rc=0 demoted=23.1MiB read=58.4MiB
  [lazy] call 39 step 37: 0.262s (orig 0.177s) rc=0 demoted=29.5MiB read=44.8MiB
  [lazy] call 40 step 38: 0.281s (orig 0.189s) rc=0 demoted=23.3MiB read=56.4MiB
  [lazy] call 41 step 39: 0.266s (orig 0.183s) rc=1 demoted=28.6MiB read=46.3MiB
  [lazy] call 42 step 40: 0.259s (orig 0.178s) rc=0 demoted=24.1MiB read=46.1MiB
  [lazy] call 43 step 41: 0.260s (orig 0.179s) rc=0 demoted=23.8MiB read=46.7MiB
  [lazy] call 44 step 42: 0.259s (orig 0.177s) rc=0 demoted=23.8MiB read=47.0MiB
  [lazy] call 45 step 43: 0.259s (orig 0.181s) rc=0 demoted=24.2MiB read=44.9MiB
  [lazy] call 46 step 44: 0.519s (orig 0.368s) rc=0 demoted=23.1MiB read=95.2MiB
  [lazy] call 47 step 45: 0.264s (orig 0.181s) rc=0 demoted=48.3MiB read=45.8MiB
  [lazy] call 48 step 46: 0.256s (orig 0.179s) rc=0 demoted=23.6MiB read=46.4MiB
  [lazy] call 49 step 48: 0.261s (orig 0.183s) rc=0 demoted=23.7MiB read=47.0MiB
  [lazy] call 50 step 49: 0.253s (orig 0.181s) rc=0 demoted=25.2MiB read=43.5MiB
  [lazy] call 51 step 50: 0.524s (orig 0.365s) rc=0 demoted=22.5MiB read=94.5MiB
  [lazy] call 52 step 51: 0.258s (orig 0.177s) rc=2 demoted=47.9MiB read=44.1MiB
  [lazy] call 53 step 52: 0.257s (orig 0.185s) rc=0 demoted=22.5MiB read=46.4MiB
  [lazy] call 54 step 53: 0.256s (orig 0.180s) rc=0 demoted=24.1MiB read=46.1MiB
  [lazy] call 55 step 54: 0.258s (orig 0.177s) rc=0 demoted=24.7MiB read=43.8MiB
  [lazy] call 56 step 55: 0.277s (orig 0.197s) rc=0 demoted=23.4MiB read=54.1MiB
  [lazy] call 57 step 56: 0.258s (orig 0.181s) rc=0 demoted=28.4MiB read=45.4MiB
  [lazy] call 58 step 57: 0.259s (orig 0.182s) rc=0 demoted=24.0MiB read=46.2MiB
  [lazy] call 59 step 58: 0.258s (orig 0.182s) rc=0 demoted=23.9MiB read=46.1MiB
  [lazy] call 60 step 59: 0.258s (orig 0.175s) rc=0 demoted=23.7MiB read=44.3MiB
  [lazy] call 61 step 60: 0.279s (orig 0.193s) rc=0 demoted=23.0MiB read=56.1MiB
  [lazy] call 62 step 61: 0.257s (orig 0.176s) rc=0 demoted=28.5MiB read=46.2MiB
  [lazy] call 63 step 62: 0.509s (orig 0.371s) rc=1 demoted=23.8MiB read=94.4MiB
  [lazy] call 64 step 63: 0.260s (orig 0.175s) rc=0 demoted=48.0MiB read=44.4MiB
  [lazy] call 65 step 64: 0.315s (orig 0.211s) rc=0 demoted=22.9MiB read=69.0MiB
  [lazy] call 66 step 65: 0.274s (orig 0.186s) rc=0 demoted=35.0MiB read=76.9MiB
  [lazy] call 67 step 66: 0.254s (orig 0.181s) rc=0 demoted=40.1MiB read=43.5MiB
  [lazy] call 68 step 67: 0.252s (orig 0.180s) rc=0 demoted=22.3MiB read=44.1MiB
[52/58] django__django-13023 lazy: total=21.877034539 orig=13.930384032 mismatches=67 err=None
[53/58] django__django-13028 regular
minisweagent.environment: DEBUG: Starting container with command: docker run -d --name   
minisweagent-df139796 -w /testbed --rm                                                   
docker.io/swebench/sweb.eval.x86_64.django_1776_django-13028:latest sleep 2h             
minisweagent.environment: INFO: Started container minisweagent-df139796 with ID          
2e613ab9e8198db7104c212a493887c24f505faa83c7cd55dfade549c87d43c6                         
  [regular] call 1 step 1: 0.274s (orig 0.187s) rc=0 demoted=0.0MiB read=42.5MiB
  [regular] call 2 step 2: 0.659s (orig 0.299s) rc=0 demoted=0.0MiB read=34.8MiB
  [regular] call 3 step 3: 0.189s (orig 0.172s) rc=0 demoted=0.0MiB read=0.1MiB
  [regular] call 4 step 4: 0.289s (orig 0.286s) rc=0 demoted=0.0MiB read=0.0MiB
  [regular] call 5 step 5: 0.185s (orig 0.180s) rc=0 demoted=0.0MiB read=0.0MiB
  [regular] call 6 step 6: 0.187s (orig 0.172s) rc=0 demoted=0.0MiB read=0.3MiB
  [regular] call 7 step 7: 0.296s (orig 0.292s) rc=0 demoted=0.0MiB read=0.0MiB
  [regular] call 8 step 8: 0.185s (orig 0.177s) rc=0 demoted=0.0MiB read=0.0MiB
  [regular] call 9 step 9: 0.184s (orig 0.179s) rc=0 demoted=0.0MiB read=0.0MiB
  [regular] call 10 step 10: 0.185s (orig 0.175s) rc=0 demoted=0.0MiB read=0.0MiB
  [regular] call 11 step 11: 0.187s (orig 0.182s) rc=0 demoted=0.0MiB read=0.3MiB
  [regular] call 12 step 12: 0.742s (orig 0.519s) rc=0 demoted=0.0MiB read=130.0MiB
  [regular] call 13 step 13: 0.188s (orig 0.171s) rc=0 demoted=0.0MiB read=0.0MiB
  [regular] call 14 step 14: 0.184s (orig 0.182s) rc=0 demoted=0.0MiB read=0.3MiB
  [regular] call 15 step 15: 0.186s (orig 0.176s) rc=0 demoted=0.0MiB read=0.0MiB
  [regular] call 16 step 16: 0.190s (orig 0.183s) rc=0 demoted=0.0MiB read=0.0MiB
  [regular] call 17 step 17: 0.186s (orig 0.176s) rc=1 demoted=0.0MiB read=0.0MiB
  [regular] call 18 step 18: 0.191s (orig 0.182s) rc=0 demoted=0.0MiB read=0.5MiB
  [regular] call 19 step 19: 0.187s (orig 0.180s) rc=0 demoted=0.0MiB read=0.0MiB
  [regular] call 20 step 20: 0.186s (orig 0.175s) rc=0 demoted=0.0MiB read=0.0MiB
[53/58] django__django-13028 regular: total=5.059191733 orig=4.247275259 mismatches=19 err=None
[53/58] django__django-13028 lazy
minisweagent.environment: DEBUG: Starting container with command: docker run -d --name   
minisweagent-3b763cdc -w /testbed --rm                                                   
docker.io/swebench/sweb.eval.x86_64.django_1776_django-13028:latest sleep 2h             
minisweagent.environment: INFO: Started container minisweagent-3b763cdc with ID          
161dc1f6d644205080157ef18beb31a93e403834cc0a586fb7406859267a5c56                         
  [lazy] call 1 step 1: 0.264s (orig 0.187s) rc=0 demoted=3.2MiB read=47.4MiB
  [lazy] call 2 step 2: 0.719s (orig 0.299s) rc=0 demoted=24.0MiB read=80.3MiB
  [lazy] call 3 step 3: 0.266s (orig 0.172s) rc=0 demoted=41.4MiB read=46.7MiB
  [lazy] call 4 step 4: 0.712s (orig 0.286s) rc=0 demoted=24.2MiB read=80.7MiB
  [lazy] call 5 step 5: 0.263s (orig 0.180s) rc=0 demoted=42.2MiB read=46.5MiB
  [lazy] call 6 step 6: 0.261s (orig 0.172s) rc=0 demoted=23.8MiB read=47.0MiB
  [lazy] call 7 step 7: 0.706s (orig 0.292s) rc=0 demoted=24.0MiB read=80.6MiB
  [lazy] call 8 step 8: 0.260s (orig 0.177s) rc=0 demoted=46.4MiB read=46.6MiB
  [lazy] call 9 step 9: 0.259s (orig 0.179s) rc=0 demoted=23.8MiB read=46.9MiB
  [lazy] call 10 step 10: 0.253s (orig 0.175s) rc=0 demoted=23.9MiB read=46.0MiB
  [lazy] call 11 step 11: 0.260s (orig 0.182s) rc=0 demoted=23.4MiB read=47.2MiB
  [lazy] call 12 step 12: 0.848s (orig 0.519s) rc=0 demoted=24.4MiB read=208.6MiB
  [lazy] call 13 step 13: 0.258s (orig 0.171s) rc=0 demoted=129.9MiB read=44.9MiB
  [lazy] call 14 step 14: 0.260s (orig 0.182s) rc=0 demoted=23.1MiB read=45.7MiB
  [lazy] call 15 step 15: 0.255s (orig 0.176s) rc=0 demoted=23.4MiB read=46.4MiB
  [lazy] call 16 step 16: 0.263s (orig 0.183s) rc=0 demoted=23.6MiB read=46.9MiB
  [lazy] call 17 step 17: 0.256s (orig 0.176s) rc=1 demoted=24.1MiB read=45.6MiB
  [lazy] call 18 step 18: 0.275s (orig 0.182s) rc=0 demoted=23.3MiB read=82.4MiB
  [lazy] call 19 step 19: 0.253s (orig 0.180s) rc=0 demoted=42.0MiB read=44.9MiB
  [lazy] call 20 step 20: 0.255s (orig 0.175s) rc=0 demoted=23.0MiB read=44.9MiB
[53/58] django__django-13028 lazy: total=7.147977967 orig=4.247275259 mismatches=19 err=None
[54/58] django__django-13033 regular
minisweagent.environment: DEBUG: Starting container with command: docker run -d --name   
minisweagent-1f1eb501 -w /testbed --rm                                                   
docker.io/swebench/sweb.eval.x86_64.django_1776_django-13033:latest sleep 2h             
minisweagent.environment: INFO: Started container minisweagent-1f1eb501 with ID          
d152122159166ca99256e4b80512e3731ce1159788d01bbd28ed93e002bce2b9                         
  [regular] call 1 step 1: 0.269s (orig 0.178s) rc=0 demoted=0.0MiB read=42.7MiB
  [regular] call 2 step 2: 0.532s (orig 0.283s) rc=0 demoted=0.0MiB read=22.1MiB
  [regular] call 3 step 3: 0.269s (orig 0.261s) rc=0 demoted=0.0MiB read=0.0MiB
  [regular] call 4 step 4: 0.272s (orig 0.263s) rc=0 demoted=0.0MiB read=0.0MiB
  [regular] call 5 step 5: 0.188s (orig 0.177s) rc=0 demoted=0.0MiB read=0.1MiB
  [regular] call 6 step 6: 0.185s (orig 0.173s) rc=0 demoted=0.0MiB read=0.1MiB
  [regular] call 7 step 7: 0.182s (orig 0.174s) rc=0 demoted=0.0MiB read=0.0MiB
  [regular] call 8 step 8: 0.182s (orig 0.179s) rc=0 demoted=0.0MiB read=0.1MiB
  [regular] call 9 step 9: 0.737s (orig 0.343s) rc=0 demoted=0.0MiB read=53.1MiB
  [regular] call 10 step 10: 0.181s (orig 0.181s) rc=0 demoted=0.0MiB read=0.0MiB
  [regular] call 11 step 11: 0.179s (orig 0.174s) rc=1 demoted=0.0MiB read=0.0MiB
  [regular] call 12 step 12: 0.182s (orig 0.175s) rc=0 demoted=0.0MiB read=0.0MiB
  [regular] call 13 step 13: 0.185s (orig 0.184s) rc=0 demoted=0.0MiB read=0.0MiB
  [regular] call 14 step 14: 0.184s (orig 0.176s) rc=0 demoted=0.0MiB read=0.0MiB
  [regular] call 15 step 15: 0.190s (orig 0.176s) rc=0 demoted=0.0MiB read=0.0MiB
  [regular] call 16 step 16: 0.179s (orig 0.179s) rc=0 demoted=0.0MiB read=0.0MiB
  [regular] call 17 step 17: 0.183s (orig 0.176s) rc=0 demoted=0.0MiB read=0.0MiB
  [regular] call 18 step 18: 0.182s (orig 0.174s) rc=1 demoted=0.0MiB read=0.0MiB
  [regular] call 19 step 19: 0.184s (orig 0.176s) rc=2 demoted=0.0MiB read=0.0MiB
  [regular] call 20 step 20: 0.182s (orig 0.171s) rc=2 demoted=0.0MiB read=0.0MiB
  [regular] call 21 step 21: 0.195s (orig 0.191s) rc=0 demoted=0.0MiB read=0.0MiB
  [regular] call 22 step 22: 0.185s (orig 0.175s) rc=0 demoted=0.0MiB read=0.0MiB
  [regular] call 23 step 23: 0.180s (orig 0.179s) rc=0 demoted=0.0MiB read=0.0MiB
  [regular] call 24 step 24: 0.205s (orig 0.193s) rc=0 demoted=0.0MiB read=12.3MiB
  [regular] call 25 step 25: 0.181s (orig 0.181s) rc=0 demoted=0.0MiB read=0.0MiB
  [regular] call 26 step 26: 0.192s (orig 0.193s) rc=0 demoted=0.0MiB read=0.0MiB
  [regular] call 27 step 27: 0.178s (orig 0.180s) rc=0 demoted=0.0MiB read=0.0MiB
  [regular] call 28 step 28: 0.197s (orig 0.194s) rc=0 demoted=0.0MiB read=0.0MiB
  [regular] call 29 step 30: 0.224s (orig 0.215s) rc=0 demoted=0.0MiB read=9.7MiB
  [regular] call 30 step 31: 0.698s (orig 0.637s) rc=0 demoted=0.0MiB read=27.4MiB
  [regular] call 31 step 32: 0.179s (orig 0.181s) rc=0 demoted=0.0MiB read=0.0MiB
  [regular] call 32 step 33: 0.191s (orig 0.195s) rc=0 demoted=0.0MiB read=0.0MiB
  [regular] call 33 step 34: 0.185s (orig 0.176s) rc=0 demoted=0.0MiB read=0.0MiB
  [regular] call 34 step 35: 0.193s (orig 0.194s) rc=0 demoted=0.0MiB read=0.0MiB
  [regular] call 35 step 36: 0.182s (orig 0.175s) rc=0 demoted=0.0MiB read=0.0MiB
  [regular] call 36 step 37: 0.192s (orig 0.193s) rc=0 demoted=0.0MiB read=0.0MiB
  [regular] call 37 step 38: 0.388s (orig 0.394s) rc=0 demoted=0.0MiB read=0.0MiB
  [regular] call 38 step 39: 0.198s (orig 0.194s) rc=1 demoted=0.0MiB read=0.0MiB
  [regular] call 39 step 40: 0.388s (orig 0.396s) rc=1 demoted=0.0MiB read=0.0MiB
  [regular] call 40 step 41: 0.433s (orig 0.439s) rc=1 demoted=0.0MiB read=0.0MiB
  [regular] call 41 step 42: 0.183s (orig 0.182s) rc=0 demoted=0.0MiB read=0.3MiB
  [regular] call 42 step 43: 0.180s (orig 0.177s) rc=0 demoted=0.0MiB read=0.0MiB
  [regular] call 43 step 44: 0.186s (orig 0.179s) rc=0 demoted=0.0MiB read=0.0MiB
  [regular] call 44 step 45: 0.180s (orig 0.179s) rc=0 demoted=0.0MiB read=0.0MiB
  [regular] call 45 step 46: 0.195s (orig 0.190s) rc=0 demoted=0.0MiB read=0.0MiB
  [regular] call 46 step 47: 0.184s (orig 0.179s) rc=0 demoted=0.0MiB read=0.0MiB
  [regular] call 47 step 48: 0.194s (orig 0.192s) rc=0 demoted=0.0MiB read=0.0MiB
  [regular] call 48 step 49: 0.295s (orig 0.299s) rc=1 demoted=0.0MiB read=0.0MiB
  [regular] call 49 step 50: 0.296s (orig 0.290s) rc=1 demoted=0.0MiB read=0.0MiB
  [regular] call 50 step 51: 0.293s (orig 0.292s) rc=0 demoted=0.0MiB read=0.0MiB
  [regular] call 51 step 52: 0.180s (orig 0.181s) rc=0 demoted=0.0MiB read=0.0MiB
  [regular] call 52 step 53: 0.298s (orig 0.296s) rc=1 demoted=0.0MiB read=0.0MiB
  [regular] call 53 step 54: 0.537s (orig 0.517s) rc=1 demoted=0.0MiB read=4.1MiB
  [regular] call 54 step 55: 0.186s (orig 0.180s) rc=0 demoted=0.0MiB read=0.0MiB
  [regular] call 55 step 56: 0.489s (orig 0.490s) rc=1 demoted=0.0MiB read=0.0MiB
  [regular] call 56 step 57: 0.399s (orig 0.389s) rc=1 demoted=0.0MiB read=0.0MiB
  [regular] call 57 step 58: 0.181s (orig 0.182s) rc=0 demoted=0.0MiB read=0.0MiB
  [regular] call 58 step 59: 0.198s (orig 0.194s) rc=0 demoted=0.0MiB read=0.0MiB
  [regular] call 59 step 60: 0.183s (orig 0.175s) rc=0 demoted=0.0MiB read=0.0MiB
  [regular] call 60 step 61: 0.193s (orig 0.195s) rc=0 demoted=0.0MiB read=0.0MiB
  [regular] call 61 step 62: 0.195s (orig 0.194s) rc=0 demoted=0.0MiB read=0.0MiB
  [regular] call 62 step 63: 0.182s (orig 0.179s) rc=0 demoted=0.0MiB read=0.0MiB
  [regular] call 63 step 64: 0.180s (orig 0.176s) rc=0 demoted=0.0MiB read=0.1MiB
  [regular] call 64 step 65: 0.194s (orig 0.191s) rc=0 demoted=0.0MiB read=0.0MiB
  [regular] call 65 step 66: 0.198s (orig 0.192s) rc=0 demoted=0.0MiB read=0.0MiB
  [regular] call 66 step 67: 0.196s (orig 0.196s) rc=0 demoted=0.0MiB read=0.0MiB
  [regular] call 67 step 68: 0.180s (orig 0.178s) rc=0 demoted=0.0MiB read=0.0MiB
  [regular] call 68 step 69: 0.195s (orig 0.190s) rc=0 demoted=0.0MiB read=0.0MiB
  [regular] call 69 step 70: 0.181s (orig 0.175s) rc=0 demoted=0.0MiB read=0.0MiB
  [regular] call 70 step 71: 0.198s (orig 0.191s) rc=0 demoted=0.0MiB read=0.0MiB
  [regular] call 71 step 72: 0.214s (orig 0.213s) rc=0 demoted=0.0MiB read=0.0MiB
  [regular] call 72 step 73: 0.185s (orig 0.178s) rc=0 demoted=0.0MiB read=0.0MiB
  [regular] call 73 step 74: 0.194s (orig 0.190s) rc=0 demoted=0.0MiB read=0.0MiB
  [regular] call 74 step 75: 0.182s (orig 0.178s) rc=0 demoted=0.0MiB read=0.0MiB
  [regular] call 75 step 76: 0.196s (orig 0.189s) rc=0 demoted=0.0MiB read=0.0MiB
  [regular] call 76 step 77: 0.215s (orig 0.210s) rc=0 demoted=0.0MiB read=0.0MiB
  [regular] call 77 step 78: 0.183s (orig 0.177s) rc=0 demoted=0.0MiB read=0.0MiB
  [regular] call 78 step 79: 0.194s (orig 0.185s) rc=0 demoted=0.0MiB read=0.0MiB
  [regular] call 79 step 80: 0.195s (orig 0.194s) rc=0 demoted=0.0MiB read=0.0MiB
  [regular] call 80 step 81: 0.196s (orig 0.193s) rc=0 demoted=0.0MiB read=0.0MiB
  [regular] call 81 step 82: 0.179s (orig 0.179s) rc=0 demoted=0.0MiB read=0.0MiB
  [regular] call 82 step 83: 0.191s (orig 0.187s) rc=0 demoted=0.0MiB read=0.0MiB
  [regular] call 83 step 84: 0.184s (orig 0.180s) rc=0 demoted=0.0MiB read=0.0MiB
  [regular] call 84 step 85: 0.198s (orig 0.194s) rc=0 demoted=0.0MiB read=0.0MiB
  [regular] call 85 step 86: 0.198s (orig 0.188s) rc=1 demoted=0.0MiB read=0.0MiB
  [regular] call 86 step 87: 0.387s (orig 0.376s) rc=1 demoted=0.0MiB read=0.0MiB
  [regular] call 87 step 88: 0.431s (orig 0.433s) rc=1 demoted=0.0MiB read=0.0MiB
  [regular] call 88 step 89: 0.457s (orig 0.460s) rc=0 demoted=0.0MiB read=0.3MiB
  [regular] call 89 step 90: 0.453s (orig 0.441s) rc=1 demoted=0.0MiB read=0.0MiB
  [regular] call 90 step 91: 0.471s (orig 0.474s) rc=0 demoted=0.0MiB read=3.5MiB
  [regular] call 91 step 92: 0.178s (orig 0.180s) rc=2 demoted=0.0MiB read=0.0MiB
  [regular] call 92 step 93: 0.427s (orig 0.425s) rc=1 demoted=0.0MiB read=0.0MiB
  [regular] call 93 step 94: 0.462s (orig 0.464s) rc=0 demoted=0.0MiB read=0.0MiB
  [regular] call 94 step 95: 0.188s (orig 0.181s) rc=0 demoted=0.0MiB read=0.0MiB
  [regular] call 95 step 97: 0.181s (orig 0.178s) rc=2 demoted=0.0MiB read=0.0MiB
  [regular] call 96 step 98: 0.183s (orig 0.183s) rc=0 demoted=0.0MiB read=0.0MiB
  [regular] call 97 step 99: 0.199s (orig 0.196s) rc=0 demoted=0.0MiB read=0.0MiB
  [regular] call 98 step 100: 0.184s (orig 0.183s) rc=0 demoted=0.0MiB read=0.0MiB
  [regular] call 99 step 101: 0.185s (orig 0.189s) rc=0 demoted=0.0MiB read=0.6MiB
  [regular] call 100 step 102: 0.183s (orig 0.179s) rc=0 demoted=0.0MiB read=0.0MiB
  [regular] call 101 step 103: 0.185s (orig 0.182s) rc=0 demoted=0.0MiB read=7.7MiB
  [regular] call 102 step 104: 0.179s (orig 0.181s) rc=0 demoted=0.0MiB read=0.0MiB
  [regular] call 103 step 105: 0.179s (orig 0.178s) rc=0 demoted=0.0MiB read=0.0MiB
  [regular] call 104 step 106: 0.193s (orig 0.192s) rc=0 demoted=0.0MiB read=0.0MiB
  [regular] call 105 step 107: 0.179s (orig 0.181s) rc=0 demoted=0.0MiB read=0.0MiB
  [regular] call 106 step 108: 0.184s (orig 0.181s) rc=0 demoted=0.0MiB read=0.0MiB
  [regular] call 107 step 109: 0.185s (orig 0.177s) rc=0 demoted=0.0MiB read=0.4MiB
  [regular] call 108 step 110: 0.179s (orig 0.179s) rc=0 demoted=0.0MiB read=0.0MiB
  [regular] call 109 step 111: 0.197s (orig 0.195s) rc=0 demoted=0.0MiB read=0.0MiB
  [regular] call 110 step 112: 0.182s (orig 0.174s) rc=0 demoted=0.0MiB read=0.0MiB
  [regular] call 111 step 113: 0.184s (orig 0.178s) rc=0 demoted=0.0MiB read=0.0MiB
  [regular] call 112 step 114: 0.181s (orig 0.180s) rc=2 demoted=0.0MiB read=0.0MiB
  [regular] call 113 step 115: 0.181s (orig 0.183s) rc=0 demoted=0.0MiB read=0.0MiB
  [regular] call 114 step 116: 0.192s (orig 0.189s) rc=0 demoted=0.0MiB read=0.0MiB
  [regular] call 115 step 117: 0.178s (orig 0.176s) rc=0 demoted=0.0MiB read=0.0MiB
  [regular] call 116 step 118: 0.182s (orig 0.175s) rc=0 demoted=0.0MiB read=0.0MiB
  [regular] call 117 step 119: 0.177s (orig 0.178s) rc=2 demoted=0.0MiB read=0.0MiB
  [regular] call 118 step 120: 0.186s (orig 0.178s) rc=0 demoted=0.0MiB read=0.0MiB
  [regular] call 119 step 121: 0.199s (orig 0.193s) rc=0 demoted=0.0MiB read=0.0MiB
  [regular] call 120 step 122: 0.180s (orig 0.176s) rc=0 demoted=0.0MiB read=0.0MiB
  [regular] call 121 step 123: 0.180s (orig 0.179s) rc=2 demoted=0.0MiB read=0.0MiB
  [regular] call 122 step 124: 0.182s (orig 0.179s) rc=0 demoted=0.0MiB read=0.0MiB
  [regular] call 123 step 125: 0.196s (orig 0.194s) rc=0 demoted=0.0MiB read=0.0MiB
  [regular] call 124 step 126: 0.185s (orig 0.180s) rc=0 demoted=0.0MiB read=0.0MiB
  [regular] call 125 step 127: 0.182s (orig 0.185s) rc=2 demoted=0.0MiB read=0.0MiB
  [regular] call 126 step 128: 0.184s (orig 0.186s) rc=0 demoted=0.0MiB read=0.0MiB
  [regular] call 127 step 129: 0.179s (orig 0.193s) rc=1 demoted=0.0MiB read=0.0MiB
  [regular] call 128 step 130: 0.182s (orig 0.181s) rc=0 demoted=0.0MiB read=0.0MiB
  [regular] call 129 step 131: 0.180s (orig 0.183s) rc=0 demoted=0.0MiB read=0.0MiB
  [regular] call 130 step 132: 0.198s (orig 0.194s) rc=0 demoted=0.0MiB read=0.0MiB
  [regular] call 131 step 133: 0.181s (orig 0.182s) rc=0 demoted=0.0MiB read=0.0MiB
  [regular] call 132 step 134: 0.180s (orig 0.182s) rc=0 demoted=0.0MiB read=0.0MiB
  [regular] call 133 step 135: 0.183s (orig 0.184s) rc=0 demoted=0.0MiB read=0.0MiB
  [regular] call 134 step 136: 0.180s (orig 0.181s) rc=0 demoted=0.0MiB read=0.0MiB
  [regular] call 135 step 137: 0.193s (orig 0.187s) rc=0 demoted=0.0MiB read=0.0MiB
  [regular] call 136 step 138: 0.183s (orig 0.178s) rc=0 demoted=0.0MiB read=0.0MiB
  [regular] call 137 step 139: 0.180s (orig 0.178s) rc=2 demoted=0.0MiB read=0.0MiB
  [regular] call 138 step 140: 0.184s (orig 0.181s) rc=0 demoted=0.0MiB read=0.0MiB
  [regular] call 139 step 141: 0.201s (orig 0.194s) rc=0 demoted=0.0MiB read=0.0MiB
  [regular] call 140 step 142: 0.178s (orig 0.184s) rc=0 demoted=0.0MiB read=0.0MiB
  [regular] call 141 step 143: 0.196s (orig 0.195s) rc=1 demoted=0.0MiB read=0.0MiB
  [regular] call 142 step 144: 0.185s (orig 0.185s) rc=0 demoted=0.0MiB read=0.0MiB
  [regular] call 143 step 145: 0.191s (orig 0.196s) rc=0 demoted=0.0MiB read=0.0MiB
  [regular] call 144 step 146: 0.180s (orig 0.180s) rc=0 demoted=0.0MiB read=0.0MiB
  [regular] call 145 step 147: 0.182s (orig 0.177s) rc=0 demoted=0.0MiB read=0.0MiB
  [regular] call 146 step 148: 0.192s (orig 0.186s) rc=0 demoted=0.0MiB read=0.0MiB
  [regular] call 147 step 149: 0.178s (orig 0.175s) rc=0 demoted=0.0MiB read=0.0MiB
  [regular] call 148 step 150: 0.180s (orig 0.181s) rc=2 demoted=0.0MiB read=0.0MiB
  [regular] call 149 step 151: 0.183s (orig 0.180s) rc=0 demoted=0.0MiB read=0.0MiB
  [regular] call 150 step 152: 0.193s (orig 0.190s) rc=0 demoted=0.0MiB read=0.0MiB
  [regular] call 151 step 153: 0.190s (orig 0.183s) rc=0 demoted=0.0MiB read=0.0MiB
  [regular] call 152 step 154: 0.197s (orig 0.194s) rc=1 demoted=0.0MiB read=0.0MiB
  [regular] call 153 step 155: 0.182s (orig 0.189s) rc=0 demoted=0.0MiB read=0.0MiB
  [regular] call 154 step 156: 0.195s (orig 0.197s) rc=0 demoted=0.0MiB read=0.0MiB
  [regular] call 155 step 157: 0.179s (orig 0.183s) rc=1 demoted=0.0MiB read=0.0MiB
  [regular] call 156 step 158: 0.182s (orig 0.174s) rc=1 demoted=0.0MiB read=0.0MiB
  [regular] call 157 step 159: 0.185s (orig 0.186s) rc=0 demoted=0.0MiB read=0.0MiB
  [regular] call 158 step 160: 0.180s (orig 0.182s) rc=0 demoted=0.0MiB read=0.0MiB
  [regular] call 159 step 161: 0.181s (orig 0.182s) rc=0 demoted=0.0MiB read=0.0MiB
  [regular] call 160 step 162: 0.189s (orig 0.188s) rc=0 demoted=0.0MiB read=0.0MiB
  [regular] call 161 step 163: 0.184s (orig 0.177s) rc=0 demoted=0.0MiB read=0.0MiB
  [regular] call 162 step 164: 0.193s (orig 0.197s) rc=0 demoted=0.0MiB read=0.0MiB
  [regular] call 163 step 165: 0.183s (orig 0.176s) rc=0 demoted=0.0MiB read=0.0MiB
  [regular] call 164 step 166: 0.178s (orig 0.179s) rc=0 demoted=0.0MiB read=0.0MiB
  [regular] call 165 step 167: 0.195s (orig 0.185s) rc=0 demoted=0.0MiB read=27.9MiB
  [regular] call 166 step 168: 0.182s (orig 0.181s) rc=0 demoted=0.0MiB read=0.0MiB
  [regular] call 167 step 169: 0.182s (orig 0.181s) rc=0 demoted=0.0MiB read=0.0MiB
[54/58] django__django-13033 regular: total=36.580465624 orig=35.330722021 mismatches=166 err=None
[54/58] django__django-13033 lazy
minisweagent.environment: DEBUG: Starting container with command: docker run -d --name   
minisweagent-f8504d26 -w /testbed --rm                                                   
docker.io/swebench/sweb.eval.x86_64.django_1776_django-13033:latest sleep 2h             
minisweagent.environment: INFO: Started container minisweagent-f8504d26 with ID          
c75722a4da734ba67c9320cb480a9d73de6cfb41829b42dfaf9866d49aad5478                         
  [lazy] call 1 step 1: 0.265s (orig 0.178s) rc=0 demoted=3.6MiB read=47.8MiB
  [lazy] call 2 step 2: 0.604s (orig 0.283s) rc=0 demoted=24.4MiB read=68.7MiB
  [lazy] call 3 step 3: 0.611s (orig 0.261s) rc=0 demoted=35.5MiB read=68.5MiB
  [lazy] call 4 step 4: 0.598s (orig 0.263s) rc=0 demoted=35.4MiB read=68.7MiB
  [lazy] call 5 step 5: 0.261s (orig 0.177s) rc=0 demoted=35.8MiB read=45.2MiB
  [lazy] call 6 step 6: 0.256s (orig 0.173s) rc=0 demoted=23.3MiB read=45.4MiB
  [lazy] call 7 step 7: 0.257s (orig 0.174s) rc=0 demoted=23.0MiB read=46.3MiB
  [lazy] call 8 step 8: 0.257s (orig 0.179s) rc=0 demoted=23.6MiB read=45.1MiB
  [lazy] call 9 step 9: 1.064s (orig 0.343s) rc=0 demoted=23.2MiB read=120.1MiB
  [lazy] call 10 step 10: 0.256s (orig 0.181s) rc=0 demoted=67.8MiB read=46.5MiB
  [lazy] call 11 step 11: 0.262s (orig 0.174s) rc=1 demoted=23.8MiB read=46.5MiB
  [lazy] call 12 step 12: 0.257s (orig 0.175s) rc=0 demoted=23.9MiB read=46.5MiB
  [lazy] call 13 step 13: 0.256s (orig 0.184s) rc=0 demoted=24.2MiB read=46.5MiB
  [lazy] call 14 step 14: 0.266s (orig 0.176s) rc=0 demoted=24.0MiB read=46.9MiB
  [lazy] call 15 step 15: 0.260s (orig 0.176s) rc=0 demoted=24.1MiB read=46.5MiB
  [lazy] call 16 step 16: 0.259s (orig 0.179s) rc=0 demoted=23.9MiB read=46.7MiB
  [lazy] call 17 step 17: 0.256s (orig 0.176s) rc=0 demoted=23.6MiB read=46.4MiB
  [lazy] call 18 step 18: 0.261s (orig 0.174s) rc=1 demoted=23.7MiB read=46.5MiB
  [lazy] call 19 step 19: 0.255s (orig 0.176s) rc=2 demoted=24.9MiB read=45.3MiB
  [lazy] call 20 step 20: 0.253s (orig 0.171s) rc=2 demoted=23.2MiB read=45.3MiB
  [lazy] call 21 step 21: 0.273s (orig 0.191s) rc=0 demoted=23.0MiB read=48.7MiB
  [lazy] call 22 step 22: 0.257s (orig 0.175s) rc=0 demoted=26.1MiB read=46.4MiB
  [lazy] call 23 step 23: 0.254s (orig 0.179s) rc=0 demoted=23.7MiB read=45.1MiB
  [lazy] call 24 step 24: 0.275s (orig 0.193s) rc=0 demoted=23.1MiB read=55.2MiB
  [lazy] call 25 step 25: 0.258s (orig 0.181s) rc=0 demoted=28.1MiB read=45.1MiB
  [lazy] call 26 step 26: 0.277s (orig 0.193s) rc=0 demoted=23.1MiB read=55.2MiB
  [lazy] call 27 step 27: 0.256s (orig 0.180s) rc=0 demoted=28.2MiB read=45.1MiB
  [lazy] call 28 step 28: 0.282s (orig 0.194s) rc=0 demoted=23.3MiB read=55.2MiB
  [lazy] call 29 step 30: 0.313s (orig 0.215s) rc=0 demoted=28.0MiB read=67.7MiB
  [lazy] call 30 step 31: 0.825s (orig 0.637s) rc=0 demoted=34.4MiB read=100.0MiB
  [lazy] call 31 step 32: 0.253s (orig 0.181s) rc=0 demoted=52.9MiB read=44.8MiB
  [lazy] call 32 step 33: 0.276s (orig 0.195s) rc=0 demoted=23.1MiB read=54.9MiB
  [lazy] call 33 step 34: 0.254s (orig 0.176s) rc=0 demoted=28.2MiB read=44.8MiB
  [lazy] call 34 step 35: 0.275s (orig 0.194s) rc=0 demoted=23.0MiB read=55.2MiB
  [lazy] call 35 step 36: 0.260s (orig 0.175s) rc=0 demoted=28.2MiB read=45.1MiB
  [lazy] call 36 step 37: 0.276s (orig 0.193s) rc=0 demoted=23.1MiB read=54.6MiB
  [lazy] call 37 step 38: 0.550s (orig 0.394s) rc=0 demoted=27.8MiB read=97.2MiB
  [lazy] call 38 step 39: 0.275s (orig 0.194s) rc=1 demoted=49.2MiB read=54.9MiB
  [lazy] call 39 step 40: 0.549s (orig 0.396s) rc=1 demoted=28.0MiB read=97.1MiB
  [lazy] call 40 step 41: 0.603s (orig 0.439s) rc=1 demoted=49.3MiB read=99.4MiB
  [lazy] call 41 step 42: 0.258s (orig 0.182s) rc=0 demoted=50.6MiB read=46.5MiB
  [lazy] call 42 step 43: 0.259s (orig 0.177s) rc=0 demoted=24.6MiB read=45.4MiB
  [lazy] call 43 step 44: 0.257s (orig 0.179s) rc=0 demoted=23.4MiB read=45.1MiB
  [lazy] call 44 step 45: 0.253s (orig 0.179s) rc=0 demoted=23.1MiB read=45.1MiB
  [lazy] call 45 step 46: 0.281s (orig 0.190s) rc=0 demoted=23.3MiB read=55.3MiB
  [lazy] call 46 step 47: 0.256s (orig 0.179s) rc=0 demoted=28.1MiB read=45.1MiB
  [lazy] call 47 step 48: 0.278s (orig 0.192s) rc=0 demoted=23.4MiB read=55.2MiB
  [lazy] call 48 step 49: 0.436s (orig 0.299s) rc=1 demoted=28.2MiB read=88.2MiB
  [lazy] call 49 step 50: 0.433s (orig 0.290s) rc=1 demoted=44.6MiB read=87.6MiB
  [lazy] call 50 step 51: 0.434s (orig 0.292s) rc=0 demoted=44.4MiB read=87.6MiB
  [lazy] call 51 step 52: 0.254s (orig 0.181s) rc=0 demoted=44.4MiB read=44.8MiB
  [lazy] call 52 step 53: 0.433s (orig 0.296s) rc=1 demoted=22.9MiB read=87.9MiB
  [lazy] call 53 step 54: 0.708s (orig 0.517s) rc=1 demoted=44.4MiB read=101.7MiB
  [lazy] call 54 step 55: 0.256s (orig 0.180s) rc=0 demoted=52.1MiB read=44.8MiB
  [lazy] call 55 step 56: 0.672s (orig 0.490s) rc=1 demoted=23.1MiB read=101.4MiB
  [lazy] call 56 step 57: 0.565s (orig 0.389s) rc=1 demoted=51.5MiB read=97.4MiB
  [lazy] call 57 step 58: 0.258s (orig 0.182s) rc=0 demoted=49.2MiB read=44.8MiB
  [lazy] call 58 step 59: 0.280s (orig 0.194s) rc=0 demoted=22.8MiB read=54.8MiB
  [lazy] call 59 step 60: 0.256s (orig 0.175s) rc=0 demoted=27.7MiB read=44.8MiB
  [lazy] call 60 step 61: 0.277s (orig 0.195s) rc=0 demoted=23.1MiB read=54.9MiB
  [lazy] call 61 step 62: 0.281s (orig 0.194s) rc=0 demoted=27.9MiB read=54.9MiB
  [lazy] call 62 step 63: 0.256s (orig 0.179s) rc=0 demoted=28.0MiB read=44.8MiB
  [lazy] call 63 step 64: 0.257s (orig 0.176s) rc=0 demoted=23.0MiB read=44.8MiB
  [lazy] call 64 step 65: 0.276s (orig 0.191s) rc=0 demoted=23.0MiB read=55.0MiB
  [lazy] call 65 step 66: 0.278s (orig 0.192s) rc=0 demoted=27.9MiB read=54.9MiB
  [lazy] call 66 step 67: 0.279s (orig 0.196s) rc=0 demoted=28.0MiB read=54.9MiB
  [lazy] call 67 step 68: 0.255s (orig 0.178s) rc=0 demoted=27.8MiB read=45.1MiB
  [lazy] call 68 step 69: 0.273s (orig 0.190s) rc=0 demoted=23.3MiB read=54.2MiB
  [lazy] call 69 step 70: 0.260s (orig 0.175s) rc=0 demoted=27.7MiB read=45.3MiB
  [lazy] call 70 step 71: 0.275s (orig 0.191s) rc=0 demoted=23.3MiB read=55.3MiB
  [lazy] call 71 step 72: 0.316s (orig 0.213s) rc=0 demoted=28.2MiB read=67.7MiB
  [lazy] call 72 step 73: 0.255s (orig 0.178s) rc=0 demoted=34.5MiB read=44.8MiB
  [lazy] call 73 step 74: 0.275s (orig 0.190s) rc=0 demoted=23.1MiB read=54.9MiB
  [lazy] call 74 step 75: 0.261s (orig 0.178s) rc=0 demoted=28.1MiB read=44.9MiB
  [lazy] call 75 step 76: 0.275s (orig 0.189s) rc=0 demoted=23.0MiB read=55.0MiB
  [lazy] call 76 step 77: 0.311s (orig 0.210s) rc=0 demoted=27.9MiB read=67.4MiB
  [lazy] call 77 step 78: 0.253s (orig 0.177s) rc=0 demoted=34.6MiB read=44.8MiB
  [lazy] call 78 step 79: 0.279s (orig 0.185s) rc=0 demoted=22.9MiB read=54.9MiB
  [lazy] call 79 step 80: 0.276s (orig 0.194s) rc=0 demoted=27.9MiB read=54.9MiB
  [lazy] call 80 step 81: 0.272s (orig 0.193s) rc=0 demoted=27.9MiB read=53.6MiB
  [lazy] call 81 step 82: 0.256s (orig 0.179s) rc=0 demoted=27.3MiB read=44.8MiB
  [lazy] call 82 step 83: 0.271s (orig 0.187s) rc=0 demoted=23.8MiB read=53.9MiB
  [lazy] call 83 step 84: 0.257s (orig 0.180s) rc=0 demoted=27.6MiB read=44.8MiB
  [lazy] call 84 step 85: 0.274s (orig 0.194s) rc=0 demoted=23.1MiB read=55.0MiB
  [lazy] call 85 step 86: 0.279s (orig 0.188s) rc=1 demoted=27.9MiB read=55.0MiB
  [lazy] call 86 step 87: 0.551s (orig 0.376s) rc=1 demoted=28.8MiB read=96.8MiB
  [lazy] call 87 step 88: 0.606s (orig 0.433s) rc=1 demoted=50.0MiB read=98.1MiB
  [lazy] call 88 step 89: 0.633s (orig 0.460s) rc=0 demoted=49.8MiB read=99.6MiB
  [lazy] call 89 step 90: 0.634s (orig 0.441s) rc=1 demoted=50.8MiB read=99.9MiB
  [lazy] call 90 step 91: 0.663s (orig 0.474s) rc=0 demoted=50.8MiB read=103.2MiB
  [lazy] call 91 step 92: 0.256s (orig 0.180s) rc=2 demoted=52.3MiB read=44.5MiB
  [lazy] call 92 step 93: 0.606s (orig 0.425s) rc=1 demoted=23.5MiB read=96.9MiB
  [lazy] call 93 step 94: 0.646s (orig 0.464s) rc=0 demoted=49.3MiB read=103.5MiB
  [lazy] call 94 step 95: 0.258s (orig 0.181s) rc=0 demoted=52.5MiB read=46.1MiB
  [lazy] call 95 step 97: 0.254s (orig 0.178s) rc=2 demoted=23.5MiB read=44.7MiB
  [lazy] call 96 step 98: 0.257s (orig 0.183s) rc=0 demoted=23.1MiB read=44.7MiB
  [lazy] call 97 step 99: 0.272s (orig 0.196s) rc=0 demoted=22.9MiB read=54.9MiB
  [lazy] call 98 step 100: 0.261s (orig 0.183s) rc=0 demoted=27.9MiB read=46.1MiB
  [lazy] call 99 step 101: 0.259s (orig 0.189s) rc=0 demoted=24.7MiB read=46.4MiB
  [lazy] call 100 step 102: 0.253s (orig 0.179s) rc=0 demoted=24.1MiB read=46.1MiB
  [lazy] call 101 step 103: 0.260s (orig 0.182s) rc=0 demoted=24.4MiB read=52.8MiB
  [lazy] call 102 step 104: 0.254s (orig 0.181s) rc=0 demoted=28.0MiB read=44.2MiB
  [lazy] call 103 step 105: 0.255s (orig 0.178s) rc=0 demoted=22.6MiB read=44.7MiB
  [lazy] call 104 step 106: 0.268s (orig 0.192s) rc=0 demoted=23.0MiB read=52.3MiB
  [lazy] call 105 step 107: 0.250s (orig 0.181s) rc=0 demoted=26.7MiB read=43.6MiB
  [lazy] call 106 step 108: 0.250s (orig 0.181s) rc=0 demoted=22.2MiB read=42.2MiB
  [lazy] call 107 step 109: 0.253s (orig 0.177s) rc=0 demoted=21.7MiB read=44.5MiB
  [lazy] call 108 step 110: 0.247s (orig 0.179s) rc=0 demoted=23.0MiB read=42.2MiB
  [lazy] call 109 step 111: 0.271s (orig 0.195s) rc=0 demoted=21.8MiB read=52.4MiB
  [lazy] call 110 step 112: 0.256s (orig 0.174s) rc=0 demoted=26.8MiB read=45.8MiB
  [lazy] call 111 step 113: 0.256s (orig 0.178s) rc=0 demoted=23.7MiB read=45.9MiB
  [lazy] call 112 step 114: 0.251s (orig 0.180s) rc=2 demoted=24.1MiB read=44.3MiB
  [lazy] call 113 step 115: 0.256s (orig 0.183s) rc=0 demoted=22.6MiB read=44.1MiB
  [lazy] call 114 step 116: 0.272s (orig 0.189s) rc=0 demoted=22.7MiB read=54.2MiB
  [lazy] call 115 step 117: 0.255s (orig 0.176s) rc=0 demoted=27.7MiB read=45.7MiB
  [lazy] call 116 step 118: 0.255s (orig 0.175s) rc=0 demoted=23.5MiB read=46.0MiB
  [lazy] call 117 step 119: 0.258s (orig 0.178s) rc=2 demoted=23.5MiB read=44.6MiB
  [lazy] call 118 step 120: 0.258s (orig 0.178s) rc=0 demoted=22.8MiB read=44.7MiB
  [lazy] call 119 step 121: 0.277s (orig 0.193s) rc=0 demoted=23.0MiB read=54.8MiB
  [lazy] call 120 step 122: 0.257s (orig 0.176s) rc=0 demoted=28.1MiB read=46.0MiB
  [lazy] call 121 step 123: 0.257s (orig 0.179s) rc=2 demoted=23.4MiB read=44.6MiB
  [lazy] call 122 step 124: 0.257s (orig 0.179s) rc=0 demoted=22.8MiB read=44.7MiB
  [lazy] call 123 step 125: 0.279s (orig 0.194s) rc=0 demoted=22.9MiB read=54.7MiB
  [lazy] call 124 step 126: 0.260s (orig 0.180s) rc=0 demoted=28.2MiB read=46.6MiB
  [lazy] call 125 step 127: 0.257s (orig 0.185s) rc=2 demoted=23.8MiB read=45.0MiB
  [lazy] call 126 step 128: 0.257s (orig 0.186s) rc=0 demoted=23.0MiB read=45.1MiB
  [lazy] call 127 step 129: 0.259s (orig 0.193s) rc=1 demoted=23.2MiB read=45.2MiB
  [lazy] call 128 step 130: 0.261s (orig 0.181s) rc=0 demoted=23.3MiB read=47.2MiB
  [lazy] call 129 step 131: 0.256s (orig 0.183s) rc=0 demoted=24.2MiB read=45.1MiB
  [lazy] call 130 step 132: 0.276s (orig 0.194s) rc=0 demoted=23.2MiB read=55.3MiB
  [lazy] call 131 step 133: 0.255s (orig 0.182s) rc=0 demoted=28.2MiB read=46.4MiB
  [lazy] call 132 step 134: 0.252s (orig 0.182s) rc=0 demoted=23.8MiB read=44.9MiB
  [lazy] call 133 step 135: 0.263s (orig 0.184s) rc=0 demoted=23.0MiB read=47.2MiB
  [lazy] call 134 step 136: 0.255s (orig 0.181s) rc=0 demoted=24.3MiB read=45.0MiB
  [lazy] call 135 step 137: 0.279s (orig 0.187s) rc=0 demoted=23.4MiB read=55.2MiB
  [lazy] call 136 step 138: 0.255s (orig 0.178s) rc=0 demoted=28.0MiB read=46.4MiB
  [lazy] call 137 step 139: 0.256s (orig 0.178s) rc=2 demoted=23.8MiB read=45.0MiB
  [lazy] call 138 step 140: 0.255s (orig 0.181s) rc=0 demoted=22.9MiB read=45.0MiB
  [lazy] call 139 step 141: 0.272s (orig 0.194s) rc=0 demoted=23.3MiB read=55.2MiB
  [lazy] call 140 step 142: 0.259s (orig 0.184s) rc=0 demoted=28.2MiB read=46.4MiB
  [lazy] call 141 step 143: 0.281s (orig 0.195s) rc=1 demoted=23.8MiB read=57.2MiB
  [lazy] call 142 step 144: 0.250s (orig 0.185s) rc=0 demoted=29.2MiB read=44.1MiB
  [lazy] call 143 step 145: 0.276s (orig 0.196s) rc=0 demoted=22.7MiB read=55.2MiB
  [lazy] call 144 step 146: 0.257s (orig 0.180s) rc=0 demoted=27.9MiB read=46.3MiB
  [lazy] call 145 step 147: 0.261s (orig 0.177s) rc=0 demoted=23.7MiB read=45.0MiB
  [lazy] call 146 step 148: 0.281s (orig 0.186s) rc=0 demoted=23.3MiB read=55.1MiB
  [lazy] call 147 step 149: 0.256s (orig 0.175s) rc=0 demoted=29.0MiB read=44.8MiB
  [lazy] call 148 step 150: 0.259s (orig 0.181s) rc=2 demoted=22.9MiB read=44.9MiB
  [lazy] call 149 step 151: 0.256s (orig 0.180s) rc=0 demoted=23.0MiB read=45.0MiB
  [lazy] call 150 step 152: 0.279s (orig 0.190s) rc=0 demoted=23.2MiB read=55.1MiB
  [lazy] call 151 step 153: 0.260s (orig 0.183s) rc=0 demoted=28.5MiB read=46.3MiB
  [lazy] call 152 step 154: 0.286s (orig 0.194s) rc=1 demoted=23.8MiB read=57.2MiB
  [lazy] call 153 step 155: 0.253s (orig 0.189s) rc=0 demoted=29.0MiB read=42.0MiB
  [lazy] call 154 step 156: 0.274s (orig 0.197s) rc=0 demoted=22.5MiB read=54.2MiB
  [lazy] call 155 step 157: 0.258s (orig 0.183s) rc=1 demoted=27.9MiB read=46.4MiB
  [lazy] call 156 step 158: 0.257s (orig 0.174s) rc=1 demoted=23.7MiB read=46.3MiB
  [lazy] call 157 step 159: 0.260s (orig 0.186s) rc=0 demoted=23.6MiB read=45.9MiB
  [lazy] call 158 step 160: 0.257s (orig 0.182s) rc=0 demoted=23.5MiB read=46.8MiB
  [lazy] call 159 step 161: 0.258s (orig 0.182s) rc=0 demoted=25.0MiB read=46.3MiB
  [lazy] call 160 step 162: 0.266s (orig 0.188s) rc=0 demoted=24.0MiB read=47.4MiB
  [lazy] call 161 step 163: 0.255s (orig 0.177s) rc=0 demoted=24.7MiB read=45.1MiB
  [lazy] call 162 step 164: 0.275s (orig 0.197s) rc=0 demoted=23.3MiB read=55.3MiB
  [lazy] call 163 step 165: 0.253s (orig 0.176s) rc=0 demoted=28.9MiB read=45.4MiB
  [lazy] call 164 step 166: 0.257s (orig 0.179s) rc=0 demoted=23.2MiB read=45.4MiB
  [lazy] call 165 step 167: 0.271s (orig 0.185s) rc=0 demoted=23.2MiB read=79.9MiB
  [lazy] call 166 step 168: 0.255s (orig 0.181s) rc=0 demoted=41.0MiB read=44.6MiB
  [lazy] call 167 step 169: 0.251s (orig 0.181s) rc=0 demoted=23.6MiB read=44.1MiB
[54/58] django__django-13033 lazy: total=51.65386571799999 orig=35.330722021 mismatches=166 err=None
[55/58] django__django-13089 regular
minisweagent.environment: DEBUG: Starting container with command: docker run -d --name   
minisweagent-f7f5dfd4 -w /testbed --rm                                                   
docker.io/swebench/sweb.eval.x86_64.django_1776_django-13089:latest sleep 2h             
minisweagent.environment: INFO: Started container minisweagent-f7f5dfd4 with ID          
06ac0919d17ab24226209aec54440997febbc1196dace650c01e130882480396                         
  [regular] call 1 step 1: 0.732s (orig 0.313s) rc=0 demoted=0.0MiB read=71.7MiB
  [regular] call 2 step 2: 0.185s (orig 0.179s) rc=0 demoted=0.0MiB read=0.0MiB
  [regular] call 3 step 3: 0.183s (orig 0.177s) rc=0 demoted=0.0MiB read=0.0MiB
  [regular] call 4 step 4: 0.187s (orig 0.182s) rc=1 demoted=0.0MiB read=0.3MiB
  [regular] call 5 step 5: 0.189s (orig 0.178s) rc=0 demoted=0.0MiB read=0.1MiB
  [regular] call 6 step 6: 0.188s (orig 0.181s) rc=1 demoted=0.0MiB read=0.3MiB
  [regular] call 7 step 7: 0.183s (orig 0.182s) rc=2 demoted=0.0MiB read=0.0MiB
  [regular] call 8 step 8: 0.182s (orig 0.183s) rc=0 demoted=0.0MiB read=0.0MiB
  [regular] call 9 step 9: 0.178s (orig 0.182s) rc=0 demoted=0.0MiB read=0.0MiB
  [regular] call 10 step 10: 0.199s (orig 0.183s) rc=0 demoted=0.0MiB read=35.6MiB
  [regular] call 11 step 11: 0.181s (orig 0.181s) rc=0 demoted=0.0MiB read=0.0MiB
  [regular] call 12 step 12: 0.187s (orig 0.176s) rc=0 demoted=0.0MiB read=0.0MiB
[55/58] django__django-13089 regular: total=2.7739159069999997 orig=2.2966475639999997 mismatches=11 err=None
[55/58] django__django-13089 lazy
minisweagent.environment: DEBUG: Starting container with command: docker run -d --name   
minisweagent-627f9970 -w /testbed --rm                                                   
docker.io/swebench/sweb.eval.x86_64.django_1776_django-13089:latest sleep 2h             
minisweagent.environment: INFO: Started container minisweagent-627f9970 with ID          
ba7b0961351ea151687f3b6a32e81e5f0a26f0e45b4af157a599d77376c96bb7                         
  [lazy] call 1 step 1: 0.732s (orig 0.313s) rc=0 demoted=3.4MiB read=76.2MiB
  [lazy] call 2 step 2: 0.266s (orig 0.179s) rc=0 demoted=39.2MiB read=46.8MiB
  [lazy] call 3 step 3: 0.265s (orig 0.177s) rc=0 demoted=23.9MiB read=46.4MiB
  [lazy] call 4 step 4: 0.260s (orig 0.182s) rc=1 demoted=23.7MiB read=46.7MiB
  [lazy] call 5 step 5: 0.257s (orig 0.178s) rc=0 demoted=24.0MiB read=45.1MiB
  [lazy] call 6 step 6: 0.262s (orig 0.181s) rc=1 demoted=23.0MiB read=47.4MiB
  [lazy] call 7 step 7: 0.257s (orig 0.182s) rc=2 demoted=24.3MiB read=44.9MiB
  [lazy] call 8 step 8: 0.264s (orig 0.183s) rc=0 demoted=22.9MiB read=47.4MiB
  [lazy] call 9 step 9: 0.257s (orig 0.182s) rc=0 demoted=24.5MiB read=46.2MiB
  [lazy] call 10 step 10: 0.277s (orig 0.183s) rc=0 demoted=23.6MiB read=81.9MiB
  [lazy] call 11 step 11: 0.264s (orig 0.181s) rc=0 demoted=42.0MiB read=44.9MiB
  [lazy] call 12 step 12: 0.261s (orig 0.176s) rc=0 demoted=22.8MiB read=44.9MiB
[55/58] django__django-13089 lazy: total=3.622472307 orig=2.2966475639999997 mismatches=11 err=None
[56/58] django__django-13109 regular
minisweagent.environment: DEBUG: Starting container with command: docker run -d --name   
minisweagent-082eb7d4 -w /testbed --rm                                                   
docker.io/swebench/sweb.eval.x86_64.django_1776_django-13109:latest sleep 2h             
minisweagent.environment: INFO: Started container minisweagent-082eb7d4 with ID          
21762ea9c70ec16307d26fb6cc3bc3e9d84768652cbe3bb55026566bde2a0c51                         
  [regular] call 1 step 2: 0.262s (orig 0.180s) rc=0 demoted=0.0MiB read=41.9MiB
  [regular] call 2 step 3: 0.187s (orig 0.176s) rc=0 demoted=0.0MiB read=0.3MiB
  [regular] call 3 step 4: 0.185s (orig 0.172s) rc=0 demoted=0.0MiB read=1.4MiB
  [regular] call 4 step 5: 0.182s (orig 0.175s) rc=0 demoted=0.0MiB read=0.0MiB
  [regular] call 5 step 6: 0.180s (orig 0.174s) rc=0 demoted=0.0MiB read=0.5MiB
  [regular] call 6 step 7: 0.188s (orig 0.181s) rc=0 demoted=0.0MiB read=0.1MiB
  [regular] call 7 step 8: 0.643s (orig 0.549s) rc=1 demoted=0.0MiB read=52.3MiB
  [regular] call 8 step 9: 0.184s (orig 0.175s) rc=0 demoted=0.0MiB read=0.0MiB
  [regular] call 9 step 10: 0.621s (orig 0.590s) rc=1 demoted=0.0MiB read=7.8MiB
  [regular] call 10 step 11: 0.185s (orig 0.174s) rc=0 demoted=0.0MiB read=0.0MiB
  [regular] call 11 step 12: 0.480s (orig 0.469s) rc=1 demoted=0.0MiB read=0.0MiB
  [regular] call 12 step 13: 0.195s (orig 0.172s) rc=0 demoted=0.0MiB read=0.0MiB
  [regular] call 13 step 14: 0.525s (orig 0.505s) rc=1 demoted=0.0MiB read=1.8MiB
  [regular] call 14 step 15: 0.189s (orig 0.182s) rc=0 demoted=0.0MiB read=0.0MiB
  [regular] call 15 step 16: 0.462s (orig 0.455s) rc=0 demoted=0.0MiB read=0.0MiB
  [regular] call 16 step 17: 0.185s (orig 0.178s) rc=0 demoted=0.0MiB read=0.0MiB
  [regular] call 17 step 18: 0.463s (orig 0.450s) rc=0 demoted=0.0MiB read=0.0MiB
  [regular] call 18 step 19: 0.199s (orig 0.178s) rc=0 demoted=0.0MiB read=28.1MiB
  [regular] call 19 step 20: 0.182s (orig 0.177s) rc=0 demoted=0.0MiB read=0.0MiB
  [regular] call 20 step 21: 0.199s (orig 0.192s) rc=0 demoted=0.0MiB read=3.3MiB
  [regular] call 21 step 22: 0.197s (orig 0.191s) rc=0 demoted=0.0MiB read=0.0MiB
  [regular] call 22 step 23: 0.739s (orig 0.514s) rc=0 demoted=0.0MiB read=120.6MiB
  [regular] call 23 step 24: 0.192s (orig 0.190s) rc=0 demoted=0.0MiB read=0.0MiB
  [regular] call 24 step 25: 0.181s (orig 0.174s) rc=0 demoted=0.0MiB read=0.0MiB
  [regular] call 25 step 26: 0.225s (orig 0.218s) rc=0 demoted=0.0MiB read=0.0MiB
  [regular] call 26 step 27: 0.184s (orig 0.174s) rc=0 demoted=0.0MiB read=0.0MiB
  [regular] call 27 step 28: 0.186s (orig 0.180s) rc=0 demoted=0.0MiB read=0.4MiB
  [regular] call 28 step 29: 0.183s (orig 0.178s) rc=0 demoted=0.0MiB read=0.0MiB
  [regular] call 29 step 30: 0.183s (orig 0.180s) rc=0 demoted=0.0MiB read=0.3MiB
  [regular] call 30 step 31: 0.185s (orig 0.180s) rc=0 demoted=0.0MiB read=0.0MiB
  [regular] call 31 step 32: 0.184s (orig 0.179s) rc=0 demoted=0.0MiB read=0.2MiB
  [regular] call 32 step 33: 0.184s (orig 0.182s) rc=0 demoted=0.0MiB read=0.0MiB
  [regular] call 33 step 34: 0.180s (orig 0.177s) rc=0 demoted=0.0MiB read=0.0MiB
  [regular] call 34 step 35: 0.186s (orig 0.184s) rc=0 demoted=0.0MiB read=0.0MiB
  [regular] call 35 step 36: 0.180s (orig 0.178s) rc=0 demoted=0.0MiB read=0.0MiB
  [regular] call 36 step 37: 0.187s (orig 0.186s) rc=0 demoted=0.0MiB read=0.0MiB
  [regular] call 37 step 38: 0.186s (orig 0.188s) rc=0 demoted=0.0MiB read=0.0MiB
  [regular] call 38 step 39: 0.183s (orig 0.181s) rc=0 demoted=0.0MiB read=0.0MiB
  [regular] call 39 step 40: 0.199s (orig 0.196s) rc=0 demoted=0.0MiB read=0.0MiB
  [regular] call 40 step 41: 0.184s (orig 0.181s) rc=0 demoted=0.0MiB read=0.0MiB
  [regular] call 41 step 42: 0.230s (orig 0.229s) rc=0 demoted=0.0MiB read=0.0MiB
  [regular] call 42 step 43: 0.181s (orig 0.181s) rc=0 demoted=0.0MiB read=0.0MiB
  [regular] call 43 step 44: 0.191s (orig 0.188s) rc=0 demoted=0.0MiB read=8.3MiB
  [regular] call 44 step 45: 0.182s (orig 0.175s) rc=0 demoted=0.0MiB read=0.0MiB
  [regular] call 45 step 46: 0.178s (orig 0.181s) rc=0 demoted=0.0MiB read=0.0MiB
  [regular] call 46 step 47: 0.177s (orig 0.186s) rc=0 demoted=0.0MiB read=0.0MiB
  [regular] call 47 step 48: 0.180s (orig 0.179s) rc=0 demoted=0.0MiB read=0.0MiB
  [regular] call 48 step 49: 0.184s (orig 0.179s) rc=0 demoted=0.0MiB read=0.0MiB
  [regular] call 49 step 50: 0.183s (orig 0.183s) rc=0 demoted=0.0MiB read=0.0MiB
[56/58] django__django-13109 regular: total=11.888291494 orig=11.1989571 mismatches=48 err=None
[56/58] django__django-13109 lazy
minisweagent.environment: DEBUG: Starting container with command: docker run -d --name   
minisweagent-78d97f46 -w /testbed --rm                                                   
docker.io/swebench/sweb.eval.x86_64.django_1776_django-13109:latest sleep 2h             
minisweagent.environment: INFO: Started container minisweagent-78d97f46 with ID          
fc758ded0fac6021bd231476bec34c1ded42eec7405f90009911bb7ef5ab6564                         
  [lazy] call 1 step 2: 0.271s (orig 0.180s) rc=0 demoted=3.1MiB read=46.7MiB
  [lazy] call 2 step 3: 0.259s (orig 0.176s) rc=0 demoted=23.8MiB read=46.3MiB
  [lazy] call 3 step 4: 0.262s (orig 0.172s) rc=0 demoted=23.8MiB read=45.8MiB
  [lazy] call 4 step 5: 0.259s (orig 0.175s) rc=0 demoted=23.4MiB read=45.5MiB
  [lazy] call 5 step 6: 0.259s (orig 0.174s) rc=0 demoted=23.3MiB read=46.2MiB
  [lazy] call 6 step 7: 0.261s (orig 0.181s) rc=0 demoted=23.6MiB read=44.1MiB
  [lazy] call 7 step 8: 0.721s (orig 0.549s) rc=1 demoted=22.7MiB read=97.5MiB
  [lazy] call 8 step 9: 0.263s (orig 0.175s) rc=0 demoted=51.3MiB read=44.6MiB
  [lazy] call 9 step 10: 0.800s (orig 0.590s) rc=1 demoted=22.8MiB read=105.6MiB
  [lazy] call 10 step 11: 0.254s (orig 0.174s) rc=0 demoted=57.0MiB read=42.1MiB
  [lazy] call 11 step 12: 0.675s (orig 0.469s) rc=1 demoted=21.6MiB read=104.2MiB
  [lazy] call 12 step 13: 0.256s (orig 0.172s) rc=0 demoted=52.9MiB read=43.5MiB
  [lazy] call 13 step 14: 0.719s (orig 0.505s) rc=1 demoted=22.8MiB read=105.2MiB
  [lazy] call 14 step 15: 0.254s (orig 0.182s) rc=0 demoted=53.5MiB read=43.1MiB
  [lazy] call 15 step 16: 0.648s (orig 0.455s) rc=0 demoted=22.2MiB read=103.5MiB
  [lazy] call 16 step 17: 0.264s (orig 0.178s) rc=0 demoted=52.5MiB read=46.5MiB
  [lazy] call 17 step 18: 0.659s (orig 0.450s) rc=0 demoted=23.9MiB read=103.4MiB
  [lazy] call 18 step 19: 0.283s (orig 0.178s) rc=0 demoted=52.5MiB read=80.9MiB
  [lazy] call 19 step 20: 0.256s (orig 0.177s) rc=0 demoted=41.1MiB read=43.9MiB
  [lazy] call 20 step 21: 0.286s (orig 0.192s) rc=0 demoted=22.7MiB read=84.6MiB
  [lazy] call 21 step 22: 0.287s (orig 0.191s) rc=0 demoted=43.9MiB read=83.3MiB
  [lazy] call 22 step 23: 0.825s (orig 0.514s) rc=0 demoted=42.5MiB read=208.1MiB
  [lazy] call 23 step 24: 0.281s (orig 0.190s) rc=0 demoted=122.5MiB read=72.0MiB
  [lazy] call 24 step 25: 0.258s (orig 0.174s) rc=0 demoted=36.8MiB read=46.1MiB
  [lazy] call 25 step 26: 0.339s (orig 0.218s) rc=0 demoted=23.5MiB read=107.3MiB
  [lazy] call 26 step 27: 0.265s (orig 0.174s) rc=0 demoted=65.5MiB read=46.4MiB
  [lazy] call 27 step 28: 0.267s (orig 0.180s) rc=0 demoted=23.8MiB read=46.8MiB
  [lazy] call 28 step 29: 0.262s (orig 0.178s) rc=0 demoted=24.4MiB read=46.4MiB
  [lazy] call 29 step 30: 0.265s (orig 0.180s) rc=0 demoted=24.8MiB read=47.3MiB
  [lazy] call 30 step 31: 0.261s (orig 0.180s) rc=0 demoted=24.3MiB read=46.6MiB
  [lazy] call 31 step 32: 0.259s (orig 0.179s) rc=0 demoted=23.8MiB read=45.0MiB
  [lazy] call 32 step 33: 0.264s (orig 0.182s) rc=0 demoted=23.1MiB read=46.8MiB
  [lazy] call 33 step 34: 0.259s (orig 0.177s) rc=0 demoted=24.2MiB read=46.5MiB
  [lazy] call 34 step 35: 0.278s (orig 0.184s) rc=0 demoted=23.8MiB read=81.3MiB
  [lazy] call 35 step 36: 0.260s (orig 0.178s) rc=0 demoted=41.5MiB read=44.6MiB
  [lazy] call 36 step 37: 0.269s (orig 0.186s) rc=0 demoted=22.8MiB read=47.2MiB
  [lazy] call 37 step 38: 0.278s (orig 0.188s) rc=0 demoted=24.6MiB read=81.3MiB
  [lazy] call 38 step 39: 0.258s (orig 0.181s) rc=0 demoted=41.4MiB read=44.3MiB
  [lazy] call 39 step 40: 0.291s (orig 0.196s) rc=0 demoted=22.7MiB read=84.2MiB
  [lazy] call 40 step 41: 0.254s (orig 0.181s) rc=0 demoted=43.4MiB read=44.1MiB
  [lazy] call 41 step 42: 0.346s (orig 0.229s) rc=0 demoted=22.6MiB read=108.9MiB
  [lazy] call 42 step 43: 0.257s (orig 0.181s) rc=0 demoted=65.9MiB read=44.1MiB
  [lazy] call 43 step 44: 0.276s (orig 0.188s) rc=0 demoted=23.1MiB read=87.7MiB
  [lazy] call 44 step 45: 0.254s (orig 0.175s) rc=0 demoted=44.8MiB read=43.9MiB
  [lazy] call 45 step 46: 0.255s (orig 0.181s) rc=0 demoted=22.6MiB read=43.8MiB
  [lazy] call 46 step 47: 0.253s (orig 0.186s) rc=0 demoted=22.6MiB read=43.9MiB
  [lazy] call 47 step 48: 0.248s (orig 0.179s) rc=0 demoted=22.6MiB read=43.8MiB
  [lazy] call 48 step 49: 0.256s (orig 0.179s) rc=0 demoted=22.4MiB read=43.4MiB
  [lazy] call 49 step 50: 0.253s (orig 0.183s) rc=0 demoted=22.2MiB read=44.1MiB
[56/58] django__django-13109 lazy: total=16.284904327000003 orig=11.1989571 mismatches=48 err=None
[57/58] django__django-13112 regular
minisweagent.environment: DEBUG: Starting container with command: docker run -d --name   
minisweagent-63543f81 -w /testbed --rm                                                   
docker.io/swebench/sweb.eval.x86_64.django_1776_django-13112:latest sleep 2h             
minisweagent.environment: INFO: Started container minisweagent-63543f81 with ID          
995f3489fc21b2c89d7bb4d1cd29a091e94253a73390d936921d9bf9571a9a1d                         
  [regular] call 1 step 1: 0.723s (orig 0.315s) rc=0 demoted=0.0MiB read=69.8MiB
  [regular] call 2 step 2: 0.310s (orig 0.293s) rc=0 demoted=0.0MiB read=0.0MiB
  [regular] call 3 step 3: 0.312s (orig 0.299s) rc=0 demoted=0.0MiB read=0.0MiB
  [regular] call 4 step 4: 0.309s (orig 0.301s) rc=123 demoted=0.0MiB read=1.5MiB
  [regular] call 5 step 5: 0.311s (orig 0.298s) rc=123 demoted=0.0MiB read=0.0MiB
  [regular] call 6 step 6: 0.306s (orig 0.299s) rc=123 demoted=0.0MiB read=0.0MiB
  [regular] call 7 step 7: 11.969s (orig 10.211s) rc=0 demoted=0.0MiB read=195.3MiB
  [regular] call 8 step 8: 0.187s (orig 0.183s) rc=0 demoted=0.0MiB read=0.1MiB
  [regular] call 9 step 9: 0.185s (orig 0.183s) rc=0 demoted=0.0MiB read=0.1MiB
  [regular] call 10 step 10: 0.183s (orig 0.184s) rc=0 demoted=0.0MiB read=0.0MiB
  [regular] call 11 step 11: 0.185s (orig 0.179s) rc=0 demoted=0.0MiB read=0.0MiB
  [regular] call 12 step 12: 0.194s (orig 0.179s) rc=0 demoted=0.0MiB read=0.0MiB
  [regular] call 13 step 13: 0.183s (orig 0.177s) rc=0 demoted=0.0MiB read=0.0MiB
  [regular] call 14 step 14: 0.192s (orig 0.175s) rc=1 demoted=0.0MiB read=0.0MiB
  [regular] call 15 step 15: 0.191s (orig 0.181s) rc=1 demoted=0.0MiB read=0.0MiB
  [regular] call 16 step 16: 0.185s (orig 0.183s) rc=0 demoted=0.0MiB read=0.0MiB
  [regular] call 17 step 17: 0.193s (orig 0.181s) rc=0 demoted=0.0MiB read=0.0MiB
  [regular] call 18 step 18: 0.184s (orig 0.175s) rc=0 demoted=0.0MiB read=0.0MiB
  [regular] call 19 step 19: 0.181s (orig 0.179s) rc=1 demoted=0.0MiB read=0.0MiB
  [regular] call 20 step 20: 0.186s (orig 0.175s) rc=1 demoted=0.0MiB read=0.0MiB
  [regular] call 21 step 21: 0.182s (orig 0.177s) rc=0 demoted=0.0MiB read=0.0MiB
  [regular] call 22 step 22: 0.184s (orig 0.179s) rc=0 demoted=0.0MiB read=0.0MiB
  [regular] call 23 step 23: 0.186s (orig 0.178s) rc=0 demoted=0.0MiB read=0.0MiB
  [regular] call 24 step 24: 0.191s (orig 0.182s) rc=0 demoted=0.0MiB read=0.0MiB
  [regular] call 25 step 25: 0.192s (orig 0.178s) rc=0 demoted=0.0MiB read=0.0MiB
  [regular] call 26 step 26: 0.188s (orig 0.174s) rc=0 demoted=0.0MiB read=0.0MiB
  [regular] call 27 step 27: 0.184s (orig 0.178s) rc=0 demoted=0.0MiB read=0.0MiB
  [regular] call 28 step 28: 0.186s (orig 0.175s) rc=0 demoted=0.0MiB read=0.0MiB
  [regular] call 29 step 29: 0.188s (orig 0.180s) rc=1 demoted=0.0MiB read=0.0MiB
  [regular] call 30 step 30: 0.191s (orig 0.177s) rc=1 demoted=0.0MiB read=0.0MiB
  [regular] call 31 step 31: 0.186s (orig 0.179s) rc=0 demoted=0.0MiB read=0.0MiB
  [regular] call 32 step 32: 0.188s (orig 0.182s) rc=1 demoted=0.0MiB read=0.0MiB
  [regular] call 33 step 33: 0.187s (orig 0.177s) rc=0 demoted=0.0MiB read=0.0MiB
  [regular] call 34 step 34: 0.183s (orig 0.177s) rc=0 demoted=0.0MiB read=0.0MiB
  [regular] call 35 step 35: 0.183s (orig 0.180s) rc=0 demoted=0.0MiB read=0.0MiB
  [regular] call 36 step 36: 0.186s (orig 0.180s) rc=0 demoted=0.0MiB read=0.0MiB
  [regular] call 37 step 37: 0.189s (orig 0.179s) rc=0 demoted=0.0MiB read=0.0MiB
  [regular] call 38 step 38: 0.187s (orig 0.178s) rc=1 demoted=0.0MiB read=0.0MiB
  [regular] call 39 step 39: 0.187s (orig 0.179s) rc=0 demoted=0.0MiB read=0.0MiB
  [regular] call 40 step 40: 0.190s (orig 0.182s) rc=0 demoted=0.0MiB read=0.0MiB
  [regular] call 41 step 41: 0.182s (orig 0.180s) rc=0 demoted=0.0MiB read=0.0MiB
  [regular] call 42 step 42: 0.182s (orig 0.175s) rc=0 demoted=0.0MiB read=0.0MiB
[57/58] django__django-13112 regular: total=20.770454842 orig=18.277216261000003 mismatches=41 err=None
[57/58] django__django-13112 lazy
minisweagent.environment: DEBUG: Starting container with command: docker run -d --name   
minisweagent-64c6eee7 -w /testbed --rm                                                   
docker.io/swebench/sweb.eval.x86_64.django_1776_django-13112:latest sleep 2h             
minisweagent.environment: INFO: Started container minisweagent-64c6eee7 with ID          
5ef3dc22acc43444a2ab42ed3cb88419708199425c30bc9ac4c9210722dc61b0                         
  [lazy] call 1 step 1: 0.725s (orig 0.315s) rc=0 demoted=3.1MiB read=74.3MiB
  [lazy] call 2 step 2: 0.719s (orig 0.293s) rc=0 demoted=38.1MiB read=74.0MiB
  [lazy] call 3 step 3: 0.709s (orig 0.299s) rc=0 demoted=37.6MiB read=73.7MiB
  [lazy] call 4 step 4: 0.729s (orig 0.301s) rc=123 demoted=37.5MiB read=75.2MiB
  [lazy] call 5 step 5: 0.728s (orig 0.298s) rc=123 demoted=38.6MiB read=74.9MiB
  [lazy] call 6 step 6: 0.706s (orig 0.299s) rc=123 demoted=39.4MiB read=75.0MiB
  [lazy] call 7 step 7: 12.303s (orig 10.211s) rc=0 demoted=38.7MiB read=270.5MiB
  [lazy] call 8 step 8: 0.255s (orig 0.183s) rc=0 demoted=158.4MiB read=44.6MiB
  [lazy] call 9 step 9: 0.257s (orig 0.183s) rc=0 demoted=22.8MiB read=46.0MiB
  [lazy] call 10 step 10: 0.255s (orig 0.184s) rc=0 demoted=23.6MiB read=45.7MiB
  [lazy] call 11 step 11: 0.255s (orig 0.179s) rc=0 demoted=24.4MiB read=44.7MiB
  [lazy] call 12 step 12: 0.257s (orig 0.179s) rc=0 demoted=23.9MiB read=44.5MiB
  [lazy] call 13 step 13: 0.252s (orig 0.177s) rc=0 demoted=23.5MiB read=43.8MiB
  [lazy] call 14 step 14: 0.255s (orig 0.175s) rc=1 demoted=22.6MiB read=45.3MiB
  [lazy] call 15 step 15: 0.260s (orig 0.181s) rc=1 demoted=23.3MiB read=45.5MiB
  [lazy] call 16 step 16: 0.258s (orig 0.183s) rc=0 demoted=23.6MiB read=45.5MiB
  [lazy] call 17 step 17: 0.256s (orig 0.181s) rc=0 demoted=23.6MiB read=45.6MiB
  [lazy] call 18 step 18: 0.259s (orig 0.175s) rc=0 demoted=24.0MiB read=45.4MiB
  [lazy] call 19 step 19: 0.261s (orig 0.179s) rc=1 demoted=23.4MiB read=45.4MiB
  [lazy] call 20 step 20: 0.259s (orig 0.175s) rc=1 demoted=23.5MiB read=45.7MiB
  [lazy] call 21 step 21: 0.256s (orig 0.177s) rc=0 demoted=23.5MiB read=45.7MiB
  [lazy] call 22 step 22: 0.252s (orig 0.179s) rc=0 demoted=23.8MiB read=45.4MiB
  [lazy] call 23 step 23: 0.253s (orig 0.178s) rc=0 demoted=23.4MiB read=45.4MiB
  [lazy] call 24 step 24: 0.258s (orig 0.182s) rc=0 demoted=23.5MiB read=45.7MiB
  [lazy] call 25 step 25: 0.256s (orig 0.178s) rc=0 demoted=23.6MiB read=45.4MiB
  [lazy] call 26 step 26: 0.251s (orig 0.174s) rc=0 demoted=23.4MiB read=44.5MiB
  [lazy] call 27 step 27: 0.251s (orig 0.178s) rc=0 demoted=22.8MiB read=44.1MiB
  [lazy] call 28 step 28: 0.257s (orig 0.175s) rc=0 demoted=22.4MiB read=45.3MiB
  [lazy] call 29 step 29: 0.255s (orig 0.180s) rc=1 demoted=23.4MiB read=45.7MiB
  [lazy] call 30 step 30: 0.254s (orig 0.177s) rc=1 demoted=23.4MiB read=45.3MiB
  [lazy] call 31 step 31: 0.253s (orig 0.179s) rc=0 demoted=23.1MiB read=45.3MiB
  [lazy] call 32 step 32: 0.255s (orig 0.182s) rc=1 demoted=23.3MiB read=45.4MiB
  [lazy] call 33 step 33: 0.258s (orig 0.177s) rc=0 demoted=23.6MiB read=45.4MiB
  [lazy] call 34 step 34: 0.260s (orig 0.177s) rc=0 demoted=23.4MiB read=45.3MiB
  [lazy] call 35 step 35: 0.252s (orig 0.180s) rc=0 demoted=23.2MiB read=45.2MiB
  [lazy] call 36 step 36: 0.258s (orig 0.180s) rc=0 demoted=23.3MiB read=45.3MiB
  [lazy] call 37 step 37: 0.257s (orig 0.179s) rc=0 demoted=23.3MiB read=45.2MiB
  [lazy] call 38 step 38: 0.256s (orig 0.178s) rc=1 demoted=23.1MiB read=45.2MiB
  [lazy] call 39 step 39: 0.254s (orig 0.179s) rc=0 demoted=23.2MiB read=45.3MiB
  [lazy] call 40 step 40: 0.256s (orig 0.182s) rc=0 demoted=23.3MiB read=45.3MiB
  [lazy] call 41 step 41: 0.258s (orig 0.180s) rc=0 demoted=23.4MiB read=44.1MiB
  [lazy] call 42 step 42: 0.261s (orig 0.175s) rc=0 demoted=22.6MiB read=44.1MiB
[57/58] django__django-13112 lazy: total=25.579343665000003 orig=18.277216261000003 mismatches=41 err=None
[58/58] django__django-13121 regular
minisweagent.environment: DEBUG: Starting container with command: docker run -d --name   
minisweagent-550accc9 -w /testbed --rm                                                   
docker.io/swebench/sweb.eval.x86_64.django_1776_django-13121:latest sleep 2h             
minisweagent.environment: INFO: Started container minisweagent-550accc9 with ID          
88483b321a28365f4fdf209840f909f0be7561977ceb188fe76597ea71fc16b7                         
  [regular] call 1 step 1: 0.722s (orig 0.317s) rc=0 demoted=0.0MiB read=71.8MiB
  [regular] call 2 step 1: 0.302s (orig 0.294s) rc=0 demoted=0.0MiB read=0.0MiB
  [regular] call 3 step 1: 0.304s (orig 0.295s) rc=0 demoted=0.0MiB read=0.0MiB
  [regular] call 4 step 2: 0.189s (orig 0.183s) rc=0 demoted=0.0MiB read=0.1MiB
  [regular] call 5 step 3: 0.190s (orig 0.177s) rc=0 demoted=0.0MiB read=1.0MiB
  [regular] call 6 step 4: 0.183s (orig 0.179s) rc=0 demoted=0.0MiB read=0.0MiB
  [regular] call 7 step 5: 0.184s (orig 0.178s) rc=0 demoted=0.0MiB read=0.0MiB
  [regular] call 8 step 6: 0.182s (orig 0.179s) rc=0 demoted=0.0MiB read=0.0MiB
  [regular] call 9 step 7: 0.610s (orig 0.369s) rc=0 demoted=0.0MiB read=36.5MiB
  [regular] call 10 step 8: 0.187s (orig 0.178s) rc=0 demoted=0.0MiB read=0.0MiB
  [regular] call 11 step 9: 0.368s (orig 0.369s) rc=0 demoted=0.0MiB read=0.0MiB
  [regular] call 12 step 10: 0.190s (orig 0.176s) rc=1 demoted=0.0MiB read=0.0MiB
  [regular] call 13 step 11: 0.187s (orig 0.176s) rc=0 demoted=0.0MiB read=0.1MiB
  [regular] call 14 step 12: 0.190s (orig 0.175s) rc=0 demoted=0.0MiB read=0.0MiB
  [regular] call 15 step 13: 0.186s (orig 0.176s) rc=0 demoted=0.0MiB read=0.0MiB
  [regular] call 16 step 14: 0.375s (orig 0.363s) rc=0 demoted=0.0MiB read=0.0MiB
  [regular] call 17 step 15: 0.186s (orig 0.178s) rc=0 demoted=0.0MiB read=0.0MiB
  [regular] call 18 step 16: 0.187s (orig 0.180s) rc=0 demoted=0.0MiB read=0.0MiB
  [regular] call 19 step 17: 0.187s (orig 0.177s) rc=1 demoted=0.0MiB read=0.0MiB
  [regular] call 20 step 18: 0.182s (orig 0.175s) rc=0 demoted=0.0MiB read=0.0MiB
  [regular] call 21 step 19: 0.188s (orig 0.177s) rc=0 demoted=0.0MiB read=0.0MiB
  [regular] call 22 step 20: 0.183s (orig 0.182s) rc=0 demoted=0.0MiB read=0.0MiB
  [regular] call 23 step 21: 0.182s (orig 0.180s) rc=0 demoted=0.0MiB read=0.0MiB
  [regular] call 24 step 22: 0.181s (orig 0.179s) rc=1 demoted=0.0MiB read=0.0MiB
  [regular] call 25 step 23: 0.181s (orig 0.175s) rc=0 demoted=0.0MiB read=0.0MiB
  [regular] call 26 step 24: 0.188s (orig 0.181s) rc=0 demoted=0.0MiB read=0.0MiB
  [regular] call 27 step 25: 0.192s (orig 0.189s) rc=0 demoted=0.0MiB read=0.0MiB
  [regular] call 28 step 26: 0.185s (orig 0.181s) rc=0 demoted=0.0MiB read=0.0MiB
  [regular] call 29 step 28: 0.652s (orig 0.347s) rc=1 demoted=0.0MiB read=40.7MiB
  [regular] call 30 step 29: 0.347s (orig 0.339s) rc=1 demoted=0.0MiB read=0.0MiB
  [regular] call 31 step 30: 0.182s (orig 0.183s) rc=0 demoted=0.0MiB read=0.0MiB
  [regular] call 32 step 31: 0.278s (orig 0.266s) rc=1 demoted=0.0MiB read=0.0MiB
  [regular] call 33 step 32: 0.187s (orig 0.177s) rc=0 demoted=0.0MiB read=0.0MiB
  [regular] call 34 step 33: 0.183s (orig 0.178s) rc=0 demoted=0.0MiB read=0.3MiB
  [regular] call 35 step 34: 0.186s (orig 0.177s) rc=0 demoted=0.0MiB read=0.0MiB
  [regular] call 36 step 35: 0.817s (orig 0.713s) rc=0 demoted=0.0MiB read=53.8MiB
  [regular] call 37 step 36: 0.184s (orig 0.180s) rc=0 demoted=0.0MiB read=0.0MiB
  [regular] call 38 step 37: 0.473s (orig 0.465s) rc=0 demoted=0.0MiB read=0.0MiB
  [regular] call 39 step 38: 0.198s (orig 0.185s) rc=0 demoted=0.0MiB read=23.8MiB
  [regular] call 40 step 39: 0.187s (orig 0.176s) rc=0 demoted=0.0MiB read=0.0MiB
  [regular] call 41 step 40: 0.183s (orig 0.181s) rc=0 demoted=0.0MiB read=0.0MiB
[58/58] django__django-13121 regular: total=10.827984646 orig=9.50505897 mismatches=40 err=None
[58/58] django__django-13121 lazy
minisweagent.environment: DEBUG: Starting container with command: docker run -d --name   
minisweagent-3665aa09 -w /testbed --rm                                                   
docker.io/swebench/sweb.eval.x86_64.django_1776_django-13121:latest sleep 2h             
minisweagent.environment: INFO: Started container minisweagent-3665aa09 with ID          
5dd3a06b89af9bd5d6125ebcb40361965614c6c68ff61db0d512d95ee5473440                         
  [lazy] call 1 step 1: 0.728s (orig 0.317s) rc=0 demoted=3.4MiB read=77.1MiB
  [lazy] call 2 step 1: 0.715s (orig 0.294s) rc=0 demoted=39.4MiB read=76.6MiB
  [lazy] call 3 step 1: 0.688s (orig 0.295s) rc=0 demoted=43.2MiB read=67.5MiB
  [lazy] call 4 step 2: 0.256s (orig 0.183s) rc=0 demoted=34.7MiB read=46.6MiB
  [lazy] call 5 step 3: 0.270s (orig 0.177s) rc=0 demoted=24.1MiB read=47.4MiB
  [lazy] call 6 step 4: 0.258s (orig 0.179s) rc=0 demoted=24.6MiB read=46.4MiB
  [lazy] call 7 step 5: 0.259s (orig 0.178s) rc=0 demoted=23.9MiB read=46.6MiB
  [lazy] call 8 step 6: 0.250s (orig 0.179s) rc=0 demoted=23.8MiB read=45.1MiB
  [lazy] call 9 step 7: 1.033s (orig 0.369s) rc=0 demoted=23.0MiB read=114.0MiB
  [lazy] call 10 step 8: 0.260s (orig 0.178s) rc=0 demoted=67.5MiB read=47.1MiB
  [lazy] call 11 step 9: 1.022s (orig 0.369s) rc=0 demoted=24.0MiB read=113.9MiB
  [lazy] call 12 step 10: 0.262s (orig 0.176s) rc=1 demoted=64.2MiB read=47.1MiB
  [lazy] call 13 step 11: 0.259s (orig 0.176s) rc=0 demoted=24.2MiB read=47.1MiB
  [lazy] call 14 step 12: 0.265s (orig 0.175s) rc=0 demoted=24.5MiB read=47.7MiB
  [lazy] call 15 step 13: 0.259s (orig 0.176s) rc=0 demoted=24.5MiB read=46.2MiB
  [lazy] call 16 step 14: 1.022s (orig 0.363s) rc=0 demoted=23.8MiB read=113.7MiB
  [lazy] call 17 step 15: 0.261s (orig 0.178s) rc=0 demoted=69.7MiB read=47.4MiB
  [lazy] call 18 step 16: 0.260s (orig 0.180s) rc=0 demoted=24.3MiB read=46.7MiB
  [lazy] call 19 step 17: 0.256s (orig 0.177s) rc=1 demoted=24.2MiB read=46.7MiB
  [lazy] call 20 step 18: 0.262s (orig 0.175s) rc=0 demoted=24.4MiB read=46.6MiB
  [lazy] call 21 step 19: 0.270s (orig 0.177s) rc=0 demoted=23.8MiB read=47.6MiB
  [lazy] call 22 step 20: 0.260s (orig 0.182s) rc=0 demoted=24.4MiB read=46.6MiB
  [lazy] call 23 step 21: 0.259s (orig 0.180s) rc=0 demoted=24.1MiB read=46.6MiB
  [lazy] call 24 step 22: 0.258s (orig 0.179s) rc=1 demoted=23.9MiB read=46.6MiB
  [lazy] call 25 step 23: 0.260s (orig 0.175s) rc=0 demoted=24.1MiB read=46.8MiB
  [lazy] call 26 step 24: 0.258s (orig 0.181s) rc=0 demoted=24.0MiB read=46.6MiB
  [lazy] call 27 step 25: 0.272s (orig 0.189s) rc=0 demoted=24.0MiB read=48.7MiB
  [lazy] call 28 step 26: 0.255s (orig 0.181s) rc=0 demoted=26.0MiB read=45.2MiB
  [lazy] call 29 step 28: 1.063s (orig 0.347s) rc=1 demoted=23.1MiB read=120.5MiB
  [lazy] call 30 step 29: 1.058s (orig 0.339s) rc=1 demoted=72.3MiB read=120.0MiB
  [lazy] call 31 step 30: 0.256s (orig 0.183s) rc=0 demoted=71.8MiB read=44.6MiB
  [lazy] call 32 step 31: 0.359s (orig 0.266s) rc=1 demoted=23.0MiB read=49.7MiB
  [lazy] call 33 step 32: 0.259s (orig 0.177s) rc=0 demoted=27.7MiB read=46.7MiB
  [lazy] call 34 step 33: 0.263s (orig 0.178s) rc=0 demoted=24.1MiB read=47.1MiB
  [lazy] call 35 step 34: 0.255s (orig 0.177s) rc=0 demoted=24.4MiB read=45.1MiB
  [lazy] call 36 step 35: 0.927s (orig 0.713s) rc=0 demoted=23.1MiB read=105.2MiB
  [lazy] call 37 step 36: 0.257s (orig 0.180s) rc=0 demoted=56.1MiB read=44.7MiB
  [lazy] call 38 step 37: 0.657s (orig 0.465s) rc=0 demoted=22.8MiB read=103.9MiB
  [lazy] call 39 step 38: 0.274s (orig 0.185s) rc=0 demoted=54.6MiB read=77.4MiB
  [lazy] call 40 step 39: 0.258s (orig 0.176s) rc=0 demoted=40.0MiB read=45.4MiB
  [lazy] call 41 step 40: 0.255s (orig 0.181s) rc=0 demoted=23.4MiB read=45.2MiB
[58/58] django__django-13121 lazy: total=17.076621154 orig=9.50505897 mismatches=40 err=None
wrote /mnt/raid0/jovans/yigit/agent-characterization/offload-experiment/lazy-promote/results/qwen-run-20260923T073021Z-LtPzSb/trials.csv and /mnt/raid0/jovans/yigit/agent-characterization/offload-experiment/lazy-promote/results/qwen-run-20260923T073021Z-LtPzSb/calls.csv
{
 "calls_paired": 4487,
 "calls_compared": 4487,
 "calls_excluded_behavior_differs": 0,
 "tasks": 100,
 "per_call_slowdown": {
  "n": 4487,
  "mean": 1.4428007266598155,
  "median": 1.4124452646049648,
  "p10": 1.3579067899754798,
  "p90": 1.4662651809447522,
  "p99": 2.6449457295197885,
  "geomean": 1.4286828675246925,
  "max": 3.48534035044869
 },
 "per_call_added_s": {
  "n": 4487,
  "mean": 0.10231431363650545,
  "median": 0.07761807000000001,
  "p10": 0.06976256580000001,
  "p90": 0.18756213280000006,
  "p99": 0.4472654097600009,
  "geomean": 0.08803262567593746,
  "max": 1.122930824
 },
 "per_task_slowdown (sum lazy / sum regular)": {
  "n": 100,
  "mean": 1.3685405494182188,
  "median": 1.3710047616503036,
  "p10": 1.2583770663757368,
  "p90": 1.4625170011124435,
  "p99": 1.7076229901814162,
  "geomean": 1.3645513378086693,
  "max": 1.8662984522857775
 },
 "overall_slowdown (all calls, time-weighted)": 1.399448281420706,
 "per_call_slowdown_vs_orig": {
  "n": 4487,
  "mean": 1.5118056309830794,
  "median": 1.4453043788538964,
  "p10": 1.3963538616584885,
  "p90": 1.523420238559677,
  "p99": 2.807116474612378,
  "geomean": 1.494227111764925,
  "max": 3.8206519329218875
 },
 "regular_vs_orig (replay noise check)": {
  "n": 4487,
  "mean": 1.0555500623678995,
  "median": 1.0226945973884465,
  "p10": 0.9918453814152307,
  "p90": 1.0676014414511459,
  "p99": 2.147202651615814,
  "geomean": 1.0458773921981672,
  "max": 2.9064536852690437
 },
 "demotion": {
  "residual_user_bytes": {
   "n": 4487,
   "mean": 558042.8009806107,
   "median": 532480.0,
   "p10": 286720.0,
   "p90": 853606.4000000004,
   "p99": 1187840.0,
   "geomean": 493124.0418623644,
   "max": 12279808.0
  },
  "residual_kmem_bytes": {
   "n": 4487,
   "mean": 2543093.844439492,
   "median": 2052096.0,
   "p10": 1740800.0,
   "p90": 4337664.0,
   "p99": 9871933.440000001,
   "geomean": 2250757.666506708,
   "max": 15040512.0
  },
  "demote_s": {
   "n": 4487,
   "mean": 0.07259572124136394,
   "median": 0.055083835,
   "p10": 0.0349187606,
   "p90": 0.1182512966,
   "p99": 0.31496857194000005,
   "geomean": 0.06040307983519313,
   "max": 1.540027359
  },
  "lazy_read_bytes_per_call": {
   "n": 4487,
   "mean": 63897055.935814574,
   "median": 49119232.0,
   "p10": 46923776.0,
   "p90": 110010368.0,
   "p99": 191662161.92000002,
   "geomean": 58898451.09818534,
   "max": 375275520.0
  },
  "regular_read_bytes_per_call": {
   "n": 4487,
   "mean": 4305605.29173167,
   "median": 0.0,
   "p10": 0.0,
   "p90": 1046937.6000000052,
   "p99": 100730798.08000004,
   "geomean": 456681.19666825427,
   "max": 294051840.0
  }
 }
}
