call_index,step,action,boundary_s,pids,resident_file_pages,resident_shm_pages,resident_mapped_pages,resident_anon_pages,resident_pages,accessed_file_pages,accessed_shm_pages,accessed_mapped_pages,accessed_anon_pages,accessed_pages,reused_file_pages,reused_shm_pages,reused_mapped_pages,reused_anon_pages,reused_pages,not_reused_file_pages,not_reused_shm_pages,not_reused_mapped_pages,not_reused_anon_pages,not_reused_pages,call_s,usage_bytes,max_usage_during_call_bytes,task_id
0,0,0,3.057858703,1,616,0,0,23,639,0,0,0,0,0,0,0,0,0,0,0,0,0,0,0,0.0,4222976,11194368,astropy__astropy-12907
1,1,1,2.728972107,1,5404,0,0,23,5427,5311,0,0,1,5312,0,0,0,0,0,5311,0,0,1,5312,0.2655153069645166,24981504,37298176,astropy__astropy-12907
2,1,2,4.007162001,1,5404,0,0,23,5427,3330,0,0,1,3331,3307,0,0,1,3308,23,0,0,0,23,0.20515559008345,24981504,39686144,astropy__astropy-12907
3,2,1,4.019197389,1,5416,0,0,23,5439,3107,0,0,1,3108,3095,0,0,1,3096,12,0,0,0,12,0.1932036130456254,25042944,39763968,astropy__astropy-12907
4,3,1,4.079642869,1,5417,0,0,23,5440,3129,0,0,1,3130,3128,0,0,1,3129,1,0,0,0,1,0.1892313469434157,25047040,39694336,astropy__astropy-12907
5,4,1,5.906654331,1,24866,0,0,23,24889,22617,0,0,1,22618,3168,0,0,1,3169,19449,0,0,0,19449,1.3597345099551603,108109824,295792640,astropy__astropy-12907
6,5,1,9.253571124,1,24867,0,0,23,24890,3115,0,0,1,3116,3114,0,0,1,3115,1,0,0,0,1,0.1893480849685147,107966464,122494976,astropy__astropy-12907
7,6,1,9.250722348,1,24870,0,0,23,24893,3111,0,0,1,3112,3108,0,0,1,3109,3,0,0,0,3,0.1939378250390291,107806720,122507264,astropy__astropy-12907
8,7,1,9.351665036,1,24870,0,0,23,24893,10773,0,0,1,10774,10769,0,0,1,10770,4,0,0,0,4,0.7227890470530838,107872256,288935936,astropy__astropy-12907
9,8,1,9.433782411,1,28299,0,0,23,28322,6565,0,0,1,6566,3136,0,0,1,3137,3429,0,0,0,3429,0.1981947169406339,121913344,124190720,astropy__astropy-12907
10,9,1,9.572988453,1,28299,0,0,23,28322,3098,0,0,1,3099,3098,0,0,1,3099,0,0,0,0,0,0.1869189629796892,121909248,136384512,astropy__astropy-12907
11,10,1,9.53203655,1,28299,0,0,23,28322,3106,0,0,1,3107,3106,0,0,1,3107,0,0,0,0,0,0.1905629300745204,122056704,136634368,astropy__astropy-12907
0,0,0,2.954655025,1,616,0,0,23,639,0,0,0,0,0,0,0,0,0,0,0,0,0,0,0,0.0,4120576,8974336,astropy__astropy-13033
1,1,1,2.797151067,1,5404,0,0,23,5427,5315,0,0,1,5316,0,0,0,0,0,5315,0,0,1,5316,0.2580472469562664,24969216,37470208,astropy__astropy-13033
2,2,1,4.308734877,1,5405,0,0,23,5428,3190,0,0,1,3191,3178,0,0,1,3179,12,0,0,0,12,0.1868659950559958,24977408,39739392,astropy__astropy-13033
3,3,1,4.250599812,1,5409,0,0,23,5432,3174,0,0,1,3175,3170,0,0,1,3171,4,0,0,0,4,0.1819912199862301,25030656,39587840,astropy__astropy-13033
4,4,1,4.267555136,1,5420,0,0,23,5443,3199,0,0,1,3200,3188,0,0,1,3189,11,0,0,0,11,0.1900764900492504,25063424,39661568,astropy__astropy-13033
5,5,1,4.257859085,1,5420,0,0,23,5443,3191,0,0,1,3192,3189,0,0,1,3190,2,0,0,0,2,0.1854581119259819,25182208,39829504,astropy__astropy-13033
6,6,1,4.331403796,1,5420,0,0,23,5443,3173,0,0,1,3174,3172,0,0,1,3173,1,0,0,0,1,0.1857620240189135,25079808,39751680,astropy__astropy-13033
7,7,1,4.25369087,1,5420,0,0,23,5443,3187,0,0,1,3188,3187,0,0,1,3188,0,0,0,0,0,0.1888917658943683,25092096,39673856,astropy__astropy-13033
8,8,1,4.291975565,1,5420,0,0,23,5443,3165,0,0,1,3166,3165,0,0,1,3166,0,0,0,0,0,0.1852148809703067,25071616,39669760,astropy__astropy-13033
9,9,1,4.244940414,1,5421,0,0,23,5444,3089,0,0,1,3090,3083,0,0,1,3084,6,0,0,0,6,0.1883304660441354,25108480,40013824,astropy__astropy-13033
10,10,1,4.427926696,1,6971,0,0,23,6994,4640,0,0,1,4641,3089,0,0,1,3090,1551,0,0,0,1551,0.2255648650461807,31625216,39673856,astropy__astropy-13033
11,11,1,4.756681496,1,6980,0,0,23,7003,3091,0,0,1,3092,3082,0,0,1,3083,9,0,0,0,9,0.1848419429734349,31678464,46260224,astropy__astropy-13033
12,12,1,5.752058769,1,23544,0,0,23,23567,20625,0,0,1,20626,4061,0,0,1,4062,16564,0,0,0,16564,1.072337084915489,102023168,279171072,astropy__astropy-13033
13,15,1,7.380218307,1,23624,0,0,23,23647,3285,0,0,1,3286,3205,0,0,1,3206,80,0,0,0,80,0.1896322009852156,102187008,116510720,astropy__astropy-13033
14,16,1,7.460619774,1,23624,0,0,23,23647,3162,0,0,1,3163,3162,0,0,1,3163,0,0,0,0,0,0.1852030149893835,102178816,116764672,astropy__astropy-13033
15,17,1,7.432778161,1,23625,0,0,23,23648,3140,0,0,1,3141,3139,0,0,1,3140,1,0,0,0,1,0.1887792519992217,102203392,116854784,astropy__astropy-13033
16,18,1,7.438735562,1,23626,0,0,23,23649,3864,0,0,1,3865,3863,0,0,1,3864,1,0,0,0,1,0.2120537789305672,102486016,116994048,astropy__astropy-13033
17,19,1,7.351828519,1,23626,0,0,23,23649,3178,0,0,1,3179,3178,0,0,1,3179,0,0,0,0,0,0.1811202130047604,102215680,117403648,astropy__astropy-13033
18,20,1,7.401335495,1,23626,0,0,23,23649,3175,0,0,1,3176,3175,0,0,1,3176,0,0,0,0,0,0.1854523889487609,102211584,116842496,astropy__astropy-13033
19,21,1,7.365435327,1,23627,0,0,23,23650,3240,0,0,1,3241,3239,0,0,1,3240,1,0,0,0,1,0.1874862289987504,102207488,116924416,astropy__astropy-13033
20,22,1,7.458527677,1,23627,0,0,23,23650,3093,0,0,1,3094,3092,0,0,1,3093,1,0,0,0,1,0.1834302449133247,102232064,116969472,astropy__astropy-13033
21,23,1,7.410777044,1,23627,0,0,23,23650,3899,0,0,1,3900,3899,0,0,1,3900,0,0,0,0,0,0.2113195590209216,102252544,116965376,astropy__astropy-13033
22,24,1,7.362177001,1,23627,0,0,23,23650,3119,0,0,1,3120,3119,0,0,1,3120,0,0,0,0,0,0.1835011349758133,102338560,116985856,astropy__astropy-13033
23,25,1,7.37070945,1,23627,0,0,23,23650,3906,0,0,1,3907,3906,0,0,1,3907,0,0,0,0,0,0.2130389210069552,102232064,117010432,astropy__astropy-13033
24,26,1,7.411115523,1,23627,0,0,23,23650,3100,0,0,1,3101,3100,0,0,1,3101,0,0,0,0,0,0.185237037949264,102248448,116998144,astropy__astropy-13033
25,27,1,7.419791792,1,23627,0,0,23,23650,3862,0,0,1,3863,3862,0,0,1,3863,0,0,0,0,0,0.2085684599587693,102232064,116654080,astropy__astropy-13033
26,28,1,7.350840872,1,23627,0,0,23,23650,3170,0,0,1,3171,3170,0,0,1,3171,0,0,0,0,0,0.1879443329526111,102223872,116953088,astropy__astropy-13033
27,29,1,7.442955621,1,23628,0,0,23,23651,3242,0,0,1,3243,3241,0,0,1,3242,1,0,0,0,1,0.190997821977362,102240256,117006336,astropy__astropy-13033
28,30,1,7.462868647,1,23628,0,0,23,23651,3123,0,0,1,3124,3123,0,0,1,3124,0,0,0,0,0,0.1871433850610628,102379520,117202944,astropy__astropy-13033
29,31,1,7.442391041,1,23628,0,0,23,23651,3881,0,0,1,3882,3881,0,0,1,3882,0,0,0,0,0,0.2113714860752225,102264832,117129216,astropy__astropy-13033
30,32,1,7.452888928,1,23628,0,0,23,23651,3201,0,0,1,3202,3201,0,0,1,3202,0,0,0,0,0,0.1825387800345197,102236160,116805632,astropy__astropy-13033
31,33,1,7.360574908,1,23628,0,0,23,23651,3133,0,0,1,3134,3133,0,0,1,3134,0,0,0,0,0,0.1856299979845062,102293504,116764672,astropy__astropy-13033
32,34,1,7.448905271,1,23628,0,0,23,23651,3899,0,0,1,3900,3899,0,0,1,3900,0,0,0,0,0,0.2115715009858831,102268928,117030912,astropy__astropy-13033
33,35,1,7.450169853,1,23628,0,0,23,23651,3151,0,0,1,3152,3151,0,0,1,3152,0,0,0,0,0,0.1855972750345245,102330368,116846592,astropy__astropy-13033
34,36,1,7.44535715,1,23628,0,0,23,23651,3890,0,0,1,3891,3890,0,0,1,3891,0,0,0,0,0,0.2100458819186315,102293504,117035008,astropy__astropy-13033
35,37,1,7.377187871,1,23628,0,0,23,23651,3207,0,0,1,3208,3207,0,0,1,3208,0,0,0,0,0,0.1842467189999297,102281216,117030912,astropy__astropy-13033
36,38,1,7.450947672,1,23628,0,0,23,23651,10062,0,0,1,10063,10061,0,0,1,10062,1,0,0,0,1,0.6332800140371546,102649856,277659648,astropy__astropy-13033
37,39,1,7.558536856,1,27065,0,0,23,27088,6600,0,0,1,6601,3163,0,0,1,3164,3437,0,0,0,3437,0.1964109559776261,116498432,118562816,astropy__astropy-13033
38,40,1,7.599067042,1,27065,0,0,23,27088,3111,0,0,1,3112,3111,0,0,1,3112,0,0,0,0,0,0.1813746539410203,116412416,131190784,astropy__astropy-13033
39,41,1,7.624105184,1,27065,0,0,23,27088,3100,0,0,1,3101,3100,0,0,1,3101,0,0,0,0,0,0.186612916062586,116432896,131018752,astropy__astropy-13033
0,0,0,3.034690063,1,616,0,0,23,639,0,0,0,0,0,0,0,0,0,0,0,0,0,0,0,0.0,4243456,8962048,astropy__astropy-13236
1,1,1,2.881350299,1,5404,0,0,23,5427,5311,0,0,1,5312,0,0,0,0,0,5311,0,0,1,5312,0.253850994980894,24842240,37318656,astropy__astropy-13236
2,2,1,5.270916568,1,8997,0,0,23,9020,6868,0,0,1,6869,3264,0,0,1,3265,3604,0,0,0,3604,0.3469832720002159,40886272,42782720,astropy__astropy-13236
3,3,1,6.622313479,1,8997,0,0,23,9020,3182,0,0,1,3183,3173,0,0,1,3174,9,0,0,0,9,0.1865221570478752,40902656,55373824,astropy__astropy-13236
4,4,1,6.625207084,1,9060,0,0,23,9083,3325,0,0,1,3326,3257,0,0,1,3258,68,0,0,0,68,0.1827643889700994,41050112,55562240,astropy__astropy-13236
5,5,1,6.659492246,1,9119,0,0,23,9142,3235,0,0,1,3236,3159,0,0,1,3160,76,0,0,0,76,0.1863108510151505,41091072,55771136,astropy__astropy-13236
6,6,1,6.603323881,1,9156,0,0,23,9179,3233,0,0,1,3234,3196,0,0,1,3197,37,0,0,0,37,0.1878400660352781,41246720,55869440,astropy__astropy-13236
7,7,1,6.786969865,1,9156,0,0,23,9179,3188,0,0,1,3189,3188,0,0,1,3189,0,0,0,0,0,0.188189985929057,41418752,56152064,astropy__astropy-13236
8,8,1,6.966177946,1,12611,0,0,23,12634,6619,0,0,1,6620,3164,0,0,1,3165,3455,0,0,0,3455,0.2008945520501583,55455744,58687488,astropy__astropy-13236
9,9,1,7.645086977,1,12611,0,0,23,12634,3261,0,0,1,3262,3261,0,0,1,3262,0,0,0,0,0,0.1827778660226613,55447552,70266880,astropy__astropy-13236
10,10,1,9.249926077,1,31291,0,0,23,31314,22884,0,0,1,22885,4167,0,0,1,4168,18717,0,0,0,18717,0.1976744290441274,57716736,70127616,astropy__astropy-13236
11,11,1,12.167514205,1,31295,0,0,23,31318,3896,0,0,1,3897,3892,0,0,1,3893,4,0,0,0,4,0.1861067170975729,57745408,72433664,astropy__astropy-13236
12,12,1,12.138713554,1,31395,0,0,23,31418,5068,0,0,1,5069,4880,0,0,1,4881,188,0,0,0,188,0.1931299379793927,57712640,72376320,astropy__astropy-13236
13,13,1,13.277820851,1,37664,0,0,23,37687,14669,0,0,1,14670,8311,0,0,1,8312,6358,0,0,0,6358,0.4668200620217249,84840448,87887872,astropy__astropy-13236
14,14,1,15.161880317,1,37665,0,0,23,37688,4176,0,0,1,4177,4088,0,0,1,4089,88,0,0,0,88,0.2009494199883192,84860928,99061760,astropy__astropy-13236
15,15,1,15.274037332,1,37665,0,0,23,37688,3207,0,0,1,3208,3207,0,0,1,3208,0,0,0,0,0,0.1885724699823185,84836352,99692544,astropy__astropy-13236
16,16,1,15.129781844,1,37665,0,0,23,37688,3972,0,0,1,3973,3972,0,0,1,3973,0,0,0,0,0,0.1964140479685738,84819968,99581952,astropy__astropy-13236
17,17,1,15.262524689,1,37665,0,0,23,37688,3127,0,0,1,3128,3127,0,0,1,3128,0,0,0,0,0,0.1875972079578787,84828160,99553280,astropy__astropy-13236
0,0,0,2.947944114,1,616,0,0,24,640,0,0,0,0,0,0,0,0,0,0,0,0,0,0,0,0.0,4378624,9035776,astropy__astropy-13398
1,1,1,2.850961307,1,5429,0,0,24,5453,5345,0,0,1,5346,0,0,0,0,0,5345,0,0,1,5346,0.2548139570280909,25227264,37601280,astropy__astropy-13398
2,2,1,4.408908344,1,5439,0,0,24,5463,3132,0,0,1,3133,3122,0,0,1,3123,10,0,0,0,10,0.1828072919743135,25264128,39829504,astropy__astropy-13398
3,3,1,4.403398585,1,5441,0,0,24,5465,3103,0,0,1,3104,3090,0,0,1,3091,13,0,0,0,13,0.1812170890625566,25399296,39673856,astropy__astropy-13398
4,4,1,4.41250539,1,5443,0,0,24,5467,3121,0,0,1,3122,3119,0,0,1,3120,2,0,0,0,2,0.1890504409093409,25358336,39890944,astropy__astropy-13398
5,5,1,4.785948359,1,9049,0,0,24,9073,6925,0,0,1,6926,3319,0,0,1,3320,3606,0,0,0,3606,0.3418137949192896,41533440,43921408,astropy__astropy-13398
6,6,1,5.287716998,1,9049,0,0,24,9073,3128,0,0,1,3129,3127,0,0,1,3128,1,0,0,0,1,0.1803938039811328,41476096,56041472,astropy__astropy-13398
7,7,1,5.364046654,1,9049,0,0,24,9073,6900,0,0,1,6901,6900,0,0,1,6901,0,0,0,0,0,0.227656238945201,41492480,56287232,astropy__astropy-13398
8,8,1,5.28295735,1,9049,0,0,24,9073,3223,0,0,1,3224,3223,0,0,1,3224,0,0,0,0,0,0.1924419240094721,41558016,56102912,astropy__astropy-13398
9,9,1,5.289706577,1,9049,0,0,24,9073,3125,0,0,1,3126,3122,0,0,1,3123,3,0,0,0,3,0.1793061289936304,41652224,56401920,astropy__astropy-13398
10,10,1,5.342132404,1,9049,0,0,24,9073,6904,0,0,1,6905,6904,0,0,1,6905,0,0,0,0,0,0.2315029969904571,41525248,56291328,astropy__astropy-13398
11,11,1,5.369270388,1,9049,0,0,24,9073,3089,0,0,1,3090,3089,0,0,1,3090,0,0,0,0,0,0.1838416979881003,41422848,55992320,astropy__astropy-13398
12,12,1,5.356741044,1,9049,0,0,24,9073,6894,0,0,1,6895,6894,0,0,1,6895,0,0,0,0,0,0.2213298740098253,41435136,56131584,astropy__astropy-13398
13,13,1,5.287188703,1,9049,0,0,24,9073,3182,0,0,1,3183,3182,0,0,1,3183,0,0,0,0,0,0.1808879730524495,41492480,55992320,astropy__astropy-13398
14,14,1,5.368307336,1,9049,0,0,24,9073,6905,0,0,1,6906,6905,0,0,1,6906,0,0,0,0,0,0.228707983973436,41598976,56307712,astropy__astropy-13398
15,15,1,5.510780658,1,9049,0,0,24,9073,6913,0,0,1,6914,6913,0,0,1,6914,0,0,0,0,0,0.230055154999718,41447424,56221696,astropy__astropy-13398
16,16,1,5.452398907,1,9049,0,0,24,9073,6905,0,0,1,6906,6905,0,0,1,6906,0,0,0,0,0,0.2215579590993002,41455616,56025088,astropy__astropy-13398
17,17,1,5.431663797,1,9049,0,0,24,9073,6920,0,0,1,6921,6920,0,0,1,6921,0,0,0,0,0,0.2289980889763683,41693184,56147968,astropy__astropy-13398
18,18,1,5.365041184,1,9049,0,0,24,9073,3109,0,0,1,3110,3109,0,0,1,3110,0,0,0,0,0,0.1837180369766429,41594880,56164352,astropy__astropy-13398
19,19,1,5.2843134,1,9049,0,0,24,9073,3125,0,0,1,3126,3125,0,0,1,3126,0,0,0,0,0,0.1824109979206696,41521152,56283136,astropy__astropy-13398
20,20,1,5.318730973,1,9106,0,0,24,9130,3236,0,0,1,3237,3179,0,0,1,3180,57,0,0,0,57,0.1940415600547567,41828352,56217600,astropy__astropy-13398
21,21,1,5.357696352,1,9106,0,0,24,9130,3094,0,0,1,3095,3094,0,0,1,3095,0,0,0,0,0,0.1862038270337507,41824256,56586240,astropy__astropy-13398
22,22,1,5.504995275,1,12569,0,0,24,12593,6605,0,0,1,6606,3142,0,0,1,3143,3463,0,0,0,3463,0.1944613800151273,55930880,60055552,astropy__astropy-13398
23,23,1,5.67733243,1,12569,0,0,24,12593,3119,0,0,1,3120,3119,0,0,1,3120,0,0,0,0,0,0.1840316610177979,55934976,70602752,astropy__astropy-13398
24,24,1,5.674842933,1,12569,0,0,24,12593,3194,0,0,1,3195,3194,0,0,1,3195,0,0,0,0,0,0.1832461109152063,55939072,70524928,astropy__astropy-13398
25,25,1,5.935675463,1,18798,0,0,24,18822,13713,0,0,1,13714,7483,0,0,1,7484,6230,0,0,0,6230,0.4122159800026566,82759680,86900736,astropy__astropy-13398
26,26,1,6.076756736,1,18815,0,0,24,18839,3121,0,0,1,3122,3104,0,0,1,3105,17,0,0,0,17,0.1851578860078007,82866176,97439744,astropy__astropy-13398
27,27,1,6.079719685,1,18816,0,0,24,18840,3101,0,0,1,3102,3100,0,0,1,3101,1,0,0,0,1,0.1827308150241151,82866176,97513472,astropy__astropy-13398
28,28,1,6.069500008,1,18817,0,0,24,18841,3925,0,0,1,3926,3925,0,0,1,3926,0,0,0,0,0,0.1865294590825215,82882560,97611776,astropy__astropy-13398
29,29,1,6.065752552,1,18817,0,0,24,18841,3113,0,0,1,3114,3113,0,0,1,3114,0,0,0,0,0,0.1804781230166554,82841600,97353728,astropy__astropy-13398
30,30,1,6.132047049,1,18850,0,0,24,18874,3136,0,0,1,3137,3103,0,0,1,3104,33,0,0,0,33,0.1852764580398798,83009536,97701888,astropy__astropy-13398
31,31,1,6.152262122,1,18850,0,0,24,18874,3135,0,0,1,3136,3135,0,0,1,3136,0,0,0,0,0,0.1829583189683035,82997248,97624064,astropy__astropy-13398
32,32,1,6.171498673,1,18850,0,0,24,18874,3125,0,0,1,3126,3125,0,0,1,3126,0,0,0,0,0,0.1831705749500543,82984960,97296384,astropy__astropy-13398
0,0,0,2.965808917,1,616,0,0,22,638,0,0,0,0,0,0,0,0,0,0,0,0,0,0,0,0.0,4218880,9408512,astropy__astropy-13453
1,1,1,2.804843653,1,5404,0,0,22,5426,5320,0,0,1,5321,0,0,0,0,0,5320,0,0,1,5321,0.2469547679647803,24993792,37416960,astropy__astropy-13453
2,2,1,4.358574791,1,5418,0,0,22,5440,3108,0,0,1,3109,3084,0,0,1,3085,24,0,0,0,24,0.186653510085307,25014272,39522304,astropy__astropy-13453
3,3,1,4.365519987,1,5606,0,0,22,5628,3516,0,0,1,3517,3328,0,0,1,3329,188,0,0,0,188,0.2007703520357608,25899008,39739392,astropy__astropy-13453
4,4,1,4.424530111,1,5606,0,0,22,5628,3200,0,0,1,3201,3200,0,0,1,3201,0,0,0,0,0,0.1859594889683649,25870336,40370176,astropy__astropy-13453
5,5,1,4.406575693,1,5606,0,0,22,5628,3218,0,0,1,3219,3213,0,0,1,3214,5,0,0,0,5,0.1926864529959857,25853952,40615936,astropy__astropy-13453
6,6,1,4.443184972,1,5606,0,0,22,5628,3210,0,0,1,3211,3210,0,0,1,3211,0,0,0,0,0,0.1863992769503966,25939968,40755200,astropy__astropy-13453
7,7,1,4.420466134,1,5606,0,0,22,5628,3195,0,0,1,3196,3195,0,0,1,3196,0,0,0,0,0,0.1816834149649366,25812992,40685568,astropy__astropy-13453
8,8,1,4.442233634,1,5606,0,0,22,5628,3179,0,0,1,3180,3179,0,0,1,3180,0,0,0,0,0,0.18131302902475,25890816,40448000,astropy__astropy-13453
9,9,1,4.431531142,1,5606,0,0,22,5628,3210,0,0,1,3211,3210,0,0,1,3211,0,0,0,0,0,0.1852290470851585,25817088,40411136,astropy__astropy-13453
10,10,1,4.435576455,1,5606,0,0,22,5628,3170,0,0,1,3171,3170,0,0,1,3171,0,0,0,0,0,0.1839753210078925,25804800,40509440,astropy__astropy-13453
11,11,1,4.426161921,1,5606,0,0,22,5628,3189,0,0,1,3190,3189,0,0,1,3190,0,0,0,0,0,0.1868616720894351,25821184,40497152,astropy__astropy-13453
12,12,1,4.502227714,1,5606,0,0,22,5628,3185,0,0,1,3186,3185,0,0,1,3186,0,0,0,0,0,0.1900179130025208,25829376,40255488,astropy__astropy-13453
13,13,1,4.50510496,1,5606,0,0,22,5628,3173,0,0,1,3174,3173,0,0,1,3174,0,0,0,0,0,0.1925216080853715,25919488,40382464,astropy__astropy-13453
14,14,1,4.451225251,1,5606,0,0,22,5628,3168,0,0,1,3169,3168,0,0,1,3169,0,0,0,0,0,0.1804637649329379,25858048,40570880,astropy__astropy-13453
15,15,1,4.443905769,1,5617,0,0,22,5639,3208,0,0,1,3209,3197,0,0,1,3198,11,0,0,0,11,0.1858623609878122,25882624,40288256,astropy__astropy-13453
16,16,1,4.498314314,1,5617,0,0,22,5639,3191,0,0,1,3192,3191,0,0,1,3192,0,0,0,0,0,0.1890765579883009,25849856,40390656,astropy__astropy-13453
17,17,1,4.440525238,1,5634,0,0,22,5656,3195,0,0,1,3196,3178,0,0,1,3179,17,0,0,0,17,0.1870966349961236,25985024,40804352,astropy__astropy-13453
18,18,1,4.450272828,1,5634,0,0,22,5656,3188,0,0,1,3189,3188,0,0,1,3189,0,0,0,0,0,0.1850462430156767,25997312,40685568,astropy__astropy-13453
19,19,1,4.446061273,1,5634,0,0,22,5656,3196,0,0,1,3197,3196,0,0,1,3197,0,0,0,0,0,0.1888856618897989,25944064,40779776,astropy__astropy-13453
20,20,1,4.448422656,1,5634,0,0,22,5656,3220,0,0,1,3221,3220,0,0,1,3221,0,0,0,0,0,0.1862308509880677,25927680,40345600,astropy__astropy-13453
21,21,1,4.447567783,1,5634,0,0,22,5656,3190,0,0,1,3191,3189,0,0,1,3190,1,0,0,0,1,0.190993838943541,25952256,40505344,astropy__astropy-13453
22,22,1,4.425007049,1,5634,0,0,22,5656,3186,0,0,1,3187,3186,0,0,1,3187,0,0,0,0,0,0.1841704800026491,25931776,40587264,astropy__astropy-13453
23,23,1,4.520659118,1,5634,0,0,22,5656,3215,0,0,1,3216,3215,0,0,1,3216,0,0,0,0,0,0.1801460089627653,25952256,40525824,astropy__astropy-13453
24,24,1,4.520815548,1,5634,0,0,22,5656,3155,0,0,1,3156,3155,0,0,1,3156,0,0,0,0,0,0.1842065739911049,25923584,40554496,astropy__astropy-13453
25,25,1,4.795663612,1,9041,0,0,22,9063,6909,0,0,1,6910,3502,0,0,1,3503,3407,0,0,0,3407,1.8177354440558704,41218048,48177152,astropy__astropy-13453
26,26,1,5.358703393,1,9041,0,0,22,9063,3171,0,0,1,3172,3171,0,0,1,3172,0,0,0,0,0,0.1807735379552468,41283584,56098816,astropy__astropy-13453
27,27,1,5.359843657,1,9041,0,0,22,9063,3196,0,0,1,3197,3196,0,0,1,3197,0,0,0,0,0,0.181506471009925,41209856,55963648,astropy__astropy-13453
28,28,1,5.269005657,1,9041,0,0,22,9063,3322,0,0,1,3323,3322,0,0,1,3323,0,0,0,0,0,0.1922431919956579,41209856,55853056,astropy__astropy-13453
29,29,1,5.293184338,1,9041,0,0,22,9063,3135,0,0,1,3136,3135,0,0,1,3136,0,0,0,0,0,0.1814192270394414,41209856,55873536,astropy__astropy-13453
30,30,1,5.360761379,1,9041,0,0,22,9063,3241,0,0,1,3242,3241,0,0,1,3242,0,0,0,0,0,0.1936832360224798,41201664,56029184,astropy__astropy-13453
31,31,1,5.262011487,1,9041,0,0,22,9063,3118,0,0,1,3119,3118,0,0,1,3119,0,0,0,0,0,0.1799245160073042,41222144,55971840,astropy__astropy-13453
32,32,1,5.323673776,1,9041,0,0,22,9063,3182,0,0,1,3183,3182,0,0,1,3183,0,0,0,0,0,0.1829862019512802,41197568,56057856,astropy__astropy-13453
33,33,1,5.348082275,1,9041,0,0,22,9063,3207,0,0,1,3208,3207,0,0,1,3208,0,0,0,0,0,0.1804315980989486,41218048,55934976,astropy__astropy-13453
34,34,1,5.283545307,1,9041,0,0,22,9063,3191,0,0,1,3192,3191,0,0,1,3192,0,0,0,0,0,0.1824725249316543,41222144,55750656,astropy__astropy-13453
35,35,1,5.314143365,1,9041,0,0,22,9063,3187,0,0,1,3188,3187,0,0,1,3188,0,0,0,0,0,0.1828552329679951,41201664,55910400,astropy__astropy-13453
36,36,1,5.292833287,1,9041,0,0,22,9063,3200,0,0,1,3201,3200,0,0,1,3201,0,0,0,0,0,0.1831603239988908,41218048,56098816,astropy__astropy-13453
37,37,1,5.278847231,1,9041,0,0,22,9063,3196,0,0,1,3197,3196,0,0,1,3197,0,0,0,0,0,0.1815249809296801,41197568,55857152,astropy__astropy-13453
38,38,1,5.345466433,1,9041,0,0,22,9063,3213,0,0,1,3214,3213,0,0,1,3214,0,0,0,0,0,0.1895916340872645,41205760,55836672,astropy__astropy-13453
39,39,1,5.394747022,1,9041,0,0,22,9063,3169,0,0,1,3170,3169,0,0,1,3170,0,0,0,0,0,0.1842409609816968,41193472,55820288,astropy__astropy-13453
40,40,1,5.288322328,1,9041,0,0,22,9063,3168,0,0,1,3169,3168,0,0,1,3169,0,0,0,0,0,0.1822627100627869,41193472,55754752,astropy__astropy-13453
41,41,1,5.325407172,1,9041,0,0,22,9063,3193,0,0,1,3194,3193,0,0,1,3194,0,0,0,0,0,0.1861575810471549,41209856,55738368,astropy__astropy-13453
42,42,1,5.272797834,1,9041,0,0,22,9063,3190,0,0,1,3191,3190,0,0,1,3191,0,0,0,0,0,0.1812897650524974,41226240,56041472,astropy__astropy-13453
43,43,1,5.250963924,1,9041,0,0,22,9063,3218,0,0,1,3219,3218,0,0,1,3219,0,0,0,0,0,0.1799119849456474,41230336,55889920,astropy__astropy-13453
44,44,1,5.272003844,1,9041,0,0,22,9063,3196,0,0,1,3197,3196,0,0,1,3197,0,0,0,0,0,0.1813705558888614,41209856,55906304,astropy__astropy-13453
45,45,1,5.257540352,1,9078,0,0,22,9100,3314,0,0,1,3315,3277,0,0,1,3278,37,0,0,0,37,0.1856766390847042,41361408,55812096,astropy__astropy-13453
46,46,1,5.27086059,1,9078,0,0,22,9100,3186,0,0,1,3187,3186,0,0,1,3187,0,0,0,0,0,0.1818939759396016,41361408,56037376,astropy__astropy-13453
47,47,1,5.275886672,1,9111,0,0,22,9133,3137,0,0,1,3138,3104,0,0,1,3105,33,0,0,0,33,0.1821552639594301,41492480,56107008,astropy__astropy-13453
48,48,1,5.302810673,1,9158,0,0,22,9180,3248,0,0,1,3249,3201,0,0,1,3202,47,0,0,0,47,0.1831715720472857,41742336,56205312,astropy__astropy-13453
49,49,1,5.343686549,1,9158,0,0,22,9180,3200,0,0,1,3201,3200,0,0,1,3201,0,0,0,0,0,0.1851689870236441,41721856,56537088,astropy__astropy-13453
50,50,1,6.530946779,1,22915,0,0,22,22937,18218,0,0,1,18219,4461,0,0,1,4462,13757,0,0,0,13757,0.2006470740307122,42061824,56156160,astropy__astropy-13453
51,51,1,9.452567233,1,29037,0,0,22,29059,10712,0,0,1,10713,4590,0,0,1,4591,6122,0,0,0,6122,0.1918676380300894,42057728,56537088,astropy__astropy-13453
52,52,1,11.408873275,1,31515,0,0,22,31537,6611,0,0,1,6612,4133,0,0,1,4134,2478,0,0,0,2478,0.2004787729820236,52252672,56504320,astropy__astropy-13453
53,53,1,11.879751736,1,31962,0,0,22,31984,3645,0,0,1,3646,3198,0,0,1,3199,447,0,0,0,447,0.1809989720350131,52252672,66756608,astropy__astropy-13453
54,54,1,11.86424914,1,31962,0,0,22,31984,3130,0,0,1,3131,3130,0,0,1,3131,0,0,0,0,0,0.1858633049996569,52269056,66846720,astropy__astropy-13453
0,0,0,2.981055758,1,616,0,0,23,639,0,0,0,0,0,0,0,0,0,0,0,0,0,0,0,0.0,4071424,8728576,astropy__astropy-13579
1,1,1,2.9313456,1,5404,0,0,23,5427,5317,0,0,1,5318,0,0,0,0,0,5317,0,0,1,5318,0.2560820110375061,24805376,37171200,astropy__astropy-13579
2,2,1,4.803066496,1,6379,0,0,23,6402,4200,0,0,1,4201,3206,0,0,1,3207,994,0,0,0,994,0.1823407729389146,24834048,39567360,astropy__astropy-13579
3,3,1,5.013179969,1,6382,0,0,23,6405,3906,0,0,1,3907,3903,0,0,1,3904,3,0,0,0,3,0.1827429049881175,24850432,39559168,astropy__astropy-13579
4,4,1,4.986768205,1,6383,0,0,23,6406,3097,0,0,1,3098,3096,0,0,1,3097,1,0,0,0,1,0.1915017500286921,24891392,39600128,astropy__astropy-13579
5,5,1,6.090408682,1,25371,0,0,23,25394,22155,0,0,1,22156,3167,0,0,1,3168,18988,0,0,0,18988,1.2226406389381737,105213952,286707712,astropy__astropy-13579
6,6,1,7.656213808,1,25371,0,0,23,25394,3131,0,0,1,3132,3131,0,0,1,3132,0,0,0,0,0,0.1855443080421537,105009152,119771136,astropy__astropy-13579
7,7,1,7.651907626,1,25371,0,0,23,25394,10663,0,0,1,10664,10663,0,0,1,10664,0,0,0,0,0,0.6427809239830822,105312256,283492352,astropy__astropy-13579
8,8,1,7.673878458,1,25453,0,0,23,25476,3299,0,0,1,3300,3217,0,0,1,3218,82,0,0,0,82,0.1880219420418143,105385984,119865344,astropy__astropy-13579
9,9,1,7.667017001,1,25453,0,0,23,25476,3898,0,0,1,3899,3898,0,0,1,3899,0,0,0,0,0,0.2106277860002592,105398272,119902208,astropy__astropy-13579
10,10,1,7.660608838,1,25453,0,0,23,25476,3888,0,0,1,3889,3888,0,0,1,3889,0,0,0,0,0,0.2102260370738804,105406464,120086528,astropy__astropy-13579
11,11,1,7.643345387,1,25454,0,0,23,25477,3125,0,0,1,3126,3124,0,0,1,3125,1,0,0,0,1,0.1890176649903878,105398272,120332288,astropy__astropy-13579
12,12,1,7.654964744,1,25475,0,0,23,25498,3960,0,0,1,3961,3939,0,0,1,3940,21,0,0,0,21,0.2131876379717141,105463808,120045568,astropy__astropy-13579
13,13,1,7.655688922,1,25475,0,0,23,25498,3185,0,0,1,3186,3185,0,0,1,3186,0,0,0,0,0,0.1870028409175574,105525248,120238080,astropy__astropy-13579
14,14,1,7.652432744,1,25475,0,0,23,25498,3113,0,0,1,3114,3113,0,0,1,3114,0,0,0,0,0,0.1889922770205885,105447424,119902208,astropy__astropy-13579
15,15,1,7.67373275,1,25478,0,0,23,25501,3877,0,0,1,3878,3874,0,0,1,3875,3,0,0,0,3,0.2083196858875453,105476096,120442880,astropy__astropy-13579
16,16,1,7.639770886,1,25478,0,0,23,25501,3176,0,0,1,3177,3176,0,0,1,3177,0,0,0,0,0,0.1861576170194894,105631744,120315904,astropy__astropy-13579
17,17,1,7.63386032,1,25478,0,0,23,25501,10670,0,0,1,10671,10667,0,0,1,10668,3,0,0,0,3,0.6494956300593913,105803776,282701824,astropy__astropy-13579
18,18,1,7.79562839,1,28011,0,0,23,28034,6256,0,0,1,6257,3723,0,0,1,3724,2533,0,0,0,2533,0.1934187529841438,116060160,120406016,astropy__astropy-13579
19,19,1,7.78747901,1,28011,0,0,23,28034,3108,0,0,1,3109,3108,0,0,1,3109,0,0,0,0,0,0.1820277679944411,115957760,130801664,astropy__astropy-13579
20,20,1,7.830053104,1,28011,0,0,23,28034,3096,0,0,1,3097,3096,0,0,1,3097,0,0,0,0,0,0.1812626869650557,115929088,130555904,astropy__astropy-13579
0,0,0,3.64354253,1,4194,0,0,24,4218,0,0,0,0,0,0,0,0,0,0,0,0,0,0,0,0.0,4354048,11309056,astropy__astropy-13977
1,1,1,6.575755618,1,26982,0,0,24,27006,25320,0,0,1,25321,0,0,0,0,0,25320,0,0,1,25321,0.2173109469003975,6258688,19709952,astropy__astropy-13977
2,2,1,12.379126395,1,28914,0,0,24,28938,14602,0,0,1,14603,12460,0,0,1,12461,2142,0,0,0,2142,0.1952799740247428,6254592,20774912,astropy__astropy-13977
3,3,1,12.585269518,1,29743,0,0,24,29767,4761,0,0,1,4762,3929,0,0,1,3930,832,0,0,0,832,0.1918938510352745,6418432,20652032,astropy__astropy-13977
4,4,1,12.672132901,1,29743,0,0,24,29767,3212,0,0,1,3213,3212,0,0,1,3213,0,0,0,0,0,0.1838099031010642,6426624,21180416,astropy__astropy-13977
5,5,1,12.619588437,1,29743,0,0,24,29767,3193,0,0,1,3194,3193,0,0,1,3194,0,0,0,0,0,0.1885685659945011,6434816,20946944,astropy__astropy-13977
6,6,1,12.655772521,1,30075,0,0,24,30099,6954,0,0,1,6955,6622,0,0,1,6623,332,0,0,0,332,1.7243615119950846,8888320,20910080,astropy__astropy-13977
7,7,1,12.718502316,1,30084,0,0,24,30108,3120,0,0,1,3121,3111,0,0,1,3112,9,0,0,0,9,0.1883846039418131,8761344,23441408,astropy__astropy-13977
8,8,1,12.774159155,1,30085,0,0,24,30109,3131,0,0,1,3132,3130,0,0,1,3131,1,0,0,0,1,0.1885295419488102,8798208,23556096,astropy__astropy-13977
9,9,1,12.746709999,1,30336,0,0,24,30360,9321,0,0,1,9322,9070,0,0,1,9071,251,0,0,0,251,0.5847405309323221,11022336,177475584,astropy__astropy-13977
10,10,1,12.84008078,1,30420,0,0,24,30444,3335,0,0,1,3336,3251,0,0,1,3252,84,0,0,0,84,0.1894200999522581,11091968,25673728,astropy__astropy-13977
11,11,1,12.801285887,1,30420,0,0,24,30444,3227,0,0,1,3228,3227,0,0,1,3228,0,0,0,0,0,0.1876005149679258,10993664,25600000,astropy__astropy-13977
12,12,1,12.910440012,1,30441,0,0,24,30465,3272,0,0,1,3273,3230,0,0,1,3231,42,0,0,0,42,0.1927721409592777,11087872,25546752,astropy__astropy-13977
13,13,1,12.847721442,1,30441,0,0,24,30465,3213,0,0,1,3214,3213,0,0,1,3214,0,0,0,0,0,0.1828478799434378,11096064,25665536,astropy__astropy-13977
14,14,1,12.793931411,1,30462,0,0,24,30486,3308,0,0,1,3309,3265,0,0,1,3266,43,0,0,0,43,0.1886048750020563,11177984,25878528,astropy__astropy-13977
15,15,1,13.328827562,1,30462,0,0,24,30486,3209,0,0,1,3210,3209,0,0,1,3210,0,0,0,0,0,0.1835269409930333,11169792,25845760,astropy__astropy-13977
16,16,1,13.322470318,1,30463,0,0,24,30487,3127,0,0,1,3128,3125,0,0,1,3126,2,0,0,0,2,0.1849124169675633,11186176,25899008,astropy__astropy-13977
17,17,1,12.891693561,1,30454,0,0,24,30478,3920,0,0,1,3921,3916,0,0,1,3917,4,0,0,0,4,0.2134181130677461,11153408,25878528,astropy__astropy-13977
18,18,1,12.848490148,1,30454,0,0,24,30478,3161,0,0,1,3162,3161,0,0,1,3162,0,0,0,0,0,0.1856861739652231,11145216,25845760,astropy__astropy-13977
19,19,1,12.81377428,1,30455,0,0,24,30479,3136,0,0,1,3137,3135,0,0,1,3136,1,0,0,0,1,0.186340574058704,11165696,25669632,astropy__astropy-13977
20,20,1,12.783720989,1,30445,0,0,24,30469,8627,0,0,1,8628,8621,0,0,1,8622,6,0,0,0,6,0.3974274600623175,11423744,167645184,astropy__astropy-13977
21,21,1,12.729866992,1,30445,0,0,24,30469,3113,0,0,1,3114,3113,0,0,1,3114,0,0,0,0,0,0.1845148280262947,11141120,25702400,astropy__astropy-13977
22,22,1,12.823288749,1,30445,0,0,24,30469,8685,0,0,1,8686,8685,0,0,1,8686,0,0,0,0,0,0.3936990679940209,11538432,170422272,astropy__astropy-13977
23,23,1,12.844463012,1,30446,0,0,24,30470,3126,0,0,1,3127,3125,0,0,1,3126,1,0,0,0,1,0.1826313770143315,11202560,25939968,astropy__astropy-13977
24,24,1,12.901549689,1,30446,0,0,24,30470,3903,0,0,1,3904,3903,0,0,1,3904,0,0,0,0,0,0.2107092419173568,11137024,25894912,astropy__astropy-13977
25,25,1,13.027806333,1,32990,0,0,24,33014,6366,0,0,1,6367,3802,0,0,1,3803,2564,0,0,0,2564,0.197543374961242,21618688,25731072,astropy__astropy-13977
26,26,1,13.095282277,1,32990,0,0,24,33014,3116,0,0,1,3117,3116,0,0,1,3117,0,0,0,0,0,0.1856120110023766,21602304,36356096,astropy__astropy-13977
27,27,1,13.180771392,1,32991,0,0,24,33015,4037,0,0,1,4038,4020,0,0,1,4021,17,0,0,0,17,0.1898181400028988,21622784,36311040,astropy__astropy-13977
28,28,1,13.263253781,1,34579,0,0,24,34603,5629,0,0,1,5630,4040,0,0,1,4041,1589,0,0,0,1589,0.1999284909106791,28164096,36204544,astropy__astropy-13977
29,29,1,13.368510375,1,34579,0,0,24,34603,3139,0,0,1,3140,3139,0,0,1,3140,0,0,0,0,0,0.1868653170531615,28147712,42885120,astropy__astropy-13977
30,30,1,13.355843575,1,34579,0,0,24,34603,3809,0,0,1,3810,3803,0,0,1,3804,6,0,0,0,6,0.1858600029954686,28147712,42856448,astropy__astropy-13977
31,31,1,13.707799187,1,54235,0,0,24,54259,25617,0,0,1,25618,5925,0,0,1,5926,19692,0,0,0,19692,0.2775509860366583,110092288,112185344,astropy__astropy-13977
32,32,1,14.202978975,1,54235,0,0,24,54259,3888,0,0,1,3889,3888,0,0,1,3889,0,0,0,0,0,0.2085660230368375,110080000,124878848,astropy__astropy-13977
33,33,1,14.217640261,1,54256,0,0,24,54280,3271,0,0,1,3272,3250,0,0,1,3251,21,0,0,0,21,0.184792096959427,110186496,124768256,astropy__astropy-13977
34,34,1,14.08349226,1,54257,0,0,24,54281,3227,0,0,1,3228,3225,0,0,1,3226,2,0,0,0,2,0.1837525960290804,110190592,124891136,astropy__astropy-13977
35,35,1,14.244302381,1,54293,0,0,24,54317,13365,0,0,1,13366,13329,0,0,1,13330,36,0,0,0,36,0.2166494280099868,110194688,124772352,astropy__astropy-13977
36,36,1,14.266752227,1,54287,0,0,24,54311,4112,0,0,1,4113,4055,0,0,1,4056,57,0,0,0,57,0.2147854280192405,110166016,124862464,astropy__astropy-13977
37,37,1,14.183423244,1,54287,0,0,24,54311,3103,0,0,1,3104,3103,0,0,1,3104,0,0,0,0,0,0.1820785639574751,110161920,124891136,astropy__astropy-13977
38,38,1,14.104741107,1,54287,0,0,24,54311,3113,0,0,1,3114,3113,0,0,1,3114,0,0,0,0,0,0.1861288889776915,110174208,124588032,astropy__astropy-13977
0,0,0,3.034828793,1,616,0,0,23,639,0,0,0,0,0,0,0,0,0,0,0,0,0,0,0,0.0,4354048,10964992,astropy__astropy-14096
1,2,1,2.765460778,1,5207,0,0,23,5230,5098,0,0,1,5099,0,0,0,0,0,5098,0,0,1,5099,0.2356749370228499,24059904,37462016,astropy__astropy-14096
2,3,1,4.31509644,1,5438,0,0,23,5461,3416,0,0,1,3417,3156,0,0,1,3157,260,0,0,0,260,0.1974579999223351,25116672,38809600,astropy__astropy-14096
3,4,1,4.352955067,1,5461,0,0,23,5484,3195,0,0,1,3196,3169,0,0,1,3170,26,0,0,0,26,0.1804017850663513,25141248,39608320,astropy__astropy-14096
4,5,1,4.331400543,1,5498,0,0,23,5521,3194,0,0,1,3195,3151,0,0,1,3152,43,0,0,0,43,0.1914464550791308,25407488,39952384,astropy__astropy-14096
5,6,1,4.381508129,1,5498,0,0,23,5521,3220,0,0,1,3221,3220,0,0,1,3221,0,0,0,0,0,0.1816920329583808,25530368,40144896,astropy__astropy-14096
6,7,1,4.680394997,1,7049,0,0,23,7072,4692,0,0,1,4693,3141,0,0,1,3142,1551,0,0,0,1551,0.2258962340420112,32030720,40017920,astropy__astropy-14096
7,8,1,5.930034974,1,23935,0,0,23,23958,20983,0,0,1,20984,4095,0,0,1,4096,16888,0,0,0,16888,1.1898602480068805,103632896,284282880,astropy__astropy-14096
8,9,1,6.781650549,1,27401,0,0,23,27424,12793,0,0,1,12794,9327,0,0,1,9328,3466,0,0,0,3466,0.182502371026203,103411712,118018048,astropy__astropy-14096
9,10,1,7.003296862,1,27402,0,0,23,27425,3213,0,0,1,3214,3212,0,0,1,3213,1,0,0,0,1,0.1875282890396192,103444480,118370304,astropy__astropy-14096
10,11,1,6.807310004,1,27402,0,0,23,27425,3214,0,0,1,3215,3214,0,0,1,3215,0,0,0,0,0,0.1843655059346929,103448576,118054912,astropy__astropy-14096
11,12,1,7.109073674,1,27402,0,0,23,27425,3192,0,0,1,3193,3192,0,0,1,3193,0,0,0,0,0,0.1866724329302087,103456768,118317056,astropy__astropy-14096
12,13,1,6.893580377,1,27402,0,0,23,27425,3226,0,0,1,3227,3226,0,0,1,3227,0,0,0,0,0,0.1855095869395882,103440384,118063104,astropy__astropy-14096
13,14,1,6.846144765,1,27402,0,0,23,27425,11583,0,0,1,11584,11582,0,0,1,11583,1,0,0,0,1,0.1859302440425381,103403520,118079488,astropy__astropy-14096
14,15,1,6.951857978,1,29851,0,0,23,29874,6977,0,0,1,6978,4528,0,0,1,4529,2449,0,0,0,2449,0.301396872033365,114302976,118140928,astropy__astropy-14096
15,16,1,6.993641998,1,29851,0,0,23,29874,3174,0,0,1,3175,3174,0,0,1,3175,0,0,0,0,0,0.1894784569740295,114278400,128860160,astropy__astropy-14096
16,17,1,6.979849765,1,29851,0,0,23,29874,3166,0,0,1,3167,3166,0,0,1,3167,0,0,0,0,0,0.1951059380080551,114282496,129208320,astropy__astropy-14096
17,18,1,6.960435548,1,29851,0,0,23,29874,3213,0,0,1,3214,3213,0,0,1,3214,0,0,0,0,0,0.1891946789110079,114307072,128905216,astropy__astropy-14096
18,19,1,6.989239557,1,29852,0,0,23,29875,10297,0,0,1,10298,10296,0,0,1,10297,1,0,0,0,1,0.6619517849758267,114925568,295665664,astropy__astropy-14096
19,20,1,7.043176972,1,29852,0,0,23,29875,3237,0,0,1,3238,3237,0,0,1,3238,0,0,0,0,0,0.1859014939982444,114589696,129310720,astropy__astropy-14096
20,21,1,6.957245388,1,29852,0,0,23,29875,3166,0,0,1,3167,3166,0,0,1,3167,0,0,0,0,0,0.1844990469980985,114434048,129490944,astropy__astropy-14096
21,22,1,6.971721136,1,29852,0,0,23,29875,6942,0,0,1,6943,6942,0,0,1,6943,0,0,0,0,0,0.2228992669843137,114401280,128950272,astropy__astropy-14096
22,23,1,6.963359427,1,29852,0,0,23,29875,3177,0,0,1,3178,3177,0,0,1,3178,0,0,0,0,0,0.1878836100222543,114302976,128905216,astropy__astropy-14096
23,24,1,6.965956257,1,29852,0,0,23,29875,3195,0,0,1,3196,3195,0,0,1,3196,0,0,0,0,0,0.187319557997398,114307072,129085440,astropy__astropy-14096
24,25,1,7.074411405,1,29853,0,0,23,29876,10238,0,0,1,10239,10237,0,0,1,10238,1,0,0,0,1,0.6687421919777989,114683904,294969344,astropy__astropy-14096
25,26,1,7.070034856,1,29854,0,0,23,29877,10221,0,0,1,10222,10220,0,0,1,10221,1,0,0,0,1,0.6687626650091261,114601984,293249024,astropy__astropy-14096
26,27,1,6.987924042,1,29854,0,0,23,29877,3186,0,0,1,3187,3186,0,0,1,3187,0,0,0,0,0,0.1869376570684835,114368512,128950272,astropy__astropy-14096
27,29,1,7.068831665,1,29855,0,0,23,29878,10225,0,0,1,10226,10224,0,0,1,10225,1,0,0,0,1,0.6700122260954231,114413568,291397632,astropy__astropy-14096
28,30,1,7.042208685,1,29856,0,0,23,29879,10285,0,0,1,10286,10284,0,0,1,10285,1,0,0,0,1,0.6603738820413128,114790400,295329792,astropy__astropy-14096
29,31,1,6.974343958,1,29857,0,0,23,29880,10147,0,0,1,10148,10146,0,0,1,10147,1,0,0,0,1,0.6724022440612316,114741248,293515264,astropy__astropy-14096
30,32,1,6.976687588,1,29857,0,0,23,29880,3165,0,0,1,3166,3165,0,0,1,3166,0,0,0,0,0,0.1869733689818531,114536448,129003520,astropy__astropy-14096
31,33,1,6.977982926,1,29858,0,0,23,29881,10261,0,0,1,10262,10260,0,0,1,10261,1,0,0,0,1,0.6431449430529028,114917376,293609472,astropy__astropy-14096
32,34,1,6.959344487,1,29881,0,0,23,29904,3934,0,0,1,3935,3911,0,0,1,3912,23,0,0,0,23,0.2060670360224321,114774016,129638400,astropy__astropy-14096
33,35,1,7.063483632,1,29882,0,0,23,29905,10181,0,0,1,10182,10162,0,0,1,10163,19,0,0,0,19,0.6834576890105382,114827264,296747008,astropy__astropy-14096
34,36,1,6.991666828,1,29885,0,0,23,29908,10167,0,0,1,10168,10164,0,0,1,10165,3,0,0,0,3,0.6531413530465215,114950144,294244352,astropy__astropy-14096
35,37,1,6.978817579,1,29887,0,0,23,29910,10107,0,0,1,10108,10105,0,0,1,10106,2,0,0,0,2,0.6527929839212447,114814976,294182912,astropy__astropy-14096
36,38,1,7.086539913,1,29888,0,0,23,29911,3320,0,0,1,3321,3319,0,0,1,3320,1,0,0,0,1,0.1947703729383647,114622464,129269760,astropy__astropy-14096
37,39,1,7.0831726,1,29889,0,0,23,29912,3915,0,0,1,3916,3914,0,0,1,3915,1,0,0,0,1,0.208311096066609,114626560,129216512,astropy__astropy-14096
38,40,1,7.101305779,1,29889,0,0,23,29912,3937,0,0,1,3938,3937,0,0,1,3938,0,0,0,0,0,0.2055191289400681,114659328,129536000,astropy__astropy-14096
39,41,1,7.069637686,1,29889,0,0,23,29912,3242,0,0,1,3243,3242,0,0,1,3243,0,0,0,0,0,0.1964134750887751,114565120,129191936,astropy__astropy-14096
40,42,1,7.163798988,1,31159,0,0,23,31182,7342,0,0,1,7343,6072,0,0,1,6073,1270,0,0,0,1270,0.9530000789090992,121335808,157544448,astropy__astropy-14096
41,43,1,7.08672308,1,31224,0,0,23,31247,3292,0,0,1,3293,3227,0,0,1,3228,65,0,0,0,65,0.1945426580496132,121487360,135892992,astropy__astropy-14096
42,44,1,7.082872939,1,31226,0,0,23,31249,3926,0,0,1,3927,3924,0,0,1,3925,2,0,0,0,2,0.2097852940205484,121597952,136122368,astropy__astropy-14096
43,45,1,7.063530328,1,31226,0,0,23,31249,10044,0,0,1,10045,10044,0,0,1,10045,0,0,0,0,0,0.6539534470066428,121798656,298872832,astropy__astropy-14096
44,46,1,7.06084312,1,31227,0,0,23,31250,3886,0,0,1,3887,3885,0,0,1,3886,1,0,0,0,1,0.2102022799663245,121491456,136060928,astropy__astropy-14096
45,47,1,7.029597766,1,31228,0,0,23,31251,10154,0,0,1,10155,10153,0,0,1,10154,1,0,0,0,1,0.6509885719278827,122044416,302231552,astropy__astropy-14096
46,48,1,6.99615595,1,31229,0,0,23,31252,3119,0,0,1,3120,3118,0,0,1,3119,1,0,0,0,1,0.1848659709794446,121593856,136216576,astropy__astropy-14096
47,49,1,7.120793592,1,31241,0,0,23,31264,3155,0,0,1,3156,3143,0,0,1,3144,12,0,0,0,12,0.1903391650412231,121585664,136290304,astropy__astropy-14096
48,50,1,7.087863155,1,31241,0,0,23,31264,3237,0,0,1,3238,3237,0,0,1,3238,0,0,0,0,0,0.1841084039770066,121561088,136241152,astropy__astropy-14096
49,51,1,7.087298122,1,31241,0,0,23,31264,3230,0,0,1,3231,3230,0,0,1,3231,0,0,0,0,0,0.1878816639073193,121630720,136478720,astropy__astropy-14096
50,52,1,7.077447978,1,31296,0,0,23,31319,3302,0,0,1,3303,3246,0,0,1,3247,56,0,0,0,56,0.1896289259893819,121810944,136474624,astropy__astropy-14096
51,53,1,7.013867282,1,31296,0,0,23,31319,3300,0,0,1,3301,3300,0,0,1,3301,0,0,0,0,0,0.1920048940228298,122064896,136634368,astropy__astropy-14096
52,54,1,7.079772115,1,31296,0,0,23,31319,3942,0,0,1,3943,3942,0,0,1,3943,0,0,0,0,0,0.2149870879948139,121815040,136605696,astropy__astropy-14096
53,55,1,7.191370823,1,31296,0,0,23,31319,3948,0,0,1,3949,3948,0,0,1,3949,0,0,0,0,0,0.2152324710041284,121810944,136396800,astropy__astropy-14096
54,56,1,7.091714352,1,31297,0,0,23,31320,3946,0,0,1,3947,3946,0,0,1,3947,0,0,0,0,0,0.2215904700569808,122245120,136712192,astropy__astropy-14096
55,57,1,7.086661174,1,31297,0,0,23,31320,3124,0,0,1,3125,3124,0,0,1,3125,0,0,0,0,0,0.1823202120140195,122236928,136937472,astropy__astropy-14096
56,58,1,7.187127666,1,31297,0,0,23,31320,3131,0,0,1,3132,3131,0,0,1,3132,0,0,0,0,0,0.189216130063869,122023936,137211904,astropy__astropy-14096
0,0,0,3.013100881,1,616,0,0,22,638,0,0,0,0,0,0,0,0,0,0,0,0,0,0,0,0.0,4370432,9109504,astropy__astropy-14182
1,1,1,2.870438008,1,5404,0,0,22,5426,5325,0,0,1,5326,0,0,0,0,0,5325,0,0,1,5326,0.2599899240303784,25251840,37715968,astropy__astropy-14182
2,1,2,4.367554615,1,5404,0,0,22,5426,3321,0,0,1,3322,3321,0,0,1,3322,0,0,0,0,0,0.2001081700436771,25264128,39739392,astropy__astropy-14182
3,2,1,4.37274162,1,5414,0,0,22,5436,3139,0,0,1,3140,3121,0,0,1,3122,18,0,0,0,18,0.1819634530693292,25313280,39870464,astropy__astropy-14182
4,3,1,4.333249017,1,5419,0,0,22,5441,3127,0,0,1,3128,3122,0,0,1,3123,5,0,0,0,5,0.1904932919424027,25313280,40095744,astropy__astropy-14182
5,4,1,4.301978361,1,5447,0,0,22,5469,3205,0,0,1,3206,3177,0,0,1,3178,28,0,0,0,28,0.189086589962244,25440256,40202240,astropy__astropy-14182
6,5,1,4.31039832,1,5447,0,0,22,5469,3217,0,0,1,3218,3217,0,0,1,3218,0,0,0,0,0,0.1895692649995908,25501696,40062976,astropy__astropy-14182
7,6,1,4.310207826,1,5447,0,0,22,5469,3202,0,0,1,3203,3202,0,0,1,3203,0,0,0,0,0,0.1848042099736631,25600000,40194048,astropy__astropy-14182
8,7,1,4.307600966,1,5447,0,0,22,5469,3201,0,0,1,3202,3201,0,0,1,3202,0,0,0,0,0,0.1848970720311626,25440256,40284160,astropy__astropy-14182
9,8,1,4.36184113,1,5493,0,0,22,5515,3342,0,0,1,3343,3293,0,0,1,3294,49,0,0,0,49,0.1891562279779464,25583616,39854080,astropy__astropy-14182
10,9,1,5.76422097,1,23748,0,0,22,23770,21570,0,0,1,21571,3315,0,0,1,3316,18255,0,0,0,18255,0.1992926720995456,25567232,39944192,astropy__astropy-14182
11,10,1,8.222256391,1,25672,0,0,22,25694,13127,0,0,1,13128,11203,0,0,1,11204,1924,0,0,0,1924,0.193482790957205,25567232,40067072,astropy__astropy-14182
12,11,1,8.826952132,1,27884,0,0,22,27906,5879,0,0,1,5880,3667,0,0,1,3668,2212,0,0,0,2212,0.2028200610075146,25575424,39895040,astropy__astropy-14182
13,12,1,9.130853267,1,27884,0,0,22,27906,5447,0,0,1,5448,5447,0,0,1,5448,0,0,0,0,0,0.1941330219851806,25571328,39972864,astropy__astropy-14182
14,13,1,9.128099008,1,27885,0,0,22,27907,3863,0,0,1,3864,3857,0,0,1,3858,6,0,0,0,6,0.1888861450133845,25600000,40345600,astropy__astropy-14182
15,14,1,9.127942126,1,27885,0,0,22,27907,3795,0,0,1,3796,3793,0,0,1,3794,2,0,0,0,2,0.1880569510394707,25587712,40116224,astropy__astropy-14182
16,15,1,9.132268962,1,27885,0,0,22,27907,3775,0,0,1,3776,3775,0,0,1,3776,0,0,0,0,0,0.1871545889880508,25587712,40132608,astropy__astropy-14182
17,16,1,9.086604155,1,27886,0,0,22,27908,3786,0,0,1,3787,3785,0,0,1,3786,1,0,0,0,1,0.1912396209081635,25600000,40296448,astropy__astropy-14182
18,17,1,9.118164754,1,27887,0,0,22,27909,3788,0,0,1,3789,3785,0,0,1,3786,3,0,0,0,3,0.2110609429655596,25595904,40091648,astropy__astropy-14182
19,18,1,9.095852068,1,28638,0,0,22,28660,11631,0,0,1,11632,10880,0,0,1,10881,751,0,0,0,751,0.9347708700224756,30371840,206467072,astropy__astropy-14182
20,19,1,9.097812567,1,28638,0,0,22,28660,3103,0,0,1,3104,3103,0,0,1,3104,0,0,0,0,0,0.1840051000472158,30212096,44974080,astropy__astropy-14182
21,20,1,9.241860813,1,28638,0,0,22,28660,9933,0,0,1,9934,9932,0,0,1,9933,1,0,0,0,1,0.6013162879971787,30629888,206524416,astropy__astropy-14182
22,21,1,9.222803184,1,28639,0,0,22,28661,3122,0,0,1,3123,3121,0,0,1,3122,1,0,0,0,1,0.1892501739785075,30298112,44961792,astropy__astropy-14182
23,22,1,9.116845583,1,28639,0,0,22,28661,9918,0,0,1,9919,9917,0,0,1,9918,1,0,0,0,1,0.5964235790306702,30633984,206225408,astropy__astropy-14182
24,23,1,9.222640255,1,28639,0,0,22,28661,3092,0,0,1,3093,3092,0,0,1,3093,0,0,0,0,0,0.1894234200008213,30281728,44965888,astropy__astropy-14182
25,24,1,9.110727203,1,28639,0,0,22,28661,9925,0,0,1,9926,9924,0,0,1,9925,1,0,0,0,1,0.6000406079692766,30613504,206159872,astropy__astropy-14182
26,25,1,9.232676103,1,28638,0,0,22,28660,3104,0,0,1,3105,3104,0,0,1,3105,0,0,0,0,0,0.1877538750413805,30248960,44781568,astropy__astropy-14182
27,26,1,9.123863421,1,28638,0,0,22,28660,9890,0,0,1,9891,9889,0,0,1,9890,1,0,0,0,1,0.5966092229355127,30507008,206389248,astropy__astropy-14182
28,27,1,9.124005575,1,28638,0,0,22,28660,3206,0,0,1,3207,3206,0,0,1,3207,0,0,0,0,0,0.1884351560147479,30224384,44756992,astropy__astropy-14182
29,28,1,9.175958012,1,28638,0,0,22,28660,3105,0,0,1,3106,3105,0,0,1,3106,0,0,0,0,0,0.1884476200211793,30208000,44834816,astropy__astropy-14182
30,29,1,9.14444487,1,28638,0,0,22,28660,9908,0,0,1,9909,9907,0,0,1,9908,1,0,0,0,1,0.6092494990443811,30658560,207126528,astropy__astropy-14182
31,30,1,9.111140139,1,28638,0,0,22,28660,3100,0,0,1,3101,3100,0,0,1,3101,0,0,0,0,0,0.1877010469324886,30314496,44982272,astropy__astropy-14182
32,31,1,9.122959717,1,28638,0,0,22,28660,3135,0,0,1,3136,3135,0,0,1,3136,0,0,0,0,0,0.1834482639096677,30273536,44728320,astropy__astropy-14182
33,32,1,9.151264179,1,28638,0,0,22,28660,9925,0,0,1,9926,9924,0,0,1,9925,1,0,0,0,1,0.601340839988552,30314496,205783040,astropy__astropy-14182
34,33,1,9.239258666,1,28639,0,0,22,28661,3098,0,0,1,3099,3097,0,0,1,3098,1,0,0,0,1,0.1885554239852354,30285824,44982272,astropy__astropy-14182
35,34,1,9.2400919,1,28639,0,0,22,28661,10356,0,0,1,10357,10355,0,0,1,10356,1,0,0,0,1,0.6003445530077443,30539776,204763136,astropy__astropy-14182
36,35,1,9.115715862,1,28640,0,0,22,28662,3122,0,0,1,3123,3122,0,0,1,3123,0,0,0,0,0,0.1859410320175811,30425088,44965888,astropy__astropy-14182
37,36,1,9.226209213,1,28641,0,0,22,28663,9923,0,0,1,9924,9921,0,0,1,9922,2,0,0,0,2,0.5948182030115277,30642176,206069760,astropy__astropy-14182
38,37,1,9.203549153,1,28641,0,0,22,28663,3118,0,0,1,3119,3118,0,0,1,3119,0,0,0,0,0,0.1831063610734418,30265344,45015040,astropy__astropy-14182
39,38,1,9.206184168,1,28641,0,0,22,28663,10257,0,0,1,10258,10255,0,0,1,10256,2,0,0,0,2,0.6011383939767256,30564352,206188544,astropy__astropy-14182
40,39,1,9.120745724,1,28641,0,0,22,28663,3542,0,0,1,3543,3542,0,0,1,3543,0,0,0,0,0,0.1889718530001118,30236672,44855296,astropy__astropy-14182
41,40,1,9.170527764,1,28641,0,0,22,28663,10325,0,0,1,10326,10323,0,0,1,10324,2,0,0,0,2,0.6007615880807862,30425088,200957952,astropy__astropy-14182
42,41,1,9.125724372,1,28641,0,0,22,28663,3557,0,0,1,3558,3557,0,0,1,3558,0,0,0,0,0,0.1845564029645174,30228480,45002752,astropy__astropy-14182
43,42,1,9.073255341,1,28641,0,0,22,28663,10010,0,0,1,10011,10008,0,0,1,10009,2,0,0,0,2,0.6002257820218801,30502912,205656064,astropy__astropy-14182
44,43,1,9.231344519,1,28641,0,0,22,28663,3562,0,0,1,3563,3562,0,0,1,3563,0,0,0,0,0,0.1838974900310859,30232576,44896256,astropy__astropy-14182
45,44,1,9.133493329,1,28641,0,0,22,28663,9930,0,0,1,9931,9928,0,0,1,9929,2,0,0,0,2,0.5993687510490417,30535680,205479936,astropy__astropy-14182
46,45,1,9.230476366,1,28641,0,0,22,28663,3193,0,0,1,3194,3193,0,0,1,3194,0,0,0,0,0,0.1891996869817376,30240768,44691456,astropy__astropy-14182
47,46,1,9.225236551,1,28641,0,0,22,28663,3189,0,0,1,3190,3189,0,0,1,3190,0,0,0,0,0,0.1867200889391824,30216192,45047808,astropy__astropy-14182
48,47,1,9.07672281,1,28641,0,0,22,28663,3212,0,0,1,3213,3212,0,0,1,3213,0,0,0,0,0,0.1839809790253639,30212096,45006848,astropy__astropy-14182
49,48,1,9.220331799,1,28641,0,0,22,28663,3119,0,0,1,3120,3119,0,0,1,3120,0,0,0,0,0,0.1875388020416721,30224384,44724224,astropy__astropy-14182
50,49,1,9.240427194,1,28641,0,0,22,28663,9865,0,0,1,9866,9863,0,0,1,9864,2,0,0,0,2,0.6029798890231177,30519296,205357056,astropy__astropy-14182
51,50,1,9.193212978,1,28640,0,0,22,28662,3115,0,0,1,3116,3115,0,0,1,3116,0,0,0,0,0,0.1875300159445032,30208000,44818432,astropy__astropy-14182
52,51,1,9.119339361,1,28639,0,0,22,28661,9911,0,0,1,9912,9910,0,0,1,9911,1,0,0,0,1,0.5989224120276049,30556160,205905920,astropy__astropy-14182
53,52,1,9.307233679,1,31223,0,0,22,31245,6350,0,0,1,6351,3766,0,0,1,3767,2584,0,0,0,2584,0.1934979729121551,40910848,44965888,astropy__astropy-14182
54,53,1,9.273883887,1,31223,0,0,22,31245,3091,0,0,1,3092,3091,0,0,1,3092,0,0,0,0,0,0.1839208070887252,40890368,55554048,astropy__astropy-14182
55,54,1,9.358197664,1,31223,0,0,22,31245,3098,0,0,1,3099,3098,0,0,1,3099,0,0,0,0,0,0.184186925063841,40894464,55648256,astropy__astropy-14182
0,0,0,3.042859761,1,616,0,0,24,640,0,0,0,0,0,0,0,0,0,0,0,0,0,0,0,0.0,4354048,8978432,astropy__astropy-14309
1,1,1,2.851748416,1,5404,0,0,24,5428,5322,0,0,1,5323,0,0,0,0,0,5322,0,0,1,5323,0.2667328760726377,25018368,37265408,astropy__astropy-14309
2,1,2,4.570872773,1,5404,0,0,24,5428,3296,0,0,1,3297,3292,0,0,1,3293,4,0,0,0,4,0.1998136390466243,24952832,39526400,astropy__astropy-14309
3,1,3,4.519413827,1,5477,0,0,24,5501,3372,0,0,1,3373,3297,0,0,1,3298,75,0,0,0,75,0.1993734600255265,25260032,39989248,astropy__astropy-14309
4,2,1,4.568541023,1,5534,0,0,24,5558,3234,0,0,1,3235,3177,0,0,1,3178,57,0,0,0,57,0.1880542429862544,25059328,39899136,astropy__astropy-14309
5,2,2,4.652285086,1,5539,0,0,24,5563,3182,0,0,1,3183,3173,0,0,1,3174,9,0,0,0,9,0.1836666580056771,25120768,39792640,astropy__astropy-14309
6,3,1,4.607222083,1,5548,0,0,24,5572,3202,0,0,1,3203,3190,0,0,1,3191,12,0,0,0,12,0.1895755140576511,25313280,39895040,astropy__astropy-14309
7,3,2,4.663517515,1,5548,0,0,24,5572,3183,0,0,1,3184,3183,0,0,1,3184,0,0,0,0,0,0.1822180770104751,25378816,40005632,astropy__astropy-14309
8,4,1,4.615997297,1,5549,0,0,24,5573,3088,0,0,1,3089,3087,0,0,1,3088,1,0,0,0,1,0.1864000490168109,25309184,39944192,astropy__astropy-14309
9,5,1,4.846530257,1,7099,0,0,24,7123,4667,0,0,1,4668,3117,0,0,1,3118,1550,0,0,0,1550,0.2179774629184976,31768576,40071168,astropy__astropy-14309
10,6,1,5.244342729,1,7099,0,0,24,7123,3147,0,0,1,3148,3147,0,0,1,3148,0,0,0,0,0,0.1907137630041688,31842304,46522368,astropy__astropy-14309
11,7,1,6.232582421,1,23209,0,0,24,23233,20130,0,0,1,20131,4019,0,0,1,4020,16111,0,0,0,16111,1.0520500839920714,100401152,282800128,astropy__astropy-14309
12,8,1,7.711221645,1,23209,0,0,24,23233,3189,0,0,1,3190,3189,0,0,1,3190,0,0,0,0,0,0.1850829180330038,99946496,114860032,astropy__astropy-14309
13,9,1,7.651360055,1,23251,0,0,24,23275,3222,0,0,1,3223,3180,0,0,1,3181,42,0,0,0,42,0.1855506099527701,99954688,114458624,astropy__astropy-14309
14,10,1,7.651148819,1,23251,0,0,24,23275,9659,0,0,1,9660,9659,0,0,1,9660,0,0,0,0,0,0.5720552649581805,100466688,274636800,astropy__astropy-14309
15,11,1,7.582632024,1,23247,0,0,24,23271,3101,0,0,1,3102,3101,0,0,1,3102,0,0,0,0,0,0.1899301110533997,100126720,114929664,astropy__astropy-14309
16,12,1,7.610271466,1,23245,0,0,24,23269,9787,0,0,1,9788,9786,0,0,1,9787,1,0,0,0,1,0.5972186090657488,100753408,275374080,astropy__astropy-14309
17,13,1,7.671706041,1,23245,0,0,24,23269,3114,0,0,1,3115,3114,0,0,1,3115,0,0,0,0,0,0.1869616529438644,100282368,115183616,astropy__astropy-14309
18,14,1,7.597348693,1,23246,0,0,24,23270,3125,0,0,1,3126,3124,0,0,1,3125,1,0,0,0,1,0.1847164429491385,100069376,114917376,astropy__astropy-14309
19,15,1,7.69919016,1,23246,0,0,24,23270,9845,0,0,1,9846,9844,0,0,1,9845,1,0,0,0,1,0.5953039031010121,100593664,275468288,astropy__astropy-14309
20,16,1,8.277554961,1,26783,0,0,24,26807,6641,0,0,1,6642,3104,0,0,1,3105,3537,0,0,0,3537,0.2050577129703015,114499584,119468032,astropy__astropy-14309
21,17,1,9.426575401,1,26783,0,0,24,26807,3117,0,0,1,3118,3117,0,0,1,3118,0,0,0,0,0,0.1837516209343448,114470912,128806912,astropy__astropy-14309
22,18,1,9.410352627,1,27344,0,0,24,27368,4615,0,0,1,4616,4049,0,0,1,4050,566,0,0,0,566,0.2005381510825827,116822016,129167360,astropy__astropy-14309
23,19,1,9.407234231,1,27344,0,0,24,27368,3103,0,0,1,3104,3103,0,0,1,3104,0,0,0,0,0,0.1878982790512964,116961280,131629056,astropy__astropy-14309
24,20,1,9.509808255,1,27345,0,0,24,27369,4002,0,0,1,4003,3948,0,0,1,3949,54,0,0,0,54,0.1891310840146616,116862976,131604480,astropy__astropy-14309
25,21,1,9.461468438,1,27346,0,0,24,27370,4064,0,0,1,4065,4013,0,0,1,4014,51,0,0,0,51,0.1994851320050656,117014528,131641344,astropy__astropy-14309
26,22,1,9.436824808,1,27347,0,0,24,27371,4093,0,0,1,4094,4040,0,0,1,4041,53,0,0,0,53,0.2011028559645638,116850688,131588096,astropy__astropy-14309
27,23,1,9.396159939,1,27347,0,0,24,27371,3135,0,0,1,3136,3135,0,0,1,3136,0,0,0,0,0,0.1822075590025633,116838400,131674112,astropy__astropy-14309
28,24,1,9.527428991,1,27347,0,0,24,27371,3187,0,0,1,3188,3187,0,0,1,3188,0,0,0,0,0,0.1851263049757108,116953088,131690496,astropy__astropy-14309
29,25,1,9.5374501,1,27347,0,0,24,27371,3192,0,0,1,3193,3192,0,0,1,3193,0,0,0,0,0,0.1902883519651368,116936704,131735552,astropy__astropy-14309
30,26,1,9.456999554,1,27347,0,0,24,27371,4123,0,0,1,4124,4070,0,0,1,4071,53,0,0,0,53,0.1956860319478437,116928512,131575808,astropy__astropy-14309
31,27,1,9.42667384,1,27348,0,0,24,27372,3954,0,0,1,3955,3900,0,0,1,3901,54,0,0,0,54,0.1924745830474421,116858880,131526656,astropy__astropy-14309
32,28,1,9.859192564,1,27409,0,0,24,27433,4156,0,0,1,4157,4046,0,0,1,4047,110,0,0,0,110,0.2009853540221229,117121024,131571712,astropy__astropy-14309
33,29,1,9.512558762,1,27381,0,0,24,27405,4050,0,0,1,4051,3997,0,0,1,3998,53,0,0,0,53,0.1965422079665586,117022720,131670016,astropy__astropy-14309
34,30,1,9.535734979,1,27381,0,0,24,27405,4721,0,0,1,4722,4673,0,0,1,4674,48,0,0,0,48,0.2187119069276377,116998144,131633152,astropy__astropy-14309
35,31,1,9.472269783,1,27392,0,0,24,27416,4642,0,0,1,4643,4583,0,0,1,4584,59,0,0,0,59,0.2183159589767456,117002240,131837952,astropy__astropy-14309
36,32,1,9.453756671,1,27420,0,0,24,27444,4160,0,0,1,4161,4079,0,0,1,4080,81,0,0,0,81,0.2031745440326631,117166080,131588096,astropy__astropy-14309
37,33,1,9.443218921,1,27420,0,0,24,27444,3226,0,0,1,3227,3226,0,0,1,3227,0,0,0,0,0,0.1830018640030175,117301248,131915776,astropy__astropy-14309
38,34,1,9.746823896,1,27439,0,0,24,27463,4048,0,0,1,4049,3948,0,0,1,3949,100,0,0,0,100,0.2003193349810317,117301248,132059136,astropy__astropy-14309
39,35,1,9.537754123,1,27467,0,0,24,27491,4193,0,0,1,4194,4112,0,0,1,4113,81,0,0,0,81,0.2020686119794845,117481472,132149248,astropy__astropy-14309
40,36,1,9.465022584,1,27467,0,0,24,27491,3154,0,0,1,3155,3154,0,0,1,3155,0,0,0,0,0,0.1869007460772991,117403648,132313088,astropy__astropy-14309
41,37,1,9.43124672,1,27439,0,0,24,27463,4066,0,0,1,4067,4013,0,0,1,4014,53,0,0,0,53,0.1941070300526917,117276672,132030464,astropy__astropy-14309
42,38,1,9.420794356,1,27439,0,0,24,27463,4625,0,0,1,4626,4577,0,0,1,4578,48,0,0,0,48,0.2184837600216269,117301248,132206592,astropy__astropy-14309
43,39,1,9.452782652,1,27439,0,0,24,27463,4629,0,0,1,4630,4581,0,0,1,4582,48,0,0,0,48,0.2164954839972779,117420032,132046848,astropy__astropy-14309
44,40,1,9.529358372,1,27440,0,0,24,27464,3883,0,0,1,3884,3834,0,0,1,3835,49,0,0,0,49,0.1923900119727477,117411840,132063232,astropy__astropy-14309
45,41,1,9.533958976,1,27441,0,0,24,27465,3888,0,0,1,3889,3839,0,0,1,3840,49,0,0,0,49,0.1917284260271117,117272576,132001792,astropy__astropy-14309
46,42,1,9.556096932,1,27441,0,0,24,27465,3893,0,0,1,3894,3845,0,0,1,3846,48,0,0,0,48,0.1902182169724255,117264384,132005888,astropy__astropy-14309
47,43,1,9.558848088,1,27441,0,0,24,27465,3103,0,0,1,3104,3103,0,0,1,3104,0,0,0,0,0,0.1830985329579562,117321728,131928064,astropy__astropy-14309
48,44,1,9.546814554,1,27488,0,0,24,27512,3303,0,0,1,3304,3251,0,0,1,3252,52,0,0,0,52,0.3222662039333954,117473280,132304896,astropy__astropy-14309
49,45,1,9.543193575,1,27455,0,0,24,27479,3891,0,0,1,3892,3891,0,0,1,3892,0,0,0,0,0,0.1870610819896683,117354496,132231168,astropy__astropy-14309
50,46,1,9.519160195,1,27455,0,0,24,27479,3124,0,0,1,3125,3124,0,0,1,3125,0,0,0,0,0,0.1844373209169134,117354496,132096000,astropy__astropy-14309
51,47,1,9.757496679,1,27455,0,0,24,27479,9687,0,0,1,9688,9687,0,0,1,9688,0,0,0,0,0,0.5749298479640856,117600256,291778560,astropy__astropy-14309
52,48,1,9.770751901,1,27455,0,0,24,27479,3958,0,0,1,3959,3954,0,0,1,3955,4,0,0,0,4,0.1945664079394191,117354496,132198400,astropy__astropy-14309
53,49,1,9.428899008,1,27455,0,0,24,27479,3108,0,0,1,3109,3108,0,0,1,3109,0,0,0,0,0,0.1881041269516572,117350400,132227072,astropy__astropy-14309
54,50,1,9.448797086,1,27456,0,0,24,27480,4056,0,0,1,4057,4003,0,0,1,4004,53,0,0,0,53,0.19185289402958,117551104,132079616,astropy__astropy-14309
55,51,1,9.752736735,1,27456,0,0,24,27480,4676,0,0,1,4677,4628,0,0,1,4629,48,0,0,0,48,0.2144787890138104,117506048,132485120,astropy__astropy-14309
56,52,1,9.424753225,1,27457,0,0,24,27481,3905,0,0,1,3906,3856,0,0,1,3857,49,0,0,0,49,0.1902431789785623,117354496,132091904,astropy__astropy-14309
57,53,1,9.375656206,1,27457,0,0,24,27481,3900,0,0,1,3901,3852,0,0,1,3853,48,0,0,0,48,0.1901927150320261,117358592,131981312,astropy__astropy-14309
58,54,1,9.449316082,1,27457,0,0,24,27481,3102,0,0,1,3103,3102,0,0,1,3103,0,0,0,0,0,0.1910074070328846,117329920,131907584,astropy__astropy-14309
59,55,1,9.429369712,1,27457,0,0,24,27481,3854,0,0,1,3855,3854,0,0,1,3855,0,0,0,0,0,0.2083466269541531,117338112,132014080,astropy__astropy-14309
60,56,1,9.473305183,1,27457,0,0,24,27481,4079,0,0,1,4080,4079,0,0,1,4080,0,0,0,0,0,0.1888575369957834,117358592,131923968,astropy__astropy-14309
61,57,1,9.603205314,1,27855,0,0,24,27879,3527,0,0,1,3528,3129,0,0,1,3130,398,0,0,0,398,0.1825731620192527,117346304,131878912,astropy__astropy-14309
62,58,1,9.51905793,1,27857,0,0,24,27881,9877,0,0,1,9878,9874,0,0,1,9875,3,0,0,0,3,0.60159094305709,117628928,291946496,astropy__astropy-14309
63,59,1,9.425413623,1,27857,0,0,24,27881,9912,0,0,1,9913,9912,0,0,1,9913,0,0,0,0,0,0.598356873029843,117342208,292839424,astropy__astropy-14309
64,60,1,9.476060112,1,27857,0,0,24,27881,3129,0,0,1,3130,3129,0,0,1,3130,0,0,0,0,0,0.1876291329972446,117350400,131940352,astropy__astropy-14309
0,0,0,3.065150647,1,616,0,0,22,638,0,0,0,0,0,0,0,0,0,0,0,0,0,0,0,0.0,4231168,9625600,astropy__astropy-14365
1,1,1,2.800490215,1,5404,0,0,22,5426,5283,0,0,1,5284,0,0,0,0,0,5283,0,0,1,5284,0.2649313019355759,24973312,37433344,astropy__astropy-14365
2,2,1,4.394025738,1,5418,0,0,22,5440,3126,0,0,1,3127,3076,0,0,1,3077,50,0,0,0,50,0.1896307949209585,25169920,39682048,astropy__astropy-14365
3,3,1,4.429518113,1,5418,0,0,22,5440,3194,0,0,1,3195,3190,0,0,1,3191,4,0,0,0,4,0.1827949320431798,25100288,39649280,astropy__astropy-14365
4,4,1,4.434367766,1,5455,0,0,22,5477,3186,0,0,1,3187,3141,0,0,1,3142,45,0,0,0,45,0.1840261269826442,25231360,39743488,astropy__astropy-14365
5,5,1,4.441234667,1,5455,0,0,22,5477,3178,0,0,1,3179,3177,0,0,1,3178,1,0,0,0,1,0.2637315170140937,25559040,39972864,astropy__astropy-14365
6,6,1,4.50670305,1,5460,0,0,22,5482,3230,0,0,1,3231,3223,0,0,1,3224,7,0,0,0,7,0.1877555279061198,25501696,40022016,astropy__astropy-14365
7,7,1,4.502741057,1,5460,0,0,22,5482,3167,0,0,1,3168,3167,0,0,1,3168,0,0,0,0,0,0.1845790729857981,25280512,40022016,astropy__astropy-14365
8,8,1,5.695794885,1,23136,0,0,22,23158,20841,0,0,1,20842,3163,0,0,1,3164,17678,0,0,0,17678,1.067493995069526,100339712,282148864,astropy__astropy-14365
9,9,1,7.570120312,1,26694,0,0,22,26716,6722,0,0,1,6723,3164,0,0,1,3165,3558,0,0,0,3558,0.1946595329791307,114569216,116973568,astropy__astropy-14365
10,10,1,7.654659709,1,26694,0,0,22,26716,3062,0,0,1,3063,3062,0,0,1,3063,0,0,0,0,0,0.1871335579780861,114573312,129257472,astropy__astropy-14365
11,13,1,7.647520289,1,26694,0,0,22,26716,3110,0,0,1,3111,3110,0,0,1,3111,0,0,0,0,0,0.1808149259304627,114528256,129478656,astropy__astropy-14365
0,0,0,3.023357028,1,616,0,0,24,640,0,0,0,0,0,0,0,0,0,0,0,0,0,0,0,0.0,4259840,8982528,astropy__astropy-14369
1,1,1,2.77826309,1,5404,0,0,24,5428,5311,0,0,1,5312,0,0,0,0,0,5311,0,0,1,5312,0.2528460579924285,25137152,37490688,astropy__astropy-14369
2,2,1,4.362061473,1,5417,0,0,24,5441,3131,0,0,1,3132,3094,0,0,1,3095,37,0,0,0,37,0.1875239999499172,25051136,39612416,astropy__astropy-14369
3,3,1,4.370162165,1,5420,0,0,24,5444,3160,0,0,1,3161,3157,0,0,1,3158,3,0,0,0,3,0.1906667459988966,24899584,39677952,astropy__astropy-14369
4,5,1,4.470683065,1,6717,0,0,24,6741,4566,0,0,1,4567,3268,0,0,1,3269,1298,0,0,0,1298,0.1846031179884448,24903680,39669760,astropy__astropy-14369
0,0,0,2.681143482,1,616,0,0,24,640,0,0,0,0,0,0,0,0,0,0,0,0,0,0,0,0.0,3915776,8732672,astropy__astropy-14508
1,1,1,2.894306166,1,5404,0,0,24,5428,5311,0,0,1,5312,0,0,0,0,0,5311,0,0,1,5312,0.25519426795654,24494080,37224448,astropy__astropy-14508
2,2,1,4.575638335,1,5417,0,0,24,5441,3187,0,0,1,3188,3169,0,0,1,3170,18,0,0,0,18,0.1819213130511343,24559616,39194624,astropy__astropy-14508
3,3,1,4.666044013,1,5417,0,0,24,5441,3196,0,0,1,3197,3196,0,0,1,3197,0,0,0,0,0,0.1879404259379953,24571904,39489536,astropy__astropy-14508
4,4,1,4.554256664,1,5444,0,0,24,5468,3271,0,0,1,3272,3232,0,0,1,3233,39,0,0,0,39,0.1834036989603191,24707072,39161856,astropy__astropy-14508
5,5,1,4.769368218,1,6493,0,0,24,6517,4283,0,0,1,4284,3228,0,0,1,3229,1055,0,0,0,1055,0.1858673000242561,25182208,39354368,astropy__astropy-14508
6,6,1,5.029248354,1,6493,0,0,24,6517,3076,0,0,1,3077,3076,0,0,1,3077,0,0,0,0,0,0.1826617269543931,25194496,39809024,astropy__astropy-14508
7,7,1,5.727126967,1,20726,0,0,24,20750,17374,0,0,1,17375,3141,0,0,1,3142,14233,0,0,0,14233,0.4973213729681447,84742144,247263232,astropy__astropy-14508
8,8,1,6.521454412,1,21090,0,0,24,21114,4270,0,0,1,4271,3906,0,0,1,3907,364,0,0,0,364,0.1859276139875874,84422656,99004416,astropy__astropy-14508
9,9,1,6.624856641,1,21091,0,0,24,21115,3128,0,0,1,3129,3127,0,0,1,3128,1,0,0,0,1,0.1873351200483739,84430848,99340288,astropy__astropy-14508
10,10,1,6.613756047,1,21091,0,0,24,21115,3869,0,0,1,3870,3868,0,0,1,3869,1,0,0,0,1,0.2069197270320728,84512768,99397632,astropy__astropy-14508
11,11,1,6.58537296,1,21091,0,0,24,21115,8438,0,0,1,8439,8438,0,0,1,8439,0,0,0,0,0,0.382739499094896,85049344,247812096,astropy__astropy-14508
12,12,1,6.679686774,1,21091,0,0,24,21115,3187,0,0,1,3188,3187,0,0,1,3188,0,0,0,0,0,0.182051609037444,84557824,99426304,astropy__astropy-14508
13,13,1,6.619446503,1,21092,0,0,24,21116,3095,0,0,1,3096,3094,0,0,1,3095,1,0,0,0,1,0.1839260490378365,84574208,99131392,astropy__astropy-14508
14,14,1,6.643950902,1,21092,0,0,24,21116,3867,0,0,1,3868,3867,0,0,1,3868,0,0,0,0,0,0.2115349799860268,84488192,98979840,astropy__astropy-14508
15,15,1,6.730119991,1,21092,0,0,24,21116,8472,0,0,1,8473,8472,0,0,1,8473,0,0,0,0,0,0.3850195410195738,84811776,247746560,astropy__astropy-14508
16,16,1,6.703619688,1,21092,0,0,24,21116,3180,0,0,1,3181,3180,0,0,1,3181,0,0,0,0,0,0.1805691870395094,84557824,99209216,astropy__astropy-14508
17,17,1,6.624514938,1,21092,0,0,24,21116,3212,0,0,1,3213,3199,0,0,1,3200,13,0,0,0,13,0.1860285720322281,84717568,99258368,astropy__astropy-14508
18,18,1,6.619654412,1,21092,0,0,24,21116,3183,0,0,1,3184,3183,0,0,1,3184,0,0,0,0,0,0.180834833998233,84500480,99196928,astropy__astropy-14508
19,19,1,6.655797693,1,21092,0,0,24,21116,3234,0,0,1,3235,3221,0,0,1,3222,13,0,0,0,13,0.1840772569412365,84496384,99729408,astropy__astropy-14508
20,20,1,6.688226306,1,21092,0,0,24,21116,3232,0,0,1,3233,3219,0,0,1,3220,13,0,0,0,13,0.1833248279290273,84480000,99221504,astropy__astropy-14508
21,21,1,6.692711461,1,21092,0,0,24,21116,3192,0,0,1,3193,3192,0,0,1,3193,0,0,0,0,0,0.1846140930429101,84467712,99217408,astropy__astropy-14508
22,22,1,6.703436075,1,21093,0,0,24,21117,3091,0,0,1,3092,3090,0,0,1,3091,1,0,0,0,1,0.1835923049366101,84484096,99147776,astropy__astropy-14508
23,23,1,6.699376698,1,21093,0,0,24,21117,3880,0,0,1,3881,3880,0,0,1,3881,0,0,0,0,0,0.2093869870295748,84484096,99143680,astropy__astropy-14508
24,24,1,6.692078177,1,21093,0,0,24,21117,3205,0,0,1,3206,3205,0,0,1,3206,0,0,0,0,0,0.1867985089775174,84520960,99278848,astropy__astropy-14508
25,25,1,6.729936972,1,22101,0,0,24,22125,9494,0,0,1,9495,8486,0,0,1,8487,1008,0,0,0,1008,0.5336237730225548,89300992,255684608,astropy__astropy-14508
26,26,1,6.757351603,1,22102,0,0,24,22126,3119,0,0,1,3120,3118,0,0,1,3119,1,0,0,0,1,0.1855059210211038,88973312,103755776,astropy__astropy-14508
27,27,1,6.753421204,1,22102,0,0,24,22126,8944,0,0,1,8945,8944,0,0,1,8945,0,0,0,0,0,0.416410524980165,89305088,250863616,astropy__astropy-14508
28,28,1,6.807322039,1,24720,0,0,24,24744,6364,0,0,1,6365,3746,0,0,1,3747,2618,0,0,0,2618,0.1988962030736729,99790848,103829504,astropy__astropy-14508
29,29,1,6.848054678,1,24720,0,0,24,24744,3122,0,0,1,3123,3122,0,0,1,3123,0,0,0,0,0,0.1861410340061411,99729408,114458624,astropy__astropy-14508
30,30,1,6.779873007,1,24720,0,0,24,24744,3131,0,0,1,3132,3131,0,0,1,3132,0,0,0,0,0,0.1889942290727049,99655680,114626560,astropy__astropy-14508
0,0,0,3.059210177,1,616,0,0,23,639,0,0,0,0,0,0,0,0,0,0,0,0,0,0,0,0.0,4083712,11309056,astropy__astropy-14539
1,1,1,2.785387546,1,5404,0,0,23,5427,5312,0,0,1,5313,0,0,0,0,0,5312,0,0,1,5313,0.2555246549891308,24690688,37347328,astropy__astropy-14539
2,2,1,4.56484702,1,5438,0,0,23,5461,3225,0,0,1,3226,3179,0,0,1,3180,46,0,0,0,46,0.1842979450011626,24965120,39571456,astropy__astropy-14539
3,3,1,4.578685389,1,5463,0,0,23,5486,3268,0,0,1,3269,3235,0,0,1,3236,33,0,0,0,33,0.18587489600759,25116672,39714816,astropy__astropy-14539
4,4,1,4.585410362,1,5487,0,0,23,5510,3174,0,0,1,3175,3150,0,0,1,3151,24,0,0,0,24,0.1909465240314602,25227264,39915520,astropy__astropy-14539
5,5,1,4.573854912,1,5496,0,0,23,5519,3153,0,0,1,3154,3144,0,0,1,3145,9,0,0,0,9,0.186375321005471,25165824,39862272,astropy__astropy-14539
6,6,1,4.526640367,1,5496,0,0,23,5519,3176,0,0,1,3177,3176,0,0,1,3177,0,0,0,0,0,0.1979944910854101,25157632,39751680,astropy__astropy-14539
7,7,1,4.53078558,1,5496,0,0,23,5519,3181,0,0,1,3182,3180,0,0,1,3181,1,0,0,0,1,0.1863669259473681,25198592,39727104,astropy__astropy-14539
8,8,1,4.596937192,1,5497,0,0,23,5520,3115,0,0,1,3116,3114,0,0,1,3115,1,0,0,0,1,0.185356252011843,25260032,40009728,astropy__astropy-14539
9,9,1,4.759239848,1,7047,0,0,23,7070,4678,0,0,1,4679,3127,0,0,1,3128,1551,0,0,0,1551,0.2230972199467942,31793152,39854080,astropy__astropy-14539
10,10,1,5.146131528,1,7047,0,0,23,7070,3109,0,0,1,3110,3109,0,0,1,3110,0,0,0,0,0,0.1891411599935963,31711232,46419968,astropy__astropy-14539
11,11,1,6.248374079,1,23164,0,0,23,23187,20144,0,0,1,20145,4027,0,0,1,4028,16117,0,0,0,16117,1.0744223499204963,100446208,283697152,astropy__astropy-14539
12,13,1,7.774351455,1,23164,0,0,23,23187,3181,0,0,1,3182,3181,0,0,1,3182,0,0,0,0,0,0.1869434720138088,100122624,114925568,astropy__astropy-14539
13,14,1,7.744926634,1,23181,0,0,23,23204,3193,0,0,1,3194,3175,0,0,1,3176,18,0,0,0,18,0.1909707569284364,100065280,114462720,astropy__astropy-14539
14,15,1,7.756924897,1,23181,0,0,23,23204,3217,0,0,1,3218,3217,0,0,1,3218,0,0,0,0,0,0.1875739779789,100048896,114663424,astropy__astropy-14539
15,16,1,7.761761515,1,23192,0,0,23,23215,3206,0,0,1,3207,3195,0,0,1,3196,11,0,0,0,11,0.184204309945926,99991552,114810880,astropy__astropy-14539
16,17,1,7.679657417,1,23244,0,0,23,23267,3211,0,0,1,3212,3159,0,0,1,3160,52,0,0,0,52,0.188698114012368,100229120,114716672,astropy__astropy-14539
17,18,1,7.780268779,1,23244,0,0,23,23267,8880,0,0,1,8881,8879,0,0,1,8880,1,0,0,0,1,0.4179219979560002,100532224,263319552,astropy__astropy-14539
18,19,1,7.713537632,1,23244,0,0,23,23267,3200,0,0,1,3201,3200,0,0,1,3201,0,0,0,0,0,0.1851333689410239,100237312,115023872,astropy__astropy-14539
19,20,1,7.683463318,1,23245,0,0,23,23268,3131,0,0,1,3132,3130,0,0,1,3131,1,0,0,0,1,0.1890681450022384,100212736,114913280,astropy__astropy-14539
20,21,1,7.676960641,1,23245,0,0,23,23268,3898,0,0,1,3899,3898,0,0,1,3899,0,0,0,0,0,0.2121192659251392,100216832,114819072,astropy__astropy-14539
21,22,1,7.659722736,1,23245,0,0,23,23268,9888,0,0,1,9889,9874,0,0,1,9875,14,0,0,0,14,0.6154412520118058,100634624,275501056,astropy__astropy-14539
22,23,1,7.674608805,1,23245,0,0,23,23268,3119,0,0,1,3120,3119,0,0,1,3120,0,0,0,0,0,0.1881157510215416,100339712,115167232,astropy__astropy-14539
23,24,1,7.687315308,1,23245,0,0,23,23268,3902,0,0,1,3903,3902,0,0,1,3903,0,0,0,0,0,0.2122927090385928,100270080,115011584,astropy__astropy-14539
24,25,1,7.702452672,1,23245,0,0,23,23268,8830,0,0,1,8831,8830,0,0,1,8831,0,0,0,0,0,0.4279939720872789,100716544,263835648,astropy__astropy-14539
25,26,1,7.659659795,1,23245,0,0,23,23268,3118,0,0,1,3119,3118,0,0,1,3119,0,0,0,0,0,0.186685029999353,100278272,115060736,astropy__astropy-14539
26,27,1,7.642736678,1,23245,0,0,23,23268,3915,0,0,1,3916,3915,0,0,1,3916,0,0,0,0,0,0.2140694539994001,100265984,114892800,astropy__astropy-14539
27,28,1,7.772811203,1,23245,0,0,23,23268,8819,0,0,1,8820,8819,0,0,1,8820,0,0,0,0,0,0.4284350631060079,100581376,266227712,astropy__astropy-14539
28,29,1,7.714752941,1,23245,0,0,23,23268,3208,0,0,1,3209,3208,0,0,1,3209,0,0,0,0,0,0.1893125990172848,100343808,115113984,astropy__astropy-14539
29,30,1,7.664289737,1,23245,0,0,23,23268,3206,0,0,1,3207,3206,0,0,1,3207,0,0,0,0,0,0.1865157189313322,100409344,115019776,astropy__astropy-14539
30,31,1,7.764338719,1,23246,0,0,23,23269,3135,0,0,1,3136,3134,0,0,1,3135,1,0,0,0,1,0.1857936220476403,100347904,115257344,astropy__astropy-14539
31,32,1,7.739818885,1,23246,0,0,23,23269,3908,0,0,1,3909,3908,0,0,1,3909,0,0,0,0,0,0.2122074930230155,100327424,115064832,astropy__astropy-14539
32,33,1,7.932553959,1,23246,0,0,23,23269,3183,0,0,1,3184,3183,0,0,1,3184,0,0,0,0,0,0.1810678889742121,100311040,115179520,astropy__astropy-14539
33,34,1,8.024667635,1,23246,0,0,23,23269,3115,0,0,1,3116,3115,0,0,1,3116,0,0,0,0,0,0.183938052970916,100298752,114970624,astropy__astropy-14539
34,35,1,7.769512574,1,23246,0,0,23,23269,3872,0,0,1,3873,3872,0,0,1,3873,0,0,0,0,0,0.207436298020184,100315136,114802688,astropy__astropy-14539
35,36,1,7.723466464,1,23246,0,0,23,23269,3192,0,0,1,3193,3192,0,0,1,3193,0,0,0,0,0,0.1856033410876989,100433920,114974720,astropy__astropy-14539
36,37,1,7.679000212,1,23246,0,0,23,23269,3227,0,0,1,3228,3212,0,0,1,3213,15,0,0,0,15,0.1843648349167779,100311040,115367936,astropy__astropy-14539
37,38,1,7.68378388,1,23246,0,0,23,23269,3170,0,0,1,3171,3170,0,0,1,3171,0,0,0,0,0,0.1887840670533478,100319232,115208192,astropy__astropy-14539
38,39,1,7.779371418,1,23246,0,0,23,23269,3196,0,0,1,3197,3196,0,0,1,3197,0,0,0,0,0,0.181032489053905,100315136,115175424,astropy__astropy-14539
39,40,1,7.716280375,1,23246,0,0,23,23269,3116,0,0,1,3117,3116,0,0,1,3117,0,0,0,0,0,0.1856721859658137,100319232,114991104,astropy__astropy-14539
40,41,1,7.693972002,1,23246,0,0,23,23269,3883,0,0,1,3884,3883,0,0,1,3884,0,0,0,0,0,0.2110385299893096,100319232,114683904,astropy__astropy-14539
41,42,1,7.69907364,1,23246,0,0,23,23269,3112,0,0,1,3113,3112,0,0,1,3113,0,0,0,0,0,0.1825298999901861,100323328,114888704,astropy__astropy-14539
42,43,1,7.681947463,1,23246,0,0,23,23269,3881,0,0,1,3882,3881,0,0,1,3882,0,0,0,0,0,0.2112876269966364,100335616,115167232,astropy__astropy-14539
43,44,1,7.676451963,1,23246,0,0,23,23269,3199,0,0,1,3200,3199,0,0,1,3200,0,0,0,0,0,0.181385108968243,100331520,115204096,astropy__astropy-14539
44,45,1,7.67125973,1,23246,0,0,23,23269,3253,0,0,1,3254,3238,0,0,1,3239,15,0,0,0,15,0.1871161030139774,100323328,115228672,astropy__astropy-14539
45,46,1,7.767186201,1,23246,0,0,23,23269,3143,0,0,1,3144,3143,0,0,1,3144,0,0,0,0,0,0.1883705289801582,100372480,115179520,astropy__astropy-14539
46,47,1,7.777793662,1,23246,0,0,23,23269,3894,0,0,1,3895,3894,0,0,1,3895,0,0,0,0,0,0.2065804640296846,100347904,115122176,astropy__astropy-14539
47,48,1,7.751036619,1,23246,0,0,23,23269,3231,0,0,1,3232,3231,0,0,1,3232,0,0,0,0,0,0.1814541319618001,100331520,114655232,astropy__astropy-14539
48,49,1,7.77524025,1,23246,0,0,23,23269,3207,0,0,1,3208,3207,0,0,1,3208,0,0,0,0,0,0.1831465150462463,100343808,115142656,astropy__astropy-14539
49,50,1,7.766582163,1,23247,0,0,23,23270,3150,0,0,1,3151,3149,0,0,1,3150,1,0,0,0,1,0.1873979680240154,100368384,115179520,astropy__astropy-14539
50,51,1,7.75283557,1,23247,0,0,23,23270,3906,0,0,1,3907,3906,0,0,1,3907,0,0,0,0,0,0.2115968390135094,100360192,114913280,astropy__astropy-14539
51,52,1,7.760061226,1,23261,0,0,23,23284,3173,0,0,1,3174,3159,0,0,1,3160,14,0,0,0,14,0.1868900280678644,100397056,115286016,astropy__astropy-14539
52,53,1,7.756213883,1,23261,0,0,23,23284,3115,0,0,1,3116,3115,0,0,1,3116,0,0,0,0,0,0.1866837929701432,100413440,114765824,astropy__astropy-14539
53,54,1,7.758932839,1,23261,0,0,23,23284,3084,0,0,1,3085,3084,0,0,1,3085,0,0,0,0,0,0.1983897179597988,100442112,115298304,astropy__astropy-14539
54,55,1,7.761680887,1,23288,0,0,23,23311,3284,0,0,1,3285,3242,0,0,1,3243,42,0,0,0,42,0.1889381631044671,100589568,115048448,astropy__astropy-14539
55,56,1,7.655570909,1,23288,0,0,23,23311,3226,0,0,1,3227,3226,0,0,1,3227,0,0,0,0,0,0.1873537820065394,100585472,115478528,astropy__astropy-14539
56,57,1,7.647552686,1,23288,0,0,23,23311,3201,0,0,1,3202,3201,0,0,1,3202,0,0,0,0,0,0.1860566390678286,100540416,115314688,astropy__astropy-14539
57,58,1,7.735506687,1,23288,0,0,23,23311,9817,0,0,1,9818,9803,0,0,1,9804,14,0,0,0,14,0.6227189979981631,100896768,276865024,astropy__astropy-14539
58,59,1,7.681509003,1,23302,0,0,23,23325,3171,0,0,1,3172,3157,0,0,1,3158,14,0,0,0,14,0.1883773480076342,100671488,115179520,astropy__astropy-14539
59,60,1,7.996887984,1,23302,0,0,23,23325,3140,0,0,1,3141,3140,0,0,1,3141,0,0,0,0,0,0.1843305509537458,100659200,115597312,astropy__astropy-14539
60,61,1,8.025693498,1,23302,0,0,23,23325,3106,0,0,1,3107,3106,0,0,1,3107,0,0,0,0,0,0.1833555760094896,100663296,115240960,astropy__astropy-14539
61,62,1,8.026117358,1,23288,0,0,23,23311,3243,0,0,1,3244,3242,0,0,1,3243,1,0,0,0,1,0.1821491599548608,100585472,115527680,astropy__astropy-14539
62,63,1,7.752999656,1,23288,0,0,23,23311,8726,0,0,1,8727,8726,0,0,1,8727,0,0,0,0,0,0.4164036370348185,100962304,266166272,astropy__astropy-14539
63,64,1,7.762627426,1,23288,0,0,23,23311,3238,0,0,1,3239,3238,0,0,1,3239,0,0,0,0,0,0.184112306102179,100605952,115290112,astropy__astropy-14539
64,65,1,7.745315679,1,23302,0,0,23,23325,3156,0,0,1,3157,3142,0,0,1,3143,14,0,0,0,14,0.187467026989907,100634624,115224576,astropy__astropy-14539
65,66,1,7.763499317,1,23302,0,0,23,23325,3114,0,0,1,3115,3114,0,0,1,3115,0,0,0,0,0,0.185671767918393,100626432,115363840,astropy__astropy-14539
66,67,1,7.658542275,1,23288,0,0,23,23311,3254,0,0,1,3255,3253,0,0,1,3254,1,0,0,0,1,0.1870931020239368,100585472,115458048,astropy__astropy-14539
67,68,1,7.708969405,1,23288,0,0,23,23311,3212,0,0,1,3213,3212,0,0,1,3213,0,0,0,0,0,0.1912656499771401,100577280,115122176,astropy__astropy-14539
68,69,1,7.769517533,1,23288,0,0,23,23311,3222,0,0,1,3223,3222,0,0,1,3223,0,0,0,0,0,0.1815742880571633,100560896,115253248,astropy__astropy-14539
69,70,1,7.76884294,1,23288,0,0,23,23311,3215,0,0,1,3216,3215,0,0,1,3216,0,0,0,0,0,0.1855092960176989,100589568,115269632,astropy__astropy-14539
70,71,1,7.767722176,1,23288,0,0,23,23311,3206,0,0,1,3207,3206,0,0,1,3207,0,0,0,0,0,0.1865509379422292,100585472,115208192,astropy__astropy-14539
71,72,1,7.763526595,1,23288,0,0,23,23311,3218,0,0,1,3219,3218,0,0,1,3219,0,0,0,0,0,0.1888672019122168,100646912,115269632,astropy__astropy-14539
72,73,1,7.756912468,1,23302,0,0,23,23325,3145,0,0,1,3146,3131,0,0,1,3132,14,0,0,0,14,0.1878275760682299,100626432,115232768,astropy__astropy-14539
73,74,1,7.773204352,1,23302,0,0,23,23325,3125,0,0,1,3126,3125,0,0,1,3126,0,0,0,0,0,0.1816999079892411,100638720,115503104,astropy__astropy-14539
74,75,1,7.776020494,1,23303,0,0,23,23326,3126,0,0,1,3127,3125,0,0,1,3126,1,0,0,0,1,0.1855149910552427,100634624,115355648,astropy__astropy-14539
75,76,1,7.758736224,1,23289,0,0,23,23312,3276,0,0,1,3277,3275,0,0,1,3276,1,0,0,0,1,0.1878712769830599,100573184,115363840,astropy__astropy-14539
76,77,1,7.767300774,1,23300,0,0,23,23323,9832,0,0,1,9833,9807,0,0,1,9808,25,0,0,0,25,0.6259778549429029,100995072,277213184,astropy__astropy-14539
77,78,1,7.635133626,1,23314,0,0,23,23337,3142,0,0,1,3143,3128,0,0,1,3129,14,0,0,0,14,0.1862235530279576,100745216,115421184,astropy__astropy-14539
78,79,1,7.744154642,1,23314,0,0,23,23337,3159,0,0,1,3160,3159,0,0,1,3160,0,0,0,0,0,0.1841219189809635,100728832,115478528,astropy__astropy-14539
79,80,1,7.742450116,1,23314,0,0,23,23337,3114,0,0,1,3115,3114,0,0,1,3115,0,0,0,0,0,0.1852011210285127,100782080,115290112,astropy__astropy-14539
80,81,1,7.759017471,1,23316,0,0,23,23339,3167,0,0,1,3168,3165,0,0,1,3166,2,0,0,0,2,0.1817656070925295,100724736,115494912,astropy__astropy-14539
81,82,1,7.778446561,1,23300,0,0,23,23323,3224,0,0,1,3225,3224,0,0,1,3225,0,0,0,0,0,0.1878947149962186,100646912,115376128,astropy__astropy-14539
82,83,1,7.775893543,1,23300,0,0,23,23323,8897,0,0,1,8898,8897,0,0,1,8898,0,0,0,0,0,0.4170916150324046,101216256,266534912,astropy__astropy-14539
83,84,1,7.70469213,1,23300,0,0,23,23323,3212,0,0,1,3213,3212,0,0,1,3213,0,0,0,0,0,0.1852062550606206,100950016,115539968,astropy__astropy-14539
84,85,1,7.667062874,1,23314,0,0,23,23337,3140,0,0,1,3141,3126,0,0,1,3127,14,0,0,0,14,0.1837477749213576,100765696,115388416,astropy__astropy-14539
85,86,1,7.678548737,1,23314,0,0,23,23337,3128,0,0,1,3129,3128,0,0,1,3129,0,0,0,0,0,0.1856003180146217,100790272,115466240,astropy__astropy-14539
86,87,1,7.707344596,1,23300,0,0,23,23323,3252,0,0,1,3253,3250,0,0,1,3251,2,0,0,0,2,0.1866056770086288,100679680,115412992,astropy__astropy-14539
87,88,1,7.680840439,1,23300,0,0,23,23323,9823,0,0,1,9824,9808,0,0,1,9809,15,0,0,0,15,0.6248266650363803,101081088,274149376,astropy__astropy-14539
88,89,1,7.674134932,1,23314,0,0,23,23337,3147,0,0,1,3148,3133,0,0,1,3134,14,0,0,0,14,0.1868823089171201,100921344,115560448,astropy__astropy-14539
89,90,1,7.77117335,1,23314,0,0,23,23337,3158,0,0,1,3159,3158,0,0,1,3159,0,0,0,0,0,0.1870064520044252,100786176,115838976,astropy__astropy-14539
90,91,1,7.773126492,1,23314,0,0,23,23337,3146,0,0,1,3147,3146,0,0,1,3147,0,0,0,0,0,0.1835910059744492,100827136,115474432,astropy__astropy-14539
91,92,1,7.771489848,1,23315,0,0,23,23338,3195,0,0,1,3196,3194,0,0,1,3195,1,0,0,0,1,0.1850431229686364,100847616,115552256,astropy__astropy-14539
92,93,1,7.777799796,1,23299,0,0,23,23322,3170,0,0,1,3171,3170,0,0,1,3171,0,0,0,0,0,0.1896517530549317,100855808,115789824,astropy__astropy-14539
93,94,1,7.773618889,1,23299,0,0,23,23322,8762,0,0,1,8763,8762,0,0,1,8763,0,0,0,0,0,0.4199876299826428,101109760,266739712,astropy__astropy-14539
94,95,1,7.786429374,1,23299,0,0,23,23322,3193,0,0,1,3194,3193,0,0,1,3194,0,0,0,0,0,0.1861590699991211,100765696,115687424,astropy__astropy-14539
95,96,1,7.784309589,1,23313,0,0,23,23336,3164,0,0,1,3165,3150,0,0,1,3151,14,0,0,0,14,0.1874229459790513,100806656,115437568,astropy__astropy-14539
96,97,1,7.79603347,1,23313,0,0,23,23336,3143,0,0,1,3144,3143,0,0,1,3144,0,0,0,0,0,0.183907522005029,100745216,115404800,astropy__astropy-14539
97,98,1,7.702490821,1,23313,0,0,23,23336,3119,0,0,1,3120,3119,0,0,1,3120,0,0,0,0,0,0.1851104400120675,100753408,115343360,astropy__astropy-14539
98,99,1,7.758949646,1,23314,0,0,23,23337,3221,0,0,1,3222,3220,0,0,1,3221,1,0,0,0,1,0.1824354620184749,100749312,115494912,astropy__astropy-14539
99,100,1,7.76815472,1,23299,0,0,23,23322,3199,0,0,1,3200,3199,0,0,1,3200,0,0,0,0,0,0.1891076320316642,100696064,115585024,astropy__astropy-14539
100,101,1,7.763249771,1,23299,0,0,23,23322,8728,0,0,1,8729,8728,0,0,1,8729,0,0,0,0,0,0.4200574479764327,101412864,266326016,astropy__astropy-14539
101,102,1,7.714715719,1,23299,0,0,23,23322,3179,0,0,1,3180,3179,0,0,1,3180,0,0,0,0,0,0.1846344189252704,100937728,115453952,astropy__astropy-14539
102,103,1,7.782876972,1,23313,0,0,23,23336,3179,0,0,1,3180,3165,0,0,1,3166,14,0,0,0,14,0.1870888409903273,100847616,115634176,astropy__astropy-14539
103,104,1,7.769453766,1,23313,0,0,23,23336,3159,0,0,1,3160,3159,0,0,1,3160,0,0,0,0,0,0.1836907429387793,100818944,115589120,astropy__astropy-14539
104,105,1,7.780445813,1,23313,0,0,23,23336,3132,0,0,1,3133,3132,0,0,1,3133,0,0,0,0,0,0.1853449860354885,100802560,115335168,astropy__astropy-14539
105,106,1,7.782622029,1,23314,0,0,23,23337,3216,0,0,1,3217,3215,0,0,1,3216,1,0,0,0,1,0.1888815029524266,100868096,115593216,astropy__astropy-14539
106,107,1,7.720386793,1,23299,0,0,23,23322,3234,0,0,1,3235,3234,0,0,1,3235,0,0,0,0,0,0.1865335660986602,100720640,115720192,astropy__astropy-14539
107,108,1,7.707613871,1,23298,0,0,23,23321,9888,0,0,1,9889,9874,0,0,1,9875,14,0,0,0,14,0.6203310569981113,101298176,277463040,astropy__astropy-14539
108,109,1,7.71315925,1,23298,0,0,23,23321,3189,0,0,1,3190,3189,0,0,1,3190,0,0,0,0,0,0.1867319400189444,100921344,115535872,astropy__astropy-14539
109,110,1,7.675965473,1,23298,0,0,23,23321,3178,0,0,1,3179,3178,0,0,1,3179,0,0,0,0,0,0.1866146619431674,100724736,115486720,astropy__astropy-14539
110,111,1,7.663863155,1,23298,0,0,23,23321,3175,0,0,1,3176,3175,0,0,1,3176,0,0,0,0,0,0.2172768480377271,100974592,115593216,astropy__astropy-14539
111,112,1,7.660654989,1,23298,0,0,23,23321,3226,0,0,1,3227,3226,0,0,1,3227,0,0,0,0,0,0.1896535370033234,100745216,115724288,astropy__astropy-14539
112,113,1,7.753723482,1,23298,0,0,23,23321,3196,0,0,1,3197,3196,0,0,1,3197,0,0,0,0,0,0.1870323219336569,100802560,115539968,astropy__astropy-14539
113,114,1,7.671070219,1,23298,0,0,23,23321,3186,0,0,1,3187,3186,0,0,1,3187,0,0,0,0,0,0.1864477110793814,100872192,115453952,astropy__astropy-14539
114,115,1,7.766775771,1,23298,0,0,23,23321,3148,0,0,1,3149,3148,0,0,1,3149,0,0,0,0,0,0.1860095539595931,100995072,115552256,astropy__astropy-14539
115,116,1,7.779522417,1,23298,0,0,23,23321,3895,0,0,1,3896,3895,0,0,1,3896,0,0,0,0,0,0.2070117179537192,100847616,115572736,astropy__astropy-14539
116,117,1,7.763420652,1,23298,0,0,23,23321,9888,0,0,1,9889,9874,0,0,1,9875,14,0,0,0,14,0.6174618899822235,101167104,276066304,astropy__astropy-14539
117,118,1,7.782790663,1,23298,0,0,23,23321,3116,0,0,1,3117,3116,0,0,1,3117,0,0,0,0,0,0.1861812599236145,100786176,115916800,astropy__astropy-14539
118,119,1,7.669214247,1,23298,0,0,23,23321,3859,0,0,1,3860,3859,0,0,1,3860,0,0,0,0,0,0.2072985180420801,100757504,115421184,astropy__astropy-14539
119,120,1,7.742194638,1,23298,0,0,23,23321,9838,0,0,1,9839,9824,0,0,1,9825,14,0,0,0,14,0.621606552042067,101396480,276590592,astropy__astropy-14539
120,121,1,7.696485283,1,23298,0,0,23,23321,3225,0,0,1,3226,3225,0,0,1,3226,0,0,0,0,0,0.1884804079309106,101068800,115679232,astropy__astropy-14539
121,122,1,7.679413969,1,23298,0,0,23,23321,3137,0,0,1,3138,3137,0,0,1,3138,0,0,0,0,0,0.1831896540243178,101072896,115650560,astropy__astropy-14539
122,123,1,7.676578853,1,23298,0,0,23,23321,3915,0,0,1,3916,3915,0,0,1,3916,0,0,0,0,0,0.2127628569724038,100724736,115585024,astropy__astropy-14539
123,124,1,7.691753239,1,23298,0,0,23,23321,9848,0,0,1,9849,9834,0,0,1,9835,14,0,0,0,14,0.6330878930166364,101326848,276946944,astropy__astropy-14539
124,125,1,7.779486509,1,23298,0,0,23,23321,3226,0,0,1,3227,3226,0,0,1,3227,0,0,0,0,0,0.1919090349692851,101060608,115789824,astropy__astropy-14539
125,126,1,7.765914869,1,23298,0,0,23,23321,3087,0,0,1,3088,3087,0,0,1,3088,0,0,0,0,0,0.1865106900222599,101007360,115646464,astropy__astropy-14539
126,127,1,7.776205422,1,23298,0,0,23,23321,3929,0,0,1,3930,3929,0,0,1,3930,0,0,0,0,0,0.2095298540079966,100798464,115474432,astropy__astropy-14539
127,128,1,7.782212427,1,23298,0,0,23,23321,8822,0,0,1,8823,8822,0,0,1,8823,0,0,0,0,0,0.418076683068648,101134336,264032256,astropy__astropy-14539
128,129,1,7.779166813,1,23298,0,0,23,23321,3197,0,0,1,3198,3197,0,0,1,3198,0,0,0,0,0,0.1815519840456545,100741120,115359744,astropy__astropy-14539
129,130,1,7.76711927,1,23298,0,0,23,23321,3104,0,0,1,3105,3104,0,0,1,3105,0,0,0,0,0,0.1826366679742932,100806656,115605504,astropy__astropy-14539
130,131,1,7.758632946,1,23298,0,0,23,23321,3926,0,0,1,3927,3926,0,0,1,3927,0,0,0,0,0,0.2100129129830747,100880384,115249152,astropy__astropy-14539
131,132,1,7.674665098,1,23298,0,0,23,23321,9865,0,0,1,9866,9851,0,0,1,9852,14,0,0,0,14,0.6205253769876435,101167104,277704704,astropy__astropy-14539
132,133,1,7.769943425,1,23298,0,0,23,23321,3210,0,0,1,3211,3210,0,0,1,3211,0,0,0,0,0,0.1898889640579,100896768,115552256,astropy__astropy-14539
133,134,1,7.741662416,1,23298,0,0,23,23321,3105,0,0,1,3106,3105,0,0,1,3106,0,0,0,0,0,0.189494373043999,100823040,115556352,astropy__astropy-14539
134,135,1,7.676836365,1,23298,0,0,23,23321,3875,0,0,1,3876,3875,0,0,1,3876,0,0,0,0,0,0.2053305869922042,100765696,115724288,astropy__astropy-14539
135,136,1,7.708881393,1,23298,0,0,23,23321,9887,0,0,1,9888,9873,0,0,1,9874,14,0,0,0,14,0.6175234121037647,101515264,275492864,astropy__astropy-14539
136,137,1,7.764448424,1,23298,0,0,23,23321,3193,0,0,1,3194,3193,0,0,1,3194,0,0,0,0,0,0.1854337770491838,100970496,115769344,astropy__astropy-14539
137,138,1,7.679825124,1,23298,0,0,23,23321,3176,0,0,1,3177,3176,0,0,1,3177,0,0,0,0,0,0.1858329509850591,100737024,115396608,astropy__astropy-14539
138,139,1,7.672001833,1,23298,0,0,23,23321,3191,0,0,1,3192,3191,0,0,1,3192,0,0,0,0,0,0.187732612947002,100823040,115798016,astropy__astropy-14539
139,140,1,7.712169711,1,23298,0,0,23,23321,3218,0,0,1,3219,3218,0,0,1,3219,0,0,0,0,0,0.1823481040773913,100728832,115408896,astropy__astropy-14539
140,141,1,7.713833289,1,23298,0,0,23,23321,3203,0,0,1,3204,3203,0,0,1,3204,0,0,0,0,0,0.1862280929926782,100814848,115728384,astropy__astropy-14539
141,142,1,7.679713374,1,23298,0,0,23,23321,3209,0,0,1,3210,3209,0,0,1,3210,0,0,0,0,0,0.183859369950369,100745216,115757056,astropy__astropy-14539
142,143,1,7.677351769,1,23298,0,0,23,23321,3190,0,0,1,3191,3190,0,0,1,3191,0,0,0,0,0,0.1854045320069417,100937728,115261440,astropy__astropy-14539
143,144,1,7.663414401,1,23298,0,0,23,23321,3131,0,0,1,3132,3131,0,0,1,3132,0,0,0,0,0,0.1835258119972422,100737024,115527680,astropy__astropy-14539
144,145,1,7.767939761,1,23298,0,0,23,23321,3116,0,0,1,3117,3116,0,0,1,3117,0,0,0,0,0,0.1838976099388674,101117952,115523584,astropy__astropy-14539
145,146,1,7.689154897,1,23298,0,0,23,23321,3875,0,0,1,3876,3875,0,0,1,3876,0,0,0,0,0,0.2068537449231371,100904960,115609600,astropy__astropy-14539
146,147,1,7.754068816,1,23298,0,0,23,23321,9857,0,0,1,9858,9843,0,0,1,9844,14,0,0,0,14,0.6280645179795101,101175296,277811200,astropy__astropy-14539
147,148,1,7.752784006,1,23298,0,0,23,23321,3201,0,0,1,3202,3201,0,0,1,3202,0,0,0,0,0,0.1861588839674368,101081088,115425280,astropy__astropy-14539
148,149,1,7.73810196,1,23298,0,0,23,23321,3222,0,0,1,3223,3222,0,0,1,3223,0,0,0,0,0,0.1842775359982624,100933632,115576832,astropy__astropy-14539
149,150,1,7.751761979,1,23298,0,0,23,23321,3225,0,0,1,3226,3225,0,0,1,3226,0,0,0,0,0,0.1887913099490106,100794368,115396608,astropy__astropy-14539
150,151,1,7.683437938,1,23298,0,0,23,23321,3080,0,0,1,3081,3080,0,0,1,3081,0,0,0,0,0,0.1806923280237242,100802560,115408896,astropy__astropy-14539
151,152,1,7.618879762,1,23298,0,0,23,23321,3892,0,0,1,3893,3892,0,0,1,3893,0,0,0,0,0,0.2131981019629165,100958208,115400704,astropy__astropy-14539
152,153,1,7.68484078,1,23298,0,0,23,23321,9917,0,0,1,9918,9903,0,0,1,9904,14,0,0,0,14,0.622378850937821,101134336,276856832,astropy__astropy-14539
153,154,1,7.715501427,1,23298,0,0,23,23321,3190,0,0,1,3191,3190,0,0,1,3191,0,0,0,0,0,0.182467776001431,101220352,115511296,astropy__astropy-14539
154,155,1,7.675379739,1,23298,0,0,23,23321,9955,0,0,1,9956,9952,0,0,1,9953,3,0,0,0,3,0.6163889759918675,101064704,277164032,astropy__astropy-14539
155,156,1,7.699697727,1,23298,0,0,23,23321,3187,0,0,1,3188,3187,0,0,1,3188,0,0,0,0,0,0.1887972269905731,100786176,115556352,astropy__astropy-14539
156,157,1,7.690751642,1,23298,0,0,23,23321,3181,0,0,1,3182,3181,0,0,1,3182,0,0,0,0,0,0.1798005959717556,100794368,115589120,astropy__astropy-14539
157,158,1,7.611176328,1,23298,0,0,23,23321,3230,0,0,1,3231,3230,0,0,1,3231,0,0,0,0,0,0.1823712799232453,100737024,115388416,astropy__astropy-14539
158,159,1,7.674323682,1,23298,0,0,23,23321,3184,0,0,1,3185,3184,0,0,1,3185,0,0,0,0,0,0.1868857089430093,100765696,115625984,astropy__astropy-14539
159,160,1,7.663086252,1,23298,0,0,23,23321,3175,0,0,1,3176,3175,0,0,1,3176,0,0,0,0,0,0.188633447047323,100749312,115355648,astropy__astropy-14539
160,161,1,7.666887907,1,23298,0,0,23,23321,3201,0,0,1,3202,3201,0,0,1,3202,0,0,0,0,0,0.1814027749933302,100868096,115556352,astropy__astropy-14539
161,162,1,7.658401834,1,23298,0,0,23,23321,3200,0,0,1,3201,3200,0,0,1,3201,0,0,0,0,0,0.1847062620799988,100790272,115388416,astropy__astropy-14539
162,163,1,7.763463705,1,23298,0,0,23,23321,3101,0,0,1,3102,3101,0,0,1,3102,0,0,0,0,0,0.1833666199818253,100769792,115474432,astropy__astropy-14539
163,164,1,7.763991146,1,23298,0,0,23,23321,3884,0,0,1,3885,3884,0,0,1,3885,0,0,0,0,0,0.2105651890160516,100741120,115392512,astropy__astropy-14539
164,165,1,7.765918996,1,23298,0,0,23,23321,9992,0,0,1,9993,9978,0,0,1,9979,14,0,0,0,14,0.6294352610129863,101240832,277192704,astropy__astropy-14539
165,166,1,7.761503644,1,23298,0,0,23,23321,3185,0,0,1,3186,3185,0,0,1,3186,0,0,0,0,0,0.1904897569911554,100909056,115593216,astropy__astropy-14539
166,167,1,7.692512482,1,23298,0,0,23,23321,3203,0,0,1,3204,3203,0,0,1,3204,0,0,0,0,0,0.1835910240188241,100794368,115605504,astropy__astropy-14539
167,168,1,7.781306462,1,23298,0,0,23,23321,3201,0,0,1,3202,3201,0,0,1,3202,0,0,0,0,0,0.1815747050568461,100831232,115535872,astropy__astropy-14539
168,169,1,7.71265802,1,23298,0,0,23,23321,3216,0,0,1,3217,3216,0,0,1,3217,0,0,0,0,0,0.186232234002091,100839424,115347456,astropy__astropy-14539
169,170,1,7.775094981,1,23298,0,0,23,23321,3200,0,0,1,3201,3185,0,0,1,3186,15,0,0,0,15,0.1865998230641707,100761600,115576832,astropy__astropy-14539
170,171,1,7.728484949,1,23298,0,0,23,23321,3215,0,0,1,3216,3215,0,0,1,3216,0,0,0,0,0,0.1814403149764984,100851712,115580928,astropy__astropy-14539
171,172,1,7.680970681,1,23298,0,0,23,23321,3238,0,0,1,3239,3223,0,0,1,3224,15,0,0,0,15,0.184847594005987,100773888,115343360,astropy__astropy-14539
172,173,1,7.667996086,1,23298,0,0,23,23321,8797,0,0,1,8798,8797,0,0,1,8798,0,0,0,0,0,0.4214264900656417,101277696,264691712,astropy__astropy-14539
173,174,1,7.691088085,1,23298,0,0,23,23321,3197,0,0,1,3198,3197,0,0,1,3198,0,0,0,0,0,0.1822326239198446,100864000,115625984,astropy__astropy-14539
174,175,1,7.775574382,1,23298,0,0,23,23321,3235,0,0,1,3236,3220,0,0,1,3221,15,0,0,0,15,0.1863764140289276,100839424,115404800,astropy__astropy-14539
175,176,1,7.733425037,1,23298,0,0,23,23321,9881,0,0,1,9882,9867,0,0,1,9868,14,0,0,0,14,0.6258585819741711,101257216,276574208,astropy__astropy-14539
176,177,1,7.626213485,1,23298,0,0,23,23321,3177,0,0,1,3178,3177,0,0,1,3178,0,0,0,0,0,0.1855427649570629,100880384,115699712,astropy__astropy-14539
177,178,1,7.768156832,1,23298,0,0,23,23321,3228,0,0,1,3229,3213,0,0,1,3214,15,0,0,0,15,0.1836985810659825,100831232,115523584,astropy__astropy-14539
178,179,1,7.768260755,1,23298,0,0,23,23321,3205,0,0,1,3206,3205,0,0,1,3206,0,0,0,0,0,0.1828620149753987,101064704,115572736,astropy__astropy-14539
179,180,1,7.778633031,1,23298,0,0,23,23321,3204,0,0,1,3205,3189,0,0,1,3190,15,0,0,0,15,0.187694341992028,100990976,115765248,astropy__astropy-14539
180,181,1,7.769846698,1,23298,0,0,23,23321,9872,0,0,1,9873,9858,0,0,1,9859,14,0,0,0,14,0.6238918680464849,101302272,275648512,astropy__astropy-14539
181,182,1,7.80484001,1,26849,0,0,23,26872,6715,0,0,1,6716,3164,0,0,1,3165,3551,0,0,0,3551,0.1955090609844774,115695616,120094720,astropy__astropy-14539
182,183,1,7.953722419,1,26851,0,0,23,26874,3944,0,0,1,3945,3942,0,0,1,3943,2,0,0,0,2,0.190792785026133,115503104,130158592,astropy__astropy-14539
183,184,1,7.943572979,1,26851,0,0,23,26874,3110,0,0,1,3111,3110,0,0,1,3111,0,0,0,0,0,0.1862179720774293,115548160,130179072,astropy__astropy-14539
0,0,0,2.998881758,1,616,0,0,22,638,0,0,0,0,0,0,0,0,0,0,0,0,0,0,0,0.0,4349952,10981376,astropy__astropy-14598
1,1,1,2.820747997,1,5404,0,0,22,5426,5325,0,0,1,5326,0,0,0,0,0,5325,0,0,1,5326,0.254727988038212,24961024,37675008,astropy__astropy-14598
2,2,1,4.29808604,1,5438,0,0,22,5460,3168,0,0,1,3169,3129,0,0,1,3130,39,0,0,0,39,0.1973934900015592,25243648,39751680,astropy__astropy-14598
3,3,1,4.309291139,1,5438,0,0,22,5460,3164,0,0,1,3165,3164,0,0,1,3165,0,0,0,0,0,0.1863232540199533,25169920,39837696,astropy__astropy-14598
4,4,1,4.303351129,1,5460,0,0,22,5482,3137,0,0,1,3138,3110,0,0,1,3111,27,0,0,0,27,0.1846271969843655,25387008,40017920,astropy__astropy-14598
5,5,1,4.321100223,1,5460,0,0,22,5482,3200,0,0,1,3201,3200,0,0,1,3201,0,0,0,0,0,0.1817608750425279,25198592,39936000,astropy__astropy-14598
6,6,1,4.268495915,1,5460,0,0,22,5482,3181,0,0,1,3182,3181,0,0,1,3182,0,0,0,0,0,0.1857523790095001,25186304,39829504,astropy__astropy-14598
7,7,1,4.245909901,1,5460,0,0,22,5482,3190,0,0,1,3191,3189,0,0,1,3190,1,0,0,0,1,0.1821329049998894,25333760,40071168,astropy__astropy-14598
8,8,1,4.240071927,1,5460,0,0,22,5482,3189,0,0,1,3190,3189,0,0,1,3190,0,0,0,0,0,0.1830574449850246,25493504,39993344,astropy__astropy-14598
9,9,1,4.30599199,1,5460,0,0,22,5482,3201,0,0,1,3202,3201,0,0,1,3202,0,0,0,0,0,0.1843530900077894,25202688,39985152,astropy__astropy-14598
10,10,1,4.246592239,1,5461,0,0,22,5483,3103,0,0,1,3104,3102,0,0,1,3103,1,0,0,0,1,0.1824124429840594,25415680,39915520,astropy__astropy-14598
11,11,1,4.539350761,1,7011,0,0,22,7033,4683,0,0,1,4684,3133,0,0,1,3134,1550,0,0,0,1550,0.2183632870437577,31772672,40103936,astropy__astropy-14598
12,12,1,4.87256654,1,7011,0,0,22,7033,3107,0,0,1,3108,3107,0,0,1,3108,0,0,0,0,0,0.1834717621095478,31850496,46444544,astropy__astropy-14598
13,13,1,5.859148621,1,20702,0,0,22,20724,17748,0,0,1,17749,4057,0,0,1,4058,13691,0,0,0,13691,0.6165508140111342,89366528,255741952,astropy__astropy-14598
14,14,1,7.453961827,1,20702,0,0,22,20724,3180,0,0,1,3181,3180,0,0,1,3181,0,0,0,0,0,0.1901543400017544,89116672,103919616,astropy__astropy-14598
15,15,1,7.408506859,1,20702,0,0,22,20724,3138,0,0,1,3139,3138,0,0,1,3139,0,0,0,0,0,0.19286179903429,88940544,103677952,astropy__astropy-14598
16,16,1,7.449773959,1,20703,0,0,22,20725,3939,0,0,1,3940,3938,0,0,1,3939,1,0,0,0,1,0.2096666629659012,88961024,103677952,astropy__astropy-14598
17,17,1,7.408125686,1,20716,0,0,22,20738,3915,0,0,1,3916,3902,0,0,1,3903,13,0,0,0,13,0.2171779460040852,89186304,103493632,astropy__astropy-14598
18,18,1,7.526196628,1,20716,0,0,22,20738,3210,0,0,1,3211,3210,0,0,1,3211,0,0,0,0,0,0.1909059010213241,89206784,104067072,astropy__astropy-14598
19,19,1,7.46361336,1,20716,0,0,22,20738,3109,0,0,1,3110,3109,0,0,1,3110,0,0,0,0,0,0.1872324589639902,89321472,103784448,astropy__astropy-14598
20,20,1,7.461902289,1,20717,0,0,22,20739,3923,0,0,1,3924,3922,0,0,1,3923,1,0,0,0,1,0.2083705470431596,89210880,103714816,astropy__astropy-14598
0,0,0,3.081169354,1,616,0,0,23,639,0,0,0,0,0,0,0,0,0,0,0,0,0,0,0,0.0,4423680,11169792,astropy__astropy-14995
1,1,1,2.776883866,1,5404,0,0,23,5427,5327,0,0,1,5328,0,0,0,0,0,5327,0,0,1,5328,0.2651120419614017,25231360,37744640,astropy__astropy-14995
2,2,1,4.360378085,1,5408,0,0,23,5431,3188,0,0,1,3189,3178,0,0,1,3179,10,0,0,0,10,0.1872897460125386,25104384,39751680,astropy__astropy-14995
3,3,1,4.304689115,1,5409,0,0,23,5432,3207,0,0,1,3208,3206,0,0,1,3207,1,0,0,0,1,0.1869427990168333,25202688,39702528,astropy__astropy-14995
4,4,1,4.711371971,1,9038,0,0,23,9061,6969,0,0,1,6970,3339,0,0,1,3340,3630,0,0,0,3630,1.7816619439981878,41824256,49618944,astropy__astropy-14995
5,5,1,5.076314085,1,9038,0,0,23,9061,3210,0,0,1,3211,3210,0,0,1,3211,0,0,0,0,0,0.1793229850009083,41627648,56057856,astropy__astropy-14995
6,6,1,5.077992279,1,9047,0,0,23,9070,3125,0,0,1,3126,3116,0,0,1,3117,9,0,0,0,9,0.1789110780227929,41558016,56246272,astropy__astropy-14995
7,7,1,5.069075262,1,9047,0,0,23,9070,3192,0,0,1,3193,3192,0,0,1,3193,0,0,0,0,0,0.1790645299479365,41603072,56197120,astropy__astropy-14995
8,8,1,5.117573947,1,9084,0,0,23,9107,3188,0,0,1,3189,3151,0,0,1,3152,37,0,0,0,37,0.181520601036027,41660416,56086528,astropy__astropy-14995
9,9,1,5.155839799,1,9084,0,0,23,9107,3140,0,0,1,3141,3140,0,0,1,3141,0,0,0,0,0,0.1798357130028307,41549824,56238080,astropy__astropy-14995
10,10,1,5.231902465,1,10634,0,0,23,10657,4673,0,0,1,4674,3123,0,0,1,3124,1550,0,0,0,1550,0.2172410680213943,48189440,56291328,astropy__astropy-14995
11,11,1,5.316839503,1,10691,0,0,23,10714,3259,0,0,1,3260,3202,0,0,1,3203,57,0,0,0,57,0.1906994899036362,48619520,62783488,astropy__astropy-14995
12,12,1,5.32347986,1,10691,0,0,23,10714,3873,0,0,1,3874,3872,0,0,1,3873,1,0,0,0,1,0.2070701769553125,48459776,63184896,astropy__astropy-14995
13,13,1,5.319700119,1,10691,0,0,23,10714,3095,0,0,1,3096,3095,0,0,1,3096,0,0,0,0,0,0.1860552210127934,48349184,62963712,astropy__astropy-14995
14,14,1,5.326683313,1,10691,0,0,23,10714,3874,0,0,1,3875,3874,0,0,1,3875,0,0,0,0,0,0.2110372169408947,48574464,63074304,astropy__astropy-14995
15,15,1,5.302709869,1,10691,0,0,23,10714,3131,0,0,1,3132,3131,0,0,1,3132,0,0,0,0,0,0.180424063000828,48472064,63074304,astropy__astropy-14995
16,16,1,5.322311473,1,10691,0,0,23,10714,3871,0,0,1,3872,3871,0,0,1,3872,0,0,0,0,0,0.2035737859550863,48414720,62963712,astropy__astropy-14995
17,17,1,5.311233107,1,10691,0,0,23,10714,3878,0,0,1,3879,3878,0,0,1,3879,0,0,0,0,0,0.2061214279383421,48459776,63287296,astropy__astropy-14995
18,18,1,5.237724415,1,10691,0,0,23,10714,3111,0,0,1,3112,3111,0,0,1,3112,0,0,0,0,0,0.1809089420130476,48349184,63012864,astropy__astropy-14995
19,19,1,5.742359932,1,23271,0,0,23,23294,16693,0,0,1,16694,4113,0,0,1,4114,12580,0,0,0,12580,0.4770696710329503,101269504,260186112,astropy__astropy-14995
20,20,1,6.109986837,1,23271,0,0,23,23294,3872,0,0,1,3873,3872,0,0,1,3873,0,0,0,0,0,0.2065553899155929,100978688,115666944,astropy__astropy-14995
21,21,1,6.109615394,1,23271,0,0,23,23294,3136,0,0,1,3137,3136,0,0,1,3137,0,0,0,0,0,0.1806510819587856,101081088,115634176,astropy__astropy-14995
22,22,1,6.090114169,1,23305,0,0,23,23328,3227,0,0,1,3228,3193,0,0,1,3194,34,0,0,0,34,0.1832443379098549,100872192,115548160,astropy__astropy-14995
23,23,1,6.10553422,1,23306,0,0,23,23329,3078,0,0,1,3079,3077,0,0,1,3078,1,0,0,0,1,0.1805361439473927,100937728,115785728,astropy__astropy-14995
24,24,1,6.008916175,1,23306,0,0,23,23329,3969,0,0,1,3970,3969,0,0,1,3970,0,0,0,0,0,0.2087783149909228,100855808,115539968,astropy__astropy-14995
25,25,1,6.076005997,1,23306,0,0,23,23329,3120,0,0,1,3121,3120,0,0,1,3121,0,0,0,0,0,0.1825029590399935,100868096,115433472,astropy__astropy-14995
26,26,1,6.171540653,1,26623,0,0,23,26646,13407,0,0,1,13408,10090,0,0,1,10091,3317,0,0,0,3317,1.0902741129975766,116355072,300552192,astropy__astropy-14995
27,27,1,6.196306365,1,26624,0,0,23,26647,3283,0,0,1,3284,3275,0,0,1,3276,8,0,0,0,8,0.1846726819640025,116142080,130654208,astropy__astropy-14995
28,28,1,6.175263428,1,26624,0,0,23,26647,10495,0,0,1,10496,10495,0,0,1,10496,0,0,0,0,0,0.6606675890507177,116690944,293863424,astropy__astropy-14995
29,29,1,6.197245649,1,26624,0,0,23,26647,3154,0,0,1,3155,3154,0,0,1,3155,0,0,0,0,0,0.1816802839748561,116342784,131133440,astropy__astropy-14995
30,30,1,6.215222705,1,26624,0,0,23,26647,3285,0,0,1,3286,3277,0,0,1,3278,8,0,0,0,8,0.1859288009582087,116199424,130781184,astropy__astropy-14995
31,31,1,6.221512752,1,26624,0,0,23,26647,3191,0,0,1,3192,3191,0,0,1,3192,0,0,0,0,0,0.1840063160052523,116146176,130801664,astropy__astropy-14995
32,32,1,6.212717406,1,26624,0,0,23,26647,3232,0,0,1,3233,3224,0,0,1,3225,8,0,0,0,8,0.1831952520878985,116150272,130707456,astropy__astropy-14995
33,33,1,6.18142963,1,26642,0,0,23,26665,10470,0,0,1,10471,10452,0,0,1,10453,18,0,0,0,18,0.66357822495047,116842496,298983424,astropy__astropy-14995
34,34,1,6.282786938,1,30216,0,0,23,30239,6720,0,0,1,6721,3146,0,0,1,3147,3574,0,0,0,3574,0.1951038830447942,131260416,133619712,astropy__astropy-14995
35,35,1,6.301944252,1,30216,0,0,23,30239,3126,0,0,1,3127,3125,0,0,1,3126,1,0,0,0,1,0.1854368509957566,130940928,145711104,astropy__astropy-14995
36,36,1,6.3145833,1,30216,0,0,23,30239,3124,0,0,1,3125,3124,0,0,1,3125,0,0,0,0,0,0.1825197939760983,130936832,145592320,astropy__astropy-14995
0,0,0,2.937704455,1,616,0,0,23,639,0,0,0,0,0,0,0,0,0,0,0,0,0,0,0,0.0,4227072,8884224,astropy__astropy-7166
1,1,1,2.710085793,1,5404,0,0,23,5427,5321,0,0,1,5322,0,0,0,0,0,5321,0,0,1,5322,0.2544405459193513,24854528,37445632,astropy__astropy-7166
2,2,1,5.56912473,1,34315,0,0,23,34338,32108,0,0,1,32109,3197,0,0,1,3198,28911,0,0,0,28911,0.7001330229686573,146931712,147935232,astropy__astropy-7166
3,3,1,6.715316823,1,34324,0,0,23,34347,3222,0,0,1,3223,3205,0,0,1,3206,17,0,0,0,17,0.1845954259624704,146984960,161554432,astropy__astropy-7166
4,4,1,6.701222825,1,34325,0,0,23,34348,3104,0,0,1,3105,3103,0,0,1,3104,1,0,0,0,1,0.1824681319994852,147009536,161861632,astropy__astropy-7166
5,5,1,6.978241167,1,47512,0,0,23,47535,16800,0,0,1,16801,3612,0,0,1,3613,13188,0,0,0,13188,0.5527501379838213,202432512,362500096,astropy__astropy-7166
6,6,1,7.029913558,1,47611,0,0,23,47634,3314,0,0,1,3315,3214,0,0,1,3215,100,0,0,0,100,0.1869938129093498,202543104,216936448,astropy__astropy-7166
7,7,1,7.04036674,1,47602,0,0,23,47625,3128,0,0,1,3129,3128,0,0,1,3129,0,0,0,0,0,0.185716979089193,202579968,217153536,astropy__astropy-7166
8,8,1,7.041746829,1,47603,0,0,23,47626,8106,0,0,1,8107,8101,0,0,1,8102,5,0,0,0,5,0.4258832510095089,202981376,361086976,astropy__astropy-7166
9,9,1,7.009721735,1,47603,0,0,23,47626,3122,0,0,1,3123,3122,0,0,1,3123,0,0,0,0,0,0.1870679699350148,202493952,217141248,astropy__astropy-7166
10,10,1,7.037283519,1,47612,0,0,23,47635,3264,0,0,1,3265,3263,0,0,1,3264,1,0,0,0,1,0.1861912260064855,202661888,217288704,astropy__astropy-7166
11,11,1,7.119652587,1,47612,0,0,23,47635,7744,0,0,1,7745,7744,0,0,1,7745,0,0,0,0,0,0.3350710029480979,202973184,357556224,astropy__astropy-7166
12,12,1,7.038095842,1,47613,0,0,23,47636,3887,0,0,1,3888,3886,0,0,1,3887,1,0,0,0,1,0.2165634499397128,202797056,217522176,astropy__astropy-7166
13,13,1,7.142212534,1,47613,0,0,23,47636,3257,0,0,1,3258,3247,0,0,1,3248,10,0,0,0,10,0.1907418419141322,202928128,217305088,astropy__astropy-7166
14,14,1,7.038335825,1,47613,0,0,23,47636,7772,0,0,1,7773,7772,0,0,1,7773,0,0,0,0,0,0.3369803499663248,203083776,357703680,astropy__astropy-7166
15,15,1,7.020619353,1,47613,0,0,23,47636,3282,0,0,1,3283,3272,0,0,1,3273,10,0,0,0,10,0.1890778390225023,202887168,217505792,astropy__astropy-7166
16,16,1,7.027701703,1,47613,0,0,23,47636,3075,0,0,1,3076,3075,0,0,1,3076,0,0,0,0,0,0.1833573759067803,202772480,217583616,astropy__astropy-7166
17,17,1,7.037547153,1,47613,0,0,23,47636,3914,0,0,1,3915,3914,0,0,1,3915,0,0,0,0,0,0.2159469929756596,202657792,217235456,astropy__astropy-7166
18,18,1,7.042341287,1,47624,0,0,23,47647,3156,0,0,1,3157,3145,0,0,1,3146,11,0,0,0,11,0.1882301489822566,202633216,217198592,astropy__astropy-7166
19,19,1,7.029609685,1,47624,0,0,23,47647,3858,0,0,1,3859,3858,0,0,1,3859,0,0,0,0,0,0.2072918479098007,202792960,217464832,astropy__astropy-7166
20,20,1,7.026815425,1,47624,0,0,23,47647,3244,0,0,1,3245,3234,0,0,1,3235,10,0,0,0,10,0.1864801440387964,202805248,217509888,astropy__astropy-7166
21,21,1,7.009810166,1,47624,0,0,23,47647,3213,0,0,1,3214,3213,0,0,1,3214,0,0,0,0,0,0.1865843079285696,202911744,217309184,astropy__astropy-7166
22,22,1,7.030736034,1,47624,0,0,23,47647,3826,0,0,1,3827,3826,0,0,1,3827,0,0,0,0,0,0.2007582209771499,202674176,217288704,astropy__astropy-7166
23,23,1,7.110934203,1,47624,0,0,23,47647,3207,0,0,1,3208,3207,0,0,1,3208,0,0,0,0,0,0.1810862489510327,202821632,217657344,astropy__astropy-7166
24,24,1,7.125830712,1,47619,0,0,23,47642,3775,0,0,1,3776,3775,0,0,1,3776,0,0,0,0,0,0.2013663119869306,202772480,217382912,astropy__astropy-7166
25,25,1,7.118626534,1,47619,0,0,23,47642,3215,0,0,1,3216,3215,0,0,1,3216,0,0,0,0,0,0.1869623970706015,202752000,217427968,astropy__astropy-7166
26,26,1,7.040700679,1,47619,0,0,23,47642,3126,0,0,1,3127,3126,0,0,1,3127,0,0,0,0,0,0.186272746999748,202637312,217243648,astropy__astropy-7166
27,27,1,7.041319353,1,47623,0,0,23,47646,8363,0,0,1,8364,8358,0,0,1,8359,5,0,0,0,5,0.4620709599694237,203145216,362393600,astropy__astropy-7166
28,28,1,7.054734564,1,47624,0,0,23,47647,3113,0,0,1,3114,3112,0,0,1,3113,1,0,0,0,1,0.1875794479856267,202846208,217468928,astropy__astropy-7166
29,29,1,7.024731942,1,47624,0,0,23,47647,8348,0,0,1,8349,8348,0,0,1,8349,0,0,0,0,0,0.4643376719905063,203313152,362745856,astropy__astropy-7166
30,30,1,7.032730095,1,47635,0,0,23,47658,3877,0,0,1,3878,3866,0,0,1,3867,11,0,0,0,11,0.1913882860681042,203034624,217702400,astropy__astropy-7166
31,31,1,7.105841528,1,47635,0,0,23,47658,3150,0,0,1,3151,3150,0,0,1,3151,0,0,0,0,0,0.1832561780465766,202907648,217522176,astropy__astropy-7166
32,32,1,7.162446531,1,55868,0,0,23,55891,17577,0,0,1,17578,9329,0,0,1,9330,8248,0,0,0,8248,0.2431738369632512,237584384,239611904,astropy__astropy-7166
33,33,1,7.188687889,1,55868,0,0,23,55891,3087,0,0,1,3088,3087,0,0,1,3088,0,0,0,0,0,0.1849644200410694,237481984,252010496,astropy__astropy-7166
34,34,1,7.174193851,1,55916,0,0,23,55939,3297,0,0,1,3298,3249,0,0,1,3250,48,0,0,0,48,0.1868456379743293,237690880,252190720,astropy__astropy-7166
35,35,1,7.251701415,1,55916,0,0,23,55939,3081,0,0,1,3082,3081,0,0,1,3082,0,0,0,0,0,0.1797145690070465,237649920,252211200,astropy__astropy-7166
36,36,1,7.205460202,1,56825,0,0,23,56848,18033,0,0,1,18034,17079,0,0,1,17080,954,0,0,0,954,0.6000434949528426,241557504,292663296,astropy__astropy-7166
37,37,1,7.243372458,1,56825,0,0,23,56848,4742,0,0,1,4743,4742,0,0,1,4743,0,0,0,0,0,0.2107642069458961,241573888,256299008,astropy__astropy-7166
38,38,1,7.2938704,1,56825,0,0,23,56848,3989,0,0,1,3990,3989,0,0,1,3990,0,0,0,0,0,0.1888032560236752,241577984,256167936,astropy__astropy-7166
39,39,1,7.288644368,1,56825,0,0,23,56848,3110,0,0,1,3111,3110,0,0,1,3111,0,0,0,0,0,0.187548583955504,241401856,256311296,astropy__astropy-7166
40,40,1,7.305298548,1,56825,0,0,23,56848,3188,0,0,1,3189,3188,0,0,1,3189,0,0,0,0,0,0.1832083150511607,241405952,256098304,astropy__astropy-7166
41,41,1,7.29721481,1,56825,0,0,23,56848,3103,0,0,1,3104,3103,0,0,1,3104,0,0,0,0,0,0.1837254359852522,241504256,256094208,astropy__astropy-7166
42,42,1,7.20716559,1,56826,0,0,23,56849,3074,0,0,1,3075,3074,0,0,1,3075,0,0,0,0,0,0.1832260449882596,241401856,255950848,astropy__astropy-7166
43,43,1,7.273257504,1,56826,0,0,23,56849,3102,0,0,1,3103,3102,0,0,1,3103,0,0,0,0,0,0.1820125490194186,241459200,256212992,astropy__astropy-7166
44,44,1,7.302927009,1,56826,0,0,23,56849,3121,0,0,1,3122,3121,0,0,1,3122,0,0,0,0,0,0.1859569270163774,241614848,256180224,astropy__astropy-7166
0,0,0,2.925811204,1,616,0,0,23,639,0,0,0,0,0,0,0,0,0,0,0,0,0,0,0,0.0,4202496,8699904,astropy__astropy-7336
1,1,1,2.787636022,1,4983,0,0,23,5006,4862,0,0,1,4863,0,0,0,0,0,4862,0,0,1,4863,0.2352577639976516,22781952,37523456,astropy__astropy-7336
2,1,2,4.473732795,1,5405,0,0,23,5428,3545,0,0,1,3546,3085,0,0,1,3086,460,0,0,0,460,0.2082870359299704,24862720,37703680,astropy__astropy-7336
3,2,1,4.554963679,1,5408,0,0,23,5431,3214,0,0,1,3215,3204,0,0,1,3205,10,0,0,0,10,0.1870839999755844,24854528,39600128,astropy__astropy-7336
4,3,1,4.529130506,1,5417,0,0,23,5440,3183,0,0,1,3184,3172,0,0,1,3173,11,0,0,0,11,0.1869193409802392,24924160,39358464,astropy__astropy-7336
5,4,1,4.584260235,1,5417,0,0,23,5440,3197,0,0,1,3198,3197,0,0,1,3198,0,0,0,0,0,0.1875545569928363,24920064,39677952,astropy__astropy-7336
6,5,1,4.734929238,1,6718,0,0,23,6741,4424,0,0,1,4425,3123,0,0,1,3124,1301,0,0,0,1301,0.205393012962304,30326784,39600128,astropy__astropy-7336
7,6,1,4.971337143,1,6718,0,0,23,6741,3086,0,0,1,3087,3086,0,0,1,3087,0,0,0,0,0,0.1889357110485434,30527488,44982272,astropy__astropy-7336
8,7,1,4.971081322,1,6718,0,0,23,6741,3795,0,0,1,3796,3793,0,0,1,3794,2,0,0,0,2,0.1994679990457371,30494720,45223936,astropy__astropy-7336
9,8,1,4.969398045,1,6718,0,0,23,6741,3131,0,0,1,3132,3128,0,0,1,3129,3,0,0,0,3,0.1838661869987845,30363648,45162496,astropy__astropy-7336
10,9,1,5.637010731,1,20095,0,0,23,20118,17202,0,0,1,17203,3825,0,0,1,3826,13377,0,0,0,13377,0.6802864870987833,86519808,249872384,astropy__astropy-7336
11,10,1,6.79123579,1,20180,0,0,23,20203,3255,0,0,1,3256,3169,0,0,1,3170,86,0,0,0,86,0.1897160760127008,86704128,101195776,astropy__astropy-7336
12,11,1,6.810903446,1,20182,0,0,23,20205,8529,0,0,1,8530,8527,0,0,1,8528,2,0,0,0,2,0.5924696470610797,86872064,251318272,astropy__astropy-7336
13,12,1,6.735056458,1,20183,0,0,23,20206,3098,0,0,1,3099,3097,0,0,1,3098,1,0,0,0,1,0.1812772700795903,86589440,101076992,astropy__astropy-7336
14,13,1,6.803596562,1,20183,0,0,23,20206,8504,0,0,1,8505,8504,0,0,1,8505,0,0,0,0,0,0.5857337800553069,86933504,251809792,astropy__astropy-7336
15,14,1,6.785976971,1,21260,0,0,23,21283,4890,0,0,1,4891,3813,0,0,1,3814,1077,0,0,0,1077,0.1889959489926695,91086848,101441536,astropy__astropy-7336
16,15,1,6.828896277,1,21260,0,0,23,21283,3115,0,0,1,3116,3115,0,0,1,3116,0,0,0,0,0,0.181841324083507,91058176,105664512,astropy__astropy-7336
17,16,1,6.826148215,1,21260,0,0,23,21283,4022,0,0,1,4023,4019,0,0,1,4020,3,0,0,0,3,0.1925494429888203,91066368,105644032,astropy__astropy-7336
18,17,1,6.829946908,1,21260,0,0,23,21283,3129,0,0,1,3130,3129,0,0,1,3130,0,0,0,0,0,0.1866278500529006,91054080,105803776,astropy__astropy-7336
19,18,1,6.833655704,1,21275,0,0,23,21298,4145,0,0,1,4146,4127,0,0,1,4128,18,0,0,0,18,0.1957522189477458,91308032,105938944,astropy__astropy-7336
20,19,1,6.889182528,1,21275,0,0,23,21298,3116,0,0,1,3117,3116,0,0,1,3117,0,0,0,0,0,0.1801133560948074,91328512,106090496,astropy__astropy-7336
21,20,1,6.900984384,1,21275,0,0,23,21298,3119,0,0,1,3120,3119,0,0,1,3120,0,0,0,0,0,0.185904519050382,91246592,106229760,astropy__astropy-7336
0,0,0,2.920656167,1,616,0,0,24,640,0,0,0,0,0,0,0,0,0,0,0,0,0,0,0,0.0,4362240,11157504,astropy__astropy-7606
1,1,1,2.619430073,1,5404,0,0,24,5428,5312,0,0,1,5313,0,0,0,0,0,5312,0,0,1,5313,0.2542332450393587,25001984,37519360,astropy__astropy-7606
2,2,1,4.288731588,1,5424,0,0,24,5448,3207,0,0,1,3208,3169,0,0,1,3170,38,0,0,0,38,0.1879131619352847,25210880,39690240,astropy__astropy-7606
3,3,1,4.284362028,1,5424,0,0,24,5448,3205,0,0,1,3206,3205,0,0,1,3206,0,0,0,0,0,0.1844949029618874,25059328,40009728,astropy__astropy-7606
4,4,1,4.294689789,1,5461,0,0,24,5485,3208,0,0,1,3209,3171,0,0,1,3172,37,0,0,0,37,0.1872257780050858,25276416,39702528,astropy__astropy-7606
5,5,1,4.328898049,1,5461,0,0,24,5485,3229,0,0,1,3230,3229,0,0,1,3230,0,0,0,0,0,0.1898293530102819,25206784,39555072,astropy__astropy-7606
6,6,1,4.330461111,1,5481,0,0,24,5505,3273,0,0,1,3274,3253,0,0,1,3254,20,0,0,0,20,0.189910197048448,25370624,39895040,astropy__astropy-7606
7,7,1,4.333947535,1,5482,0,0,24,5506,3093,0,0,1,3094,3092,0,0,1,3093,1,0,0,0,1,0.1802589049329981,25341952,39899136,astropy__astropy-7606
8,8,1,4.496756761,1,6783,0,0,24,6807,4395,0,0,1,4396,3094,0,0,1,3095,1301,0,0,0,1301,0.2077788099413737,30752768,39903232,astropy__astropy-7606
9,9,1,5.028524668,1,6792,0,0,24,6816,3117,0,0,1,3118,3108,0,0,1,3109,9,0,0,0,9,0.1824177020462229,30883840,45371392,astropy__astropy-7606
10,10,1,6.31525412,1,19289,0,0,24,19313,16365,0,0,1,16366,3862,0,0,1,3863,12503,0,0,0,12503,0.4608039370505139,83566592,240259072,astropy__astropy-7606
11,11,1,8.880939527,1,19289,0,0,24,19313,3236,0,0,1,3237,3216,0,0,1,3217,20,0,0,0,20,0.1884575540898367,83128320,97828864,astropy__astropy-7606
12,12,1,8.80996929,1,19290,0,0,24,19314,3117,0,0,1,3118,3116,0,0,1,3117,1,0,0,0,1,0.1870504270773381,82804736,97591296,astropy__astropy-7606
13,13,1,8.782770483,1,19290,0,0,24,19314,3235,0,0,1,3236,3215,0,0,1,3216,20,0,0,0,20,0.1865797200007364,82751488,97406976,astropy__astropy-7606
14,14,1,8.882854403,1,19290,0,0,24,19314,7955,0,0,1,7956,7955,0,0,1,7956,0,0,0,0,0,0.3833754230290651,83181568,239407104,astropy__astropy-7606
15,15,1,8.834335506,1,19290,0,0,24,19314,3185,0,0,1,3186,3185,0,0,1,3186,0,0,0,0,0,0.1853218550095334,82771968,97497088,astropy__astropy-7606
16,16,1,8.915165714,1,19291,0,0,24,19315,3110,0,0,1,3111,3109,0,0,1,3110,1,0,0,0,1,0.1848937600152567,82771968,97423360,astropy__astropy-7606
17,17,1,8.876204344,1,19291,0,0,24,19315,3232,0,0,1,3233,3212,0,0,1,3213,20,0,0,0,20,0.1866984349908307,82837504,97517568,astropy__astropy-7606
18,18,1,8.781768626,1,19291,0,0,24,19315,3200,0,0,1,3201,3200,0,0,1,3201,0,0,0,0,0,0.1864333259873092,82821120,97251328,astropy__astropy-7606
19,19,1,8.828048586,1,19291,0,0,24,19315,3200,0,0,1,3201,3200,0,0,1,3201,0,0,0,0,0,0.1845849510282278,82759680,97275904,astropy__astropy-7606
20,20,1,8.902544852,1,19291,0,0,24,19315,3191,0,0,1,3192,3171,0,0,1,3172,20,0,0,0,20,0.1907913500908762,82771968,97411072,astropy__astropy-7606
21,21,1,8.904111164,1,19291,0,0,24,19315,3209,0,0,1,3210,3209,0,0,1,3210,0,0,0,0,0,0.1839375490089878,82767872,97693696,astropy__astropy-7606
22,22,1,8.827707018,1,19291,0,0,24,19315,3185,0,0,1,3186,3185,0,0,1,3186,0,0,0,0,0,0.1859635079745203,82767872,97411072,astropy__astropy-7606
23,23,1,8.918401541,1,19291,0,0,24,19315,3193,0,0,1,3194,3193,0,0,1,3194,0,0,0,0,0,0.1832230360014364,82755584,97284096,astropy__astropy-7606
24,24,1,8.915232424,1,19291,0,0,24,19315,3176,0,0,1,3177,3176,0,0,1,3177,0,0,0,0,0,0.1860079509206116,82763776,97521664,astropy__astropy-7606
25,25,1,8.869380583,1,19292,0,0,24,19316,3107,0,0,1,3108,3106,0,0,1,3107,1,0,0,0,1,0.1836589770391583,82771968,97611776,astropy__astropy-7606
26,26,1,8.904935963,1,19292,0,0,24,19316,3215,0,0,1,3216,3215,0,0,1,3216,0,0,0,0,0,0.1851657419465482,82800640,97710080,astropy__astropy-7606
27,27,1,8.846393819,1,19292,0,0,24,19316,3221,0,0,1,3222,3201,0,0,1,3202,20,0,0,0,20,0.1867352400440722,82771968,97476608,astropy__astropy-7606
28,28,1,8.80053752,1,19292,0,0,24,19316,3204,0,0,1,3205,3204,0,0,1,3205,0,0,0,0,0,0.1872759379912167,82796544,97554432,astropy__astropy-7606
29,29,1,8.896329233,1,19292,0,0,24,19316,3191,0,0,1,3192,3191,0,0,1,3192,0,0,0,0,0,0.1894512209109962,82907136,97681408,astropy__astropy-7606
30,30,1,8.908438354,1,19293,0,0,24,19317,3114,0,0,1,3115,3113,0,0,1,3114,1,0,0,0,1,0.1876691009383648,82968576,97619968,astropy__astropy-7606
31,31,1,8.894644983,1,19294,0,0,24,19318,3800,0,0,1,3801,3799,0,0,1,3800,1,0,0,0,1,0.2050157720223069,82812928,97402880,astropy__astropy-7606
32,32,1,8.893156991,1,19294,0,0,24,19318,3097,0,0,1,3098,3097,0,0,1,3098,0,0,0,0,0,0.1848988379351794,82796544,97337344,astropy__astropy-7606
33,33,1,8.893593306,1,19294,0,0,24,19318,3810,0,0,1,3811,3810,0,0,1,3811,0,0,0,0,0,0.2058102019364014,82870272,97632256,astropy__astropy-7606
34,34,1,8.910211535,1,19294,0,0,24,19318,3210,0,0,1,3211,3210,0,0,1,3211,0,0,0,0,0,0.183167110895738,82792448,97611776,astropy__astropy-7606
35,35,1,8.796333071,1,19294,0,0,24,19318,3201,0,0,1,3202,3201,0,0,1,3202,0,0,0,0,0,0.1895655429689213,82771968,97570816,astropy__astropy-7606
36,36,1,8.929249576,1,19294,0,0,24,19318,3216,0,0,1,3217,3216,0,0,1,3217,0,0,0,0,0,0.1837307920213788,82780160,97476608,astropy__astropy-7606
37,37,1,8.905699505,1,19294,0,0,24,19318,7920,0,0,1,7921,7920,0,0,1,7921,0,0,0,0,0,0.3852373190457001,83058688,240549888,astropy__astropy-7606
38,38,1,8.824181175,1,19294,0,0,24,19318,3196,0,0,1,3197,3196,0,0,1,3197,0,0,0,0,0,0.1856203330680728,82759680,97574912,astropy__astropy-7606
39,39,1,8.919415213,1,19295,0,0,24,19319,3132,0,0,1,3133,3131,0,0,1,3132,1,0,0,0,1,0.1835102390032261,82792448,97234944,astropy__astropy-7606
40,40,1,8.916690539,1,19295,0,0,24,19319,3219,0,0,1,3220,3199,0,0,1,3200,20,0,0,0,20,0.1926524960435927,82780160,97296384,astropy__astropy-7606
41,41,1,8.835459618,1,19295,0,0,24,19319,3203,0,0,1,3204,3203,0,0,1,3204,0,0,0,0,0,0.1844336020294577,82767872,97239040,astropy__astropy-7606
42,42,1,8.838711325,1,19296,0,0,24,19320,3078,0,0,1,3079,3077,0,0,1,3078,1,0,0,0,1,0.1894751220243051,82800640,97460224,astropy__astropy-7606
43,43,1,8.901044499,1,19296,0,0,24,19320,3225,0,0,1,3226,3205,0,0,1,3206,20,0,0,0,20,0.1889672069810331,82825216,97693696,astropy__astropy-7606
44,44,1,8.920625465,1,19296,0,0,24,19320,3183,0,0,1,3184,3183,0,0,1,3184,0,0,0,0,0,0.1865479070693254,82817024,97583104,astropy__astropy-7606
45,45,1,8.907566027,1,20247,0,0,24,20271,8973,0,0,1,8974,8022,0,0,1,8023,951,0,0,0,951,0.5693554839817807,87302144,251248640,astropy__astropy-7606
46,46,1,9.084078679,1,21325,0,0,24,21349,4924,0,0,1,4925,3846,0,0,1,3847,1078,0,0,0,1078,0.1918766519520431,91488256,101851136,astropy__astropy-7606
47,47,1,9.189560164,1,21325,0,0,24,21349,3113,0,0,1,3114,3113,0,0,1,3114,0,0,0,0,0,0.1824045800603926,91398144,106098688,astropy__astropy-7606
48,48,1,9.195116013,1,21373,0,0,24,21397,4024,0,0,1,4025,3956,0,0,1,3957,68,0,0,0,68,0.1913544530980289,91648000,106078208,astropy__astropy-7606
49,49,1,9.129688072,1,21373,0,0,24,21397,3815,0,0,1,3816,3815,0,0,1,3816,0,0,0,0,0,0.2016437660204246,91574272,106397696,astropy__astropy-7606
50,50,1,9.103313374,1,21373,0,0,24,21397,3903,0,0,1,3904,3903,0,0,1,3904,0,0,0,0,0,0.1880497629754245,91602944,106266624,astropy__astropy-7606
51,51,1,9.091377339,1,21373,0,0,24,21397,3110,0,0,1,3111,3110,0,0,1,3111,0,0,0,0,0,0.1810173731064424,91578368,106430464,astropy__astropy-7606
52,52,1,9.097020264,1,21373,0,0,24,21397,3104,0,0,1,3105,3104,0,0,1,3105,0,0,0,0,0,0.1833333550021052,91590656,106356736,astropy__astropy-7606
0,0,0,2.965620278,1,616,0,0,23,639,0,0,0,0,0,0,0,0,0,0,0,0,0,0,0,0.0,4366336,11190272,astropy__astropy-7671
1,1,1,2.744057508,1,5424,0,0,23,5447,5347,0,0,1,5348,0,0,0,0,0,5347,0,0,1,5348,0.2595544200157746,25096192,37777408,astropy__astropy-7671
2,2,1,4.356107943,1,5433,0,0,23,5456,3205,0,0,1,3206,3195,0,0,1,3196,10,0,0,0,10,0.179893744061701,25296896,39542784,astropy__astropy-7671
3,3,1,4.34217784,1,5433,0,0,23,5456,3198,0,0,1,3199,3198,0,0,1,3199,0,0,0,0,0,0.1879530668957159,25133056,40026112,astropy__astropy-7671
4,4,1,4.349203023,1,5433,0,0,23,5456,3198,0,0,1,3199,3191,0,0,1,3192,7,0,0,0,7,0.184824408032,25124864,39944192,astropy__astropy-7671
5,5,1,4.336463974,1,5433,0,0,23,5456,3185,0,0,1,3186,3185,0,0,1,3186,0,0,0,0,0,0.1796426029177382,25116672,39890944,astropy__astropy-7671
6,6,1,4.411403114,1,5444,0,0,23,5467,3115,0,0,1,3116,3104,0,0,1,3105,11,0,0,0,11,0.1854386479826644,25206784,39837696,astropy__astropy-7671
7,7,1,4.43129751,1,5485,0,0,23,5508,3249,0,0,1,3250,3208,0,0,1,3209,41,0,0,0,41,0.1888663419522345,25362432,39686144,astropy__astropy-7671
8,8,1,4.424283,1,5485,0,0,23,5508,3213,0,0,1,3214,3213,0,0,1,3214,0,0,0,0,0,0.1802019260358065,25366528,40505344,astropy__astropy-7671
9,9,1,4.372177777,1,5485,0,0,23,5508,3182,0,0,1,3183,3182,0,0,1,3183,0,0,0,0,0,0.1858768409583717,25366528,40136704,astropy__astropy-7671
10,10,1,4.365170104,1,5485,0,0,23,5508,3180,0,0,1,3181,3180,0,0,1,3181,0,0,0,0,0,0.1834626530762761,25374720,40333312,astropy__astropy-7671
11,11,1,4.376383755,1,5485,0,0,23,5508,3202,0,0,1,3203,3202,0,0,1,3203,0,0,0,0,0,0.1914540589787066,25346048,40275968,astropy__astropy-7671
12,12,1,4.358542194,1,5486,0,0,23,5509,3089,0,0,1,3090,3088,0,0,1,3089,1,0,0,0,1,0.1850531320087611,25391104,40054784,astropy__astropy-7671
13,13,1,4.525476447,1,6787,0,0,23,6810,4409,0,0,1,4410,3108,0,0,1,3109,1301,0,0,0,1301,0.2054803610080853,30785536,40108032,astropy__astropy-7671
14,14,1,4.797185625,1,6787,0,0,23,6810,3111,0,0,1,3112,3111,0,0,1,3112,0,0,0,0,0,0.1842563899699598,30814208,45486080,astropy__astropy-7671
15,15,1,6.053714608,1,19680,0,0,23,19703,16750,0,0,1,16751,3857,0,0,1,3858,12893,0,0,0,12893,0.5035119199892506,84996096,241053696,astropy__astropy-7671
16,16,1,8.352086199,1,19680,0,0,23,19703,3183,0,0,1,3184,3179,0,0,1,3180,4,0,0,0,4,0.1917438169475644,84660224,99155968,astropy__astropy-7671
17,17,1,8.397051529,1,19680,0,0,23,19703,3121,0,0,1,3122,3121,0,0,1,3122,0,0,0,0,0,0.1831447490258142,84533248,99524608,astropy__astropy-7671
18,18,1,8.334607857,1,19746,0,0,23,19769,8199,0,0,1,8200,8130,0,0,1,8131,69,0,0,0,69,0.4617878660792485,85184512,244080640,astropy__astropy-7671
19,19,1,8.291586829,1,19746,0,0,23,19769,3111,0,0,1,3112,3111,0,0,1,3112,0,0,0,0,0,0.1868098709965124,84946944,99454976,astropy__astropy-7671
20,20,1,8.318264809,1,19747,0,0,23,19770,3128,0,0,1,3129,3127,0,0,1,3128,1,0,0,0,1,0.1918464329792186,84889600,100495360,astropy__astropy-7671
21,21,1,8.309412421,1,19747,0,0,23,19770,8226,0,0,1,8227,8226,0,0,1,8227,0,0,0,0,0,0.4621251160278916,85270528,243957760,astropy__astropy-7671
22,22,1,8.481027683,1,20824,0,0,23,20847,4903,0,0,1,4904,3826,0,0,1,3827,1077,0,0,0,1077,0.1945486670592799,89296896,99942400,astropy__astropy-7671
23,23,1,8.884616906,1,20824,0,0,23,20847,3121,0,0,1,3122,3121,0,0,1,3122,0,0,0,0,0,0.1801871460629627,89284608,104001536,astropy__astropy-7671
24,24,1,8.846814534,1,20824,0,0,23,20847,3104,0,0,1,3105,3104,0,0,1,3105,0,0,0,0,0,0.1816428799647838,89268224,104161280,astropy__astropy-7671
0,0,0,3.447301165,1,616,0,0,22,638,0,0,0,0,0,0,0,0,0,0,0,0,0,0,0,0.0,4083712,8691712,astropy__astropy-8707
1,1,1,3.154650456,1,5404,0,0,22,5426,5310,0,0,1,5311,0,0,0,0,0,5310,0,0,1,5311,0.2614529610145837,24743936,37191680,astropy__astropy-8707
2,2,1,5.045577499,1,5424,0,0,22,5446,3171,0,0,1,3172,3147,0,0,1,3148,24,0,0,0,24,0.1892308349488303,24879104,39378944,astropy__astropy-8707
3,3,1,5.048805518,1,5424,0,0,22,5446,3228,0,0,1,3229,3219,0,0,1,3220,9,0,0,0,9,0.234750160947442,24895488,39882752,astropy__astropy-8707
4,4,1,5.039211168,1,5424,0,0,22,5446,3186,0,0,1,3187,3178,0,0,1,3179,8,0,0,0,8,0.1879716330440715,24838144,39710720,astropy__astropy-8707
5,5,1,5.064480404,1,5461,0,0,22,5483,3203,0,0,1,3204,3164,0,0,1,3165,39,0,0,0,39,0.185385761084035,24993792,39575552,astropy__astropy-8707
6,6,1,5.066945513,1,5461,0,0,22,5483,3181,0,0,1,3182,3181,0,0,1,3182,0,0,0,0,0,0.1821157509693876,24989696,39882752,astropy__astropy-8707
7,7,1,5.002239393,1,5461,0,0,22,5483,3170,0,0,1,3171,3168,0,0,1,3169,2,0,0,0,2,0.1829554820433259,25006080,39768064,astropy__astropy-8707
8,8,1,5.016469638,1,5461,0,0,22,5483,3219,0,0,1,3220,3219,0,0,1,3220,0,0,0,0,0,0.1838762160623446,25047040,39591936,astropy__astropy-8707
9,9,1,4.986387187,1,5461,0,0,22,5483,3203,0,0,1,3204,3203,0,0,1,3204,0,0,0,0,0,0.1850033670198172,25018368,39854080,astropy__astropy-8707
10,10,1,5.054088534,1,5461,0,0,22,5483,3211,0,0,1,3212,3210,0,0,1,3211,1,0,0,0,1,0.1833591550821438,25042944,39538688,astropy__astropy-8707
11,11,1,5.448593955,1,9398,0,0,22,9420,7267,0,0,1,7268,3330,0,0,1,3331,3937,0,0,0,3937,1.8593844909919424,42663936,50696192,astropy__astropy-8707
12,12,1,6.275048353,1,9398,0,0,22,9420,3167,0,0,1,3168,3167,0,0,1,3168,0,0,0,0,0,0.1847080969018861,42586112,57290752,astropy__astropy-8707
13,13,1,6.204096919,1,9398,0,0,22,9420,3195,0,0,1,3196,3195,0,0,1,3196,0,0,0,0,0,0.1863200149964541,42508288,57163776,astropy__astropy-8707
14,14,1,6.261083901,1,9399,0,0,22,9421,3091,0,0,1,3092,3090,0,0,1,3091,1,0,0,0,1,0.1869321489939466,42487808,56938496,astropy__astropy-8707
15,15,1,6.306613466,1,10798,0,0,22,10820,4503,0,0,1,4504,3104,0,0,1,3105,1399,0,0,0,1399,0.2035571460146457,48308224,57315328,astropy__astropy-8707
16,16,1,6.626709486,1,10798,0,0,22,10820,3138,0,0,1,3139,3138,0,0,1,3139,0,0,0,0,0,0.1809076360659673,48304128,62959616,astropy__astropy-8707
17,17,1,6.518456986,1,10798,0,0,22,10820,3741,0,0,1,3742,3741,0,0,1,3742,0,0,0,0,0,0.1942900239955634,48304128,63029248,astropy__astropy-8707
18,18,1,6.619921923,1,10807,0,0,22,10829,3122,0,0,1,3123,3113,0,0,1,3114,9,0,0,0,9,0.1843454980989918,48386048,63139840,astropy__astropy-8707
19,19,1,7.10599907,1,26188,0,0,22,26210,19608,0,0,1,19609,4227,0,0,1,4228,15381,0,0,0,15381,0.6152210880536586,112640000,276267008,astropy__astropy-8707
20,20,1,8.01926282,1,26188,0,0,22,26210,3214,0,0,1,3215,3214,0,0,1,3215,0,0,0,0,0,0.181264296057634,112402432,127803392,astropy__astropy-8707
21,21,1,8.109943023,1,26188,0,0,22,26210,3197,0,0,1,3198,3197,0,0,1,3198,0,0,0,0,0,0.696332321036607,112373760,127840256,astropy__astropy-8707
22,22,1,7.784581773,1,26188,0,0,22,26210,7280,0,0,1,7281,7280,0,0,1,7281,0,0,0,0,0,1.7646529499907049,112410624,126951424,astropy__astropy-8707
23,23,1,7.787577812,1,26188,0,0,22,26210,3167,0,0,1,3168,3167,0,0,1,3168,0,0,0,0,0,0.1841479180147871,112373760,127004672,astropy__astropy-8707
24,24,1,7.769520592,1,26188,0,0,22,26210,3221,0,0,1,3222,3221,0,0,1,3222,0,0,0,0,0,0.1867931830929592,112439296,126996480,astropy__astropy-8707
25,25,1,7.782429224,1,26188,0,0,22,26210,3188,0,0,1,3189,3188,0,0,1,3189,0,0,0,0,0,0.1819896278902888,112369664,127115264,astropy__astropy-8707
26,26,1,7.76880124,1,26208,0,0,22,26230,3234,0,0,1,3235,3214,0,0,1,3215,20,0,0,0,20,0.1886803160887211,112451584,126984192,astropy__astropy-8707
27,27,1,7.877205357,1,26219,0,0,22,26241,3103,0,0,1,3104,3092,0,0,1,3093,11,0,0,0,11,0.1815300869056955,112500736,127012864,astropy__astropy-8707
28,28,1,7.863500495,1,26231,0,0,22,26253,3212,0,0,1,3213,3200,0,0,1,3201,12,0,0,0,12,0.1852848230628296,112545792,127143936,astropy__astropy-8707
29,29,1,7.737121157,1,26231,0,0,22,26253,3125,0,0,1,3126,3125,0,0,1,3126,0,0,0,0,0,0.1842592329485342,112562176,127320064,astropy__astropy-8707
30,30,1,7.812499313,1,26231,0,0,22,26253,3210,0,0,1,3211,3198,0,0,1,3199,12,0,0,0,12,0.182940740021877,112562176,127049728,astropy__astropy-8707
31,31,1,7.801846957,1,26280,0,0,22,26302,9760,0,0,1,9761,9689,0,0,1,9690,71,0,0,0,71,0.4496715869754553,113360896,276213760,astropy__astropy-8707
32,32,1,7.850953134,1,26281,0,0,22,26303,3124,0,0,1,3125,3123,0,0,1,3124,1,0,0,0,1,0.1838935439009219,112984064,127631360,astropy__astropy-8707
33,33,1,7.897619208,1,26281,0,0,22,26303,9668,0,0,1,9669,9668,0,0,1,9669,0,0,0,0,0,0.4219823429593816,113733632,271360000,astropy__astropy-8707
34,34,1,7.830337031,1,27384,0,0,22,27406,5015,0,0,1,5016,3912,0,0,1,3913,1103,0,0,0,1103,0.193890806986019,117444608,127447040,astropy__astropy-8707
35,35,1,7.810094755,1,27384,0,0,22,27406,3107,0,0,1,3108,3107,0,0,1,3108,0,0,0,0,0,0.1807237750617787,117411840,132075520,astropy__astropy-8707
36,36,1,7.803365831,1,27384,0,0,22,27406,3117,0,0,1,3118,3117,0,0,1,3118,0,0,0,0,0,0.1832358229439705,117387264,132141056,astropy__astropy-8707
0,0,0,3.388714342,1,616,0,0,23,639,0,0,0,0,0,0,0,0,0,0,0,0,0,0,0,0.0,4358144,8871936,astropy__astropy-8872
1,1,1,3.001649782,1,5207,0,0,23,5230,5113,0,0,1,5114,0,0,0,0,0,5113,0,0,1,5114,0.2527751519810408,24125440,37330944,astropy__astropy-8872
2,2,1,4.645491444,1,5207,0,0,23,5230,3232,0,0,1,3233,3216,0,0,1,3217,16,0,0,0,16,0.1826370349153876,24281088,38719488,astropy__astropy-8872
3,3,1,4.748295624,1,5397,0,0,23,5420,3304,0,0,1,3305,3113,0,0,1,3114,191,0,0,0,191,0.1874149579089135,24969216,38940672,astropy__astropy-8872
4,4,1,4.755901856,1,5573,0,0,23,5596,3390,0,0,1,3391,3211,0,0,1,3212,179,0,0,0,179,0.1916505449917167,25796608,39440384,astropy__astropy-8872
5,5,1,4.653260527,1,5573,0,0,23,5596,3223,0,0,1,3224,3222,0,0,1,3223,1,0,0,0,1,0.180360114085488,25735168,40464384,astropy__astropy-8872
6,6,1,5.476482043,1,21889,0,0,23,21912,19613,0,0,1,19614,3294,0,0,1,3295,16319,0,0,0,16319,0.6558050090679899,94367744,251682816,astropy__astropy-8872
7,7,1,6.724162467,1,21926,0,0,23,21949,3208,0,0,1,3209,3171,0,0,1,3172,37,0,0,0,37,0.186537496978417,94150656,108847104,astropy__astropy-8872
8,8,1,6.654812627,1,21926,0,0,23,21949,3208,0,0,1,3209,3208,0,0,1,3209,0,0,0,0,0,0.185803015017882,94056448,108625920,astropy__astropy-8872
9,9,1,6.744370296,1,21926,0,0,23,21949,7841,0,0,1,7842,7841,0,0,1,7842,0,0,0,0,0,0.3173910430632531,94371840,248995840,astropy__astropy-8872
10,10,1,6.651206807,1,22002,0,0,23,22025,3293,0,0,1,3294,3217,0,0,1,3218,76,0,0,0,76,0.1893736229976639,94351360,109006848,astropy__astropy-8872
11,11,1,6.627993734,1,22002,0,0,23,22025,9285,0,0,1,9286,9285,0,0,1,9286,0,0,0,0,0,0.4053271519951522,94789632,249282560,astropy__astropy-8872
12,12,1,6.664759649,1,22002,0,0,23,22025,9403,0,0,1,9404,9386,0,0,1,9387,17,0,0,0,17,0.4088891979772597,95051776,246956032,astropy__astropy-8872
13,13,1,6.667713905,1,22002,0,0,23,22025,3187,0,0,1,3188,3187,0,0,1,3188,0,0,0,0,0,0.1858005289686843,94547968,109608960,astropy__astropy-8872
14,14,1,6.727644841,1,22002,0,0,23,22025,9349,0,0,1,9350,9332,0,0,1,9333,17,0,0,0,17,0.409576300997287,94740480,248999936,astropy__astropy-8872
15,15,1,6.757035857,1,22002,0,0,23,22025,3183,0,0,1,3184,3181,0,0,1,3182,2,0,0,0,2,0.1816292189760133,94367744,109035520,astropy__astropy-8872
16,16,1,6.672927456,1,22002,0,0,23,22025,9537,0,0,1,9538,9507,0,0,1,9508,30,0,0,0,30,0.4792203711112961,94715904,249794560,astropy__astropy-8872
17,17,1,6.657489364,1,22003,0,0,23,22026,9495,0,0,1,9496,9494,0,0,1,9495,1,0,0,0,1,0.4686634719837457,94642176,249593856,astropy__astropy-8872
18,18,1,6.762049828,1,23126,0,0,23,23149,4942,0,0,1,4943,3819,0,0,1,3820,1123,0,0,0,1123,0.1910797690507024,99020800,109047808,astropy__astropy-8872
19,19,1,6.981779212,1,23126,0,0,23,23149,3084,0,0,1,3085,3084,0,0,1,3085,0,0,0,0,0,0.1836304690223187,99012608,113647616,astropy__astropy-8872
0,0,0,4.328908901,1,616,0,0,23,639,0,0,0,0,0,0,0,0,0,0,0,0,0,0,0,0.0,4501504,9433088,django__django-10097
1,1,1,3.251060345,1,6149,0,0,23,6172,6066,0,0,1,6067,0,0,0,0,0,6066,0,0,1,6067,0.4691498739412054,32759808,40755200,django__django-10097
2,2,1,5.124534054,1,6163,0,0,23,6186,3173,0,0,1,3174,3152,0,0,1,3153,21,0,0,0,21,0.1844310889719054,32841728,47362048,django__django-10097
3,3,1,5.133337631,1,6163,0,0,23,6186,3209,0,0,1,3210,3208,0,0,1,3209,1,0,0,0,1,0.1870459970086813,32788480,47583232,django__django-10097
4,4,1,5.130356563,1,6200,0,0,23,6223,3225,0,0,1,3226,3188,0,0,1,3189,37,0,0,0,37,0.1876947849523276,32956416,47370240,django__django-10097
5,5,1,5.11927019,1,6201,0,0,23,6224,3129,0,0,1,3130,3128,0,0,1,3129,1,0,0,0,1,0.182618589955382,33046528,47673344,django__django-10097
6,6,1,5.285587014,1,7136,0,0,23,7159,4084,0,0,1,4085,3144,0,0,1,3145,940,0,0,0,940,0.2036816700128838,36999168,47624192,django__django-10097
7,7,1,5.408997958,1,7136,0,0,23,7159,3129,0,0,1,3130,3129,0,0,1,3130,0,0,0,0,0,0.1837392739253118,37011456,51679232,django__django-10097
8,8,1,5.41640851,1,7136,0,0,23,7159,3819,0,0,1,3820,3819,0,0,1,3820,0,0,0,0,0,0.1998735070228576,36892672,51523584,django__django-10097
9,9,1,5.316523222,1,7136,0,0,23,7159,3130,0,0,1,3131,3130,0,0,1,3131,0,0,0,0,0,0.1787968740100041,36921344,51429376,django__django-10097
10,10,1,5.529520365,1,9779,0,0,23,9802,6551,0,0,1,6552,3908,0,0,1,3909,2643,0,0,0,2643,0.3453611090080812,48087040,55861248,django__django-10097
11,12,1,5.73800427,1,9779,0,0,23,9802,3073,0,0,1,3074,3073,0,0,1,3074,0,0,0,0,0,0.1803029420552775,47964160,62631936,django__django-10097
12,13,1,5.737556752,1,9781,0,0,23,9804,3127,0,0,1,3128,3125,0,0,1,3126,2,0,0,0,2,0.1806848850101232,48041984,62697472,django__django-10097
13,14,1,5.832095728,1,9825,0,0,23,9848,3248,0,0,1,3249,3203,0,0,1,3204,45,0,0,0,45,0.1850891360081732,48320512,62676992,django__django-10097
14,15,1,5.838703364,1,9821,0,0,23,9844,4825,0,0,1,4826,4824,0,0,1,4825,1,0,0,0,1,0.3178625690052286,48193536,63164416,django__django-10097
15,16,1,5.749092624,1,9821,0,0,23,9844,3226,0,0,1,3227,3225,0,0,1,3226,1,0,0,0,1,0.1836532950401306,48197632,62615552,django__django-10097
16,17,1,5.743852924,1,9821,0,0,23,9844,3198,0,0,1,3199,3196,0,0,1,3197,2,0,0,0,2,0.1876228409819305,48193536,62775296,django__django-10097
17,18,1,5.804430506,1,9821,0,0,23,9844,4840,0,0,1,4841,4839,0,0,1,4840,1,0,0,0,1,0.2235864090034738,48291840,62881792,django__django-10097
18,20,1,5.838533865,1,9823,0,0,23,9846,3103,0,0,1,3104,3101,0,0,1,3102,2,0,0,0,2,0.1827923939563334,48226304,62853120,django__django-10097
19,21,1,5.753222755,1,9823,0,0,23,9846,3237,0,0,1,3238,3237,0,0,1,3238,0,0,0,0,0,0.1846391599392518,48267264,62808064,django__django-10097
20,22,1,5.74816741,1,9823,0,0,23,9846,4859,0,0,1,4860,4858,0,0,1,4859,1,0,0,0,1,0.3260941819753498,48349184,62709760,django__django-10097
21,23,1,5.73507166,1,9824,0,0,23,9847,3138,0,0,1,3139,3137,0,0,1,3138,1,0,0,0,1,0.1877923969877883,48226304,62861312,django__django-10097
22,24,1,5.794381305,1,9824,0,0,23,9847,3827,0,0,1,3828,3827,0,0,1,3828,0,0,0,0,0,0.1935686810174957,48226304,62808064,django__django-10097
23,25,1,5.742229301,1,9824,0,0,23,9847,3106,0,0,1,3107,3106,0,0,1,3107,0,0,0,0,0,0.1833256559912115,48357376,62951424,django__django-10097
24,26,1,5.839012627,1,9824,0,0,23,9847,3878,0,0,1,3879,3878,0,0,1,3879,0,0,0,0,0,0.196519125951454,48226304,62959616,django__django-10097
25,27,1,5.741677994,1,9824,0,0,23,9847,3109,0,0,1,3110,3109,0,0,1,3110,0,0,0,0,0,0.1833885250380262,48422912,62881792,django__django-10097
26,28,1,5.743054608,1,9824,0,0,23,9847,3878,0,0,1,3879,3878,0,0,1,3879,0,0,0,0,0,0.2017806629883125,48230400,63070208,django__django-10097
27,29,1,5.732506904,1,9826,0,0,23,9849,3129,0,0,1,3130,3127,0,0,1,3128,2,0,0,0,2,0.1860910020768642,48320512,62894080,django__django-10097
28,30,1,5.733500274,1,9826,0,0,23,9849,3212,0,0,1,3213,3212,0,0,1,3213,0,0,0,0,0,0.1894444389035925,48279552,63102976,django__django-10097
29,31,1,5.761200164,1,9827,0,0,23,9850,4829,0,0,1,4830,4827,0,0,1,4828,2,0,0,0,2,0.3287509230431169,48279552,62939136,django__django-10097
30,32,1,5.742021424,1,9828,0,0,23,9851,3153,0,0,1,3154,3152,0,0,1,3153,1,0,0,0,1,0.1844790769973769,48254976,63094784,django__django-10097
31,33,1,5.741545298,1,9828,0,0,23,9851,3840,0,0,1,3841,3840,0,0,1,3841,0,0,0,0,0,0.1968852310674265,48308224,63172608,django__django-10097
32,34,1,5.825081989,1,9828,0,0,23,9851,3101,0,0,1,3102,3101,0,0,1,3102,0,0,0,0,0,0.1816758860368281,48336896,63004672,django__django-10097
33,35,1,5.84018297,1,9828,0,0,23,9851,3893,0,0,1,3894,3893,0,0,1,3894,0,0,0,0,0,0.200137804960832,48324608,62943232,django__django-10097
34,36,1,5.830481259,1,9828,0,0,23,9851,3151,0,0,1,3152,3151,0,0,1,3152,0,0,0,0,0,0.1850511779775843,48439296,63078400,django__django-10097
35,37,1,5.818846628,1,9828,0,0,23,9851,3252,0,0,1,3253,3252,0,0,1,3253,0,0,0,0,0,0.1831184580223634,48320512,63180800,django__django-10097
36,38,1,5.821776089,1,9828,0,0,23,9851,4870,0,0,1,4871,4868,0,0,1,4869,2,0,0,0,2,0.3286661070305854,48435200,63283200,django__django-10097
37,39,1,5.834442198,1,9828,0,0,23,9851,3116,0,0,1,3117,3116,0,0,1,3117,0,0,0,0,0,0.1857279600808397,48328704,63242240,django__django-10097
38,40,1,5.848078527,1,9828,0,0,23,9851,3236,0,0,1,3237,3236,0,0,1,3237,0,0,0,0,0,0.1872075709979981,48353280,63270912,django__django-10097
39,41,1,5.844639076,1,9828,0,0,23,9851,4862,0,0,1,4863,4860,0,0,1,4861,2,0,0,0,2,0.3299835879588499,48377856,63033344,django__django-10097
40,42,1,5.861159459,1,9828,0,0,23,9851,3127,0,0,1,3128,3127,0,0,1,3128,0,0,0,0,0,0.1897738350089639,48472064,63004672,django__django-10097
41,43,1,5.844590947,1,9828,0,0,23,9851,3265,0,0,1,3266,3265,0,0,1,3266,0,0,0,0,0,0.1840606050100177,48607232,63467520,django__django-10097
42,44,1,5.756916445,1,9828,0,0,23,9851,4909,0,0,1,4910,4907,0,0,1,4908,2,0,0,0,2,0.3219608470099047,48373760,63291392,django__django-10097
43,45,1,5.910440988,1,11695,0,0,23,11718,5689,0,0,1,5690,3822,0,0,1,3823,1867,0,0,0,1867,0.1968911420553922,56209408,63066112,django__django-10097
44,46,1,6.306474571,1,11695,0,0,23,11718,3133,0,0,1,3134,3133,0,0,1,3134,0,0,0,0,0,0.1856478019617498,56016896,70709248,django__django-10097
45,47,1,6.207066184,1,11695,0,0,23,11718,3135,0,0,1,3136,3135,0,0,1,3136,0,0,0,0,0,0.1793768169591203,56127488,70934528,django__django-10097
0,0,0,3.409866933,1,616,0,0,22,638,0,0,0,0,0,0,0,0,0,0,0,0,0,0,0,0.0,4362240,9031680,django__django-10554
1,1,1,2.951928573,1,5429,0,0,22,5451,5332,0,0,1,5333,0,0,0,0,0,5332,0,0,1,5333,0.3657849839655682,27561984,37642240,django__django-10554
2,2,1,4.686828721,1,5449,0,0,22,5471,3194,0,0,1,3195,3171,0,0,1,3172,23,0,0,0,23,0.1814158170018345,27701248,42156032,django__django-10554
3,3,1,4.638477256,1,5475,0,0,22,5497,3200,0,0,1,3201,3173,0,0,1,3174,27,0,0,0,27,0.1796254179207608,27754496,42373120,django__django-10554
4,4,1,4.721323737,1,5492,0,0,22,5514,3201,0,0,1,3202,3172,0,0,1,3173,29,0,0,0,29,0.186495371046476,27852800,42385408,django__django-10554
5,5,1,4.718659256,1,5492,0,0,22,5514,3193,0,0,1,3194,3191,0,0,1,3192,2,0,0,0,2,0.1839251010678708,27840512,42258432,django__django-10554
6,6,1,4.706405334,1,5492,0,0,22,5514,3203,0,0,1,3204,3200,0,0,1,3201,3,0,0,0,3,0.1837727510137483,28000256,42577920,django__django-10554
7,7,1,4.720350999,1,5492,0,0,22,5514,3218,0,0,1,3219,3218,0,0,1,3219,0,0,0,0,0,0.179378354921937,27844608,42569728,django__django-10554
8,8,1,4.672428963,1,5519,0,0,22,5541,3178,0,0,1,3179,3151,0,0,1,3152,27,0,0,0,27,0.1876340580638498,27967488,42586112,django__django-10554
9,9,1,4.728352723,1,5519,0,0,22,5541,3215,0,0,1,3216,3209,0,0,1,3210,6,0,0,0,6,0.1839225689182058,27967488,42663936,django__django-10554
10,10,1,4.745962368,1,5519,0,0,22,5541,3227,0,0,1,3228,3227,0,0,1,3228,0,0,0,0,0,0.1850545660126954,27955200,42651648,django__django-10554
11,11,1,4.753660471,1,5591,0,0,22,5613,3269,0,0,1,3270,3197,0,0,1,3198,72,0,0,0,72,0.1897331089712679,28512256,42680320,django__django-10554
12,12,1,4.750055789,1,5659,0,0,22,5681,3205,0,0,1,3206,3137,0,0,1,3138,68,0,0,0,68,0.186026394017972,28712960,42622976,django__django-10554
13,13,1,4.760555762,1,5659,0,0,22,5681,3178,0,0,1,3179,3178,0,0,1,3179,0,0,0,0,0,0.1825719559565186,28631040,43548672,django__django-10554
14,14,1,4.75958759,1,5659,0,0,22,5681,3129,0,0,1,3130,3129,0,0,1,3130,0,0,0,0,0,0.1879241570131853,28602368,43335680,django__django-10554
15,15,1,4.747992898,1,5659,0,0,22,5681,3203,0,0,1,3204,3202,0,0,1,3203,1,0,0,0,1,0.1841716959606856,28700672,43311104,django__django-10554
16,16,1,4.904667827,1,5659,0,0,22,5681,3199,0,0,1,3200,3199,0,0,1,3200,0,0,0,0,0,0.1801190109690651,28618752,43417600,django__django-10554
17,17,1,4.884906426,1,5659,0,0,22,5681,3103,0,0,1,3104,3103,0,0,1,3104,0,0,0,0,0,0.1816197719890624,28631040,43347968,django__django-10554
18,18,1,4.89629622,1,5659,0,0,22,5681,3207,0,0,1,3208,3206,0,0,1,3207,1,0,0,0,1,0.1884407779434695,28606464,43192320,django__django-10554
19,19,1,4.896131461,1,5707,0,0,22,5729,3305,0,0,1,3306,3257,0,0,1,3258,48,0,0,0,48,0.1827056430047378,28864512,42999808,django__django-10554
20,20,1,4.888550123,1,7008,0,0,22,7030,4426,0,0,1,4427,3125,0,0,1,3126,1301,0,0,0,1301,0.2021632239921018,34222080,43401216,django__django-10554
21,21,1,5.11826983,1,7009,0,0,22,7031,3161,0,0,1,3162,3159,0,0,1,3160,2,0,0,0,2,0.1824904310051351,34340864,48840704,django__django-10554
22,22,1,5.557303594,1,14449,0,0,22,14471,11350,0,0,1,11351,3909,0,0,1,3910,7441,0,0,0,7441,0.7617894629947841,66723840,94736384,django__django-10554
23,23,1,6.072794713,1,16477,0,0,22,16499,5863,0,0,1,5864,3835,0,0,1,3836,2028,0,0,0,2028,0.1905205650255084,75087872,81350656,django__django-10554
24,24,1,6.119966986,1,16477,0,0,22,16499,3117,0,0,1,3118,3117,0,0,1,3118,0,0,0,0,0,0.180409435997717,75055104,89796608,django__django-10554
25,25,1,6.208682231,1,16477,0,0,22,16499,3136,0,0,1,3137,3136,0,0,1,3137,0,0,0,0,0,0.1794558059191331,75063296,89616384,django__django-10554
0,0,0,3.488457954,1,616,0,0,24,640,0,0,0,0,0,0,0,0,0,0,0,0,0,0,0,0.0,4374528,8912896,django__django-10880
1,1,1,2.820171429,1,5207,0,0,24,5231,5116,0,0,1,5117,0,0,0,0,0,5116,0,0,1,5117,0.2509342740522697,23871488,37208064,django__django-10880
2,1,2,4.201878656,1,5463,0,0,24,5487,3449,0,0,1,3450,3183,0,0,1,3184,266,0,0,0,266,0.3114743629703298,28196864,38670336,django__django-10880
3,2,1,4.998917879,1,9985,0,0,24,10009,7889,0,0,1,7890,3367,0,0,1,3368,4522,0,0,0,4522,0.5909524699673057,51347456,53698560,django__django-10880
4,3,1,6.256532096,1,9994,0,0,24,10018,3129,0,0,1,3130,3114,0,0,1,3115,15,0,0,0,15,0.1819100510329008,51466240,65855488,django__django-10880
5,4,1,6.283519799,1,9994,0,0,24,10018,3204,0,0,1,3205,3204,0,0,1,3205,0,0,0,0,0,0.1872496099676937,51355648,65830912,django__django-10880
6,5,1,6.248845274,1,9994,0,0,24,10018,3188,0,0,1,3189,3188,0,0,1,3189,0,0,0,0,0,0.1835882239975035,51339264,66256896,django__django-10880
7,6,1,6.239229694,1,9994,0,0,24,10018,3237,0,0,1,3238,3233,0,0,1,3234,4,0,0,0,4,0.1809630990028381,51589120,66273280,django__django-10880
8,7,1,6.252230459,1,9994,0,0,24,10018,3230,0,0,1,3231,3230,0,0,1,3231,0,0,0,0,0,0.1913331759860739,51466240,66379776,django__django-10880
9,8,1,6.31990949,1,9994,0,0,24,10018,3184,0,0,1,3185,3184,0,0,1,3185,0,0,0,0,0,0.1841692199232056,51437568,65966080,django__django-10880
10,9,1,6.263856593,1,10005,0,0,24,10029,3205,0,0,1,3206,3193,0,0,1,3194,12,0,0,0,12,0.1877993199741467,51478528,65925120,django__django-10880
11,10,1,6.254853324,1,10005,0,0,24,10029,3202,0,0,1,3203,3202,0,0,1,3203,0,0,0,0,0,0.1866457300493493,51290112,66277376,django__django-10880
12,11,1,6.252965249,1,10005,0,0,24,10029,3204,0,0,1,3205,3204,0,0,1,3205,0,0,0,0,0,0.1849078340455889,51273728,66023424,django__django-10880
13,12,1,6.254752773,1,10005,0,0,24,10029,6258,0,0,1,6259,6258,0,0,1,6259,0,0,0,0,0,0.2573967470088973,51257344,65622016,django__django-10880
14,13,1,6.2702441,1,10005,0,0,24,10029,3186,0,0,1,3187,3186,0,0,1,3187,0,0,0,0,0,0.1897234610514715,51224576,65794048,django__django-10880
15,14,1,6.257358476,1,10005,0,0,24,10029,6290,0,0,1,6291,6290,0,0,1,6291,0,0,0,0,0,0.2581165930023417,51245056,65953792,django__django-10880
16,15,1,6.256819835,1,10005,0,0,24,10029,3191,0,0,1,3192,3191,0,0,1,3192,0,0,0,0,0,0.1878241059603169,51286016,65921024,django__django-10880
17,16,1,6.278793728,1,10005,0,0,24,10029,6266,0,0,1,6267,6266,0,0,1,6267,0,0,0,0,0,0.2562342409510165,51347456,65814528,django__django-10880
18,17,1,6.330606164,1,10005,0,0,24,10029,3216,0,0,1,3217,3216,0,0,1,3217,0,0,0,0,0,0.1820417330600321,51302400,65871872,django__django-10880
19,18,1,6.250888085,1,10005,0,0,24,10029,3195,0,0,1,3196,3195,0,0,1,3196,0,0,0,0,0,0.1863181990338489,51314688,65785856,django__django-10880
20,19,1,6.268831316,1,10005,0,0,24,10029,3218,0,0,1,3219,3218,0,0,1,3219,0,0,0,0,0,0.1881144900107756,51359744,65855488,django__django-10880
21,20,1,6.256286453,1,10005,0,0,24,10029,3206,0,0,1,3207,3206,0,0,1,3207,0,0,0,0,0,0.1819134569959715,51253248,65871872,django__django-10880
22,21,1,6.341026906,1,10005,0,0,24,10029,3189,0,0,1,3190,3188,0,0,1,3189,1,0,0,0,1,0.1842154570622369,51249152,66101248,django__django-10880
23,22,1,6.25565374,1,10044,0,0,24,10068,3229,0,0,1,3230,3190,0,0,1,3191,39,0,0,0,39,0.1832003759918734,51687424,66060288,django__django-10880
24,23,1,6.254946547,1,10045,0,0,24,10069,3133,0,0,1,3134,3132,0,0,1,3133,1,0,0,0,1,0.1803561690030619,51441664,66039808,django__django-10880
25,24,1,6.25435064,1,10046,0,0,24,10070,3123,0,0,1,3124,3122,0,0,1,3123,1,0,0,0,1,0.1873538069194182,51445760,66158592,django__django-10880
26,25,1,6.274137235,1,10064,0,0,24,10088,3202,0,0,1,3203,3183,0,0,1,3184,19,0,0,0,19,0.1905539069557562,51519488,66301952,django__django-10880
27,26,1,6.358628018,1,10065,0,0,24,10089,3084,0,0,1,3085,3083,0,0,1,3084,1,0,0,0,1,0.1835360609693452,51679232,66359296,django__django-10880
28,27,1,6.282090691,1,10106,0,0,24,10130,3230,0,0,1,3231,3189,0,0,1,3190,41,0,0,0,41,0.1873075939947739,51871744,66256896,django__django-10880
29,28,1,6.391739135,1,10107,0,0,24,10131,3181,0,0,1,3182,3180,0,0,1,3181,1,0,0,0,1,0.1883170619839802,51884032,66482176,django__django-10880
30,29,1,7.326841333,1,18866,0,0,24,18890,12045,0,0,1,12046,3286,0,0,1,3287,8759,0,0,0,8759,1.2014495700132102,89923584,126132224,django__django-10880
31,30,1,8.98746903,1,18866,0,0,24,18890,5038,0,0,1,5039,5038,0,0,1,5039,0,0,0,0,0,0.2639874040614813,89763840,104792064,django__django-10880
32,31,1,8.9557665,1,18870,0,0,24,18894,5111,0,0,1,5112,5107,0,0,1,5108,4,0,0,0,4,0.2637437200173735,89772032,104599552,django__django-10880
33,32,1,8.953067376,1,18870,0,0,24,18894,3212,0,0,1,3213,3211,0,0,1,3212,1,0,0,0,1,0.1858370349509641,89751552,104345600,django__django-10880
34,33,1,8.987688464,1,18932,0,0,24,18956,6181,0,0,1,6182,6118,0,0,1,6119,63,0,0,0,63,0.3293196769664064,90169344,104845312,django__django-10880
35,34,1,9.079930593,1,18932,0,0,24,18956,3201,0,0,1,3202,3201,0,0,1,3202,0,0,0,0,0,0.1863121079513803,90148864,105078784,django__django-10880
36,35,1,9.062699116,1,18932,0,0,24,18956,3201,0,0,1,3202,3199,0,0,1,3200,2,0,0,0,2,0.1831063760910183,90148864,104792064,django__django-10880
37,36,1,9.055168703,1,18932,0,0,24,18956,3162,0,0,1,3163,3162,0,0,1,3163,0,0,0,0,0,0.1894114640308544,90144768,104763392,django__django-10880
38,37,1,9.15489084,1,20048,0,0,24,20072,8131,0,0,1,8132,7015,0,0,1,7016,1116,0,0,0,1116,0.6657296100165695,95662080,125546496,django__django-10880
39,38,1,9.140080882,1,20048,0,0,24,20072,3121,0,0,1,3122,3121,0,0,1,3122,0,0,0,0,0,0.185075368033722,95625216,110243840,django__django-10880
40,39,1,9.213691534,1,20048,0,0,24,20072,7527,0,0,1,7528,7527,0,0,1,7528,0,0,0,0,0,0.4576189080253243,95649792,122601472,django__django-10880
41,40,1,9.105807631,1,20049,0,0,24,20073,3126,0,0,1,3127,3125,0,0,1,3126,1,0,0,0,1,0.1838735369965434,95670272,110223360,django__django-10880
42,41,1,9.134229683,1,20049,0,0,24,20073,7045,0,0,1,7046,7045,0,0,1,7046,0,0,0,0,0,0.4260591360507533,95641600,119521280,django__django-10880
43,42,1,9.070241736,1,20049,0,0,24,20073,3114,0,0,1,3115,3114,0,0,1,3115,0,0,0,0,0,0.1867327080108225,95744000,110288896,django__django-10880
44,43,1,9.18152407,1,20082,0,0,24,20106,7579,0,0,1,7580,7546,0,0,1,7547,33,0,0,0,33,0.4788630099501461,96088064,124784640,django__django-10880
45,44,1,9.174506689,1,20082,0,0,24,20106,3115,0,0,1,3116,3115,0,0,1,3116,0,0,0,0,0,0.1877950299531221,95854592,110854144,django__django-10880
46,45,1,9.153931353,1,20082,0,0,24,20106,7188,0,0,1,7189,7188,0,0,1,7189,0,0,0,0,0,0.4469403430121019,95870976,121327616,django__django-10880
47,46,1,9.171860349,1,20082,0,0,24,20106,3106,0,0,1,3107,3106,0,0,1,3107,0,0,0,0,0,0.186057828948833,95842304,110510080,django__django-10880
48,47,1,9.237052206,1,20082,0,0,24,20106,7434,0,0,1,7435,7434,0,0,1,7435,0,0,0,0,0,0.4447863929672166,95928320,121298944,django__django-10880
49,48,1,9.130296019,1,20082,0,0,24,20106,3105,0,0,1,3106,3105,0,0,1,3106,0,0,0,0,0,0.1843971469206735,95948800,110665728,django__django-10880
50,49,1,9.203309362,1,20082,0,0,24,20106,7416,0,0,1,7417,7416,0,0,1,7417,0,0,0,0,0,0.4534885170869529,95973376,123121664,django__django-10880
51,50,1,9.09494517,1,20082,0,0,24,20106,3165,0,0,1,3166,3165,0,0,1,3166,0,0,0,0,0,0.186412820010446,95940608,110759936,django__django-10880
52,51,1,9.251955221,1,22466,0,0,24,22490,6179,0,0,1,6180,3795,0,0,1,3796,2384,0,0,0,2384,0.1984051910694688,105783296,110538752,django__django-10880
53,52,1,9.361057414,1,22466,0,0,24,22490,3126,0,0,1,3127,3126,0,0,1,3127,0,0,0,0,0,0.1868740390054881,105672704,120500224,django__django-10880
54,53,1,9.48576589,1,22466,0,0,24,22490,3119,0,0,1,3120,3119,0,0,1,3120,0,0,0,0,0,0.1826661080121994,105766912,120360960,django__django-10880
0,0,0,3.580963544,1,616,0,0,24,640,0,0,0,0,0,0,0,0,0,0,0,0,0,0,0,0.0,4513792,11345920,django__django-10914
1,1,1,2.998839858,1,5207,0,0,24,5231,5110,0,0,1,5111,0,0,0,0,0,5110,0,0,1,5111,0.2373696019640192,24178688,37920768,django__django-10914
2,1,2,4.706971921,1,5463,0,0,24,5487,3439,0,0,1,3440,3171,0,0,1,3172,268,0,0,0,268,0.3311771129956469,28229632,38785024,django__django-10914
3,1,3,7.179981792,1,41358,0,0,24,41382,39078,0,0,1,39079,3181,0,0,1,3182,35897,0,0,0,35897,1.4961120700463653,187334656,188321792,django__django-10914
4,2,1,9.533804154,1,41367,0,0,24,41391,3186,0,0,1,3187,3172,0,0,1,3173,14,0,0,0,14,0.1821238400880247,187400192,202018816,django__django-10914
5,2,2,9.246184778,1,41367,0,0,24,41391,3179,0,0,1,3180,3177,0,0,1,3178,2,0,0,0,2,0.1818734009284526,187404288,202207232,django__django-10914
6,3,1,9.235405658,1,41367,0,0,24,41391,3170,0,0,1,3171,3170,0,0,1,3171,0,0,0,0,0,0.1846935739740729,187387904,202235904,django__django-10914
7,4,1,9.237931299,1,41367,0,0,24,41391,3208,0,0,1,3209,3208,0,0,1,3209,0,0,0,0,0,0.1859820069512352,187428864,202022912,django__django-10914
8,5,1,9.337776668,1,41410,0,0,24,41434,3200,0,0,1,3201,3157,0,0,1,3158,43,0,0,0,43,0.18847932794597,187629568,202149888,django__django-10914
9,6,1,9.489952639,1,42344,0,0,24,42368,4402,0,0,1,4403,3466,0,0,1,3467,936,0,0,0,936,0.1988678789930418,191549440,202178560,django__django-10914
10,7,1,9.641609761,1,42345,0,0,24,42369,4060,0,0,1,4061,4059,0,0,1,4060,1,0,0,0,1,0.1958759740227833,191492096,206012416,django__django-10914
11,8,1,9.672659881,1,42345,0,0,24,42369,3102,0,0,1,3103,3102,0,0,1,3103,0,0,0,0,0,0.1861928729340434,191619072,206102528,django__django-10914
0,0,0,3.461039915,1,616,0,0,24,640,0,0,0,0,0,0,0,0,0,0,0,0,0,0,0,0.0,4378624,11288576,django__django-10973
1,1,1,2.984500462,1,5404,0,0,24,5428,5328,0,0,1,5329,0,0,0,0,0,5328,0,0,1,5329,0.3650899500353262,27512832,37695488,django__django-10973
2,1,2,4.7486389,1,5404,0,0,24,5428,3244,0,0,1,3245,3240,0,0,1,3241,4,0,0,0,4,0.2966354140080511,27488256,42196992,django__django-10973
3,2,1,4.670376437,1,5414,0,0,24,5438,3110,0,0,1,3111,3100,0,0,1,3101,10,0,0,0,10,0.1860789050115272,27521024,42016768,django__django-10973
4,3,1,4.6638299,1,5415,0,0,24,5439,3122,0,0,1,3123,3121,0,0,1,3122,1,0,0,0,1,0.1840405190596357,27561984,42164224,django__django-10973
5,4,1,5.107052571,1,9786,0,0,24,9810,7508,0,0,1,7509,3136,0,0,1,3137,4372,0,0,0,4372,0.1991431419737637,45584384,50958336,django__django-10973
6,5,1,5.774491026,1,9786,0,0,24,9810,3107,0,0,1,3108,3107,0,0,1,3108,0,0,0,0,0,0.1862222799099981,45547520,60272640,django__django-10973
7,7,1,5.768529354,1,9786,0,0,24,9810,3138,0,0,1,3139,3138,0,0,1,3139,0,0,0,0,0,0.1823125010123476,45551616,60420096,django__django-10973
0,0,0,3.464403117,1,616,0,0,24,640,0,0,0,0,0,0,0,0,0,0,0,0,0,0,0,0.0,4096000,11100160,django__django-10999
1,1,1,4.578019328,1,25648,0,0,24,25672,25562,0,0,1,25563,0,0,0,0,0,25562,0,0,1,25563,11.106389557942748,119595008,126050304,django__django-10999
2,2,1,8.015454592,1,25657,0,0,24,25681,3095,0,0,1,3096,3085,0,0,1,3086,10,0,0,0,10,0.1810954620596021,119533568,133984256,django__django-10999
3,3,1,8.083050722,1,25658,0,0,24,25682,3089,0,0,1,3090,3078,0,0,1,3079,11,0,0,0,11,0.1804924040334299,119504896,134250496,django__django-10999
4,4,1,8.044105932,1,26959,0,0,24,26983,4417,0,0,1,4418,3116,0,0,1,3117,1301,0,0,0,1301,0.2007161910878494,125009920,134352896,django__django-10999
5,5,1,8.198944635,1,26959,0,0,24,26983,3121,0,0,1,3122,3117,0,0,1,3118,4,0,0,0,4,0.1816586620407179,124878848,139706368,django__django-10999
6,6,1,8.185271594,1,28346,0,0,24,28370,5358,0,0,1,5359,3971,0,0,1,3972,1387,0,0,0,1387,0.2594554700190201,130646016,139591680,django__django-10999
7,7,1,8.209296865,1,28385,0,0,24,28409,3212,0,0,1,3213,3173,0,0,1,3174,39,0,0,0,39,0.1870256110560149,130797568,145199104,django__django-10999
8,8,1,8.178828131,1,28385,0,0,24,28409,4825,0,0,1,4826,4823,0,0,1,4824,2,0,0,0,2,0.2379421408986672,130932736,145399808,django__django-10999
9,9,1,8.126137878,1,28385,0,0,24,28409,3102,0,0,1,3103,3102,0,0,1,3103,0,0,0,0,0,0.1865207779919728,130895872,145526784,django__django-10999
10,10,1,8.15797229,1,28385,0,0,24,28409,4850,0,0,1,4851,4850,0,0,1,4851,0,0,0,0,0,0.2353077670559287,130928640,145555456,django__django-10999
11,11,1,8.139217132,1,28385,0,0,24,28409,3217,0,0,1,3218,3215,0,0,1,3216,2,0,0,0,2,0.1822471679188311,130854912,145502208,django__django-10999
12,12,1,8.196421974,1,28385,0,0,24,28409,4868,0,0,1,4869,4866,0,0,1,4867,2,0,0,0,2,0.2389529930660501,130908160,145457152,django__django-10999
13,13,1,8.234141925,1,28385,0,0,24,28409,3163,0,0,1,3164,3163,0,0,1,3164,0,0,0,0,0,0.1818568010348826,130916352,145641472,django__django-10999
14,14,1,8.136323845,1,28385,0,0,24,28409,3210,0,0,1,3211,3208,0,0,1,3209,2,0,0,0,2,0.1805848170770332,130838528,145448960,django__django-10999
15,15,1,8.216572351,1,28385,0,0,24,28409,3149,0,0,1,3150,3149,0,0,1,3150,0,0,0,0,0,0.1792277289787307,130867200,145395712,django__django-10999
16,16,1,8.1531564,1,28385,0,0,24,28409,4906,0,0,1,4907,4904,0,0,1,4905,2,0,0,0,2,0.2384070389671251,130875392,145506304,django__django-10999
17,17,1,8.230782809,1,28386,0,0,24,28410,3127,0,0,1,3128,3126,0,0,1,3127,1,0,0,0,1,0.1905822489643469,130875392,145473536,django__django-10999
18,18,1,8.149394937,1,28386,0,0,24,28410,3874,0,0,1,3875,3871,0,0,1,3872,3,0,0,0,3,0.2065770509652793,130895872,145530880,django__django-10999
19,19,1,8.091430188,1,28387,0,0,24,28411,3125,0,0,1,3126,3124,0,0,1,3125,1,0,0,0,1,0.1857711180346086,130916352,145530880,django__django-10999
20,20,1,8.136553766,1,28387,0,0,24,28411,4867,0,0,1,4868,4867,0,0,1,4868,0,0,0,0,0,0.2452895769383758,130891776,145641472,django__django-10999
21,21,1,8.318674347,1,29413,0,0,24,29437,5059,0,0,1,5060,4033,0,0,1,4034,1026,0,0,0,1026,0.1969170209486037,135155712,145489920,django__django-10999
22,22,1,8.64376822,1,29413,0,0,24,29437,3120,0,0,1,3121,3120,0,0,1,3121,0,0,0,0,0,0.179905405966565,135262208,149966848,django__django-10999
23,23,1,8.717035633,1,29413,0,0,24,29437,3111,0,0,1,3112,3111,0,0,1,3112,0,0,0,0,0,0.179368347977288,135434240,149819392,django__django-10999
0,0,0,3.422614937,1,616,0,0,23,639,0,0,0,0,0,0,0,0,0,0,0,0,0,0,0,0.0,4100096,9478144,django__django-11066
1,1,1,2.781440494,1,5404,0,0,23,5427,5313,0,0,1,5314,0,0,0,0,0,5313,0,0,1,5314,0.3638097229413688,27185152,37179392,django__django-11066
2,2,1,4.064348263,1,5415,0,0,23,5438,3123,0,0,1,3124,3096,0,0,1,3097,27,0,0,0,27,0.1914494350785389,27373568,42205184,django__django-11066
3,3,1,4.141702234,1,5415,0,0,23,5438,3118,0,0,1,3119,3115,0,0,1,3116,3,0,0,0,3,0.1868924699956551,27394048,41955328,django__django-11066
4,4,1,4.177072639,1,5454,0,0,23,5477,3211,0,0,1,3212,3170,0,0,1,3171,41,0,0,0,41,0.1876426610397175,27561984,42012672,django__django-11066
5,5,1,4.180555207,1,5454,0,0,23,5477,3178,0,0,1,3179,3178,0,0,1,3179,0,0,0,0,0,0.1890709400177002,27492352,42184704,django__django-11066
6,6,1,4.687023396,1,9415,0,0,23,9438,7097,0,0,1,7098,3136,0,0,1,3137,3961,0,0,0,3961,0.2024724119110033,44220416,47337472,django__django-11066
7,7,1,5.550029562,1,9415,0,0,23,9438,3086,0,0,1,3087,3086,0,0,1,3087,0,0,0,0,0,0.1808824519393965,43999232,58662912,django__django-11066
8,9,1,5.477509038,1,9415,0,0,23,9438,3109,0,0,1,3110,3108,0,0,1,3109,1,0,0,0,1,0.1866092680720612,43745280,58654720,django__django-11066
0,0,0,3.393158569,1,616,0,0,22,638,0,0,0,0,0,0,0,0,0,0,0,0,0,0,0,0.0,4222976,11304960,django__django-11087
1,1,1,2.823285309,1,5404,0,0,22,5426,5297,0,0,1,5298,0,0,0,0,0,5297,0,0,1,5298,0.3695486610522493,27316224,37527552,django__django-11087
2,2,1,4.422158134,1,5677,0,0,22,5699,3586,0,0,1,3587,3293,0,0,1,3294,293,0,0,0,293,0.3212791840778664,28868608,42147840,django__django-11087
3,3,1,6.082099103,1,38666,0,0,22,38688,36564,0,0,1,36565,3567,0,0,1,3568,32997,0,0,0,32997,10.659570535994137,173481984,179433472,django__django-11087
4,4,1,7.231736525,1,38700,0,0,22,38722,3208,0,0,1,3209,3170,0,0,1,3171,38,0,0,0,38,0.1878600909840315,173154304,187830272,django__django-11087
5,5,1,7.229800327,1,38709,0,0,22,38731,3137,0,0,1,3138,3128,0,0,1,3129,9,0,0,0,9,0.186016869964078,173109248,187760640,django__django-11087
6,6,1,7.236771003,1,38709,0,0,22,38731,3165,0,0,1,3166,3160,0,0,1,3161,5,0,0,0,5,0.1859435919905081,173035520,187789312,django__django-11087
7,7,1,7.271046362,1,38709,0,0,22,38731,3205,0,0,1,3206,3205,0,0,1,3206,0,0,0,0,0,0.1856756990309804,173244416,187658240,django__django-11087
8,8,1,7.333117817,1,38709,0,0,22,38731,3170,0,0,1,3171,3169,0,0,1,3170,1,0,0,0,1,0.1866346879396587,173244416,187777024,django__django-11087
9,9,1,7.226421628,1,38709,0,0,22,38731,3201,0,0,1,3202,3201,0,0,1,3202,0,0,0,0,0,0.1860477230511605,173281280,188076032,django__django-11087
10,10,1,7.213168148,1,38709,0,0,22,38731,3232,0,0,1,3233,3232,0,0,1,3233,0,0,0,0,0,0.1807178879389539,173211648,187867136,django__django-11087
11,11,1,7.336489885,1,38709,0,0,22,38731,3368,0,0,1,3369,3368,0,0,1,3369,0,0,0,0,0,0.1827847890090197,173178880,187682816,django__django-11087
12,12,1,7.312836382,1,38709,0,0,22,38731,3210,0,0,1,3211,3210,0,0,1,3211,0,0,0,0,0,0.1860033539123833,173182976,187781120,django__django-11087
13,13,1,7.328845413,1,38709,0,0,22,38731,3194,0,0,1,3195,3194,0,0,1,3195,0,0,0,0,0,0.184342595981434,173101056,187867136,django__django-11087
14,14,1,7.246608445,1,38709,0,0,22,38731,3210,0,0,1,3211,3209,0,0,1,3210,1,0,0,0,1,0.1811726430896669,173019136,187604992,django__django-11087
15,15,1,7.241884384,1,38709,0,0,22,38731,3181,0,0,1,3182,3181,0,0,1,3182,0,0,0,0,0,0.1835144159849733,173326336,187691008,django__django-11087
16,16,1,7.233391594,1,38709,0,0,22,38731,3221,0,0,1,3222,3221,0,0,1,3222,0,0,0,0,0,0.1820450590457767,173244416,187686912,django__django-11087
17,17,1,7.215240659,1,38750,0,0,22,38772,3250,0,0,1,3251,3209,0,0,1,3210,41,0,0,0,41,0.1868070490891114,173228032,187875328,django__django-11087
18,18,1,7.217376118,1,38750,0,0,22,38772,3183,0,0,1,3184,3183,0,0,1,3184,0,0,0,0,0,0.1846658689901232,173244416,187912192,django__django-11087
19,19,1,7.248155282,1,39685,0,0,22,39707,4382,0,0,1,4383,3447,0,0,1,3448,935,0,0,0,935,0.1956512469332665,177082368,187928576,django__django-11087
20,20,1,7.26284685,1,39685,0,0,22,39707,3117,0,0,1,3118,3117,0,0,1,3118,0,0,0,0,0,0.1808734919177368,177061888,191746048,django__django-11087
21,21,1,7.226049158,1,39685,0,0,22,39707,3126,0,0,1,3127,3126,0,0,1,3127,0,0,0,0,0,0.1865170300006866,177049600,191434752,django__django-11087
0,0,0,3.414635775,1,616,0,0,23,639,0,0,0,0,0,0,0,0,0,0,0,0,0,0,0,0.0,4075520,11251712,django__django-11095
1,1,1,2.914401325,1,5207,0,0,23,5230,5105,0,0,1,5106,0,0,0,0,0,5105,0,0,1,5106,0.2507844819920137,23588864,37003264,django__django-11095
2,2,1,4.546803114,1,5438,0,0,23,5461,3412,0,0,1,3413,3173,0,0,1,3174,239,0,0,0,239,0.2797729369485751,26816512,38596608,django__django-11095
3,3,1,4.563180619,1,5461,0,0,23,5484,3237,0,0,1,3238,3202,0,0,1,3203,35,0,0,0,35,0.190532608074136,26820608,41209856,django__django-11095
4,4,1,4.558292814,1,5461,0,0,23,5484,3237,0,0,1,3238,3231,0,0,1,3232,6,0,0,0,6,0.1822448759339749,26808320,41390080,django__django-11095
5,5,1,4.558739101,1,5461,0,0,23,5484,3193,0,0,1,3194,3192,0,0,1,3193,1,0,0,0,1,0.1841094699921086,26787840,41525248,django__django-11095
6,6,1,4.558174892,1,5461,0,0,23,5484,3200,0,0,1,3201,3196,0,0,1,3197,4,0,0,0,4,0.1846327109960839,27033600,41680896,django__django-11095
7,7,1,4.566904018,1,5472,0,0,23,5495,3245,0,0,1,3246,3231,0,0,1,3232,14,0,0,0,14,0.1874712359858676,26931200,41816064,django__django-11095
8,8,1,4.565159252,1,5472,0,0,23,5495,3216,0,0,1,3217,3216,0,0,1,3217,0,0,0,0,0,0.1865744310198351,27021312,41721856,django__django-11095
9,9,1,4.573723901,1,5472,0,0,23,5495,3212,0,0,1,3213,3212,0,0,1,3213,0,0,0,0,0,0.1852434099419042,26853376,41615360,django__django-11095
10,11,1,4.552363367,1,5509,0,0,23,5532,3211,0,0,1,3212,3174,0,0,1,3175,37,0,0,0,37,0.1831086570164188,27082752,41611264,django__django-11095
11,13,1,4.790048212,1,6731,0,0,23,6754,4570,0,0,1,4571,3348,0,0,1,3349,1222,0,0,0,1222,0.2936133809853345,33607680,41848832,django__django-11095
12,14,1,5.136581577,1,6731,0,0,23,6754,4524,0,0,1,4525,4524,0,0,1,4525,0,0,0,0,0,0.2252337060635909,33333248,48209920,django__django-11095
13,15,1,5.121154122,1,6756,0,0,23,6779,3334,0,0,1,3335,3309,0,0,1,3310,25,0,0,0,25,0.1871227860683575,33538048,47775744,django__django-11095
14,16,1,5.128057744,1,6756,0,0,23,6779,3204,0,0,1,3205,3204,0,0,1,3205,0,0,0,0,0,0.1877666770014912,33468416,48246784,django__django-11095
15,17,1,5.140052234,1,6756,0,0,23,6779,3215,0,0,1,3216,3215,0,0,1,3216,0,0,0,0,0,0.188624380971305,33337344,48312320,django__django-11095
16,18,1,5.194038203,1,6756,0,0,23,6779,3196,0,0,1,3197,3196,0,0,1,3197,0,0,0,0,0,0.1873798900051042,33406976,47915008,django__django-11095
17,21,1,5.214063768,1,6766,0,0,23,6789,3150,0,0,1,3151,3140,0,0,1,3141,10,0,0,0,10,0.188654406927526,33566720,48111616,django__django-11095
18,22,1,5.428076191,1,8081,0,0,23,8104,4411,0,0,1,4412,3096,0,0,1,3097,1315,0,0,0,1315,0.2065287549048662,38887424,48349184,django__django-11095
19,23,1,5.864879799,1,8082,0,0,23,8105,3105,0,0,1,3106,3104,0,0,1,3105,1,0,0,0,1,0.1873160920804366,39272448,53809152,django__django-11095
20,24,1,5.880545973,1,8177,0,0,23,8200,3917,0,0,1,3918,3822,0,0,1,3823,95,0,0,0,95,0.2099469369277358,39591936,53899264,django__django-11095
21,25,1,5.857924196,1,8177,0,0,23,8200,3203,0,0,1,3204,3203,0,0,1,3204,0,0,0,0,0,0.1886903699487447,39407616,54251520,django__django-11095
22,26,1,5.842367094,1,8178,0,0,23,8201,3113,0,0,1,3114,3112,0,0,1,3113,1,0,0,0,1,0.185140314977616,39424000,53977088,django__django-11095
23,27,1,5.856787249,1,8178,0,0,23,8201,3915,0,0,1,3916,3915,0,0,1,3916,0,0,0,0,0,0.2109989000018686,39464960,54046720,django__django-11095
24,28,1,5.923862025,1,8178,0,0,23,8201,3208,0,0,1,3209,3208,0,0,1,3209,0,0,0,0,0,0.1831851539900526,39346176,54353920,django__django-11095
25,29,1,5.937158859,1,8179,0,0,23,8202,3143,0,0,1,3144,3142,0,0,1,3143,1,0,0,0,1,0.1869141820352524,39411712,54370304,django__django-11095
26,30,1,5.857533735,1,8179,0,0,23,8202,3855,0,0,1,3856,3855,0,0,1,3856,0,0,0,0,0,0.2057185659650713,39346176,54169600,django__django-11095
27,31,1,5.937593582,1,8179,0,0,23,8202,3236,0,0,1,3237,3236,0,0,1,3237,0,0,0,0,0,0.1863048829836771,39333888,54022144,django__django-11095
28,32,1,5.871590859,1,8180,0,0,23,8203,3103,0,0,1,3104,3102,0,0,1,3103,1,0,0,0,1,0.1852634929819032,39383040,54013952,django__django-11095
29,33,1,5.860308019,1,8184,0,0,23,8207,3887,0,0,1,3888,3883,0,0,1,3884,4,0,0,0,4,0.208803868968971,39452672,54284288,django__django-11095
30,34,1,5.848613931,1,8184,0,0,23,8207,3224,0,0,1,3225,3224,0,0,1,3225,0,0,0,0,0,0.1832063510082662,39419904,54247424,django__django-11095
31,35,1,5.82921829,1,8185,0,0,23,8208,3118,0,0,1,3119,3117,0,0,1,3118,1,0,0,0,1,0.180767660960555,39383040,54243328,django__django-11095
32,36,1,5.831514832,1,8185,0,0,23,8208,3856,0,0,1,3857,3856,0,0,1,3857,0,0,0,0,0,0.2074358939426019,39366656,54185984,django__django-11095
33,37,1,5.836902395,1,8185,0,0,23,8208,3189,0,0,1,3190,3189,0,0,1,3190,0,0,0,0,0,0.1842015179572627,39436288,53858304,django__django-11095
34,38,1,5.935814582,1,8186,0,0,23,8209,3114,0,0,1,3115,3113,0,0,1,3114,1,0,0,0,1,0.1861507470021024,39407616,54276096,django__django-11095
35,39,1,5.933445104,1,8186,0,0,23,8209,3813,0,0,1,3814,3813,0,0,1,3814,0,0,0,0,0,0.1987459770170971,39387136,54173696,django__django-11095
36,40,1,5.926746083,1,8186,0,0,23,8209,3221,0,0,1,3222,3221,0,0,1,3222,0,0,0,0,0,0.1872826790204271,39366656,54050816,django__django-11095
37,41,1,5.928546822,1,8186,0,0,23,8209,3210,0,0,1,3211,3210,0,0,1,3211,0,0,0,0,0,0.1827134860213846,39440384,53960704,django__django-11095
38,42,1,5.930678244,1,8186,0,0,23,8209,3183,0,0,1,3184,3183,0,0,1,3184,0,0,0,0,0,0.1833703130250796,39550976,54153216,django__django-11095
39,43,1,5.93260936,1,8187,0,0,23,8210,3103,0,0,1,3104,3102,0,0,1,3103,1,0,0,0,1,0.1833732119994238,39419904,54075392,django__django-11095
40,44,1,5.902757235,1,8187,0,0,23,8210,3790,0,0,1,3791,3790,0,0,1,3791,0,0,0,0,0,0.197640259983018,39464960,54239232,django__django-11095
41,45,1,5.848870959,1,8188,0,0,23,8211,3121,0,0,1,3122,3120,0,0,1,3121,1,0,0,0,1,0.1833268289919942,39559168,54132736,django__django-11095
42,46,1,5.830519702,1,8188,0,0,23,8211,3814,0,0,1,3815,3814,0,0,1,3815,0,0,0,0,0,0.2016000440344214,39452672,53997568,django__django-11095
43,47,1,5.852322804,1,8188,0,0,23,8211,3224,0,0,1,3225,3224,0,0,1,3225,0,0,0,0,0,0.1869485329370945,39563264,54300672,django__django-11095
44,48,1,5.871203131,1,8189,0,0,23,8212,3099,0,0,1,3100,3098,0,0,1,3099,1,0,0,0,1,0.188270143000409,39444480,54235136,django__django-11095
45,49,1,5.94805702,1,8189,0,0,23,8212,3818,0,0,1,3819,3818,0,0,1,3819,0,0,0,0,0,0.2023206769954413,39387136,54181888,django__django-11095
46,50,1,5.861000554,1,8189,0,0,23,8212,3186,0,0,1,3187,3186,0,0,1,3187,0,0,0,0,0,0.1884509659139439,39624704,54235136,django__django-11095
47,51,1,5.831147491,1,8190,0,0,23,8213,3138,0,0,1,3139,3137,0,0,1,3138,1,0,0,0,1,0.1884112650295719,39510016,54243328,django__django-11095
48,52,1,5.890587444,1,8190,0,0,23,8213,3817,0,0,1,3818,3817,0,0,1,3818,0,0,0,0,0,0.2031468319473788,39575552,54214656,django__django-11095
49,53,1,5.865554213,1,8190,0,0,23,8213,3156,0,0,1,3157,3156,0,0,1,3157,0,0,0,0,0,0.1816656079608947,39444480,54308864,django__django-11095
50,54,1,5.847559536,1,8191,0,0,23,8214,3109,0,0,1,3110,3108,0,0,1,3109,1,0,0,0,1,0.1848722210852429,39669760,54300672,django__django-11095
51,55,1,5.842708525,1,8191,0,0,23,8214,3799,0,0,1,3800,3799,0,0,1,3800,0,0,0,0,0,0.1972695379517972,39632896,54247424,django__django-11095
52,56,1,5.860732736,1,8191,0,0,23,8214,3224,0,0,1,3225,3224,0,0,1,3225,0,0,0,0,0,0.1866493119159713,39669760,54226944,django__django-11095
53,57,1,5.848813951,1,8192,0,0,23,8215,3108,0,0,1,3109,3107,0,0,1,3108,1,0,0,0,1,0.1816981190349906,39477248,54362112,django__django-11095
54,58,1,5.840701873,1,8192,0,0,23,8215,3796,0,0,1,3797,3796,0,0,1,3797,0,0,0,0,0,0.2043967080535367,39632896,54398976,django__django-11095
55,59,1,5.942321972,1,8192,0,0,23,8215,3184,0,0,1,3185,3184,0,0,1,3185,0,0,0,0,0,0.1881899359868839,39456768,54251520,django__django-11095
56,60,1,6.514712978,1,12088,0,0,23,12111,7041,0,0,1,7042,3145,0,0,1,3146,3896,0,0,0,3896,0.2062206920236349,56098816,59789312,django__django-11095
57,61,1,7.92355393,1,12088,0,0,23,12111,3147,0,0,1,3148,3147,0,0,1,3148,0,0,0,0,0,0.1866653909673914,55459840,70127616,django__django-11095
58,62,1,7.831045352,1,12088,0,0,23,12111,4124,0,0,1,4125,4124,0,0,1,4125,0,0,0,0,0,0.1908940520370379,55767040,70148096,django__django-11095
59,63,1,7.943488209,1,12088,0,0,23,12111,3101,0,0,1,3102,3101,0,0,1,3102,0,0,0,0,0,0.1840613459935411,55468032,70250496,django__django-11095
60,64,1,7.947419505,1,12088,0,0,23,12111,3108,0,0,1,3109,3108,0,0,1,3109,0,0,0,0,0,0.1831240049796179,55504896,70299648,django__django-11095
0,0,0,3.590604778,1,616,0,0,23,639,0,0,0,0,0,0,0,0,0,0,0,0,0,0,0,0.0,4366336,9592832,django__django-11099
1,1,1,3.707909928,1,9944,0,0,23,9967,9859,0,0,1,9860,0,0,0,0,0,9859,0,0,1,9860,0.6715072599472478,51326976,52633600,django__django-11099
2,2,1,6.271635756,1,9953,0,0,23,9976,3118,0,0,1,3119,3104,0,0,1,3105,14,0,0,0,14,0.1856605180073529,51335168,66105344,django__django-11099
3,3,1,6.279063742,1,9953,0,0,23,9976,3100,0,0,1,3101,3100,0,0,1,3101,0,0,0,0,0,0.1819524210877716,51228672,65572864,django__django-11099
4,4,1,6.251474635,1,9991,0,0,23,10014,3193,0,0,1,3194,3155,0,0,1,3156,38,0,0,0,38,0.1831441120011732,51449856,65880064,django__django-11099
5,5,1,6.255827928,1,9991,0,0,23,10014,3116,0,0,1,3117,3110,0,0,1,3111,6,0,0,0,6,0.1856195050058886,51425280,66211840,django__django-11099
6,6,1,6.544609199,1,11292,0,0,23,11315,4421,0,0,1,4422,3120,0,0,1,3121,1301,0,0,0,1301,0.2088069620076567,56864768,66007040,django__django-11099
7,7,1,6.970721485,1,11292,0,0,23,11315,3782,0,0,1,3783,3779,0,0,1,3780,3,0,0,0,3,0.1989974359748885,56864768,71577600,django__django-11099
8,8,1,6.964434191,1,11292,0,0,23,11315,3198,0,0,1,3199,3197,0,0,1,3198,1,0,0,0,1,0.1845358650898561,56860672,71766016,django__django-11099
9,9,1,6.881210018,1,11292,0,0,23,11315,3093,0,0,1,3094,3093,0,0,1,3094,0,0,0,0,0,0.1868037320673465,56881152,71598080,django__django-11099
10,10,1,6.883791343,1,11335,0,0,23,11358,3250,0,0,1,3251,3206,0,0,1,3207,44,0,0,0,44,0.1891596079804003,57073664,71569408,django__django-11099
11,11,1,6.986554108,1,11335,0,0,23,11358,3127,0,0,1,3128,3127,0,0,1,3128,0,0,0,0,0,0.1795937900897115,57032704,71905280,django__django-11099
12,12,1,7.008358872,1,11411,0,0,23,11434,3852,0,0,1,3853,3776,0,0,1,3777,76,0,0,0,76,0.2133994339965284,57413632,71950336,django__django-11099
13,13,1,7.02496885,1,11411,0,0,23,11434,3116,0,0,1,3117,3116,0,0,1,3117,0,0,0,0,0,0.1810041569406166,57417728,72208384,django__django-11099
14,14,1,6.930980534,1,11411,0,0,23,11434,3779,0,0,1,3780,3779,0,0,1,3780,0,0,0,0,0,0.1973055580165237,57417728,72003584,django__django-11099
15,15,1,6.921330512,1,11411,0,0,23,11434,3797,0,0,1,3798,3796,0,0,1,3797,1,0,0,0,1,0.1976884650066495,57528320,72196096,django__django-11099
16,16,1,7.032551822,1,11411,0,0,23,11434,3121,0,0,1,3122,3121,0,0,1,3122,0,0,0,0,0,0.1848339679418131,57417728,72306688,django__django-11099
17,17,1,7.040555891,1,11445,0,0,23,11468,3216,0,0,1,3217,3181,0,0,1,3182,35,0,0,0,35,0.1887516910210251,57556992,71991296,django__django-11099
18,18,1,6.960410978,1,11445,0,0,23,11468,3125,0,0,1,3126,3125,0,0,1,3126,0,0,0,0,0,0.1907456469489261,57573376,72278016,django__django-11099
19,19,1,7.323661449,1,15824,0,0,23,15847,7541,0,0,1,7542,3162,0,0,1,3163,4379,0,0,0,4379,0.1979790129698813,75591680,79048704,django__django-11099
20,20,1,7.858128914,1,15824,0,0,23,15847,3127,0,0,1,3128,3127,0,0,1,3128,0,0,0,0,0,0.1813168900553137,75587584,90304512,django__django-11099
21,22,1,7.807432512,1,15824,0,0,23,15847,3108,0,0,1,3109,3108,0,0,1,3109,0,0,0,0,0,0.1846937499940395,75599872,90415104,django__django-11099
0,0,0,3.433049125,1,616,0,0,23,639,0,0,0,0,0,0,0,0,0,0,0,0,0,0,0,0.0,4096000,11505664,django__django-11119
1,2,1,2.943913568,1,5207,0,0,23,5230,5123,0,0,1,5124,0,0,0,0,0,5123,0,0,1,5124,0.2392462299903854,23613440,37330944,django__django-11119
2,3,1,5.907598933,1,12108,0,0,23,12131,10078,0,0,1,10079,3166,0,0,1,3167,6912,0,0,0,6912,6.702317018061876,58339328,65302528,django__django-11119
3,4,1,7.951427566,1,12117,0,0,23,12140,3127,0,0,1,3128,3118,0,0,1,3119,9,0,0,0,9,0.1806929450249299,58388480,73195520,django__django-11119
4,5,1,7.932603404,1,12117,0,0,23,12140,3192,0,0,1,3193,3192,0,0,1,3193,0,0,0,0,0,0.1832461530575528,58388480,72974336,django__django-11119
5,6,1,7.944716807,1,12117,0,0,23,12140,3362,0,0,1,3363,3360,0,0,1,3361,2,0,0,0,2,0.2296999359969049,58400768,72990720,django__django-11119
6,7,1,7.960590111,1,12117,0,0,23,12140,3194,0,0,1,3195,3193,0,0,1,3194,1,0,0,0,1,0.188509083003737,58368000,73019392,django__django-11119
7,8,1,7.976613035,1,12156,0,0,23,12179,3210,0,0,1,3211,3171,0,0,1,3172,39,0,0,0,39,0.1850662159267813,58552320,73183232,django__django-11119
8,9,1,7.928836558,1,12156,0,0,23,12179,3203,0,0,1,3204,3203,0,0,1,3204,0,0,0,0,0,0.1808424179907888,58560512,73469952,django__django-11119
9,10,1,7.931299819,1,12156,0,0,23,12179,3194,0,0,1,3195,3194,0,0,1,3195,0,0,0,0,0,0.1847503099124878,58568704,73162752,django__django-11119
10,11,1,8.017895794,1,12156,0,0,23,12179,3198,0,0,1,3199,3198,0,0,1,3199,0,0,0,0,0,0.1820097269956022,58568704,73236480,django__django-11119
11,12,1,8.335743364,1,16534,0,0,23,16557,7519,0,0,1,7520,3141,0,0,1,3142,4378,0,0,0,4378,0.2057549010496586,76582912,80052224,django__django-11119
12,13,1,9.072232101,1,16534,0,0,23,16557,3138,0,0,1,3139,3138,0,0,1,3139,0,0,0,0,0,0.1801020320272073,76574720,90984448,django__django-11119
13,14,1,9.067995994,1,16534,0,0,23,16557,3120,0,0,1,3121,3120,0,0,1,3121,0,0,0,0,0,0.1836856260197237,76578816,91246592,django__django-11119
0,0,0,3.619393174,1,616,0,0,23,639,0,0,0,0,0,0,0,0,0,0,0,0,0,0,0,0.0,4403200,9220096,django__django-11133
1,2,1,3.091045459,1,5207,0,0,23,5230,5108,0,0,1,5109,0,0,0,0,0,5108,0,0,1,5109,0.2388753060949966,23932928,37773312,django__django-11133
2,3,1,4.781383211,1,5438,0,0,23,5461,3381,0,0,1,3382,3138,0,0,1,3139,243,0,0,0,243,0.2799257329897955,27049984,38563840,django__django-11133
3,4,1,4.767459935,1,5452,0,0,23,5475,3095,0,0,1,3096,3079,0,0,1,3080,16,0,0,0,16,0.1852117809467017,27062272,41734144,django__django-11133
4,5,1,4.816969642,1,5452,0,0,23,5475,3204,0,0,1,3205,3194,0,0,1,3195,10,0,0,0,10,0.1815030330326408,27217920,41738240,django__django-11133
5,6,1,4.815538243,1,5452,0,0,23,5475,3181,0,0,1,3182,3177,0,0,1,3178,4,0,0,0,4,0.1866147619439289,27242496,41943040,django__django-11133
6,7,1,4.819768205,1,5453,0,0,23,5476,3107,0,0,1,3108,3106,0,0,1,3107,1,0,0,0,1,0.1850614949362352,27205632,41992192,django__django-11133
7,8,1,5.356524742,1,13333,0,0,23,13356,11052,0,0,1,11053,3172,0,0,1,3173,7880,0,0,0,7880,0.646608641021885,61259776,84508672,django__django-11133
8,9,1,6.060321939,1,13333,0,0,23,13356,3108,0,0,1,3109,3108,0,0,1,3109,0,0,0,0,0,0.1841666530817747,61042688,75730944,django__django-11133
9,10,1,6.055842391,1,13613,0,0,23,13636,7016,0,0,1,7017,6735,0,0,1,6736,281,0,0,0,281,0.4687738690990954,62427136,87363584,django__django-11133
10,11,1,6.159882991,1,13650,0,0,23,13673,3179,0,0,1,3180,3141,0,0,1,3142,38,0,0,0,38,0.182355664903298,62586880,76976128,django__django-11133
11,12,1,6.164621527,1,13650,0,0,23,13673,3187,0,0,1,3188,3187,0,0,1,3188,0,0,0,0,0,0.1810436400119215,62574592,77254656,django__django-11133
12,13,1,6.172262661,1,13697,0,0,23,13720,3245,0,0,1,3246,3198,0,0,1,3199,47,0,0,0,47,0.1860336060635745,62791680,77193216,django__django-11133
13,14,1,6.152973528,1,13697,0,0,23,13720,3875,0,0,1,3876,3875,0,0,1,3876,0,0,0,0,0,0.2123707829741761,62803968,77524992,django__django-11133
14,15,1,6.044067613,1,13697,0,0,23,13720,3229,0,0,1,3230,3229,0,0,1,3230,0,0,0,0,0,0.1936658499762416,62922752,77570048,django__django-11133
15,16,1,6.171582718,1,13698,0,0,23,13721,3116,0,0,1,3117,3115,0,0,1,3116,1,0,0,0,1,0.1874934869119897,63016960,77754368,django__django-11133
16,17,1,6.079560411,1,13698,0,0,23,13721,3778,0,0,1,3779,3778,0,0,1,3779,0,0,0,0,0,0.1957072770455852,62865408,77643776,django__django-11133
17,18,1,6.176648094,1,13698,0,0,23,13721,3138,0,0,1,3139,3138,0,0,1,3139,0,0,0,0,0,0.1868850979954004,62791680,77332480,django__django-11133
18,19,1,6.174204488,1,13703,0,0,23,13726,3802,0,0,1,3803,3797,0,0,1,3798,5,0,0,0,5,0.1963583229808136,62812160,77647872,django__django-11133
19,20,1,6.170178937,1,13703,0,0,23,13726,3163,0,0,1,3164,3163,0,0,1,3164,0,0,0,0,0,0.182216243003495,62824448,77291520,django__django-11133
20,21,1,6.186703334,1,13704,0,0,23,13727,3113,0,0,1,3114,3112,0,0,1,3113,1,0,0,0,1,0.186192421009764,62816256,77467648,django__django-11133
21,22,1,6.096925623,1,13704,0,0,23,13727,3805,0,0,1,3806,3805,0,0,1,3806,0,0,0,0,0,0.1994822160340845,62918656,77594624,django__django-11133
22,23,1,6.169125317,1,13704,0,0,23,13727,3154,0,0,1,3155,3154,0,0,1,3155,0,0,0,0,0,0.1860701600089669,62836736,77406208,django__django-11133
23,24,1,6.350847208,1,13704,0,0,23,13727,3206,0,0,1,3207,3206,0,0,1,3207,0,0,0,0,0,0.1806156790116801,62840832,77426688,django__django-11133
24,25,1,6.365311171,1,13705,0,0,23,13728,3144,0,0,1,3145,3143,0,0,1,3144,1,0,0,0,1,0.1822089370107278,62914560,77537280,django__django-11133
25,26,1,6.353828931,1,13705,0,0,23,13728,3807,0,0,1,3808,3807,0,0,1,3808,0,0,0,0,0,0.1958513649879023,62849024,77602816,django__django-11133
26,27,1,6.37655464,1,13705,0,0,23,13728,3196,0,0,1,3197,3196,0,0,1,3197,0,0,0,0,0,0.1797867671120911,62873600,77414400,django__django-11133
27,28,1,6.175051612,1,13706,0,0,23,13729,3104,0,0,1,3105,3103,0,0,1,3104,1,0,0,0,1,0.1858397180913016,62849024,77438976,django__django-11133
28,29,1,6.084776238,1,13740,0,0,23,13763,3911,0,0,1,3912,3872,0,0,1,3873,39,0,0,0,39,0.1971760540036484,63016960,77717504,django__django-11133
29,30,1,6.115171768,1,13740,0,0,23,13763,3157,0,0,1,3158,3157,0,0,1,3158,0,0,0,0,0,0.1804968459764495,63057920,77778944,django__django-11133
30,31,1,6.173304775,1,13740,0,0,23,13763,6821,0,0,1,6822,6816,0,0,1,6817,5,0,0,0,5,0.3969156319508329,63016960,84131840,django__django-11133
31,32,1,6.173622428,1,13741,0,0,23,13764,3111,0,0,1,3112,3110,0,0,1,3111,1,0,0,0,1,0.1871683910721913,63021056,77590528,django__django-11133
32,33,1,6.162788707,1,13741,0,0,23,13764,3871,0,0,1,3872,3866,0,0,1,3867,5,0,0,0,5,0.2001264529535547,63041536,77754368,django__django-11133
33,34,1,6.159197732,1,13741,0,0,23,13764,3186,0,0,1,3187,3186,0,0,1,3187,0,0,0,0,0,0.1849861269583925,63037440,77762560,django__django-11133
34,35,1,6.055175972,1,13742,0,0,23,13765,3136,0,0,1,3137,3134,0,0,1,3135,2,0,0,0,2,0.1816022719722241,63057920,77639680,django__django-11133
35,36,1,6.073389568,1,13742,0,0,23,13765,3882,0,0,1,3883,3877,0,0,1,3878,5,0,0,0,5,0.1980425440706312,63049728,78098432,django__django-11133
36,37,1,6.171642272,1,13742,0,0,23,13765,3202,0,0,1,3203,3202,0,0,1,3203,0,0,0,0,0,0.1840877330396324,63053824,77783040,django__django-11133
37,38,1,6.170978333,1,13742,0,0,23,13765,6803,0,0,1,6804,6798,0,0,1,6799,5,0,0,0,5,0.3976278600748628,63127552,83976192,django__django-11133
38,39,1,6.186700908,1,13742,0,0,23,13765,3193,0,0,1,3194,3193,0,0,1,3194,0,0,0,0,0,0.1838265859987586,63037440,77717504,django__django-11133
39,40,1,6.09590043,1,13742,0,0,23,13765,3154,0,0,1,3155,3154,0,0,1,3155,0,0,0,0,0,0.1817943470086902,63078400,77795328,django__django-11133
40,41,1,6.058611673,1,13743,0,0,23,13766,3120,0,0,1,3121,3119,0,0,1,3120,1,0,0,0,1,0.1858783760108053,63070208,77836288,django__django-11133
41,42,1,6.118518884,1,13743,0,0,23,13766,3917,0,0,1,3918,3912,0,0,1,3913,5,0,0,0,5,0.2033274120185524,63045632,77787136,django__django-11133
42,43,1,6.168772014,1,13743,0,0,23,13766,3188,0,0,1,3189,3188,0,0,1,3189,0,0,0,0,0,0.1846157939871773,63057920,77578240,django__django-11133
43,44,1,6.173832732,1,13743,0,0,23,13766,3189,0,0,1,3190,3189,0,0,1,3190,0,0,0,0,0,0.1814466470386833,63053824,77852672,django__django-11133
44,45,1,6.183402786,1,13743,0,0,23,13766,6990,0,0,1,6991,6985,0,0,1,6986,5,0,0,0,5,0.4253496730234474,63078400,86724608,django__django-11133
45,46,1,6.231651637,1,15662,0,0,23,15685,5747,0,0,1,5748,3828,0,0,1,3829,1919,0,0,0,1919,0.1935293830465525,70987776,77602816,django__django-11133
46,47,1,6.208416034,1,15662,0,0,23,15685,3110,0,0,1,3111,3110,0,0,1,3111,0,0,0,0,0,0.1799947230610996,70963200,85676032,django__django-11133
47,48,1,6.197447148,1,15851,0,0,23,15874,4393,0,0,1,4394,4199,0,0,1,4200,194,0,0,0,194,0.1918358639813959,71770112,85737472,django__django-11133
48,49,1,6.215276308,1,15852,0,0,23,15875,4043,0,0,1,4044,3853,0,0,1,3854,190,0,0,0,190,0.1987287860829383,71778304,86421504,django__django-11133
49,50,1,6.314833575,1,16357,0,0,23,16380,4773,0,0,1,4774,4073,0,0,1,4074,700,0,0,0,700,0.2038773810490965,73871360,86458368,django__django-11133
50,51,1,6.323852541,1,16357,0,0,23,16380,3123,0,0,1,3124,3123,0,0,1,3124,0,0,0,0,0,0.1837290420662611,73859072,88682496,django__django-11133
0,0,0,3.530292345,1,616,0,0,24,640,0,0,0,0,0,0,0,0,0,0,0,0,0,0,0,0.0,4235264,9109504,django__django-11138
1,1,1,2.890952488,1,5404,0,0,24,5428,5314,0,0,1,5315,0,0,0,0,0,5314,0,0,1,5315,0.3680174959590658,27336704,37019648,django__django-11138
2,2,1,4.507427817,1,5417,0,0,24,5441,3205,0,0,1,3206,3186,0,0,1,3187,19,0,0,0,19,0.1896879849955439,27496448,42196992,django__django-11138
3,3,1,4.487212426,1,5417,0,0,24,5441,3196,0,0,1,3197,3192,0,0,1,3193,4,0,0,0,4,0.1870776880532503,27828224,42303488,django__django-11138
4,4,1,4.491689048,1,5417,0,0,24,5441,3139,0,0,1,3140,3133,0,0,1,3134,6,0,0,0,6,0.184634021949023,27410432,42270720,django__django-11138
5,5,1,4.503573168,1,5417,0,0,24,5441,3306,0,0,1,3307,3305,0,0,1,3306,1,0,0,0,1,0.2962611550465226,27541504,41992192,django__django-11138
6,6,1,4.504905738,1,5421,0,0,24,5445,3192,0,0,1,3193,3187,0,0,1,3188,5,0,0,0,5,0.1822682919446379,27516928,42319872,django__django-11138
7,7,1,4.512481564,1,5421,0,0,24,5445,3116,0,0,1,3117,3116,0,0,1,3117,0,0,0,0,0,0.1825049949111417,27418624,41959424,django__django-11138
8,8,1,4.506385409,1,5421,0,0,24,5445,3183,0,0,1,3184,3183,0,0,1,3184,0,0,0,0,0,0.1844641000498086,27549696,42303488,django__django-11138
9,9,1,4.515998063,1,5427,0,0,24,5451,3207,0,0,1,3208,3200,0,0,1,3201,7,0,0,0,7,0.1889010079903528,27475968,42254336,django__django-11138
10,10,1,4.440472767,1,5438,0,0,24,5462,3171,0,0,1,3172,3160,0,0,1,3161,11,0,0,0,11,0.1834682140033692,27516928,42299392,django__django-11138
11,11,1,4.512589392,1,5438,0,0,24,5462,3089,0,0,1,3090,3089,0,0,1,3090,0,0,0,0,0,0.1802534440066665,27496448,42299392,django__django-11138
12,12,1,4.516455143,1,5525,0,0,24,5549,3255,0,0,1,3256,3168,0,0,1,3169,87,0,0,0,87,0.1881737129297107,28131328,42377216,django__django-11138
13,13,1,4.558876327,1,5558,0,0,24,5582,3177,0,0,1,3178,3142,0,0,1,3143,35,0,0,0,35,0.1830869700061157,28192768,42647552,django__django-11138
14,14,1,4.686704397,1,5558,0,0,24,5582,3171,0,0,1,3172,3171,0,0,1,3172,0,0,0,0,0,0.1852024319814518,28344320,43069440,django__django-11138
15,15,1,4.693975359,1,5559,0,0,24,5583,3128,0,0,1,3129,3127,0,0,1,3128,1,0,0,0,1,0.1824158540694043,28270592,42881024,django__django-11138
16,16,1,4.67480582,1,5559,0,0,24,5583,3214,0,0,1,3215,3210,0,0,1,3211,4,0,0,0,4,0.1878925310447812,28139520,42917888,django__django-11138
17,17,1,4.4855979,1,5559,0,0,24,5583,3195,0,0,1,3196,3195,0,0,1,3196,0,0,0,0,0,0.1816967750201001,28241920,42962944,django__django-11138
18,18,1,5.081984944,1,9948,0,0,24,9972,7533,0,0,1,7534,3144,0,0,1,3145,4389,0,0,0,4389,0.2025580509798601,46223360,49750016,django__django-11138
19,19,1,6.085744277,1,9948,0,0,24,9972,3142,0,0,1,3143,3142,0,0,1,3143,0,0,0,0,0,0.1826240459922701,46190592,60854272,django__django-11138
20,20,1,6.087699278,1,9948,0,0,24,9972,3141,0,0,1,3142,3141,0,0,1,3142,0,0,0,0,0,0.1909575740573927,46108672,61018112,django__django-11138
0,0,0,3.426731253,1,616,0,0,23,639,0,0,0,0,0,0,0,0,0,0,0,0,0,0,0,0.0,4128768,8781824,django__django-11141
1,1,1,2.938776194,1,5207,0,0,23,5230,5120,0,0,1,5121,0,0,0,0,0,5120,0,0,1,5121,0.2386013569775968,23670784,37007360,django__django-11141
2,1,2,4.744274918,1,5438,0,0,23,5461,3424,0,0,1,3425,3186,0,0,1,3187,238,0,0,0,238,0.3210037370445207,27389952,38211584,django__django-11141
3,1,3,5.778339193,1,10081,0,0,23,10104,7939,0,0,1,7940,3295,0,0,1,3296,4644,0,0,0,4644,0.604712016065605,51376128,53637120,django__django-11141
4,2,1,7.394488223,1,10081,0,0,23,10104,3176,0,0,1,3177,3176,0,0,1,3177,0,0,0,0,0,0.1859334410401061,51412992,66011136,django__django-11141
5,3,1,7.379162669,1,10081,0,0,23,10104,3365,0,0,1,3366,3365,0,0,1,3366,0,0,0,0,0,0.1919547589495778,51331072,66170880,django__django-11141
6,4,1,7.308477593,1,10081,0,0,23,10104,3175,0,0,1,3176,3170,0,0,1,3171,5,0,0,0,5,0.1864521011011675,51343360,65941504,django__django-11141
7,5,1,7.395688839,1,10090,0,0,23,10113,3191,0,0,1,3192,3177,0,0,1,3178,14,0,0,0,14,0.1884358810493722,51548160,65576960,django__django-11141
8,6,1,7.403971896,1,10090,0,0,23,10113,3194,0,0,1,3195,3194,0,0,1,3195,0,0,0,0,0,0.1806319250026717,51376128,66162688,django__django-11141
9,7,1,7.407136437,1,10177,0,0,23,10200,3280,0,0,1,3281,3193,0,0,1,3194,87,0,0,0,87,0.18811575404834,51752960,66109440,django__django-11141
10,8,1,7.419084955,1,10177,0,0,23,10200,3174,0,0,1,3175,3174,0,0,1,3175,0,0,0,0,0,0.1845777590060606,51818496,66703360,django__django-11141
11,9,1,7.314195718,1,10177,0,0,23,10200,3188,0,0,1,3189,3188,0,0,1,3189,0,0,0,0,0,0.1826076809084043,51761152,66256896,django__django-11141
12,10,1,7.369629443,1,10177,0,0,23,10200,3207,0,0,1,3208,3207,0,0,1,3208,0,0,0,0,0,0.1881601229542866,51761152,66543616,django__django-11141
13,11,1,7.350791795,1,10177,0,0,23,10200,3268,0,0,1,3269,3264,0,0,1,3265,4,0,0,0,4,0.1921095999423414,51838976,66523136,django__django-11141
14,12,1,7.39335963,1,10177,0,0,23,10200,3163,0,0,1,3164,3162,0,0,1,3163,1,0,0,0,1,0.1841823139693588,51781632,66416640,django__django-11141
15,13,1,7.320944003,1,10177,0,0,23,10200,3280,0,0,1,3281,3276,0,0,1,3277,4,0,0,0,4,0.1897524630185216,51798016,66469888,django__django-11141
16,14,1,7.410856623,1,10177,0,0,23,10200,3169,0,0,1,3170,3169,0,0,1,3170,0,0,0,0,0,0.188153174938634,51785728,66490368,django__django-11141
17,15,1,7.545221608,1,11483,0,0,23,11506,4437,0,0,1,4438,3131,0,0,1,3132,1306,0,0,0,1306,0.2088304299395531,57253888,66404352,django__django-11141
18,16,1,7.756377421,1,11483,0,0,23,11506,3178,0,0,1,3179,3178,0,0,1,3179,0,0,0,0,0,0.1865463890135288,57237504,72097792,django__django-11141
19,17,1,7.694471464,1,11487,0,0,23,11510,3263,0,0,1,3264,3255,0,0,1,3256,8,0,0,0,8,0.1857866019709035,57274368,71946240,django__django-11141
20,18,1,7.653480547,1,11487,0,0,23,11510,3172,0,0,1,3173,3172,0,0,1,3173,0,0,0,0,0,0.1826781849376857,57274368,71901184,django__django-11141
21,21,1,7.68750231,1,11487,0,0,23,11510,3254,0,0,1,3255,3250,0,0,1,3251,4,0,0,0,4,0.1857729690382257,57278464,72114176,django__django-11141
22,22,1,7.673824414,1,11487,0,0,23,11510,3182,0,0,1,3183,3182,0,0,1,3183,0,0,0,0,0,0.1853401020634919,57286656,71987200,django__django-11141
23,23,1,7.787424449,1,11560,0,0,23,11583,3868,0,0,1,3869,3795,0,0,1,3796,73,0,0,0,73,0.2078118989011272,57655296,72040448,django__django-11141
24,24,1,7.69001558,1,11560,0,0,23,11583,3155,0,0,1,3156,3155,0,0,1,3156,0,0,0,0,0,0.18310476699844,57626624,72409088,django__django-11141
25,25,1,7.96165942,1,11560,0,0,23,11583,3771,0,0,1,3772,3771,0,0,1,3772,0,0,0,0,0,0.2032296439865604,57626624,72187904,django__django-11141
26,26,1,7.861501614,1,11560,0,0,23,11583,3200,0,0,1,3201,3200,0,0,1,3201,0,0,0,0,0,0.1861841409699991,57630720,72400896,django__django-11141
27,27,1,7.993589984,1,15405,0,0,23,15428,6983,0,0,1,6984,3138,0,0,1,3139,3845,0,0,0,3845,0.2035246531013399,73465856,79151104,django__django-11141
28,28,1,8.515732934,1,15405,0,0,23,15428,3088,0,0,1,3089,3088,0,0,1,3089,0,0,0,0,0,0.1859875660156831,73441280,88076288,django__django-11141
29,29,1,8.348638892,1,15405,0,0,23,15428,3143,0,0,1,3144,3143,0,0,1,3144,0,0,0,0,0,0.1821264839963987,73445376,88363008,django__django-11141
0,0,0,3.455216677,1,616,0,0,23,639,0,0,0,0,0,0,0,0,0,0,0,0,0,0,0,0.0,4222976,8839168,django__django-11149
1,1,1,2.967888344,1,5404,0,0,23,5427,5303,0,0,1,5304,0,0,0,0,0,5303,0,0,1,5304,0.3714424280915409,27385856,37470208,django__django-11149
2,2,1,4.43321432,1,5436,0,0,23,5459,3191,0,0,1,3192,3138,0,0,1,3139,53,0,0,0,53,0.1820518330205232,27471872,42024960,django__django-11149
3,3,1,4.42703412,1,5436,0,0,23,5459,3187,0,0,1,3188,3186,0,0,1,3187,1,0,0,0,1,0.1845630459720268,27463680,42176512,django__django-11149
4,4,1,4.415562218,1,5436,0,0,23,5459,3225,0,0,1,3226,3225,0,0,1,3226,0,0,0,0,0,0.1878831340000033,27549696,42196992,django__django-11149
5,5,1,4.440926406,1,5436,0,0,23,5459,3211,0,0,1,3212,3205,0,0,1,3206,6,0,0,0,6,0.1841926609631627,27668480,42356736,django__django-11149
6,6,1,4.433531686,1,5436,0,0,23,5459,3222,0,0,1,3223,3222,0,0,1,3223,0,0,0,0,0,0.1855642989976331,27521024,42233856,django__django-11149
7,7,1,4.422633703,1,5436,0,0,23,5459,3191,0,0,1,3192,3191,0,0,1,3192,0,0,0,0,0,0.1844624850200489,27504640,42090496,django__django-11149
8,8,1,4.414936256,1,5436,0,0,23,5459,3199,0,0,1,3200,3198,0,0,1,3199,1,0,0,0,1,0.185440334957093,27672576,42414080,django__django-11149
9,9,1,4.415054784,1,5436,0,0,23,5459,3195,0,0,1,3196,3194,0,0,1,3195,1,0,0,0,1,0.1877727560931816,27758592,42745856,django__django-11149
10,10,1,4.430732387,1,5436,0,0,23,5459,3201,0,0,1,3202,3201,0,0,1,3202,0,0,0,0,0,0.1902364779962226,27668480,42123264,django__django-11149
11,11,1,4.43204224,1,5437,0,0,23,5460,3139,0,0,1,3140,3138,0,0,1,3139,1,0,0,0,1,0.1859382989350706,27496448,42258432,django__django-11149
12,12,1,4.425345548,1,5438,0,0,23,5461,3103,0,0,1,3104,3102,0,0,1,3103,1,0,0,0,1,0.1809557389933616,27484160,42057728,django__django-11149
13,13,1,5.500566891,1,14526,0,0,23,14549,12282,0,0,1,12283,3192,0,0,1,3193,9090,0,0,0,9090,0.881243764073588,67567616,96329728,django__django-11149
14,14,1,7.648840704,1,14544,0,0,23,14567,3177,0,0,1,3178,3159,0,0,1,3160,18,0,0,0,18,0.1925528299761936,67579904,82300928,django__django-11149
15,15,1,7.653174323,1,14545,0,0,23,14568,3104,0,0,1,3105,3103,0,0,1,3104,1,0,0,0,1,0.1854953540023416,67764224,82485248,django__django-11149
16,16,1,7.542470383,1,14582,0,0,23,14605,3228,0,0,1,3229,3190,0,0,1,3191,38,0,0,0,38,0.1896910109790042,67653632,82448384,django__django-11149
17,17,1,7.656995715,1,14582,0,0,23,14605,3107,0,0,1,3108,3107,0,0,1,3108,0,0,0,0,0,0.1830632149940356,67911680,82305024,django__django-11149
18,18,1,7.573603765,1,14611,0,0,23,14634,7668,0,0,1,7669,7638,0,0,1,7639,30,0,0,0,30,0.5557794769993052,67862528,98697216,django__django-11149
19,19,1,7.591923647,1,14720,0,0,23,14743,7695,0,0,1,7696,7586,0,0,1,7587,109,0,0,0,109,0.6529772100038826,68468736,100704256,django__django-11149
20,20,1,7.599061918,1,14720,0,0,23,14743,7666,0,0,1,7667,7666,0,0,1,7667,0,0,0,0,0,0.5441975829889998,68481024,97255424,django__django-11149
21,21,1,7.73155527,1,14989,0,0,23,15012,7602,0,0,1,7603,7332,0,0,1,7333,270,0,0,0,270,0.5497517089825124,69898240,101122048,django__django-11149
22,22,1,7.73445489,1,14990,0,0,23,15013,3123,0,0,1,3124,3122,0,0,1,3123,1,0,0,0,1,0.1922619470860809,69824512,84697088,django__django-11149
23,23,1,7.825447056,1,14990,0,0,23,15013,7610,0,0,1,7611,7610,0,0,1,7611,0,0,0,0,0,0.6246009960304946,69853184,101961728,django__django-11149
24,24,1,7.950555339,1,14990,0,0,23,15013,7691,0,0,1,7692,7691,0,0,1,7692,0,0,0,0,0,0.5380925469798967,69795840,97812480,django__django-11149
25,25,1,7.977597545,1,14991,0,0,23,15014,3188,0,0,1,3189,3187,0,0,1,3188,1,0,0,0,1,0.1882290319772437,69910528,84750336,django__django-11149
26,26,1,7.69556702,1,14991,0,0,23,15014,3806,0,0,1,3807,3806,0,0,1,3807,0,0,0,0,0,0.2005887730047106,69894144,84365312,django__django-11149
27,27,1,7.717213222,1,14992,0,0,23,15015,3121,0,0,1,3122,3120,0,0,1,3121,1,0,0,0,1,0.1883766880491748,69853184,84729856,django__django-11149
28,28,1,7.691019336,1,14995,0,0,23,15018,7345,0,0,1,7346,7342,0,0,1,7343,3,0,0,0,3,0.4908502689795568,69963776,98160640,django__django-11149
29,29,1,7.720165024,1,14995,0,0,23,15018,3204,0,0,1,3205,3203,0,0,1,3204,1,0,0,0,1,0.1825907049933448,69849088,84770816,django__django-11149
30,30,1,7.695603091,1,14996,0,0,23,15019,3216,0,0,1,3217,3215,0,0,1,3216,1,0,0,0,1,0.1859970559598878,69873664,84779008,django__django-11149
31,31,1,7.730429571,1,15027,0,0,23,15050,7340,0,0,1,7341,7308,0,0,1,7309,32,0,0,0,32,0.509354954934679,70082560,98979840,django__django-11149
32,32,1,7.714274223,1,15027,0,0,23,15050,3114,0,0,1,3115,3114,0,0,1,3115,0,0,0,0,0,0.1905761059606447,70119424,84873216,django__django-11149
33,33,1,7.733393245,1,15061,0,0,23,15084,7682,0,0,1,7683,7647,0,0,1,7648,35,0,0,0,35,0.5741243610391393,70533120,100024320,django__django-11149
34,34,1,7.749675357,1,15061,0,0,23,15084,7685,0,0,1,7686,7685,0,0,1,7686,0,0,0,0,0,0.6384630929678679,70266880,103010304,django__django-11149
35,35,1,7.759874082,1,15061,0,0,23,15084,7677,0,0,1,7678,7677,0,0,1,7678,0,0,0,0,0,0.5575718829641119,70307840,99524608,django__django-11149
36,36,1,7.767408325,1,15063,0,0,23,15086,7565,0,0,1,7566,7563,0,0,1,7564,2,0,0,0,2,0.4887908389791846,70291456,98516992,django__django-11149
37,37,1,7.725175634,1,15063,0,0,23,15086,3193,0,0,1,3194,3192,0,0,1,3193,1,0,0,0,1,0.1888088540872559,70283264,85000192,django__django-11149
38,38,1,7.760582292,1,15095,0,0,23,15118,7785,0,0,1,7786,7752,0,0,1,7753,33,0,0,0,33,0.9742144589545204,70533120,103780352,django__django-11149
39,39,1,7.775934192,1,15095,0,0,23,15118,7641,0,0,1,7642,7641,0,0,1,7642,0,0,0,0,0,0.5686326110735536,70676480,100417536,django__django-11149
40,40,1,7.790832231,1,15095,0,0,23,15118,3137,0,0,1,3138,3137,0,0,1,3138,0,0,0,0,0,0.1819616029970348,70438912,85364736,django__django-11149
41,41,1,7.865312095,1,15095,0,0,23,15118,7636,0,0,1,7637,7635,0,0,1,7636,1,0,0,0,1,0.5619908530497923,70594560,99930112,django__django-11149
42,42,1,7.783762703,1,15095,0,0,23,15118,3130,0,0,1,3131,3130,0,0,1,3131,0,0,0,0,0,0.185500199906528,70496256,85237760,django__django-11149
43,43,1,7.761048155,1,15095,0,0,23,15118,7583,0,0,1,7584,7582,0,0,1,7583,1,0,0,0,1,0.5236435829428956,70504448,99926016,django__django-11149
44,45,1,7.794369889,1,15161,0,0,23,15184,3278,0,0,1,3279,3212,0,0,1,3213,66,0,0,0,66,0.1931801360333338,70766592,85139456,django__django-11149
45,46,1,7.81997514,1,15184,0,0,23,15207,3241,0,0,1,3242,3218,0,0,1,3219,23,0,0,0,23,0.198133765021339,70950912,85606400,django__django-11149
46,47,1,7.913044408,1,15184,0,0,23,15207,3184,0,0,1,3185,3184,0,0,1,3185,0,0,0,0,0,0.1839437000453472,70955008,85499904,django__django-11149
47,48,1,7.777941512,1,15184,0,0,23,15207,3202,0,0,1,3203,3202,0,0,1,3203,0,0,0,0,0,0.1902148249791935,70885376,85454848,django__django-11149
48,49,1,7.900939343,1,15184,0,0,23,15207,3210,0,0,1,3211,3210,0,0,1,3211,0,0,0,0,0,0.1903513369616121,70905856,85753856,django__django-11149
49,50,1,7.817652938,1,15184,0,0,23,15207,3206,0,0,1,3207,3206,0,0,1,3207,0,0,0,0,0,0.1832572770072147,70897664,85659648,django__django-11149
50,51,1,7.899044481,1,15184,0,0,23,15207,3194,0,0,1,3195,3194,0,0,1,3195,0,0,0,0,0,0.1868050409248098,70873088,85495808,django__django-11149
51,52,1,7.833384178,1,15184,0,0,23,15207,3224,0,0,1,3225,3224,0,0,1,3225,0,0,0,0,0,0.189132155966945,70885376,85516288,django__django-11149
52,53,1,7.838983724,1,15184,0,0,23,15207,3234,0,0,1,3235,3234,0,0,1,3235,0,0,0,0,0,0.1830111029557883,70975488,85778432,django__django-11149
53,54,1,7.821760744,1,15184,0,0,23,15207,3235,0,0,1,3236,3235,0,0,1,3236,0,0,0,0,0,0.1878117650048807,70905856,85774336,django__django-11149
54,55,1,7.829738723,1,15184,0,0,23,15207,3225,0,0,1,3226,3225,0,0,1,3226,0,0,0,0,0,0.1837757600005716,70926336,85823488,django__django-11149
55,56,1,7.838700923,1,15184,0,0,23,15207,3193,0,0,1,3194,3193,0,0,1,3194,0,0,0,0,0,0.186836312059313,70901760,85692416,django__django-11149
56,57,1,8.152219994,1,16759,0,0,23,16782,4929,0,0,1,4930,3354,0,0,1,3355,1575,0,0,0,1575,0.2695881029358133,78032896,85356544,django__django-11149
57,58,1,8.428636604,1,16759,0,0,23,16782,4951,0,0,1,4952,4951,0,0,1,4952,0,0,0,0,0,0.204682580078952,78131200,92762112,django__django-11149
58,59,1,8.530581266,1,16759,0,0,23,16782,4921,0,0,1,4922,4921,0,0,1,4922,0,0,0,0,0,0.2143567149760201,78012416,92569600,django__django-11149
59,60,1,8.549250825,1,16759,0,0,23,16782,3175,0,0,1,3176,3175,0,0,1,3176,0,0,0,0,0,0.1845822910545393,78004224,92635136,django__django-11149
60,61,1,8.453101938,1,16759,0,0,23,16782,3165,0,0,1,3166,3165,0,0,1,3166,0,0,0,0,0,0.1834391619777307,78004224,92536832,django__django-11149
61,62,1,8.449642721,1,16759,0,0,23,16782,3217,0,0,1,3218,3217,0,0,1,3218,0,0,0,0,0,0.189610478002578,78004224,92725248,django__django-11149
62,63,1,8.440679451,1,16759,0,0,23,16782,3180,0,0,1,3181,3180,0,0,1,3181,0,0,0,0,0,0.1880597079871222,78028800,92696576,django__django-11149
63,64,1,8.933676866,1,19179,0,0,23,19202,6239,0,0,1,6240,3819,0,0,1,3820,2420,0,0,0,2420,0.1984803410014137,87965696,94519296,django__django-11149
64,65,1,10.05272438,1,19179,0,0,23,19202,3113,0,0,1,3114,3113,0,0,1,3114,0,0,0,0,0,0.1837685870705172,87982080,102801408,django__django-11149
65,67,1,10.077228749,1,19179,0,0,23,19202,3099,0,0,1,3100,3099,0,0,1,3100,0,0,0,0,0,0.1843021030072122,87945216,102449152,django__django-11149
0,0,0,3.500196323,1,616,0,0,23,639,0,0,0,0,0,0,0,0,0,0,0,0,0,0,0,0.0,4075520,11292672,django__django-11163
1,1,1,3.502843739,1,9949,0,0,23,9972,9859,0,0,1,9860,0,0,0,0,0,9859,0,0,1,9860,0.6666395020438358,50728960,52146176,django__django-11163
2,2,1,5.883044807,1,9949,0,0,23,9972,3208,0,0,1,3209,3193,0,0,1,3194,15,0,0,0,15,0.1865519889397546,50683904,65646592,django__django-11163
3,3,1,5.887766681,1,10000,0,0,23,10023,3216,0,0,1,3217,3165,0,0,1,3166,51,0,0,0,51,0.1829581260681152,50925568,65495040,django__django-11163
4,4,1,5.9158242,1,10000,0,0,23,10023,3218,0,0,1,3219,3214,0,0,1,3215,4,0,0,0,4,0.1810506380861625,50909184,65486848,django__django-11163
5,5,1,6.131623473,1,14388,0,0,23,14411,7510,0,0,1,7511,3122,0,0,1,3123,4388,0,0,0,4388,0.2039147940231487,68972544,74784768,django__django-11163
6,6,1,6.58526381,1,14397,0,0,23,14420,3091,0,0,1,3092,3082,0,0,1,3083,9,0,0,0,9,0.1792227330151945,69013504,83513344,django__django-11163
7,8,1,6.414937173,1,14397,0,0,23,14420,3099,0,0,1,3100,3098,0,0,1,3099,1,0,0,0,1,0.1815325020579621,69070848,83517440,django__django-11163
0,0,0,3.595585461,1,616,0,0,24,640,0,0,0,0,0,0,0,0,0,0,0,0,0,0,0,0.0,4235264,10911744,django__django-11179
1,1,1,2.977034236,1,5207,0,0,24,5231,5114,0,0,1,5115,0,0,0,0,0,5114,0,0,1,5115,0.2404073369689285,23982080,37621760,django__django-11179
2,2,1,4.453793587,1,5207,0,0,24,5231,3221,0,0,1,3222,3209,0,0,1,3210,12,0,0,0,12,0.1871271829586476,23846912,38596608,django__django-11179
3,3,1,4.449707318,1,5398,0,0,24,5422,3309,0,0,1,3310,3112,0,0,1,3113,197,0,0,0,197,0.1901994539657607,24862720,38453248,django__django-11179
4,4,1,4.45221246,1,5398,0,0,24,5422,3184,0,0,1,3185,3180,0,0,1,3181,4,0,0,0,4,0.190282701049,24625152,39460864,django__django-11179
5,5,1,4.480522888,1,5439,0,0,24,5463,3198,0,0,1,3199,3157,0,0,1,3158,41,0,0,0,41,0.1900807589991018,24825856,39428096,django__django-11179
6,6,1,4.497044552,1,5439,0,0,24,5463,3214,0,0,1,3215,3214,0,0,1,3215,0,0,0,0,0,0.1856390229659155,24879104,39571456,django__django-11179
7,7,1,4.490625807,1,5439,0,0,24,5463,3234,0,0,1,3235,3234,0,0,1,3235,0,0,0,0,0,0.184097797027789,24838144,39464960,django__django-11179
8,8,1,5.160829803,1,9270,0,0,24,9294,6986,0,0,1,6987,3153,0,0,1,3154,3833,0,0,0,3833,0.19810883293394,40640512,44187648,django__django-11179
9,9,1,6.514870666,1,9279,0,0,24,9303,3107,0,0,1,3108,3098,0,0,1,3099,9,0,0,0,9,0.185634167981334,40587264,55128064,django__django-11179
10,10,1,6.584189663,1,9279,0,0,24,9303,3122,0,0,1,3123,3121,0,0,1,3122,1,0,0,0,1,0.1845517429756,40620032,55533568,django__django-11179
0,0,0,3.497116233,1,616,0,0,23,639,0,0,0,0,0,0,0,0,0,0,0,0,0,0,0,0.0,4247552,8826880,django__django-11206
1,1,1,2.949152668,1,5404,0,0,23,5427,5318,0,0,1,5319,0,0,0,0,0,5318,0,0,1,5319,0.3643251589965075,27471872,37543936,django__django-11206
2,2,1,4.671344346,1,5414,0,0,23,5437,3137,0,0,1,3138,3120,0,0,1,3121,17,0,0,0,17,0.1812319059390574,27353088,42029056,django__django-11206
3,3,1,4.670880596,1,5415,0,0,23,5438,3096,0,0,1,3097,3094,0,0,1,3095,2,0,0,0,2,0.181806617998518,27381760,41852928,django__django-11206
4,4,1,4.83256997,1,6716,0,0,23,6739,4418,0,0,1,4419,3116,0,0,1,3117,1302,0,0,0,1302,0.2023418949684128,32784384,42090496,django__django-11206
5,5,1,5.047071109,1,6716,0,0,23,6739,3117,0,0,1,3118,3114,0,0,1,3115,3,0,0,0,3,0.1840272430563345,32870400,47501312,django__django-11206
6,6,1,5.350615087,1,9683,0,0,23,9706,6798,0,0,1,6799,3831,0,0,1,3832,2967,0,0,0,2967,0.2604671370936557,45219840,53334016,django__django-11206
7,7,1,5.650301968,1,9683,0,0,23,9706,3139,0,0,1,3140,3139,0,0,1,3140,0,0,0,0,0,0.1869902239413932,45232128,59965440,django__django-11206
8,8,1,5.664303419,1,9683,0,0,23,9706,4851,0,0,1,4852,4851,0,0,1,4852,0,0,0,0,0,0.2320772670209407,45240320,60026880,django__django-11206
9,9,1,5.58692457,1,9764,0,0,23,9787,3245,0,0,1,3246,3162,0,0,1,3163,83,0,0,0,83,0.1917299709748476,45600768,60067840,django__django-11206
10,10,1,5.59339411,1,9764,0,0,23,9787,3145,0,0,1,3146,3145,0,0,1,3146,0,0,0,0,0,0.1860871640965342,45694976,60547072,django__django-11206
11,11,1,5.597757953,1,9764,0,0,23,9787,4892,0,0,1,4893,4891,0,0,1,4892,1,0,0,0,1,0.2326493799919262,45637632,60350464,django__django-11206
12,12,1,5.654350972,1,9765,0,0,23,9788,3105,0,0,1,3106,3104,0,0,1,3105,1,0,0,0,1,0.1873478010529652,45703168,60391424,django__django-11206
13,13,1,5.67356563,1,9765,0,0,23,9788,4883,0,0,1,4884,4882,0,0,1,4883,1,0,0,0,1,0.2392513810191303,45658112,60416000,django__django-11206
14,14,1,5.771129926,1,11647,0,0,23,11670,5686,0,0,1,5687,3802,0,0,1,3803,1884,0,0,0,1884,0.1927208279957994,53362688,60383232,django__django-11206
15,15,1,5.763269698,1,11647,0,0,23,11670,3129,0,0,1,3130,3129,0,0,1,3130,0,0,0,0,0,0.1819179389858618,53424128,67837952,django__django-11206
16,16,1,5.788412956,1,11647,0,0,23,11670,3101,0,0,1,3102,3101,0,0,1,3102,0,0,0,0,0,0.1819667830131948,53358592,68059136,django__django-11206
0,0,0,3.411792621,1,616,0,0,23,639,0,0,0,0,0,0,0,0,0,0,0,0,0,0,0,0.0,4366336,8634368,django__django-11211
1,1,1,2.912637916,1,5207,0,0,23,5230,5116,0,0,1,5117,0,0,0,0,0,5116,0,0,1,5117,0.2434553989442065,23900160,37568512,django__django-11211
2,1,2,4.497919251,1,5438,0,0,23,5461,3388,0,0,1,3389,3143,0,0,1,3144,245,0,0,0,245,0.3099738729652017,27762688,38572032,django__django-11211
3,2,1,5.827992793,1,9997,0,0,23,10020,7883,0,0,1,7884,3319,0,0,1,3320,4564,0,0,0,4564,0.5965716529171914,51232768,53239808,django__django-11211
4,3,1,7.322291936,1,9997,0,0,23,10020,7860,0,0,1,7861,7860,0,0,1,7861,0,0,0,0,0,0.3615169649710879,51281920,65855488,django__django-11211
5,4,1,7.24823717,1,10006,0,0,23,10029,3135,0,0,1,3136,3123,0,0,1,3124,12,0,0,0,12,0.1856053890660405,51322880,65921024,django__django-11211
6,5,1,7.2060677,1,10006,0,0,23,10029,3113,0,0,1,3114,3113,0,0,1,3114,0,0,0,0,0,0.1817371170036494,51257344,66002944,django__django-11211
7,6,1,7.219666012,1,10006,0,0,23,10029,4849,0,0,1,4850,4849,0,0,1,4850,0,0,0,0,0,0.2933948870049789,51314688,65826816,django__django-11211
8,7,1,7.208462724,1,10006,0,0,23,10029,3137,0,0,1,3138,3137,0,0,1,3138,0,0,0,0,0,0.1873936599586159,51240960,66174976,django__django-11211
9,8,1,7.202559185,1,10006,0,0,23,10029,4873,0,0,1,4874,4873,0,0,1,4874,0,0,0,0,0,0.291125888004899,51310592,66048000,django__django-11211
10,9,1,7.186476776,1,10006,0,0,23,10029,3199,0,0,1,3200,3199,0,0,1,3200,0,0,0,0,0,0.1885677879909053,51240960,65736704,django__django-11211
11,10,1,7.222039264,1,10006,0,0,23,10029,3216,0,0,1,3217,3216,0,0,1,3217,0,0,0,0,0,0.1823783949948847,51326976,65941504,django__django-11211
12,11,1,7.210331745,1,10006,0,0,23,10029,3186,0,0,1,3187,3186,0,0,1,3187,0,0,0,0,0,0.1846214740071445,51347456,65986560,django__django-11211
13,12,1,7.284940918,1,10006,0,0,23,10029,3196,0,0,1,3197,3196,0,0,1,3197,0,0,0,0,0,0.1901296040741726,51261440,65757184,django__django-11211
14,13,1,7.299571379,1,10006,0,0,23,10029,3202,0,0,1,3203,3202,0,0,1,3203,0,0,0,0,0,0.1901406579418108,51228672,66035712,django__django-11211
15,14,1,7.20764667,1,10006,0,0,23,10029,4879,0,0,1,4880,4879,0,0,1,4880,0,0,0,0,0,0.2906774730654433,51273728,65843200,django__django-11211
16,15,1,7.21394661,1,10006,0,0,23,10029,3210,0,0,1,3211,3209,0,0,1,3210,1,0,0,0,1,0.1901614150265231,51261440,66023424,django__django-11211
17,16,1,7.223774134,1,10006,0,0,23,10029,3195,0,0,1,3196,3195,0,0,1,3196,0,0,0,0,0,0.1874322380172088,51257344,65978368,django__django-11211
18,17,1,7.225117805,1,10006,0,0,23,10029,3196,0,0,1,3197,3196,0,0,1,3197,0,0,0,0,0,0.1869345949962735,51232768,65802240,django__django-11211
19,18,1,7.21038023,1,10006,0,0,23,10029,3221,0,0,1,3222,3221,0,0,1,3222,0,0,0,0,0,0.1823107349919155,51240960,65867776,django__django-11211
20,19,1,7.211930459,1,10006,0,0,23,10029,3181,0,0,1,3182,3181,0,0,1,3182,0,0,0,0,0,0.1876088340068236,51392512,65880064,django__django-11211
21,20,1,7.235007997,1,10043,0,0,23,10066,3217,0,0,1,3218,3180,0,0,1,3181,37,0,0,0,37,0.185574157978408,51408896,65818624,django__django-11211
22,21,1,7.270092839,1,10043,0,0,23,10066,3202,0,0,1,3203,3202,0,0,1,3203,0,0,0,0,0,0.1850092209642753,51425280,66023424,django__django-11211
23,23,1,7.223334515,1,10043,0,0,23,10066,3210,0,0,1,3211,3210,0,0,1,3211,0,0,0,0,0,0.1849174050148576,51433472,66433024,django__django-11211
24,24,1,7.234887157,1,10043,0,0,23,10066,3190,0,0,1,3191,3190,0,0,1,3191,0,0,0,0,0,0.1838416419923305,51449856,66088960,django__django-11211
25,25,1,7.238341104,1,10043,0,0,23,10066,3151,0,0,1,3152,3151,0,0,1,3152,0,0,0,0,0,0.1867380290059372,51499008,66375680,django__django-11211
26,26,1,7.249492561,1,10043,0,0,23,10066,3228,0,0,1,3229,3228,0,0,1,3229,0,0,0,0,0,0.2085229969816282,51654656,66174976,django__django-11211
27,27,1,7.22406908,1,10043,0,0,23,10066,3222,0,0,1,3223,3222,0,0,1,3223,0,0,0,0,0,0.209967372007668,51654656,66048000,django__django-11211
28,28,1,7.313530341,1,10043,0,0,23,10066,3200,0,0,1,3201,3200,0,0,1,3201,0,0,0,0,0,0.1886827829293906,51703808,66322432,django__django-11211
29,29,1,7.211906384,1,10043,0,0,23,10066,3088,0,0,1,3089,3088,0,0,1,3089,0,0,0,0,0,0.1854109549894929,51453952,66166784,django__django-11211
30,30,1,7.321881968,1,10043,0,0,23,10066,3123,0,0,1,3124,3123,0,0,1,3124,0,0,0,0,0,0.188441762002185,51544064,66039808,django__django-11211
31,31,1,7.315677725,1,10045,0,0,23,10068,3116,0,0,1,3117,3114,0,0,1,3115,2,0,0,0,2,0.1811085080262273,51535872,66220032,django__django-11211
32,32,1,7.223290931,1,10052,0,0,23,10075,3129,0,0,1,3130,3122,0,0,1,3123,7,0,0,0,7,0.1840826659463346,51564544,66183168,django__django-11211
33,33,1,8.037469513,1,17230,0,0,23,17253,10761,0,0,1,10762,3583,0,0,1,3584,7178,0,0,0,7178,0.6036408259533346,82407424,105414656,django__django-11211
34,34,1,9.203960173,1,17231,0,0,23,17254,3101,0,0,1,3102,3100,0,0,1,3101,1,0,0,0,1,0.1806163099827245,82333696,97120256,django__django-11211
35,35,1,9.306938229,1,18490,0,0,23,18513,8262,0,0,1,8263,7003,0,0,1,7004,1259,0,0,0,1259,0.6313534289365634,88227840,117657600,django__django-11211
36,36,1,9.54123055,1,18490,0,0,23,18513,3119,0,0,1,3120,3119,0,0,1,3120,0,0,0,0,0,0.1842485719826072,88244224,103051264,django__django-11211
37,37,1,9.604423628,1,18490,0,0,23,18513,7217,0,0,1,7218,7217,0,0,1,7218,0,0,0,0,0,0.4591381760546937,88236032,115437568,django__django-11211
38,38,1,9.561096995,1,18490,0,0,23,18513,3214,0,0,1,3215,3214,0,0,1,3215,0,0,0,0,0,0.1850821720436215,88244224,102858752,django__django-11211
39,39,1,9.594498935,1,18507,0,0,23,18530,3084,0,0,1,3085,3067,0,0,1,3068,17,0,0,0,17,0.1847791440086439,88293376,102891520,django__django-11211
40,40,1,9.591796167,1,18507,0,0,23,18530,3092,0,0,1,3093,3092,0,0,1,3093,0,0,0,0,0,0.1804014680674299,88289280,102866944,django__django-11211
41,41,1,9.659727402,1,18518,0,0,23,18541,7697,0,0,1,7698,7686,0,0,1,7687,11,0,0,0,11,0.5204972920473665,88334336,120213504,django__django-11211
42,42,1,9.604451455,1,18518,0,0,23,18541,3104,0,0,1,3105,3104,0,0,1,3105,0,0,0,0,0,0.1810398490633815,88367104,103124992,django__django-11211
43,43,1,9.539903692,1,18518,0,0,23,18541,7712,0,0,1,7713,7712,0,0,1,7713,0,0,0,0,0,0.5555013730190694,88363008,119480320,django__django-11211
44,44,1,9.691335201,1,18518,0,0,23,18541,3092,0,0,1,3093,3092,0,0,1,3093,0,0,0,0,0,0.1810251829447224,88367104,103112704,django__django-11211
45,45,1,9.5996399,1,18552,0,0,23,18575,7764,0,0,1,7765,7730,0,0,1,7731,34,0,0,0,34,0.5818064539926127,88576000,120193024,django__django-11211
46,46,1,9.613742563,1,18552,0,0,23,18575,3095,0,0,1,3096,3095,0,0,1,3096,0,0,0,0,0,0.183785730972886,88580096,103272448,django__django-11211
47,47,1,9.593555469,1,18553,0,0,23,18576,3112,0,0,1,3113,3111,0,0,1,3112,1,0,0,0,1,0.1811404239851981,88592384,103223296,django__django-11211
48,48,1,9.691341846,1,18553,0,0,23,18576,3781,0,0,1,3782,3781,0,0,1,3782,0,0,0,0,0,0.195724980905652,88563712,103235584,django__django-11211
49,49,1,9.58359478,1,18553,0,0,23,18576,3074,0,0,1,3075,3074,0,0,1,3075,0,0,0,0,0,0.1867404169170186,88584192,103342080,django__django-11211
50,50,1,9.710215479,1,18553,0,0,23,18576,3793,0,0,1,3794,3793,0,0,1,3794,0,0,0,0,0,0.1974942340748384,88596480,103346176,django__django-11211
51,51,1,9.70997686,1,18553,0,0,23,18576,3090,0,0,1,3091,3090,0,0,1,3091,0,0,0,0,0,0.1857630620943382,88625152,103260160,django__django-11211
52,52,1,9.627255348,1,18553,0,0,23,18576,3789,0,0,1,3790,3789,0,0,1,3790,0,0,0,0,0,0.1955741390120238,88584192,103231488,django__django-11211
53,53,1,9.704762054,1,18553,0,0,23,18576,3089,0,0,1,3090,3089,0,0,1,3090,0,0,0,0,0,0.1921825000317767,88670208,103276544,django__django-11211
54,54,1,9.544416963,1,18553,0,0,23,18576,7015,0,0,1,7016,7015,0,0,1,7016,0,0,0,0,0,0.4275477479677647,88612864,112463872,django__django-11211
55,55,1,9.604313367,1,18553,0,0,23,18576,3138,0,0,1,3139,3138,0,0,1,3139,0,0,0,0,0,0.190052781952545,88641536,103485440,django__django-11211
56,56,1,9.947921965,1,18553,0,0,23,18576,7493,0,0,1,7494,7493,0,0,1,7494,0,0,0,0,0,0.4696290789870545,88637440,116731904,django__django-11211
57,57,1,10.036967921,1,18553,0,0,23,18576,3095,0,0,1,3096,3095,0,0,1,3096,0,0,0,0,0,0.1823916180292144,88621056,103383040,django__django-11211
58,58,1,9.961317424,1,18553,0,0,23,18576,7463,0,0,1,7464,7463,0,0,1,7464,0,0,0,0,0,0.4495943000074476,88612864,114401280,django__django-11211
59,59,1,9.965905344,1,18553,0,0,23,18576,3136,0,0,1,3137,3136,0,0,1,3137,0,0,0,0,0,0.1834369120188057,88686592,103333888,django__django-11211
60,60,1,9.95949422,1,18553,0,0,23,18576,7463,0,0,1,7464,7463,0,0,1,7464,0,0,0,0,0,0.4691645649727434,88735744,116293632,django__django-11211
61,61,1,9.976954561,1,18553,0,0,23,18576,3134,0,0,1,3135,3134,0,0,1,3135,0,0,0,0,0,0.1860205370467156,88625152,103317504,django__django-11211
62,62,1,9.55026406,1,18553,0,0,23,18576,7512,0,0,1,7513,7512,0,0,1,7513,0,0,0,0,0,0.4671222389442846,88682496,116654080,django__django-11211
63,64,1,9.648708382,1,18553,0,0,23,18576,3278,0,0,1,3279,3278,0,0,1,3279,0,0,0,0,0,0.2702401729766279,88817664,103292928,django__django-11211
0,0,0,3.43858678,1,616,0,0,23,639,0,0,0,0,0,0,0,0,0,0,0,0,0,0,0,0.0,4374528,8949760,django__django-11239
1,1,1,2.967189571,1,5207,0,0,23,5230,5113,0,0,1,5114,0,0,0,0,0,5113,0,0,1,5114,0.242889059940353,23904256,37744640,django__django-11239
2,1,2,4.674608093,1,5438,0,0,23,5461,3375,0,0,1,3376,3125,0,0,1,3126,250,0,0,0,250,0.3086876260349527,27705344,38633472,django__django-11239
3,1,3,4.695131867,1,5438,0,0,23,5461,3315,0,0,1,3316,3312,0,0,1,3313,3,0,0,0,3,0.2919927869224921,27656192,42401792,django__django-11239
4,2,1,4.728036216,1,5448,0,0,23,5471,3142,0,0,1,3143,3132,0,0,1,3133,10,0,0,0,10,0.1851752570364624,27869184,42471424,django__django-11239
5,2,2,4.733498964,1,5449,0,0,23,5472,3128,0,0,1,3129,3127,0,0,1,3128,1,0,0,0,1,0.1803273030091077,27697152,42258432,django__django-11239
6,2,3,4.734097921,1,5450,0,0,23,5473,3123,0,0,1,3124,3118,0,0,1,3119,5,0,0,0,5,0.1803242950700223,27742208,42500096,django__django-11239
7,3,1,4.796023499,1,5450,0,0,23,5473,3347,0,0,1,3348,3347,0,0,1,3348,0,0,0,0,0,0.299036763026379,27709440,42442752,django__django-11239
8,4,1,4.719492722,1,5451,0,0,23,5474,3123,0,0,1,3124,3122,0,0,1,3123,1,0,0,0,1,0.1852274509146809,27701248,42020864,django__django-11239
9,5,1,4.813585,1,5454,0,0,23,5477,3109,0,0,1,3110,3106,0,0,1,3107,3,0,0,0,3,0.1818737699650228,27734016,42283008,django__django-11239
10,6,1,4.765396612,1,5454,0,0,23,5477,3172,0,0,1,3173,3172,0,0,1,3173,0,0,0,0,0,0.1844812509370967,27750400,42680320,django__django-11239
11,7,1,4.808371538,1,5454,0,0,23,5477,3149,0,0,1,3150,3149,0,0,1,3150,0,0,0,0,0,0.1794193179812282,27787264,42393600,django__django-11239
12,8,1,4.752897592,1,5454,0,0,23,5477,3203,0,0,1,3204,3203,0,0,1,3204,0,0,0,0,0,0.1855769059620797,27754496,42463232,django__django-11239
13,10,1,4.761824676,1,5465,0,0,23,5488,3186,0,0,1,3187,3175,0,0,1,3176,11,0,0,0,11,0.1860325449379161,27811840,42311680,django__django-11239
14,11,1,4.75395354,1,5465,0,0,23,5488,3197,0,0,1,3198,3197,0,0,1,3198,0,0,0,0,0,0.1828928369795903,27795456,42422272,django__django-11239
15,13,1,4.774810763,1,5465,0,0,23,5488,3113,0,0,1,3114,3113,0,0,1,3114,0,0,0,0,0,0.1869331719353795,27811840,42606592,django__django-11239
16,14,1,4.754157586,1,5465,0,0,23,5488,3101,0,0,1,3102,3101,0,0,1,3102,0,0,0,0,0,0.1840838639764115,27791360,42414080,django__django-11239
17,15,1,4.761854132,1,5545,0,0,23,5568,3284,0,0,1,3285,3204,0,0,1,3205,80,0,0,0,80,0.1920400749659165,28205056,42508288,django__django-11239
18,16,1,4.843898086,1,5580,0,0,23,5603,3245,0,0,1,3246,3210,0,0,1,3211,35,0,0,0,35,0.1844558850862085,28344320,42770432,django__django-11239
19,17,1,4.791455267,1,5613,0,0,23,5636,3140,0,0,1,3141,3107,0,0,1,3108,33,0,0,0,33,0.1867200860287994,28450816,43020288,django__django-11239
20,18,1,5.211008871,1,10004,0,0,23,10027,7522,0,0,1,7523,3131,0,0,1,3132,4391,0,0,0,4391,0.2018681230256334,46505984,51908608,django__django-11239
21,19,1,5.796465367,1,10004,0,0,23,10027,3120,0,0,1,3121,3120,0,0,1,3121,0,0,0,0,0,0.1832584139192477,46559232,61112320,django__django-11239
22,20,1,5.81899743,1,10004,0,0,23,10027,3132,0,0,1,3133,3132,0,0,1,3133,0,0,0,0,0,0.1842108779819682,46575616,61267968,django__django-11239
