run,task_id,call_index,before_mib,demoted_mib,residual_user_bytes,residual_kmem_bytes,user_residual_pct_of_total_before,total_residual_pct_of_total_before
qwen-run-20260923T053154Z-PF12hU,astropy__astropy-12907,1,4.26171875,3.46484375,114688.0,720896.0,2.5664527956003664,18.698441796516956
qwen-run-20260923T053154Z-PF12hU,astropy__astropy-12907,2,29.0390625,26.625,217088.0,2314240.0,0.712940543449018,8.31315577078289
qwen-run-20260923T053154Z-PF12hU,astropy__astropy-12907,3,28.453125,25.94140625,339968.0,2293760.0,1.1394838001098297,8.827567270730368
qwen-run-20260923T053154Z-PF12hU,astropy__astropy-12907,4,24.67578125,23.48828125,421888.0,823296.0,1.6305208168434384,4.812410954567041
qwen-run-20260923T053154Z-PF12hU,astropy__astropy-12907,5,24.51953125,22.34375,458752.0,1822720.0,1.7842918591683925,8.873665763899952
qwen-run-20260923T053154Z-PF12hU,astropy__astropy-12907,6,107.8046875,102.48046875,548864.0,5033984.0,0.48554243061091384,4.93876367852743
qwen-run-20260923T053154Z-PF12hU,astropy__astropy-12907,7,24.31640625,22.2578125,487424.0,1671168.0,1.9116465863453815,8.465863453815262
qwen-run-20260923T053154Z-PF12hU,astropy__astropy-12907,8,24.39453125,22.4140625,405504.0,1671168.0,1.5852682145716572,8.11849479583667
qwen-run-20260923T053154Z-PF12hU,astropy__astropy-12907,9,100.87109375,96.35546875,221184.0,4513792.0,0.20911590442628664,4.476629361421988
qwen-run-20260923T053154Z-PF12hU,astropy__astropy-12907,10,38.3359375,36.40234375,274432.0,1753088.0,0.6826981862645201,5.043814958222947
qwen-run-20260923T053154Z-PF12hU,astropy__astropy-12907,11,24.03125,22.23828125,225280.0,1654784.0,0.8940182054616385,7.460988296488947
qwen-run-20260923T053154Z-PF12hU,astropy__astropy-13033,1,3.91015625,3.11328125,114688.0,720896.0,2.797202797202797,20.37962037962038
qwen-run-20260923T053154Z-PF12hU,astropy__astropy-13033,2,29.015625,26.484375,16384.0,2637824.0,0.053850296176628974,8.723747980613894
qwen-run-20260923T053154Z-PF12hU,astropy__astropy-13033,3,25.7421875,23.546875,348160.0,1953792.0,1.289833080424886,8.528072837632777
qwen-run-20260923T053154Z-PF12hU,astropy__astropy-13033,4,25.5234375,23.33984375,323584.0,1966080.0,1.209060299969391,8.555249464340374
qwen-run-20260923T053154Z-PF12hU,astropy__astropy-13033,5,25.99609375,23.859375,262144.0,1978368.0,0.9616829451540195,8.21938392186326
qwen-run-20260923T053154Z-PF12hU,astropy__astropy-13033,6,25.5703125,23.42578125,294912.0,1953792.0,1.0999083409715857,8.386801099908341
qwen-run-20260923T053154Z-PF12hU,astropy__astropy-13033,7,25.62109375,23.48046875,282624.0,1961984.0,1.05198963256594,8.354932154291813
qwen-run-20260923T053154Z-PF12hU,astropy__astropy-13033,8,25.46484375,23.19921875,311296.0,2064384.0,1.165822978984507,8.8970701027765
qwen-run-20260923T053154Z-PF12hU,astropy__astropy-13033,9,25.48046875,23.359375,262144.0,1961984.0,0.9811436455618581,8.32439061781389
qwen-run-20260923T053154Z-PF12hU,astropy__astropy-13033,10,24.796875,22.66015625,290816.0,1949696.0,1.1184625078764965,8.616887208569628
qwen-run-20260923T053154Z-PF12hU,astropy__astropy-13033,11,31.99609375,29.55859375,303104.0,2252800.0,0.9034305945549994,7.618117445977292
qwen-run-20260923T053154Z-PF12hU,astropy__astropy-13033,12,24.8828125,22.796875,217088.0,1970176.0,0.8320251177394035,8.383045525902668
qwen-run-20260923T053154Z-PF12hU,astropy__astropy-13033,13,102.58203125,97.2734375,471040.0,5095424.0,0.43791173222649554,5.174974296485282
qwen-run-20260923T053154Z-PF12hU,astropy__astropy-13033,14,26.5546875,24.2578125,405504.0,2002944.0,1.4563106796116505,8.649602824360105
qwen-run-20260923T053154Z-PF12hU,astropy__astropy-13033,15,25.64453125,23.3828125,372736.0,1998848.0,1.386138613861386,8.819497334348819
qwen-run-20260923T053154Z-PF12hU,astropy__astropy-13033,16,24.859375,22.73828125,266240.0,1957888.0,1.021370207416719,8.532369578881207
qwen-run-20260923T053154Z-PF12hU,astropy__astropy-13033,17,32.0234375,29.69140625,344064.0,2101248.0,1.0246401561356429,7.2822639668211755
qwen-run-20260923T053154Z-PF12hU,astropy__astropy-13033,18,25.22265625,22.96484375,303104.0,2064384.0,1.1460430540498683,8.95152547622735
qwen-run-20260923T053154Z-PF12hU,astropy__astropy-13033,19,25.640625,23.38671875,385024.0,1978368.0,1.4320536258379037,8.790371724558197
qwen-run-20260923T053154Z-PF12hU,astropy__astropy-13033,20,26.5625,24.2109375,446464.0,2019328.0,1.6029411764705883,8.852941176470589
qwen-run-20260923T053154Z-PF12hU,astropy__astropy-13033,21,25.00390625,22.77734375,368640.0,1966080.0,1.4060303077644118,8.904858615841274
qwen-run-20260923T053154Z-PF12hU,astropy__astropy-13033,22,32.05859375,29.5546875,364544.0,2260992.0,1.0844401120994274,7.81040575118801
qwen-run-20260923T053154Z-PF12hU,astropy__astropy-13033,23,25.08203125,22.8203125,380928.0,1990656.0,1.4483725276436692,9.017287026942844
qwen-run-20260923T053154Z-PF12hU,astropy__astropy-13033,24,32.16796875,29.6328125,421888.0,2236416.0,1.2507589556769885,7.880995749848209
qwen-run-20260923T053154Z-PF12hU,astropy__astropy-13033,25,25.17578125,22.90625,389120.0,1990656.0,1.474010861132661,9.014740108611326
qwen-run-20260923T053154Z-PF12hU,astropy__astropy-13033,26,32.25,29.68359375,487424.0,2203648.0,1.441375968992248,7.957848837209302
qwen-run-20260923T053154Z-PF12hU,astropy__astropy-13033,27,25.62109375,23.18359375,450560.0,2105344.0,1.6770849214819332,9.51364537277024
qwen-run-20260923T053154Z-PF12hU,astropy__astropy-13033,28,26.44140625,24.125,401408.0,2027520.0,1.4477766287487073,8.76052592702024
qwen-run-20260923T053154Z-PF12hU,astropy__astropy-13033,29,25.1171875,22.953125,282624.0,1986560.0,1.073094867807154,8.615863141524105
qwen-run-20260923T053154Z-PF12hU,astropy__astropy-13033,30,32.2265625,30.0546875,4096.0,2273280.0,0.012121212121212121,6.739393939393939
qwen-run-20260923T053154Z-PF12hU,astropy__astropy-13033,31,25.6484375,23.5078125,262144.0,1982464.0,0.9747182455071581,8.346024977155041
qwen-run-20260923T053154Z-PF12hU,astropy__astropy-13033,32,25.1796875,22.96484375,348160.0,1974272.0,1.318647223084083,8.796152652807942
qwen-run-20260923T053154Z-PF12hU,astropy__astropy-13033,33,32.109375,29.640625,315392.0,2273280.0,0.9367396593673966,7.688564476885645
qwen-run-20260923T053154Z-PF12hU,astropy__astropy-13033,34,25.0546875,22.8984375,270336.0,1990656.0,1.028999064546305,8.606173994387278
qwen-run-20260923T053154Z-PF12hU,astropy__astropy-13033,35,32.27734375,29.76953125,352256.0,2277376.0,1.040784218806729,7.769575214813022
qwen-run-20260923T053154Z-PF12hU,astropy__astropy-13033,36,25.609375,23.46484375,266240.0,1982464.0,0.9914582062233069,8.374008541793776
qwen-run-20260923T053154Z-PF12hU,astropy__astropy-13033,37,98.2890625,97.19921875,204800.0,937984.0,0.19871234401080995,1.1088148795803194
qwen-run-20260923T053154Z-PF12hU,astropy__astropy-13033,38,39.61328125,38.02734375,327680.0,1335296.0,0.7888768366038852,4.003549945764718
qwen-run-20260923T053154Z-PF12hU,astropy__astropy-13033,39,24.875,23.28125,356352.0,1314816.0,1.3662060301507537,6.407035175879397
qwen-run-20260923T053154Z-PF12hU,astropy__astropy-13236,1,3.88671875,3.015625,36864.0,876544.0,0.9045226130653267,22.412060301507537
qwen-run-20260923T053154Z-PF12hU,astropy__astropy-13236,2,28.5078125,26.046875,233472.0,2347008.0,0.7810359002466429,8.632502055357632
qwen-run-20260923T053154Z-PF12hU,astropy__astropy-13236,3,45.015625,40.28515625,233472.0,4726784.0,0.4946199236376258,10.50850399166956
qwen-run-20260923T053154Z-PF12hU,astropy__astropy-13236,4,25.94140625,23.80859375,315392.0,1921024.0,1.1594639361541936,8.22165336545701
qwen-run-20260923T053154Z-PF12hU,astropy__astropy-13236,5,26.359375,25.12109375,299008.0,999424.0,1.0818020154119738,4.6976882039122705
qwen-run-20260923T053154Z-PF12hU,astropy__astropy-13236,6,24.8671875,23.359375,421888.0,1159168.0,1.617970468111844,6.063462142632736
qwen-run-20260923T053154Z-PF12hU,astropy__astropy-13236,7,24.29296875,22.84765625,319488.0,1196032.0,1.2542209358417753,5.949509567454575
qwen-run-20260923T053154Z-PF12hU,astropy__astropy-13236,8,23.96484375,21.90234375,323584.0,1839104.0,1.2876935615321923,8.60635696821516
qwen-run-20260923T053154Z-PF12hU,astropy__astropy-13236,9,37.56640625,35.359375,266240.0,2048000.0,0.6758864510762191,5.875012997816367
qwen-run-20260923T053154Z-PF12hU,astropy__astropy-13236,10,25.41796875,23.91796875,417792.0,1155072.0,1.5675426463808206,5.901337021668972
qwen-run-20260923T053154Z-PF12hU,astropy__astropy-13236,11,41.32421875,39.078125,290816.0,2064384.0,0.6711409395973155,5.435296341809245
qwen-run-20260923T053154Z-PF12hU,astropy__astropy-13236,12,25.07421875,23.0625,192512.0,1916928.0,0.7322012774575479,8.02305655086462
qwen-run-20260923T053154Z-PF12hU,astropy__astropy-13236,13,41.98046875,40.71875,258048.0,1064960.0,0.586210105145622,3.0054899041593
qwen-run-20260923T053154Z-PF12hU,astropy__astropy-13236,14,93.22265625,91.59375,376832.0,1331200.0,0.38550178085061804,1.74732872407291
qwen-run-20260923T053154Z-PF12hU,astropy__astropy-13236,15,42.8828125,39.93359375,335872.0,2756608.0,0.7469484423392239,6.87739114592822
qwen-run-20260923T053154Z-PF12hU,astropy__astropy-13236,16,26.1875,23.90234375,450560.0,1945600.0,1.6408114558472553,8.726133651551313
qwen-run-20260923T053154Z-PF12hU,astropy__astropy-13236,17,40.15625,37.77734375,446464.0,2048000.0,1.0603112840466926,5.924124513618677
qwen-run-20260923T053154Z-PF12hU,astropy__astropy-13398,1,4.46484375,3.703125,94208.0,704512.0,2.012248468941382,17.060367454068242
qwen-run-20260923T053154Z-PF12hU,astropy__astropy-13398,2,29.52734375,26.6640625,335872.0,2666496.0,1.0847995766635798,9.697049874322
qwen-run-20260923T053154Z-PF12hU,astropy__astropy-13398,3,25.546875,23.296875,401408.0,1957888.0,1.4984709480122325,8.807339449541285
qwen-run-20260923T053154Z-PF12hU,astropy__astropy-13398,4,25.40625,23.29296875,270336.0,1945600.0,1.014760147601476,8.317958179581796
qwen-run-20260923T053154Z-PF12hU,astropy__astropy-13398,5,25.33984375,23.015625,495616.0,1941504.0,1.8652689995375367,9.172190534915986
qwen-run-20260923T053154Z-PF12hU,astropy__astropy-13398,6,45.5546875,40.44140625,331776.0,5029888.0,0.6945635397015949,11.224489795918368
qwen-run-20260923T053154Z-PF12hU,astropy__astropy-13398,7,25.421875,23.17578125,409600.0,1945600.0,1.5365703749231714,8.835279655808236
qwen-run-20260923T053154Z-PF12hU,astropy__astropy-13398,8,45.609375,43.6953125,372736.0,1634304.0,0.7793764988009593,4.196642685851319
qwen-run-20260923T053154Z-PF12hU,astropy__astropy-13398,9,28.3203125,25.03515625,425984.0,3018752.0,1.4344827586206896,11.6
qwen-run-20260923T053154Z-PF12hU,astropy__astropy-13398,10,25.3046875,23.11328125,348160.0,1949696.0,1.312133374498302,8.660080271688793
qwen-run-20260923T053154Z-PF12hU,astropy__astropy-13398,11,45.9453125,40.9375,139264.0,5111808.0,0.28906648529161705,10.899506886583914
qwen-run-20260923T053154Z-PF12hU,astropy__astropy-13398,12,25.546875,23.265625,434176.0,1957888.0,1.620795107033639,8.929663608562691
qwen-run-20260923T053154Z-PF12hU,astropy__astropy-13398,13,45.59765625,42.56640625,585728.0,2592768.0,1.2250492589737,6.647819754990148
qwen-run-20260923T053154Z-PF12hU,astropy__astropy-13398,14,26.38671875,22.5625,622592.0,3387392.0,2.250185048112509,14.492968171724648
qwen-run-20260923T053154Z-PF12hU,astropy__astropy-13398,15,44.90234375,39.625,421888.0,5111808.0,0.8960417572857764,11.752936059156156
qwen-run-20260923T053154Z-PF12hU,astropy__astropy-13398,16,45.70703125,40.50390625,425984.0,5029888.0,0.888812921972481,11.383642423724467
qwen-run-20260923T053154Z-PF12hU,astropy__astropy-13398,17,45.69140625,40.40625,421888.0,5120000.0,0.8805676669231427,11.567068479097204
qwen-run-20260923T053154Z-PF12hU,astropy__astropy-13398,18,46.13671875,41.01953125,462848.0,4902912.0,0.9567352468038269,11.091355516044365
qwen-run-20260923T053154Z-PF12hU,astropy__astropy-13398,19,25.44921875,23.16796875,446464.0,1945600.0,1.6730621642363777,8.963929393706831
qwen-run-20260923T053154Z-PF12hU,astropy__astropy-13398,20,25.54296875,23.34375,352256.0,1953792.0,1.3151858082275578,8.609879186419942
qwen-run-20260923T053154Z-PF12hU,astropy__astropy-13398,21,26.38671875,24.21484375,290816.0,1986560.0,1.0510732790525537,8.230940044411547
qwen-run-20260923T053154Z-PF12hU,astropy__astropy-13398,22,25.4140625,23.16796875,393216.0,1961984.0,1.4755610205963725,8.837995696280357
qwen-run-20260923T053154Z-PF12hU,astropy__astropy-13398,23,39.84765625,37.57421875,315392.0,2068480.0,0.7548279580433291,5.705323007548279
qwen-run-20260923T053154Z-PF12hU,astropy__astropy-13398,24,25.23828125,23.140625,249856.0,1949696.0,0.9441262962389723,8.311406902956199
qwen-run-20260923T053154Z-PF12hU,astropy__astropy-13398,25,26.47265625,24.33203125,245760.0,1998848.0,0.8853474988933157,8.086173823225616
qwen-run-20260923T053154Z-PF12hU,astropy__astropy-13398,26,84.59765625,80.77734375,335872.0,3670016.0,0.37863046590017085,4.5158609225654525
qwen-run-20260923T053154Z-PF12hU,astropy__astropy-13398,27,26.97265625,22.234375,479232.0,4489216.0,1.6944243301955104,17.566980448950037
qwen-run-20260923T053154Z-PF12hU,astropy__astropy-13398,28,25.27734375,23.0390625,393216.0,1953792.0,1.483541956420955,8.854891052387575
qwen-run-20260923T053154Z-PF12hU,astropy__astropy-13398,29,39.9140625,38.22265625,552960.0,1220608.0,1.3211978860833822,4.237619886474849
qwen-run-20260923T053154Z-PF12hU,astropy__astropy-13398,30,24.2890625,21.96484375,458752.0,1978368.0,1.801222257960759,9.568993245416532
qwen-run-20260923T053154Z-PF12hU,astropy__astropy-13398,31,25.46875,23.26953125,335872.0,1970176.0,1.2576687116564418,8.634969325153374
qwen-run-20260923T053154Z-PF12hU,astropy__astropy-13398,32,25.26953125,23.078125,335872.0,1961984.0,1.2675838614932757,8.672128613386922
qwen-run-20260923T053154Z-PF12hU,astropy__astropy-13453,1,4.21484375,3.48046875,69632.0,700416.0,1.5755329008341057,17.42354031510658
qwen-run-20260923T053154Z-PF12hU,astropy__astropy-13453,2,29.8046875,26.9765625,266240.0,2699264.0,0.8519003931847968,9.488859764089122
qwen-run-20260923T053154Z-PF12hU,astropy__astropy-13453,3,25.984375,23.5234375,581632.0,1998848.0,2.1346963319302463,9.47083583884546
qwen-run-20260923T053154Z-PF12hU,astropy__astropy-13453,4,30.59765625,27.265625,745472.0,2748416.0,2.323503127792672,10.889825098940381
qwen-run-20260923T053154Z-PF12hU,astropy__astropy-13453,5,26.6328125,24.1328125,720896.0,1900544.0,2.5814021707245525,9.386916984452919
qwen-run-20260923T053154Z-PF12hU,astropy__astropy-13453,6,26.73046875,24.17578125,671744.0,2007040.0,2.396609674119538,9.557211749232792
qwen-run-20260923T053154Z-PF12hU,astropy__astropy-13453,7,26.53125,24.77734375,663552.0,1175552.0,2.385159010600707,6.610718492343934
qwen-run-20260923T053154Z-PF12hU,astropy__astropy-13453,8,25.76953125,23.19140625,696320.0,2007040.0,2.576928907078975,10.004547521600728
qwen-run-20260923T053154Z-PF12hU,astropy__astropy-13453,9,26.90234375,24.28125,720896.0,2027520.0,2.555539422099608,9.742994046754756
qwen-run-20260923T053154Z-PF12hU,astropy__astropy-13453,10,26.62890625,24.21484375,520192.0,2011136.0,1.862989584861376,9.065571365703388
qwen-run-20260923T053154Z-PF12hU,astropy__astropy-13453,11,25.9140625,23.82421875,237568.0,1953792.0,0.8742839915586373,8.064516129032258
qwen-run-20260923T053154Z-PF12hU,astropy__astropy-13453,12,26.359375,24.08203125,413696.0,1974272.0,1.4967397747480735,8.639596917605216
qwen-run-20260923T053154Z-PF12hU,astropy__astropy-13453,13,26.46484375,24.19140625,430080.0,1953792.0,1.5498154981549817,8.590405904059041
qwen-run-20260923T053154Z-PF12hU,astropy__astropy-13453,14,26.421875,24.12109375,393216.0,2019328.0,1.4192785334121822,8.707865168539326
qwen-run-20260923T053154Z-PF12hU,astropy__astropy-13453,15,26.19140625,23.9296875,352256.0,2019328.0,1.2826249067859805,8.635346756152126
qwen-run-20260923T053154Z-PF12hU,astropy__astropy-13453,16,26.81640625,24.61328125,319488.0,1990656.0,1.1361981063364894,8.215586307356155
qwen-run-20260923T053154Z-PF12hU,astropy__astropy-13453,17,25.9609375,23.765625,352256.0,1949696.0,1.2940114354498946,8.45621426421908
qwen-run-20260923T053154Z-PF12hU,astropy__astropy-13453,18,26.80078125,24.53125,393216.0,1986560.0,1.3992129427197202,8.468153330418307
qwen-run-20260923T053154Z-PF12hU,astropy__astropy-13453,19,26.39453125,24.02734375,491520.0,1990656.0,1.775936066301613,8.968477134823146
qwen-run-20260923T053154Z-PF12hU,astropy__astropy-13453,20,26.31640625,23.90234375,536576.0,1994752.0,1.944485676116966,9.173222502597595
qwen-run-20260923T053154Z-PF12hU,astropy__astropy-13453,21,26.4140625,24.046875,495616.0,1986560.0,1.7894114167406092,8.96184560780834
qwen-run-20260923T053154Z-PF12hU,astropy__astropy-13453,22,26.6171875,24.23828125,499712.0,1994752.0,1.7904314646316408,8.937481655415322
qwen-run-20260923T053154Z-PF12hU,astropy__astropy-13453,23,26.4609375,24.11328125,450560.0,2011136.0,1.6238559196929436,8.872158252140537
qwen-run-20260923T053154Z-PF12hU,astropy__astropy-13453,24,26.21875,24.25,86016.0,1978368.0,0.31287246722288437,7.508939213349225
qwen-run-20260923T053154Z-PF12hU,astropy__astropy-13453,25,26.6875,24.546875,253952.0,1990656.0,0.9074941451990632,8.021077283372366
qwen-run-20260923T053154Z-PF12hU,astropy__astropy-13453,26,48.4453125,43.0,524288.0,5185536.0,1.032091598129334,11.240122560877278
qwen-run-20260923T053154Z-PF12hU,astropy__astropy-13453,27,26.984375,24.19921875,933888.0,1986560.0,3.3005211349160395,10.321366531557615
qwen-run-20260923T053154Z-PF12hU,astropy__astropy-13453,28,26.4609375,23.69140625,942080.0,1961984.0,3.3953351048125184,10.466489518748155
qwen-run-20260923T053154Z-PF12hU,astropy__astropy-13453,29,27.45703125,24.04296875,843776.0,2736128.0,2.930715606771945,12.434201166595534
qwen-run-20260923T053154Z-PF12hU,astropy__astropy-13453,30,26.0625,23.3671875,843776.0,1982464.0,3.0875299760191846,10.341726618705035
qwen-run-20260923T053154Z-PF12hU,astropy__astropy-13453,31,29.03125,25.703125,811008.0,2678784.0,2.6641550053821312,11.46393972012917
qwen-run-20260923T053154Z-PF12hU,astropy__astropy-13453,32,26.2421875,24.32421875,802816.0,1208320.0,2.9175349806490027,7.308722834176838
qwen-run-20260923T053154Z-PF12hU,astropy__astropy-13453,33,25.4609375,22.890625,688128.0,2007040.0,2.577477753912243,10.095121202822952
qwen-run-20260923T053154Z-PF12hU,astropy__astropy-13453,34,26.43359375,23.62109375,925696.0,2023424.0,3.3397369587705037,10.639869957144969
qwen-run-20260923T053154Z-PF12hU,astropy__astropy-13453,35,26.65234375,23.87109375,868352.0,2048000.0,3.1071376227465923,10.435292393375349
qwen-run-20260923T053154Z-PF12hU,astropy__astropy-13453,36,27.01171875,24.4609375,647168.0,2027520.0,2.284887924801157,9.443239334779465
qwen-run-20260923T053154Z-PF12hU,astropy__astropy-13453,37,26.8515625,24.41015625,544768.0,2015232.0,1.934826883910387,9.092231597323247
qwen-run-20260923T053154Z-PF12hU,astropy__astropy-13453,38,26.47265625,24.09375,479232.0,2015232.0,1.7264276228419655,8.986277113767153
qwen-run-20260923T053154Z-PF12hU,astropy__astropy-13453,39,26.8359375,24.484375,458752.0,2007040.0,1.6302765647743813,8.7627365356623
qwen-run-20260923T053154Z-PF12hU,astropy__astropy-13453,40,26.60546875,24.234375,491520.0,1994752.0,1.7618558214652769,8.91205403024519
qwen-run-20260923T053154Z-PF12hU,astropy__astropy-13453,41,26.578125,24.2109375,491520.0,1990656.0,1.763668430335097,8.90652557319224
qwen-run-20260923T053154Z-PF12hU,astropy__astropy-13453,42,26.9140625,24.515625,475136.0,2039808.0,1.683599419448476,8.911465892597969
qwen-run-20260923T053154Z-PF12hU,astropy__astropy-13453,43,26.765625,24.39453125,458752.0,2027520.0,1.634559252772913,8.858727378867483
qwen-run-20260923T053154Z-PF12hU,astropy__astropy-13453,44,26.90625,24.5546875,471040.0,1994752.0,1.6695702671312427,8.739837398373984
qwen-run-20260923T053154Z-PF12hU,astropy__astropy-13453,45,26.71484375,24.4453125,360448.0,2019328.0,1.2867378271677146,8.49539406345957
qwen-run-20260923T053154Z-PF12hU,astropy__astropy-13453,46,27.55859375,25.1796875,466944.0,2027520.0,1.6158752657689581,8.632175761871013
qwen-run-20260923T053154Z-PF12hU,astropy__astropy-13453,47,27.0078125,24.77734375,655360.0,1683456.0,2.3141452126120914,8.258605727509401
qwen-run-20260923T053154Z-PF12hU,astropy__astropy-13453,48,24.796875,22.328125,614400.0,1974272.0,2.3629489603024574,9.955891619407687
qwen-run-20260923T053154Z-PF12hU,astropy__astropy-13453,49,26.96875,24.65625,389120.0,2035712.0,1.3760139049826188,8.574739281575898
qwen-run-20260923T053154Z-PF12hU,astropy__astropy-13453,50,26.44921875,24.0859375,471040.0,2007040.0,1.6984197312066165,8.935164672869591
qwen-run-20260923T053154Z-PF12hU,astropy__astropy-13453,51,26.87890625,24.6875,237568.0,2060288.0,0.8429007411713414,8.152884755122802
qwen-run-20260923T053154Z-PF12hU,astropy__astropy-13453,52,26.46875,24.1328125,438272.0,2011136.0,1.5791027154663517,8.825265643447462
qwen-run-20260923T053154Z-PF12hU,astropy__astropy-13453,53,40.0859375,37.6484375,450560.0,2105344.0,1.0719158058857923,6.0806860261157665
qwen-run-20260923T053154Z-PF12hU,astropy__astropy-13453,54,25.734375,23.328125,557056.0,1966080.0,2.0643594414086217,9.350333940497874
qwen-run-20260923T053154Z-PF12hU,astropy__astropy-13579,1,3.96484375,3.27734375,8192.0,712704.0,0.19704433497536947,17.339901477832512
qwen-run-20260923T053154Z-PF12hU,astropy__astropy-13579,2,29.59765625,26.72265625,393216.0,2621440.0,1.2669922132770226,9.713606968457173
qwen-run-20260923T053154Z-PF12hU,astropy__astropy-13579,3,25.8203125,23.44921875,491520.0,1994752.0,1.8154311649016641,9.18305597579425
qwen-run-20260923T053154Z-PF12hU,astropy__astropy-13579,4,25.86328125,23.53125,471040.0,1974272.0,1.736897749584655,9.016764839148165
qwen-run-20260923T053154Z-PF12hU,astropy__astropy-13579,5,25.7265625,23.26171875,409600.0,2174976.0,1.5183723048891589,9.580929243850592
qwen-run-20260923T053154Z-PF12hU,astropy__astropy-13579,6,106.9921875,101.47265625,581632.0,5206016.0,0.5184373859072654,5.15881708652793
qwen-run-20260923T053154Z-PF12hU,astropy__astropy-13579,7,26.078125,23.5390625,643072.0,2019328.0,2.3517076093469145,9.736369083283403
qwen-run-20260923T053154Z-PF12hU,astropy__astropy-13579,8,101.1484375,96.07421875,339968.0,4980736.0,0.3205375762724956,5.016606163590021
qwen-run-20260923T053154Z-PF12hU,astropy__astropy-13579,9,26.9296875,24.453125,516096.0,2080768.0,1.8276762402088773,9.196402668987526
qwen-run-20260923T053154Z-PF12hU,astropy__astropy-13579,10,33.28125,30.59765625,503808.0,2310144.0,1.443661971830986,8.06338028169014
qwen-run-20260923T053154Z-PF12hU,astropy__astropy-13579,11,33.23046875,30.55078125,458752.0,2351104.0,1.3165628306100858,8.063947337486775
qwen-run-20260923T053154Z-PF12hU,astropy__astropy-13579,12,25.6640625,23.36328125,380928.0,2031616.0,1.4155251141552512,8.964992389649924
qwen-run-20260923T053154Z-PF12hU,astropy__astropy-13579,13,32.97265625,30.2734375,524288.0,2306048.0,1.516408008529795,8.186233858547565
qwen-run-20260923T053154Z-PF12hU,astropy__astropy-13579,14,26.53125,24.046875,552960.0,2052096.0,1.9876325088339222,9.363957597173146
qwen-run-20260923T053154Z-PF12hU,astropy__astropy-13579,15,26.00390625,23.6015625,483328.0,2035712.0,1.7725702268289019,9.238395673726904
qwen-run-20260923T053154Z-PF12hU,astropy__astropy-13579,16,33.1171875,30.359375,569344.0,2322432.0,1.6395376267987734,8.327435715970747
qwen-run-20260923T053154Z-PF12hU,astropy__astropy-13579,17,26.34375,23.9375,491520.0,2031616.0,1.7793594306049823,9.134045077105576
qwen-run-20260923T053154Z-PF12hU,astropy__astropy-13579,18,101.0625,96.5234375,249856.0,4509696.0,0.2357761286332715,4.491341991341991
qwen-run-20260923T053154Z-PF12hU,astropy__astropy-13579,19,40.0625,37.68359375,348160.0,2146304.0,0.8287831513260531,5.93798751950078
qwen-run-20260923T053154Z-PF12hU,astropy__astropy-13579,20,25.8203125,23.40234375,503808.0,2031616.0,1.8608169440242057,9.364599092284417
qwen-run-20260923T053154Z-PF12hU,astropy__astropy-13977,1,4.60546875,3.58984375,151552.0,913408.0,3.138252756573367,22.05258693808312
qwen-run-20260923T053154Z-PF12hU,astropy__astropy-13977,2,29.51171875,26.74609375,430080.0,2469888.0,1.3898080741230974,9.371277299801456
qwen-run-20260923T053154Z-PF12hU,astropy__astropy-13977,3,26.57421875,24.12109375,593920.0,1978368.0,2.1314126120829044,9.231221519917684
qwen-run-20260923T053154Z-PF12hU,astropy__astropy-13977,4,26.83203125,24.21484375,733184.0,2011136.0,2.6059106128985294,9.753967098558743
qwen-run-20260923T053154Z-PF12hU,astropy__astropy-13977,5,26.96484375,24.35546875,679936.0,2056192.0,2.40475155729393,9.676952049833405
qwen-run-20260923T053154Z-PF12hU,astropy__astropy-13977,6,26.76953125,24.0859375,761856.0,2052096.0,2.714139792791478,10.024806654020137
qwen-run-20260923T053154Z-PF12hU,astropy__astropy-13977,7,47.34375,41.66015625,1089536.0,4870144.0,2.1947194719471947,12.004950495049505
qwen-run-20260923T053154Z-PF12hU,astropy__astropy-13977,8,26.359375,23.234375,1273856.0,2002944.0,4.60877296976882,11.855364552459989
qwen-run-20260923T053154Z-PF12hU,astropy__astropy-13977,9,26.4296875,23.2890625,1282048.0,2011136.0,4.626071534141294,11.88294413242684
qwen-run-20260923T053154Z-PF12hU,astropy__astropy-13977,10,89.875,86.03515625,1134592.0,2891776.0,1.2039290681502086,4.272426981919333
qwen-run-20260923T053154Z-PF12hU,astropy__astropy-13977,11,28.08203125,24.87109375,1302528.0,2064384.0,4.423424676589233,11.434135484768396
qwen-run-20260923T053154Z-PF12hU,astropy__astropy-13977,12,27.34765625,24.1171875,1339392.0,2048000.0,4.670761319811455,11.812598200257106
qwen-run-20260923T053154Z-PF12hU,astropy__astropy-13977,13,28.30859375,24.94140625,1417216.0,2113536.0,4.774389402511384,11.894577066372293
qwen-run-20260923T053154Z-PF12hU,astropy__astropy-13977,14,27.48828125,24.05859375,1490944.0,2105344.0,5.172658803467387,12.476907773198807
qwen-run-20260923T053154Z-PF12hU,astropy__astropy-13977,15,28.1953125,24.7578125,1466368.0,2138112.0,4.959822665558327,12.191742865059574
qwen-run-20260923T053154Z-PF12hU,astropy__astropy-13977,16,27.359375,24.015625,1404928.0,2101248.0,4.8972015990862365,12.22158766419189
qwen-run-20260923T053154Z-PF12hU,astropy__astropy-13977,17,26.8046875,23.59375,1347584.0,2019328.0,4.794520547945205,11.979014864470999
qwen-run-20260923T053154Z-PF12hU,astropy__astropy-13977,18,33.78515625,30.26171875,1310720.0,2383872.0,3.6998496936061973,10.428951323852468
qwen-run-20260923T053154Z-PF12hU,astropy__astropy-13977,19,27.13671875,24.1953125,1003520.0,2080768.0,3.526702173600115,10.839211170289333
qwen-run-20260923T053154Z-PF12hU,astropy__astropy-13977,20,26.234375,24.02734375,270336.0,2043904.0,0.9827278141751042,8.412745681953544
qwen-run-20260923T053154Z-PF12hU,astropy__astropy-13977,21,87.828125,84.015625,188416.0,3809280.0,0.2045899306173279,4.340864614837217
qwen-run-20260923T053154Z-PF12hU,astropy__astropy-13977,22,25.50390625,23.26171875,327680.0,2023424.0,1.2253024965538368,8.791545412773779
qwen-run-20260923T053154Z-PF12hU,astropy__astropy-13977,23,87.8984375,83.94140625,323584.0,3825664.0,0.35107990400853256,4.50182206026131
qwen-run-20260923T053154Z-PF12hU,astropy__astropy-13977,24,25.69140625,23.33203125,421888.0,2052096.0,1.5660635548122244,9.183518321423142
qwen-run-20260923T053154Z-PF12hU,astropy__astropy-13977,25,33.10546875,30.3125,589824.0,2338816.0,1.6991150442477876,8.436578171091446
qwen-run-20260923T053154Z-PF12hU,astropy__astropy-13977,26,40.94140625,38.1875,757760.0,2129920.0,1.7650987501192634,6.726457399103139
qwen-run-20260923T053154Z-PF12hU,astropy__astropy-13977,27,26.171875,23.4296875,823296.0,2052096.0,3.0,10.477611940298507
qwen-run-20260923T053154Z-PF12hU,astropy__astropy-13977,28,41.71484375,38.8125,884736.0,2158592.0,2.022661297874333,6.957580297780691
qwen-run-20260923T053154Z-PF12hU,astropy__astropy-13977,29,47.21875,44.28125,864256.0,2215936.0,1.7455327597617472,6.2210456651224355
qwen-run-20260923T053154Z-PF12hU,astropy__astropy-13977,30,26.140625,23.40625,815104.0,2052096.0,2.973699940227137,10.460251046025105
qwen-run-20260923T053154Z-PF12hU,astropy__astropy-13977,31,31.484375,28.76953125,753664.0,2093056.0,2.2828784119106698,8.622828784119108
qwen-run-20260923T053154Z-PF12hU,astropy__astropy-13977,32,125.09375,122.2890625,708608.0,2232320.0,0.5402198351236572,2.2420684486635025
qwen-run-20260923T053154Z-PF12hU,astropy__astropy-13977,33,33.26953125,30.2265625,839680.0,2351104.0,2.4069508042738055,9.14641305624046
qwen-run-20260923T053154Z-PF12hU,astropy__astropy-13977,34,27.30078125,24.55078125,794624.0,2088960.0,2.775790527972528,10.072971812848762
qwen-run-20260923T053154Z-PF12hU,astropy__astropy-13977,35,26.16796875,23.3671875,839680.0,2097152.0,3.0601582325720256,10.70309001343484
qwen-run-20260923T053154Z-PF12hU,astropy__astropy-13977,36,33.25390625,30.41015625,606208.0,2375680.0,1.7385175613767179,8.55162692352872
qwen-run-20260923T053154Z-PF12hU,astropy__astropy-13977,37,46.6640625,43.79296875,782336.0,2228224.0,1.5988615436129248,6.152687091913611
qwen-run-20260923T053154Z-PF12hU,astropy__astropy-13977,38,26.23046875,23.34765625,917504.0,2105344.0,3.3358153387937453,10.990320178704392
qwen-run-20260923T053154Z-PF12hU,astropy__astropy-14096,1,4.45703125,3.40625,184320.0,917504.0,3.943908851884312,23.57581069237511
qwen-run-20260923T053154Z-PF12hU,astropy__astropy-14096,2,26.1640625,24.02734375,319488.0,1921024.0,1.1645267243953419,8.166616900567334
qwen-run-20260923T053154Z-PF12hU,astropy__astropy-14096,3,28.04296875,25.43359375,434176.0,2301952.0,1.4765287644518734,9.304917119375958
qwen-run-20260923T053154Z-PF12hU,astropy__astropy-14096,4,25.8515625,23.65625,458752.0,1843200.0,1.6923541855545483,8.491991538229072
qwen-run-20260923T053154Z-PF12hU,astropy__astropy-14096,5,26.1171875,23.9296875,434176.0,1859584.0,1.5854023332336225,8.375710439724799
qwen-run-20260923T053154Z-PF12hU,astropy__astropy-14096,6,25.08984375,23.2578125,61440.0,1859584.0,0.23353573096683794,7.301883854896466
qwen-run-20260923T053154Z-PF12hU,astropy__astropy-14096,7,31.8828125,29.62109375,249856.0,2121728.0,0.7473658417054644,7.093849546679736
qwen-run-20260923T053154Z-PF12hU,astropy__astropy-14096,8,104.10546875,98.69140625,475136.0,5201920.0,0.4352557127312296,5.200555326254174
qwen-run-20260923T053154Z-PF12hU,astropy__astropy-14096,9,25.828125,23.46484375,614400.0,1863680.0,2.268602540834846,9.150030248033877
qwen-run-20260923T053154Z-PF12hU,astropy__astropy-14096,10,26.1328125,23.890625,487424.0,1863680.0,1.7787742899850523,8.579970104633782
qwen-run-20260923T053154Z-PF12hU,astropy__astropy-14096,11,26.03515625,23.7890625,487424.0,1867776.0,1.7854463615903975,8.627156789197299
qwen-run-20260923T053154Z-PF12hU,astropy__astropy-14096,12,25.56640625,23.18359375,520192.0,1978368.0,1.9404125286478229,9.320091673032849
qwen-run-20260923T053154Z-PF12hU,astropy__astropy-14096,13,25.8359375,23.56640625,503808.0,1875968.0,1.8596915633504687,8.78439673420018
qwen-run-20260923T053154Z-PF12hU,astropy__astropy-14096,14,25.328125,23.0546875,528384.0,1855488.0,1.9895126465144972,8.975940777297964
qwen-run-20260923T053154Z-PF12hU,astropy__astropy-14096,15,44.76953125,43.37109375,516096.0,950272.0,1.0993805078090917,3.1236366809178953
qwen-run-20260923T053154Z-PF12hU,astropy__astropy-14096,16,25.5,23.05078125,495616.0,2072576.0,1.8535539215686274,9.604779411764707
qwen-run-20260923T053154Z-PF12hU,astropy__astropy-14096,17,25.87109375,23.58203125,503808.0,1896448.0,1.8571644269968293,8.847954099350748
qwen-run-20260923T053154Z-PF12hU,astropy__astropy-14096,18,25.78125,23.41796875,610304.0,1867776.0,2.257575757575758,9.166666666666666
qwen-run-20260923T053154Z-PF12hU,astropy__astropy-14096,19,98.15234375,93.453125,376832.0,4550656.0,0.36614000875552194,4.787678592748836
qwen-run-20260923T053154Z-PF12hU,astropy__astropy-14096,20,25.6640625,23.38671875,516096.0,1871872.0,1.917808219178082,8.873668188736682
qwen-run-20260923T053154Z-PF12hU,astropy__astropy-14096,21,25.625,23.265625,581632.0,1892352.0,2.1646341463414633,9.207317073170731
qwen-run-20260923T053154Z-PF12hU,astropy__astropy-14096,22,44.9453125,42.22265625,569344.0,2285568.0,1.2080653572049365,6.057709021380149
qwen-run-20260923T053154Z-PF12hU,astropy__astropy-14096,23,26.23828125,23.31640625,630784.0,2433024.0,2.2926901890725024,11.135923775495012
qwen-run-20260923T053154Z-PF12hU,astropy__astropy-14096,24,26.41015625,22.6796875,700416.0,3211264.0,2.5292116550806094,14.12512941872504
qwen-run-20260923T053154Z-PF12hU,astropy__astropy-14096,25,98.3828125,93.46875,364544.0,4788224.0,0.35337092035257683,4.994838402286985
qwen-run-20260923T053154Z-PF12hU,astropy__astropy-14096,26,98.52734375,93.98828125,57344.0,4702208.0,0.055504896324782935,4.606906394956984
qwen-run-20260923T053154Z-PF12hU,astropy__astropy-14096,27,25.98828125,23.86328125,303104.0,1925120.0,1.1122801743574326,8.17676236284383
qwen-run-20260923T053154Z-PF12hU,astropy__astropy-14096,28,98.39453125,93.73828125,167936.0,4714496.0,0.16276946286077257,4.732224383659534
qwen-run-20260923T053154Z-PF12hU,astropy__astropy-14096,29,98.41015625,93.73046875,204800.0,4702208.0,0.19846782836502203,4.755289167625928
qwen-run-20260923T053154Z-PF12hU,astropy__astropy-14096,30,98.45703125,93.65234375,229376.0,4808704.0,0.22217813925808372,4.87998413013291
qwen-run-20260923T053154Z-PF12hU,astropy__astropy-14096,31,26.1875,23.921875,454656.0,1921024.0,1.655727923627685,8.651551312649165
qwen-run-20260923T053154Z-PF12hU,astropy__astropy-14096,32,98.2890625,93.34765625,307200.0,4874240.0,0.2980685160162149,5.027422303473492
qwen-run-20260923T053154Z-PF12hU,astropy__astropy-14096,33,32.25,29.83203125,385024.0,2150400.0,1.1385658914728682,7.497577519379845
qwen-run-20260923T053154Z-PF12hU,astropy__astropy-14096,34,98.15234375,93.34765625,290816.0,4747264.0,0.2825645719743702,4.895132725753174
qwen-run-20260923T053154Z-PF12hU,astropy__astropy-14096,35,98.17578125,93.4609375,258048.0,4685824.0,0.25066645446226077,4.802450960888075
qwen-run-20260923T053154Z-PF12hU,astropy__astropy-14096,36,98.453125,93.671875,225280.0,4788224.0,0.2182193302650373,4.856372004443739
qwen-run-20260923T053154Z-PF12hU,astropy__astropy-14096,37,28.8046875,26.48046875,438272.0,1998848.0,1.4510442093843232,8.068890697043667
qwen-run-20260923T053154Z-PF12hU,astropy__astropy-14096,38,32.16796875,29.65234375,425984.0,2211840.0,1.2629022465088038,7.820279295689132
qwen-run-20260923T053154Z-PF12hU,astropy__astropy-14096,39,32.40234375,29.88671875,450560.0,2187264.0,1.3261000602772754,7.763713080168777
qwen-run-20260923T053154Z-PF12hU,astropy__astropy-14096,40,26.921875,24.09765625,442368.0,2519040.0,1.567034242600116,10.490423679628554
qwen-run-20260923T053154Z-PF12hU,astropy__astropy-14096,41,57.8046875,52.38671875,233472.0,5447680.0,0.3851871874577646,9.372888228138939
qwen-run-20260923T053154Z-PF12hU,astropy__astropy-14096,42,26.52734375,24.390625,307200.0,1933312.0,1.1044028861728759,8.054778383154174
qwen-run-20260923T053154Z-PF12hU,astropy__astropy-14096,43,32.11328125,29.68359375,393216.0,2154496.0,1.1677411507115922,7.565989538985525
qwen-run-20260923T053154Z-PF12hU,astropy__astropy-14096,44,98.57421875,94.87890625,274432.0,3600384.0,0.26550425995640975,3.7487616405785613
qwen-run-20260923T053154Z-PF12hU,astropy__astropy-14096,45,32.01171875,29.58203125,368640.0,2179072.0,1.0982306284319707,7.589993898718731
qwen-run-20260923T053154Z-PF12hU,astropy__astropy-14096,46,98.11328125,93.30078125,274432.0,4771840.0,0.2667516025002986,4.905044392244297
qwen-run-20260923T053154Z-PF12hU,astropy__astropy-14096,47,24.88671875,22.671875,405504.0,1916928.0,1.5539161827028725,8.899701773661905
qwen-run-20260923T053154Z-PF12hU,astropy__astropy-14096,48,25.4296875,23.23828125,266240.0,2031616.0,0.9984639016897081,8.617511520737327
qwen-run-20260923T053154Z-PF12hU,astropy__astropy-14096,49,26.30078125,24.21484375,274432.0,1912832.0,0.9950987672657062,7.931085697311748
qwen-run-20260923T053154Z-PF12hU,astropy__astropy-14096,50,26.1953125,24.00390625,385024.0,1912832.0,1.4017297942141367,8.365642708022666
qwen-run-20260923T053154Z-PF12hU,astropy__astropy-14096,51,26.6171875,24.3828125,413696.0,1929216.0,1.4822424420311124,8.394481948928677
qwen-run-20260923T053154Z-PF12hU,astropy__astropy-14096,52,26.37109375,23.98046875,434176.0,2072576.0,1.5701377573692785,9.065323655754703
qwen-run-20260923T053154Z-PF12hU,astropy__astropy-14096,53,32.02734375,29.56640625,417792.0,2162688.0,1.2440541529454812,7.683863885839736
qwen-run-20260923T053154Z-PF12hU,astropy__astropy-14096,54,32.20703125,29.7578125,393216.0,2174976.0,1.164342025469982,7.604608853850818
qwen-run-20260923T053154Z-PF12hU,astropy__astropy-14096,55,32.72265625,29.9609375,667648.0,2228224.0,1.9458039871075563,8.439775575981855
qwen-run-20260923T053154Z-PF12hU,astropy__astropy-14096,56,24.9921875,22.5546875,675840.0,1880064.0,2.578930915911222,9.753047827446077
qwen-run-20260923T053154Z-PF12hU,astropy__astropy-14182,1,4.17578125,3.33984375,139264.0,737280.0,3.1805425631431246,20.01870907390084
qwen-run-20260923T053154Z-PF12hU,astropy__astropy-14182,2,30.0,26.765625,339968.0,3051520.0,1.0807291666666667,10.78125
qwen-run-20260923T053154Z-PF12hU,astropy__astropy-14182,3,29.890625,26.6015625,389120.0,3059712.0,1.2415054887611081,11.003659174072139
qwen-run-20260923T053154Z-PF12hU,astropy__astropy-14182,4,25.19921875,22.96484375,393216.0,1949696.0,1.4881413734304758,8.866842350023251
qwen-run-20260923T053154Z-PF12hU,astropy__astropy-14182,5,25.15234375,22.86328125,446464.0,1953792.0,1.6928094424600093,9.100792048454728
qwen-run-20260923T053154Z-PF12hU,astropy__astropy-14182,6,26.07421875,23.73828125,393216.0,2056192.0,1.4382022471910112,8.958801498127341
qwen-run-20260923T053154Z-PF12hU,astropy__astropy-14182,7,25.80078125,23.53125,421888.0,1957888.0,1.5594246782740349,8.796366389099168
qwen-run-20260923T053154Z-PF12hU,astropy__astropy-14182,8,25.88671875,23.6328125,401408.0,1961984.0,1.4787988531763996,8.706805492681454
qwen-run-20260923T053154Z-PF12hU,astropy__astropy-14182,9,25.82421875,23.48046875,495616.0,1961984.0,1.8302828618968385,9.075782786265316
qwen-run-20260923T053154Z-PF12hU,astropy__astropy-14182,10,26.09765625,24.66015625,491520.0,1015808.0,1.796138302649304,5.5081574614578654
qwen-run-20260923T053154Z-PF12hU,astropy__astropy-14182,11,25.3515625,23.37890625,114688.0,1953792.0,0.43143297380585516,7.781201848998459
qwen-run-20260923T053154Z-PF12hU,astropy__astropy-14182,12,26.109375,23.9609375,270336.0,1982464.0,0.9874326750448833,8.228605625374028
qwen-run-20260923T053154Z-PF12hU,astropy__astropy-14182,13,25.984375,24.6328125,315392.0,1101824.0,1.1575466025255563,5.201443174984967
qwen-run-20260923T053154Z-PF12hU,astropy__astropy-14182,14,25.24609375,23.0234375,356352.0,1974272.0,1.3461240909794214,8.803961008819433
qwen-run-20260923T053154Z-PF12hU,astropy__astropy-14182,15,25.34765625,23.13671875,368640.0,1949696.0,1.3869625520110958,8.722453382647558
qwen-run-20260923T053154Z-PF12hU,astropy__astropy-14182,16,25.859375,23.6640625,327680.0,1974272.0,1.2084592145015105,8.489425981873111
qwen-run-20260923T053154Z-PF12hU,astropy__astropy-14182,17,24.9375,22.70703125,385024.0,1953792.0,1.4724310776942355,8.94423558897243
qwen-run-20260923T053154Z-PF12hU,astropy__astropy-14182,18,25.12890625,22.953125,315392.0,1966080.0,1.1969532100108813,8.658479713974817
qwen-run-20260923T053154Z-PF12hU,astropy__astropy-14182,19,25.05859375,22.83203125,290816.0,2043904.0,1.1067809820732657,8.885424785658612
qwen-run-20260923T053154Z-PF12hU,astropy__astropy-14182,20,102.29296875,97.23046875,389120.0,4919296.0,0.36277542291976933,4.949020506358116
qwen-run-20260923T053154Z-PF12hU,astropy__astropy-14182,21,25.58203125,23.3046875,401408.0,1986560.0,1.4964116659031914,8.902122461444495
qwen-run-20260923T053154Z-PF12hU,astropy__astropy-14182,22,97.89453125,93.00390625,430080.0,4698112.0,0.4189776944256015,4.995810223055744
qwen-run-20260923T053154Z-PF12hU,astropy__astropy-14182,23,25.2109375,23.02734375,282624.0,2007040.0,1.0691044313603966,8.661295320731329
qwen-run-20260923T053154Z-PF12hU,astropy__astropy-14182,24,97.7109375,92.87890625,282624.0,4784128.0,0.2758455265051571,4.945230670824339
qwen-run-20260923T053154Z-PF12hU,astropy__astropy-14182,25,25.13671875,22.765625,458752.0,2027520.0,1.7404817404817405,9.432789432789432
qwen-run-20260923T053154Z-PF12hU,astropy__astropy-14182,26,97.58203125,95.39453125,401408.0,1892352.0,0.3922981465914095,2.241703694808054
qwen-run-20260923T053154Z-PF12hU,astropy__astropy-14182,27,25.7890625,22.73046875,319488.0,2887680.0,1.1814601635867918,11.860042411390488
qwen-run-20260923T053154Z-PF12hU,astropy__astropy-14182,28,97.53515625,95.05078125,376832.0,2228224.0,0.36845688653930875,2.5471584765108735
qwen-run-20260923T053154Z-PF12hU,astropy__astropy-14182,29,26.05859375,22.81640625,331776.0,3067904.0,1.2142107630040473,12.44191275670814
qwen-run-20260923T053154Z-PF12hU,astropy__astropy-14182,30,25.20703125,22.91796875,413696.0,1986560.0,1.5651634898496822,9.081047574771425
qwen-run-20260923T053154Z-PF12hU,astropy__astropy-14182,31,97.71875,93.9140625,102400.0,3887104.0,0.09993604093380237,3.8935081547809403
qwen-run-20260923T053154Z-PF12hU,astropy__astropy-14182,32,25.2734375,23.015625,352256.0,2015232.0,1.3292117465224111,8.933539412673879
qwen-run-20260923T053154Z-PF12hU,astropy__astropy-14182,33,24.984375,22.859375,262144.0,1966080.0,1.0006253908692933,8.505315822388994
qwen-run-20260923T053154Z-PF12hU,astropy__astropy-14182,34,97.71484375,92.91796875,253952.0,4775936.0,0.24785128922646413,4.909054567259644
qwen-run-20260923T053154Z-PF12hU,astropy__astropy-14182,35,25.3828125,23.125,323584.0,2043904.0,1.2157586949830717,8.89504462911665
qwen-run-20260923T053154Z-PF12hU,astropy__astropy-14182,36,97.5703125,92.921875,204800.0,4669440.0,0.20017615501641445,4.7641924893906635
qwen-run-20260923T053154Z-PF12hU,astropy__astropy-14182,37,25.2265625,22.87890625,430080.0,2031616.0,1.6258903685351502,9.30628677609167
qwen-run-20260923T053154Z-PF12hU,astropy__astropy-14182,38,97.66796875,92.91015625,262144.0,4726784.0,0.25596928368595767,4.8714154301483825
qwen-run-20260923T053154Z-PF12hU,astropy__astropy-14182,39,25.18359375,22.9453125,335872.0,2011136.0,1.2719094152318908,8.887854816193578
qwen-run-20260923T053154Z-PF12hU,astropy__astropy-14182,40,97.7421875,93.08203125,200704.0,4685824.0,0.19582767164894893,4.767804332187675
qwen-run-20260923T053154Z-PF12hU,astropy__astropy-14182,41,25.26953125,23.0390625,311296.0,2027520.0,1.1748338228474262,8.826712011130004
qwen-run-20260923T053154Z-PF12hU,astropy__astropy-14182,42,97.7109375,93.01953125,253952.0,4665344.0,0.24786119772927162,4.801311265691213
qwen-run-20260923T053154Z-PF12hU,astropy__astropy-14182,43,25.27734375,22.99609375,393216.0,1998848.0,1.483541956420955,9.024880234894143
qwen-run-20260923T053154Z-PF12hU,astropy__astropy-14182,44,97.73046875,93.109375,208896.0,4636672.0,0.2038450777409169,4.728406411127543
qwen-run-20260923T053154Z-PF12hU,astropy__astropy-14182,45,25.3046875,23.046875,360448.0,2007040.0,1.3584439641864774,8.922506946588454
qwen-run-20260923T053154Z-PF12hU,astropy__astropy-14182,46,97.6875,92.875,270336.0,4775936.0,0.263915547024952,4.926423544465771
qwen-run-20260923T053154Z-PF12hU,astropy__astropy-14182,47,26.15234375,23.87109375,323584.0,2068480.0,1.1799850634802092,8.722927557879014
qwen-run-20260923T053154Z-PF12hU,astropy__astropy-14182,48,26.01171875,23.84375,262144.0,2011136.0,0.961105271061721,8.33458477248836
qwen-run-20260923T053154Z-PF12hU,astropy__astropy-14182,49,26.07421875,24.85546875,315392.0,962560.0,1.1535580524344569,4.674157303370786
qwen-run-20260923T053154Z-PF12hU,astropy__astropy-14182,50,25.109375,22.8359375,376832.0,2007040.0,1.4312383322962041,9.054138145612944
qwen-run-20260923T053154Z-PF12hU,astropy__astropy-14182,51,97.7265625,93.0546875,270336.0,4628480.0,0.26381005675913344,4.7805579982412665
qwen-run-20260923T053154Z-PF12hU,astropy__astropy-14182,52,25.40234375,23.14453125,348160.0,2019328.0,1.307089035829617,8.888205443641397
qwen-run-20260923T053154Z-PF12hU,astropy__astropy-14182,53,97.68359375,92.98046875,319488.0,4612096.0,0.3119126644539529,4.814651897468709
qwen-run-20260923T053154Z-PF12hU,astropy__astropy-14182,54,39.73828125,37.26953125,487424.0,2101248.0,1.1697630983977194,6.212523346112258
qwen-run-20260923T053154Z-PF12hU,astropy__astropy-14182,55,24.9921875,22.62890625,483328.0,1994752.0,1.8443263519849953,9.456080025007815
qwen-run-20260923T053154Z-PF12hU,astropy__astropy-14309,1,4.375,3.39453125,122880.0,905216.0,2.6785714285714284,22.410714285714285
qwen-run-20260923T053154Z-PF12hU,astropy__astropy-14309,2,29.6328125,26.6796875,364544.0,2732032.0,1.173213814922225,9.965726337991036
qwen-run-20260923T053154Z-PF12hU,astropy__astropy-14309,3,29.43359375,26.35546875,495616.0,2732032.0,1.6058394160583942,10.457863304578632
qwen-run-20260923T053154Z-PF12hU,astropy__astropy-14309,4,29.73046875,26.546875,581632.0,2756608.0,1.8657206674549993,10.70818552095651
qwen-run-20260923T053154Z-PF12hU,astropy__astropy-14309,5,26.453125,23.84375,708608.0,2027520.0,2.5546367395156526,9.864146485528648
qwen-run-20260923T053154Z-PF12hU,astropy__astropy-14309,6,26.57421875,23.984375,692224.0,2023424.0,2.484198147875937,9.745700426282522
qwen-run-20260923T053154Z-PF12hU,astropy__astropy-14309,7,26.703125,23.765625,700416.0,2379776.0,2.5014628437682855,11.000585137507315
qwen-run-20260923T053154Z-PF12hU,astropy__astropy-14309,8,26.6875,24.2109375,581632.0,2015232.0,2.078454332552693,9.279859484777518
qwen-run-20260923T053154Z-PF12hU,astropy__astropy-14309,9,25.75390625,23.21484375,651264.0,2011136.0,2.4116487183376307,9.858941301380252
qwen-run-20260923T053154Z-PF12hU,astropy__astropy-14309,10,33.01171875,30.1796875,696320.0,2273280.0,2.0115962607975386,8.578866406342444
qwen-run-20260923T053154Z-PF12hU,astropy__astropy-14309,11,25.9765625,23.3359375,749568.0,2019328.0,2.7518796992481205,10.165413533834586
qwen-run-20260923T053154Z-PF12hU,astropy__astropy-14309,12,101.3046875,95.90625,684032.0,4976640.0,0.6439423151075808,5.328911853165728
qwen-run-20260923T053154Z-PF12hU,astropy__astropy-14309,13,26.984375,24.28515625,761856.0,2068480.0,2.692530399536769,10.002895193977997
qwen-run-20260923T053154Z-PF12hU,astropy__astropy-14309,14,27.0546875,24.265625,856064.0,2068480.0,3.017614784868611,10.308980652613341
qwen-run-20260923T053154Z-PF12hU,astropy__astropy-14309,15,96.39453125,91.5703125,462848.0,4595712.0,0.45791627831584064,5.004660209912064
qwen-run-20260923T053154Z-PF12hU,astropy__astropy-14309,16,25.92578125,23.45703125,569344.0,2019328.0,2.09431972276631,9.522374566822359
qwen-run-20260923T053154Z-PF12hU,astropy__astropy-14309,17,96.5078125,92.0859375,65536.0,4571136.0,0.0647615963733506,4.581882943414556
qwen-run-20260923T053154Z-PF12hU,astropy__astropy-14309,18,26.046875,23.69140625,385024.0,2084864.0,1.4097180563887222,9.043191361727654
qwen-run-20260923T053154Z-PF12hU,astropy__astropy-14309,19,26.11328125,23.65625,512000.0,2064384.0,1.8698578908002992,9.409124906507106
qwen-run-20260923T053154Z-PF12hU,astropy__astropy-14309,20,96.5,91.68359375,323584.0,4726784.0,0.31978626943005184,4.991094559585492
qwen-run-20260923T053154Z-PF12hU,astropy__astropy-14309,21,41.05859375,38.44140625,618496.0,2125824.0,1.4365902387974503,6.3742745694986205
qwen-run-20260923T053154Z-PF12hU,astropy__astropy-14309,22,26.04296875,23.421875,729088.0,2019328.0,2.669866506674666,10.064496775161242
qwen-run-20260923T053154Z-PF12hU,astropy__astropy-14309,23,42.70703125,39.94921875,679936.0,2211840.0,1.5183389737491997,6.457513948595993
qwen-run-20260923T053154Z-PF12hU,astropy__astropy-14309,24,25.70703125,23.08203125,696320.0,2056192.0,2.583194043458441,10.211214101200426
qwen-run-20260923T053154Z-PF12hU,astropy__astropy-14309,25,42.5703125,39.7578125,757760.0,2191360.0,1.6975591851715912,6.606716828775922
qwen-run-20260923T053154Z-PF12hU,astropy__astropy-14309,26,126.8984375,123.97265625,589824.0,2478080.0,0.44326786923597855,2.305608569845472
qwen-run-20260923T053154Z-PF12hU,astropy__astropy-14309,27,43.33203125,40.62109375,634880.0,2207744.0,1.3972775624267557,6.256197602091409
qwen-run-20260923T053154Z-PF12hU,astropy__astropy-14309,28,25.6875,23.84375,724992.0,1208320.0,2.6916058394160585,7.177615571776156
qwen-run-20260923T053154Z-PF12hU,astropy__astropy-14309,29,25.875,23.953125,761856.0,1253376.0,2.8079710144927534,7.427536231884058
qwen-run-20260923T053154Z-PF12hU,astropy__astropy-14309,30,25.66796875,23.9296875,790528.0,1032192.0,2.9371480748744485,6.772180794399635
qwen-run-20260923T053154Z-PF12hU,astropy__astropy-14309,31,43.04296875,40.34375,630784.0,2199552.0,1.3975859878391867,6.270986477901806
qwen-run-20260923T053154Z-PF12hU,astropy__astropy-14309,32,42.37890625,39.71484375,606208.0,2187264.0,1.3641810305097244,6.286293667619136
qwen-run-20260923T053154Z-PF12hU,astropy__astropy-14309,33,43.64453125,40.875,692224.0,2211840.0,1.5125749574867986,6.345654703302604
qwen-run-20260923T053154Z-PF12hU,astropy__astropy-14309,34,42.98046875,40.22265625,675840.0,2215936.0,1.499591020630737,6.416431882213941
qwen-run-20260923T053154Z-PF12hU,astropy__astropy-14309,35,43.73046875,41.9609375,667648.0,1187840.0,1.4560071460473425,4.046449307726664
qwen-run-20260923T053154Z-PF12hU,astropy__astropy-14309,36,43.171875,40.04296875,819200.0,2461696.0,1.8096272167933405,7.247557003257329
qwen-run-20260923T053154Z-PF12hU,astropy__astropy-14309,37,43.53515625,40.8125,647168.0,2207744.0,1.417676087931808,6.253925527142216
qwen-run-20260923T053154Z-PF12hU,astropy__astropy-14309,38,26.53125,23.86328125,729088.0,2068480.0,2.6207302709069493,10.055948174322733
qwen-run-20260923T053154Z-PF12hU,astropy__astropy-14309,39,43.359375,40.57421875,679936.0,2240512.0,1.4954954954954955,6.423423423423423
qwen-run-20260923T053154Z-PF12hU,astropy__astropy-14309,40,43.53515625,40.7890625,667648.0,2211840.0,1.4625392552714223,6.307761327949753
qwen-run-20260923T053154Z-PF12hU,astropy__astropy-14309,41,25.91015625,23.0703125,913408.0,2064384.0,3.3619779888436603,10.960349766319915
qwen-run-20260923T053154Z-PF12hU,astropy__astropy-14309,42,42.33984375,39.390625,888832.0,2203648.0,2.002029707537596,6.9655872312944
qwen-run-20260923T053154Z-PF12hU,astropy__astropy-14309,43,42.515625,40.04296875,114688.0,2478080.0,0.25725836089672915,5.815876515986769
qwen-run-20260923T053154Z-PF12hU,astropy__astropy-14309,44,43.78515625,41.0390625,434176.0,2445312.0,0.9456686591132126,6.2717459184583815
qwen-run-20260923T053154Z-PF12hU,astropy__astropy-14309,45,36.50390625,34.0234375,442368.0,2158592.0,1.1556982343499198,6.795077581594436
qwen-run-20260923T053154Z-PF12hU,astropy__astropy-14309,46,36.50390625,34.04296875,430080.0,2150400.0,1.1235955056179776,6.741573033707865
qwen-run-20260923T053154Z-PF12hU,astropy__astropy-14309,47,36.4375,33.90234375,512000.0,2146304.0,1.3400514579759863,6.9575471698113205
qwen-run-20260923T053154Z-PF12hU,astropy__astropy-14309,48,26.19140625,23.5390625,700416.0,2080768.0,2.5503355704697985,10.126771066368383
qwen-run-20260923T053154Z-PF12hU,astropy__astropy-14309,49,28.05859375,25.1953125,839680.0,2162688.0,2.8539607406376164,10.204649867743283
qwen-run-20260923T053154Z-PF12hU,astropy__astropy-14309,50,39.265625,36.41796875,770048.0,2215936.0,1.870274572224433,7.252288101870275
qwen-run-20260923T053154Z-PF12hU,astropy__astropy-14309,51,23.953125,21.21875,770048.0,2097152.0,3.065883887801696,11.415525114155251
qwen-run-20260923T053154Z-PF12hU,astropy__astropy-14309,52,96.3203125,92.2421875,462848.0,3813376.0,0.458269121583259,4.233920025955065
qwen-run-20260923T053154Z-PF12hU,astropy__astropy-14309,53,41.37109375,38.625,659456.0,2220032.0,1.520158625247852,6.637711264280993
qwen-run-20260923T053154Z-PF12hU,astropy__astropy-14309,54,25.83203125,23.25390625,655360.0,2048000.0,2.419476788144564,9.980341751096326
qwen-run-20260923T053154Z-PF12hU,astropy__astropy-14309,55,43.14453125,40.41796875,651264.0,2207744.0,1.4395654142145766,6.319601629696695
qwen-run-20260923T053154Z-PF12hU,astropy__astropy-14309,56,43.66796875,40.61328125,741376.0,2461696.0,1.6191072546739422,6.995258967707309
qwen-run-20260923T053154Z-PF12hU,astropy__astropy-14309,57,36.9375,34.26953125,630784.0,2166784.0,1.628595600676819,7.222927241962775
qwen-run-20260923T053154Z-PF12hU,astropy__astropy-14309,58,36.546875,33.9453125,581632.0,2146304.0,1.5177426250534416,7.11842667806755
qwen-run-20260923T053154Z-PF12hU,astropy__astropy-14309,59,26.0859375,23.51171875,630784.0,2068480.0,2.3060796645702304,9.868224019167416
qwen-run-20260923T053154Z-PF12hU,astropy__astropy-14309,60,33.19921875,30.40625,577536.0,2351104.0,1.6590187080833039,8.412754441699024
qwen-run-20260923T053154Z-PF12hU,astropy__astropy-14309,61,40.65234375,38.03515625,581632.0,2162688.0,1.3644662246564812,6.4379744402805805
qwen-run-20260923T053154Z-PF12hU,astropy__astropy-14309,62,25.9765625,23.3125,720896.0,2072576.0,2.6466165413533833,10.25563909774436
qwen-run-20260923T053154Z-PF12hU,astropy__astropy-14309,63,96.94921875,92.0859375,524288.0,4575232.0,0.515733913533986,5.016318143357911
qwen-run-20260923T053154Z-PF12hU,astropy__astropy-14309,64,96.71484375,91.66796875,528384.0,4763648.0,0.5210226584272386,5.2183044549456765
qwen-run-20260923T053154Z-PF12hU,astropy__astropy-14365,1,4.15625,3.23046875,106496.0,864256.0,2.443609022556391,22.274436090225564
qwen-run-20260923T053154Z-PF12hU,astropy__astropy-14365,2,29.7890625,26.68359375,221184.0,3035136.0,0.7081038552321007,10.424862313139261
qwen-run-20260923T053154Z-PF12hU,astropy__astropy-14365,3,24.890625,22.828125,208896.0,1953792.0,0.800376647834275,8.286252354048964
qwen-run-20260923T053154Z-PF12hU,astropy__astropy-14365,4,25.5078125,23.40234375,237568.0,1970176.0,0.888208269525268,8.254211332312405
qwen-run-20260923T053154Z-PF12hU,astropy__astropy-14365,5,25.59375,23.47265625,262144.0,1961984.0,0.9768009768009768,8.287545787545788
qwen-run-20260923T053154Z-PF12hU,astropy__astropy-14365,6,25.6015625,23.5234375,217088.0,1961984.0,0.8086664632285627,8.117180347879158
qwen-run-20260923T053154Z-PF12hU,astropy__astropy-14365,7,25.69921875,23.625,180224.0,1994752.0,0.6687946496428029,8.071135430916552
qwen-run-20260923T053154Z-PF12hU,astropy__astropy-14365,8,25.3984375,23.33203125,200704.0,1966080.0,0.7536142725315288,8.135958166717932
qwen-run-20260923T053154Z-PF12hU,astropy__astropy-14365,9,100.75390625,95.71875,372736.0,4907008.0,0.35280890163997985,4.997479936416857
qwen-run-20260923T053154Z-PF12hU,astropy__astropy-14365,10,39.6640625,37.59375,110592.0,2060288.0,0.2659050620445145,5.219617884577507
qwen-run-20260923T053154Z-PF12hU,astropy__astropy-14365,11,24.9453125,22.90234375,192512.0,1949696.0,0.7359849671155653,8.189790165988098
qwen-run-20260923T053154Z-PF12hU,astropy__astropy-14369,1,4.30078125,3.484375,126976.0,729088.0,2.815622161671208,18.982742960944595
qwen-run-20260923T053154Z-PF12hU,astropy__astropy-14369,2,29.30078125,26.6015625,151552.0,2678784.0,0.4932675643247567,9.212105052659645
qwen-run-20260923T053154Z-PF12hU,astropy__astropy-14369,3,25.11328125,23.0390625,196608.0,1978368.0,0.7466168922071862,8.259449370041997
qwen-run-20260923T053154Z-PF12hU,astropy__astropy-14369,4,25.28515625,23.05859375,364544.0,1970176.0,1.3749420670477368,8.805808744013595
qwen-run-20260923T053154Z-PF12hU,astropy__astropy-14508,1,4.45703125,3.58984375,204800.0,704512.0,4.382120946538125,19.456617002629272
qwen-run-20260923T053154Z-PF12hU,astropy__astropy-14508,2,29.8515625,26.92578125,389120.0,2678784.0,1.2431300706621304,9.801099188694058
qwen-run-20260923T053154Z-PF12hU,astropy__astropy-14508,3,26.0859375,23.8203125,409600.0,1966080.0,1.4974543276430068,8.68523510032944
qwen-run-20260923T053154Z-PF12hU,astropy__astropy-14508,4,25.9765625,23.7578125,372736.0,1953792.0,1.368421052631579,8.541353383458647
qwen-run-20260923T053154Z-PF12hU,astropy__astropy-14508,5,26.4140625,24.22265625,327680.0,1970176.0,1.1830819284235434,8.296362023070097
qwen-run-20260923T053154Z-PF12hU,astropy__astropy-14508,6,26.66796875,24.5,270336.0,2002944.0,0.9667496704262487,8.129485864948
qwen-run-20260923T053154Z-PF12hU,astropy__astropy-14508,7,25.625,23.328125,434176.0,1974272.0,1.6158536585365855,8.963414634146341
qwen-run-20260923T053154Z-PF12hU,astropy__astropy-14508,8,86.16796875,84.76171875,385024.0,1089536.0,0.426129924293939,1.6319869441044472
qwen-run-20260923T053154Z-PF12hU,astropy__astropy-14508,9,26.5,24.5703125,520192.0,1503232.0,1.872051886792453,7.28183962264151
qwen-run-20260923T053154Z-PF12hU,astropy__astropy-14508,10,24.5,21.953125,368640.0,2301952.0,1.4349489795918366,10.395408163265307
qwen-run-20260923T053154Z-PF12hU,astropy__astropy-14508,11,32.69140625,30.09765625,389120.0,2330624.0,1.1351415939777751,7.934042298960449
qwen-run-20260923T053154Z-PF12hU,astropy__astropy-14508,12,85.578125,81.6953125,372736.0,3698688.0,0.41537337958736537,4.537155377031222
qwen-run-20260923T053154Z-PF12hU,astropy__astropy-14508,13,26.51171875,24.1015625,462848.0,2064384.0,1.6649476941211139,9.090909090909092
qwen-run-20260923T053154Z-PF12hU,astropy__astropy-14508,14,25.88671875,23.4140625,548864.0,2043904.0,2.022031084955485,9.551833408782255
qwen-run-20260923T053154Z-PF12hU,astropy__astropy-14508,15,32.96875,30.34765625,409600.0,2338816.0,1.1848341232227488,7.950236966824645
qwen-run-20260923T053154Z-PF12hU,astropy__astropy-14508,16,85.921875,82.32421875,8192.0,3764224.0,0.009092562284051645,4.187124931805783
qwen-run-20260923T053154Z-PF12hU,astropy__astropy-14508,17,26.26171875,23.97265625,360448.0,2039808.0,1.3089394615499033,8.716346868957311
qwen-run-20260923T053154Z-PF12hU,astropy__astropy-14508,18,26.71484375,25.26953125,417792.0,1097728.0,1.4914461178534872,5.4101476824097094
qwen-run-20260923T053154Z-PF12hU,astropy__astropy-14508,19,25.69921875,23.359375,409600.0,2043904.0,1.5199878400972793,9.104727162182703
qwen-run-20260923T053154Z-PF12hU,astropy__astropy-14508,20,26.54296875,24.875,491520.0,1257472.0,1.7660044150110374,6.284032376747609
qwen-run-20260923T053154Z-PF12hU,astropy__astropy-14508,21,24.9296875,23.453125,458752.0,1089536.0,1.754935756816045,5.9229081792541525
qwen-run-20260923T053154Z-PF12hU,astropy__astropy-14508,22,25.63671875,24.08984375,356352.0,1265664.0,1.3256132866067347,6.033825994209965
qwen-run-20260923T053154Z-PF12hU,astropy__astropy-14508,23,23.484375,21.2265625,344064.0,2023424.0,1.3972055888223553,9.614105123087159
qwen-run-20260923T053154Z-PF12hU,astropy__astropy-14508,24,33.1953125,30.54296875,430080.0,2351104.0,1.2355848434925865,7.990115321252059
qwen-run-20260923T053154Z-PF12hU,astropy__astropy-14508,25,26.37109375,24.12890625,311296.0,2039808.0,1.1257591467930677,8.502444082358169
qwen-run-20260923T053154Z-PF12hU,astropy__astropy-14508,26,90.0390625,85.875,278528.0,4087808.0,0.2950108459869848,4.624728850325379
qwen-run-20260923T053154Z-PF12hU,astropy__astropy-14508,27,25.8125,23.47265625,356352.0,2097152.0,1.3165859564164648,9.064769975786925
qwen-run-20260923T053154Z-PF12hU,astropy__astropy-14508,28,88.86328125,84.73828125,200704.0,4124672.0,0.21539408325640688,4.641962284056442
qwen-run-20260923T053154Z-PF12hU,astropy__astropy-14508,29,40.58984375,38.1171875,405504.0,2187264.0,0.9527475700125109,6.0918102203830236
qwen-run-20260923T053154Z-PF12hU,astropy__astropy-14508,30,25.609375,23.3046875,331776.0,2084864.0,1.235509456985967,8.999389871873094
qwen-run-20260923T053154Z-PF12hU,astropy__astropy-14539,1,4.34765625,3.37109375,131072.0,892928.0,2.875112309074573,22.461814914645103
qwen-run-20260923T053154Z-PF12hU,astropy__astropy-14539,2,29.78515625,26.87109375,360448.0,2695168.0,1.1540983606557378,9.783606557377048
qwen-run-20260923T053154Z-PF12hU,astropy__astropy-14539,3,26.62890625,24.22265625,475136.0,2048000.0,1.7016282822355875,9.036232947044155
qwen-run-20260923T053154Z-PF12hU,astropy__astropy-14539,4,26.890625,24.5234375,471040.0,2011136.0,1.6705403834979664,8.803021499128414
qwen-run-20260923T053154Z-PF12hU,astropy__astropy-14539,5,25.72265625,23.3359375,532480.0,1970176.0,1.974183750949127,9.278663629460896
qwen-run-20260923T053154Z-PF12hU,astropy__astropy-14539,6,25.78125,23.375,552960.0,1970176.0,2.0454545454545454,9.333333333333334
qwen-run-20260923T053154Z-PF12hU,astropy__astropy-14539,7,26.30859375,23.88671875,565248.0,1974272.0,2.048997772828508,9.205642167780253
qwen-run-20260923T053154Z-PF12hU,astropy__astropy-14539,8,26.18359375,23.83984375,491520.0,1966080.0,1.7902431746978964,8.951215873489483
qwen-run-20260923T053154Z-PF12hU,astropy__astropy-14539,9,25.30859375,23.07421875,397312.0,1945600.0,1.4971446210835004,8.828522920203735
qwen-run-20260923T053154Z-PF12hU,astropy__astropy-14539,10,32.64453125,30.08984375,462848.0,2215936.0,1.352159865980615,7.825774799569223
qwen-run-20260923T053154Z-PF12hU,astropy__astropy-14539,11,25.4609375,23.9296875,610304.0,995328.0,2.2859772936483584,6.014114759128567
qwen-run-20260923T053154Z-PF12hU,astropy__astropy-14539,12,100.64453125,95.7734375,540672.0,4567040.0,0.5123229186881428,4.839899087909956
qwen-run-20260923T053154Z-PF12hU,astropy__astropy-14539,13,26.3984375,23.84375,671744.0,2007040.0,2.426753477360166,9.67741935483871
qwen-run-20260923T053154Z-PF12hU,astropy__astropy-14539,14,26.7734375,24.421875,479232.0,1986560.0,1.7070323898453459,8.783192296469215
qwen-run-20260923T053154Z-PF12hU,astropy__astropy-14539,15,26.5625,24.07421875,610304.0,1998848.0,2.1911764705882355,9.367647058823529
qwen-run-20260923T053154Z-PF12hU,astropy__astropy-14539,16,26.53125,24.078125,561152.0,2011136.0,2.0170789163722027,9.246171967020024
qwen-run-20260923T053154Z-PF12hU,astropy__astropy-14539,17,26.703125,24.2734375,540672.0,2007040.0,1.9309537741369223,9.098888238736103
qwen-run-20260923T053154Z-PF12hU,astropy__astropy-14539,18,87.828125,84.03125,425984.0,3555328.0,0.46255114748265436,4.323074186087885
qwen-run-20260923T053154Z-PF12hU,astropy__astropy-14539,19,26.4140625,24.92578125,528384.0,1032192.0,1.9077196095829636,5.634427684117125
qwen-run-20260923T053154Z-PF12hU,astropy__astropy-14539,20,24.80859375,22.83203125,90112.0,1982464.0,0.3464021413950559,7.967249252086286
qwen-run-20260923T053154Z-PF12hU,astropy__astropy-14539,21,32.84765625,30.4296875,307200.0,2228224.0,0.8919015340706385,7.361160661196338
qwen-run-20260923T053154Z-PF12hU,astropy__astropy-14539,22,96.2890625,92.0625,307200.0,4124672.0,0.30425963488843816,4.389452332657201
qwen-run-20260923T053154Z-PF12hU,astropy__astropy-14539,23,25.7578125,23.4921875,344064.0,2031616.0,1.2738853503184713,8.795875037913255
qwen-run-20260923T053154Z-PF12hU,astropy__astropy-14539,24,32.83203125,30.34375,360448.0,2248704.0,1.0469958358120166,7.578822129684712
qwen-run-20260923T053154Z-PF12hU,astropy__astropy-14539,25,87.91796875,84.29296875,356352.0,3444736.0,0.3865464077842449,4.123161683031945
qwen-run-20260923T053154Z-PF12hU,astropy__astropy-14539,26,25.578125,24.26953125,303104.0,1069056.0,1.1301160659743432,5.116065974343311
qwen-run-20260923T053154Z-PF12hU,astropy__astropy-14539,27,32.62109375,30.11328125,376832.0,2252800.0,1.1016644713208,7.68770207160819
qwen-run-20260923T053154Z-PF12hU,astropy__astropy-14539,28,87.98828125,84.25,335872.0,3584000.0,0.36403995560488345,4.248612652608213
qwen-run-20260923T053154Z-PF12hU,astropy__astropy-14539,29,26.15625,23.80859375,425984.0,2035712.0,1.5531660692951015,8.975507765830347
qwen-run-20260923T053154Z-PF12hU,astropy__astropy-14539,30,26.3359375,24.0859375,360448.0,1998848.0,1.3052506674577278,8.543458914268763
qwen-run-20260923T053154Z-PF12hU,astropy__astropy-14539,31,25.69921875,23.4609375,344064.0,2002944.0,1.2767897856817145,8.70953032375741
qwen-run-20260923T053154Z-PF12hU,astropy__astropy-14539,32,32.76953125,30.29296875,360448.0,2236416.0,1.0489927285731315,7.557515794492788
qwen-run-20260923T053154Z-PF12hU,astropy__astropy-14539,33,26.171875,23.90234375,393216.0,1986560.0,1.4328358208955223,8.671641791044776
qwen-run-20260923T053154Z-PF12hU,astropy__astropy-14539,34,25.70703125,23.34765625,487424.0,1986560.0,1.8082358304209087,9.17793648381705
qwen-run-20260923T053154Z-PF12hU,astropy__astropy-14539,35,32.75,30.22265625,413696.0,2236416.0,1.2046755725190839,7.717080152671755
qwen-run-20260923T053154Z-PF12hU,astropy__astropy-14539,36,26.10546875,23.91796875,294912.0,1998848.0,1.0773604668562022,8.379470297770462
qwen-run-20260923T053154Z-PF12hU,astropy__astropy-14539,37,26.3515625,24.15234375,294912.0,2011136.0,1.0672991402312482,8.345686332641565
qwen-run-20260923T053154Z-PF12hU,astropy__astropy-14539,38,26.4375,24.09375,438272.0,2019328.0,1.58096926713948,8.865248226950355
qwen-run-20260923T053154Z-PF12hU,astropy__astropy-14539,39,26.3203125,24.01171875,376832.0,2043904.0,1.365390323538142,8.771148708815673
qwen-run-20260923T053154Z-PF12hU,astropy__astropy-14539,40,25.6875,23.41796875,376832.0,2002944.0,1.3990267639902676,8.835158150851582
qwen-run-20260923T053154Z-PF12hU,astropy__astropy-14539,41,32.73828125,30.27734375,344064.0,2236416.0,1.0022670325736787,7.517002744302589
qwen-run-20260923T053154Z-PF12hU,astropy__astropy-14539,42,25.71484375,23.43359375,385024.0,2007040.0,1.4279204010329638,8.871335257481391
qwen-run-20260923T053154Z-PF12hU,astropy__astropy-14539,43,32.859375,30.26953125,471040.0,2244608.0,1.367094626723728,7.881597717546362
qwen-run-20260923T053154Z-PF12hU,astropy__astropy-14539,44,26.46484375,24.1015625,450560.0,2027520.0,1.6236162361623616,8.92988929889299
qwen-run-20260923T053154Z-PF12hU,astropy__astropy-14539,45,26.57421875,24.23828125,430080.0,2019328.0,1.543436719094517,8.790239600176394
qwen-run-20260923T053154Z-PF12hU,astropy__astropy-14539,46,25.4609375,23.44140625,118784.0,1998848.0,0.44492175513961335,7.931880945075177
qwen-run-20260923T053154Z-PF12hU,astropy__astropy-14539,47,32.8046875,30.4140625,266240.0,2240512.0,0.7739938080495357,7.287449392712551
qwen-run-20260923T053154Z-PF12hU,astropy__astropy-14539,48,26.0390625,23.91796875,233472.0,1990656.0,0.8550855085508551,8.145814581458145
qwen-run-20260923T053154Z-PF12hU,astropy__astropy-14539,49,26.38671875,24.16796875,315392.0,2011136.0,1.1398963730569949,8.40858623242043
qwen-run-20260923T053154Z-PF12hU,astropy__astropy-14539,50,25.86328125,23.546875,430080.0,1998848.0,1.58586316266425,8.956351004380004
qwen-run-20260923T053154Z-PF12hU,astropy__astropy-14539,51,32.640625,30.1328125,393216.0,2236416.0,1.1488750598372428,7.683101962661561
qwen-run-20260923T053154Z-PF12hU,astropy__astropy-14539,52,25.7421875,23.5625,278528.0,2007040.0,1.031866464339909,8.467374810318665
qwen-run-20260923T053154Z-PF12hU,astropy__astropy-14539,53,25.86328125,23.59375,368640.0,2011136.0,1.359311282283643,8.775109500075517
qwen-run-20260923T053154Z-PF12hU,astropy__astropy-14539,54,25.66015625,23.40625,356352.0,2007040.0,1.3244024965748211,8.783680925559446
qwen-run-20260923T053154Z-PF12hU,astropy__astropy-14539,55,26.9375,24.62109375,409600.0,2019328.0,1.4501160092807424,8.599187935034802
qwen-run-20260923T053154Z-PF12hU,astropy__astropy-14539,56,26.03125,23.703125,425984.0,2015232.0,1.56062424969988,8.94357743097239
qwen-run-20260923T053154Z-PF12hU,astropy__astropy-14539,57,26.40625,24.14453125,356352.0,2015232.0,1.28698224852071,8.565088757396449
qwen-run-20260923T053154Z-PF12hU,astropy__astropy-14539,58,96.609375,92.07421875,319488.0,4435968.0,0.3153808830664726,4.6943231441048034
qwen-run-20260923T053154Z-PF12hU,astropy__astropy-14539,59,25.92578125,23.609375,385024.0,2043904.0,1.4163025463311738,8.934759680578575
qwen-run-20260923T053154Z-PF12hU,astropy__astropy-14539,60,25.640625,23.28515625,442368.0,2027520.0,1.6453382084095065,9.186471663619743
qwen-run-20260923T053154Z-PF12hU,astropy__astropy-14539,61,25.43359375,23.1640625,376832.0,2002944.0,1.412993395791737,8.923360466902166
qwen-run-20260923T053154Z-PF12hU,astropy__astropy-14539,62,26.578125,24.33203125,331776.0,2023424.0,1.1904761904761905,8.450911228689007
qwen-run-20260923T053154Z-PF12hU,astropy__astropy-14539,63,87.87109375,84.36328125,286720.0,3391488.0,0.31118026228050677,3.991998221827073
qwen-run-20260923T053154Z-PF12hU,astropy__astropy-14539,64,26.79296875,24.4375,417792.0,2052096.0,1.4870972444962822,8.791369004228022
qwen-run-20260923T053154Z-PF12hU,astropy__astropy-14539,65,25.75390625,23.4453125,397312.0,2023424.0,1.4712573942059761,8.964052783254967
qwen-run-20260923T053154Z-PF12hU,astropy__astropy-14539,66,25.53125,23.27734375,372736.0,1990656.0,1.3922888616891065,8.828029375764993
qwen-run-20260923T053154Z-PF12hU,astropy__astropy-14539,67,26.625,24.37890625,323584.0,2031616.0,1.159037558685446,8.436032863849766
qwen-run-20260923T053154Z-PF12hU,astropy__astropy-14539,68,26.46484375,24.125,438272.0,2015232.0,1.5793357933579335,8.841328413284133
qwen-run-20260923T053154Z-PF12hU,astropy__astropy-14539,69,25.83984375,23.4375,499712.0,2019328.0,1.8442932728647015,9.297052154195011
qwen-run-20260923T053154Z-PF12hU,astropy__astropy-14539,70,26.0859375,23.8828125,303104.0,2007040.0,1.108116202455825,8.44564240790656
qwen-run-20260923T053154Z-PF12hU,astropy__astropy-14539,71,26.1953125,24.87109375,348160.0,1040384.0,1.2675216224276766,5.055174470623323
qwen-run-20260923T053154Z-PF12hU,astropy__astropy-14539,72,25.8359375,23.5859375,348160.0,2011136.0,1.2851527063804051,8.708799516177805
qwen-run-20260923T053154Z-PF12hU,astropy__astropy-14539,73,25.77734375,23.4609375,430080.0,1998848.0,1.5911501742688285,8.986210031823003
qwen-run-20260923T053154Z-PF12hU,astropy__astropy-14539,74,25.5,23.2421875,352256.0,2015232.0,1.3174019607843137,8.854166666666666
qwen-run-20260923T053154Z-PF12hU,astropy__astropy-14539,75,25.7734375,23.4296875,475136.0,1982464.0,1.7581085177326463,9.093664746892998
qwen-run-20260923T053154Z-PF12hU,astropy__astropy-14539,76,26.57421875,24.3515625,307200.0,2023424.0,1.1024547993532265,8.363957077759812
qwen-run-20260923T053154Z-PF12hU,astropy__astropy-14539,77,96.46484375,91.9921875,299008.0,4390912.0,0.2956063980562867,4.636566106499291
qwen-run-20260923T053154Z-PF12hU,astropy__astropy-14539,78,25.79296875,23.54296875,315392.0,2043904.0,1.1661366045736787,8.723307587460246
qwen-run-20260923T053154Z-PF12hU,astropy__astropy-14539,79,25.69921875,23.51171875,307200.0,1986560.0,1.1399908800729595,8.511931904544763
qwen-run-20260923T053154Z-PF12hU,astropy__astropy-14539,80,25.6796875,23.4765625,307200.0,2002944.0,1.1408579251597202,8.579251597201095
qwen-run-20260923T053154Z-PF12hU,astropy__astropy-14539,81,26.53125,24.37109375,253952.0,2011136.0,0.9128386336866903,8.14193168433451
qwen-run-20260923T053154Z-PF12hU,astropy__astropy-14539,82,26.59765625,24.90625,536576.0,1236992.0,1.923924217946835,6.359230430312821
qwen-run-20260923T053154Z-PF12hU,astropy__astropy-14539,83,86.50390625,82.98828125,311296.0,3375104.0,0.34319259426507115,4.064122826823211
qwen-run-20260923T053154Z-PF12hU,astropy__astropy-14539,84,26.80078125,24.3125,548864.0,2060288.0,1.9530680658796093,9.284360880338143
qwen-run-20260923T053154Z-PF12hU,astropy__astropy-14539,85,25.60546875,23.27734375,450560.0,1990656.0,1.6781083142639206,9.092295957284515
qwen-run-20260923T053154Z-PF12hU,astropy__astropy-14539,86,25.58984375,23.265625,438272.0,1998848.0,1.6333384216150206,9.08258281178446
qwen-run-20260923T053154Z-PF12hU,astropy__astropy-14539,87,26.62109375,24.4140625,278528.0,2035712.0,0.9977989728539985,8.290535583272193
qwen-run-20260923T053154Z-PF12hU,astropy__astropy-14539,88,96.3125,91.90234375,200704.0,4423680.0,0.19873458792991563,4.579007138221934
qwen-run-20260923T053154Z-PF12hU,astropy__astropy-14539,89,25.8203125,23.640625,409600.0,1875968.0,1.51285930408472,8.441754916792739
qwen-run-20260923T053154Z-PF12hU,astropy__astropy-14539,90,25.109375,23.62109375,503808.0,1056768.0,1.913503422526447,5.9271935283136274
qwen-run-20260923T053154Z-PF12hU,astropy__astropy-14539,91,25.06640625,22.80859375,372736.0,1994752.0,1.4181081502259623,9.007324294841826
qwen-run-20260923T053154Z-PF12hU,astropy__astropy-14539,92,26.4765625,24.2734375,299008.0,2011136.0,1.0770138683977575,8.321038654470346
qwen-run-20260923T053154Z-PF12hU,astropy__astropy-14539,93,26.4296875,24.10546875,401408.0,2035712.0,1.4484185634052615,8.793969849246231
qwen-run-20260923T053154Z-PF12hU,astropy__astropy-14539,94,88.0546875,84.37890625,339968.0,3514368.0,0.36820157927424363,4.1744299529766655
qwen-run-20260923T053154Z-PF12hU,astropy__astropy-14539,95,26.33203125,23.98828125,401408.0,2056192.0,1.453790238836968,8.900756564307967
qwen-run-20260923T053154Z-PF12hU,astropy__astropy-14539,96,25.7734375,23.47265625,393216.0,2019328.0,1.4549863595028796,8.926947559866626
qwen-run-20260923T053154Z-PF12hU,astropy__astropy-14539,97,25.65625,23.375,376832.0,2015232.0,1.4007308160779537,8.891595615103533
qwen-run-20260923T053154Z-PF12hU,astropy__astropy-14539,98,25.5234375,23.2578125,380928.0,1994752.0,1.423324150596878,8.876645240281604
qwen-run-20260923T053154Z-PF12hU,astropy__astropy-14539,99,26.50390625,24.18359375,405504.0,2027520.0,1.4591009579955785,8.754605747973471
qwen-run-20260923T053154Z-PF12hU,astropy__astropy-14539,100,25.94921875,24.26171875,491520.0,1277952.0,1.806412765316875,6.50308595514075
qwen-run-20260923T053154Z-PF12hU,astropy__astropy-14539,101,86.04296875,82.5390625,53248.0,3620864.0,0.05901847732328506,4.072274935306669
qwen-run-20260923T053154Z-PF12hU,astropy__astropy-14539,102,26.63671875,24.359375,315392.0,2072576.0,1.1291978295937821,8.549640709781492
qwen-run-20260923T053154Z-PF12hU,astropy__astropy-14539,103,25.8984375,23.5703125,409600.0,2031616.0,1.5082956259426847,8.989441930618401
qwen-run-20260923T053154Z-PF12hU,astropy__astropy-14539,104,25.63671875,23.3125,401408.0,2035712.0,1.4932195642236783,9.06597592564376
qwen-run-20260923T053154Z-PF12hU,astropy__astropy-14539,105,25.65234375,23.56640625,1101824.0,1085440.0,4.096238769605604,8.131566925536776
qwen-run-20260923T053154Z-PF12hU,astropy__astropy-14539,106,26.30078125,23.921875,421888.0,2072576.0,1.5297787019159363,9.045002227833061
qwen-run-20260923T053154Z-PF12hU,astropy__astropy-14539,107,26.49609375,24.01953125,499712.0,2097152.0,1.7986141825151114,9.3468966533982
qwen-run-20260923T053154Z-PF12hU,astropy__astropy-14539,108,96.4453125,91.84375,389120.0,4435968.0,0.3847711624139328,4.771162413932767
qwen-run-20260923T053154Z-PF12hU,astropy__astropy-14539,109,26.35546875,23.984375,454656.0,2031616.0,1.64517563361494,8.996591077515934
qwen-run-20260923T053154Z-PF12hU,astropy__astropy-14539,110,26.328125,24.01171875,430080.0,1998848.0,1.5578635014836795,8.798219584569733
qwen-run-20260923T053154Z-PF12hU,astropy__astropy-14539,111,26.64453125,24.28125,462848.0,2015232.0,1.6566485852514294,8.869667204222255
qwen-run-20260923T053154Z-PF12hU,astropy__astropy-14539,112,26.453125,24.10546875,438272.0,2023424.0,1.5800354400472534,8.874778499704666
qwen-run-20260923T053154Z-PF12hU,astropy__astropy-14539,113,26.38671875,24.03125,454656.0,2015232.0,1.6432272390821614,8.926720947446336
qwen-run-20260923T053154Z-PF12hU,astropy__astropy-14539,114,26.51171875,24.1875,421888.0,2015232.0,1.5176071902165906,8.76675998231914
qwen-run-20260923T053154Z-PF12hU,astropy__astropy-14539,115,25.59375,23.234375,475136.0,1998848.0,1.7704517704517704,9.218559218559218
qwen-run-20260923T053154Z-PF12hU,astropy__astropy-14539,116,32.8828125,31.31640625,540672.0,1101824.0,1.5680684248039916,4.76360180565455
qwen-run-20260923T053154Z-PF12hU,astropy__astropy-14539,117,95.56640625,90.8828125,479232.0,4431872.0,0.47823421213979156,4.900878806458206
qwen-run-20260923T053154Z-PF12hU,astropy__astropy-14539,118,25.72265625,23.375,405504.0,2056192.0,1.5034168564920274,9.126803340926347
qwen-run-20260923T053154Z-PF12hU,astropy__astropy-14539,119,32.95703125,30.33984375,491520.0,2252800.0,1.4223065070522698,7.941211331041839
qwen-run-20260923T053154Z-PF12hU,astropy__astropy-14539,120,96.37109375,91.7890625,360448.0,4444160.0,0.35669409428073445,4.754570143082972
qwen-run-20260923T053154Z-PF12hU,astropy__astropy-14539,121,26.78125,24.30078125,548864.0,2052096.0,1.9544924154025671,9.26196032672112
qwen-run-20260923T053154Z-PF12hU,astropy__astropy-14539,122,25.62109375,23.30859375,413696.0,2011136.0,1.5398688824515931,9.025766122884587
qwen-run-20260923T053154Z-PF12hU,astropy__astropy-14539,123,32.7578125,30.20703125,409600.0,2265088.0,1.1924636298592892,7.786787502981159
qwen-run-20260923T053154Z-PF12hU,astropy__astropy-14539,124,96.4765625,92.21484375,45056.0,4423680.0,0.044538019272815615,4.417361729694712
qwen-run-20260923T053154Z-PF12hU,astropy__astropy-14539,125,26.9609375,24.63671875,368640.0,2068480.0,1.303969863807592,8.620689655172415
qwen-run-20260923T053154Z-PF12hU,astropy__astropy-14539,126,25.41796875,23.22265625,307200.0,1994752.0,1.152604887044721,8.63685262025511
qwen-run-20260923T053154Z-PF12hU,astropy__astropy-14539,127,32.7734375,30.35546875,294912.0,2240512.0,0.8581644815256257,7.377830750893922
qwen-run-20260923T053154Z-PF12hU,astropy__astropy-14539,128,87.78515625,84.6796875,262144.0,2994176.0,0.2847861878698883,3.537578427446269
qwen-run-20260923T053154Z-PF12hU,astropy__astropy-14539,129,26.61328125,24.22265625,450560.0,2056192.0,1.6145603992367532,8.982826948480845
qwen-run-20260923T053154Z-PF12hU,astropy__astropy-14539,130,25.48828125,23.296875,294912.0,2002944.0,1.103448275862069,8.597701149425287
qwen-run-20260923T053154Z-PF12hU,astropy__astropy-14539,131,32.8984375,30.3671875,413696.0,2240512.0,1.1992400854903824,7.694134409878888
qwen-run-20260923T053154Z-PF12hU,astropy__astropy-14539,132,96.57421875,92.328125,237568.0,4214784.0,0.2345993609189823,4.396715608947134
qwen-run-20260923T053154Z-PF12hU,astropy__astropy-14539,133,27.03515625,24.6796875,389120.0,2080768.0,1.37263401242595,8.712613784135241
qwen-run-20260923T053154Z-PF12hU,astropy__astropy-14539,134,25.8828125,23.421875,544768.0,2035712.0,2.0072441895562934,9.507998792635075
qwen-run-20260923T053154Z-PF12hU,astropy__astropy-14539,135,32.98046875,30.27734375,573440.0,2260992.0,1.6581783726163686,8.19613881321805
qwen-run-20260923T053154Z-PF12hU,astropy__astropy-14539,136,96.48046875,91.91015625,364544.0,4427776.0,0.36033847524191265,4.73703388801166
qwen-run-20260923T053154Z-PF12hU,astropy__astropy-14539,137,27.03125,24.5625,503808.0,2084864.0,1.777456647398844,9.132947976878613
qwen-run-20260923T053154Z-PF12hU,astropy__astropy-14539,138,26.7421875,24.1484375,659456.0,2060288.0,2.3517382413087935,9.69909436167105
qwen-run-20260923T053154Z-PF12hU,astropy__astropy-14539,139,25.9375,23.2578125,753664.0,2056192.0,2.7710843373493974,10.331325301204819
qwen-run-20260923T053154Z-PF12hU,astropy__astropy-14539,140,25.703125,23.15625,618496.0,2052096.0,2.2948328267477205,9.908814589665653
qwen-run-20260923T053154Z-PF12hU,astropy__astropy-14539,141,26.87890625,24.28515625,643072.0,2076672.0,2.281645109722424,9.649760209271909
qwen-run-20260923T053154Z-PF12hU,astropy__astropy-14539,142,27.12109375,25.61328125,532480.0,1048576.0,1.8723894570070574,5.559556387728647
qwen-run-20260923T053154Z-PF12hU,astropy__astropy-14539,143,26.52734375,24.00390625,598016.0,2048000.0,2.149904285083198,9.51259019290237
qwen-run-20260923T053154Z-PF12hU,astropy__astropy-14539,144,25.72265625,23.12890625,692224.0,2027520.0,2.566438876233865,10.083523158694002
qwen-run-20260923T053154Z-PF12hU,astropy__astropy-14539,145,25.69921875,23.09765625,700416.0,2027520.0,2.5991792065663475,10.12311901504788
qwen-run-20260923T053154Z-PF12hU,astropy__astropy-14539,146,33.00390625,30.01171875,868352.0,2269184.0,2.5091726831577703,9.06616167593798
qwen-run-20260923T053154Z-PF12hU,astropy__astropy-14539,147,96.66015625,92.0546875,471040.0,4358144.0,0.46474035158617905,4.764598908870479
qwen-run-20260923T053154Z-PF12hU,astropy__astropy-14539,148,26.49609375,24.53515625,4096.0,2052096.0,0.014742739200943536,7.400855078873655
qwen-run-20260923T053154Z-PF12hU,astropy__astropy-14539,149,26.41015625,24.2109375,307200.0,1998848.0,1.1093033574914954,8.327170536902825
qwen-run-20260923T053154Z-PF12hU,astropy__astropy-14539,150,26.27734375,24.0390625,339968.0,2007040.0,1.233833804073138,8.517912888360339
qwen-run-20260923T053154Z-PF12hU,astropy__astropy-14539,151,25.40625,23.17578125,339968.0,1998848.0,1.2761377613776137,8.779212792127922
qwen-run-20260923T053154Z-PF12hU,astropy__astropy-14539,152,32.66796875,30.1953125,335872.0,2256896.0,0.9805093865837619,7.569054167164893
qwen-run-20260923T053154Z-PF12hU,astropy__astropy-14539,153,96.45703125,92.046875,253952.0,4370432.0,0.25108330296035314,4.572145952294172
qwen-run-20260923T053154Z-PF12hU,astropy__astropy-14539,154,26.65234375,24.328125,380928.0,2056192.0,1.3630367873369487,8.72050417704822
qwen-run-20260923T053154Z-PF12hU,astropy__astropy-14539,155,96.3046875,92.02734375,200704.0,4284416.0,0.19875070982396364,4.44146994402531
qwen-run-20260923T053154Z-PF12hU,astropy__astropy-14539,156,26.05078125,23.8515625,262144.0,2043904.0,0.9596641175588544,8.442045284150547
qwen-run-20260923T053154Z-PF12hU,astropy__astropy-14539,157,26.37890625,24.14453125,327680.0,2015232.0,1.1846586702206428,8.470309492077595
qwen-run-20260923T053154Z-PF12hU,astropy__astropy-14539,158,26.15234375,23.90625,356352.0,1998848.0,1.299477221807319,8.588498879761016
qwen-run-20260923T053154Z-PF12hU,astropy__astropy-14539,159,26.421875,24.1171875,409600.0,2007040.0,1.4784151389710232,8.722649319929037
qwen-run-20260923T053154Z-PF12hU,astropy__astropy-14539,160,26.28125,24.05859375,299008.0,2031616.0,1.0850178359096314,8.457193816884661
qwen-run-20260923T053154Z-PF12hU,astropy__astropy-14539,161,26.671875,24.5,262144.0,2015232.0,0.9373169302870533,8.142940831868776
qwen-run-20260923T053154Z-PF12hU,astropy__astropy-14539,162,26.328125,24.1328125,274432.0,2027520.0,0.9940652818991098,8.338278931750741
qwen-run-20260923T053154Z-PF12hU,astropy__astropy-14539,163,25.4453125,23.28125,249856.0,2019328.0,0.9364445809026711,8.504758980657046
qwen-run-20260923T053154Z-PF12hU,astropy__astropy-14539,164,32.78125,30.33203125,311296.0,2256896.0,0.9056244041944709,7.471401334604385
qwen-run-20260923T053154Z-PF12hU,astropy__astropy-14539,165,96.34375,92.14453125,167936.0,4235264.0,0.16623418747972754,4.358579305870905
qwen-run-20260923T053154Z-PF12hU,astropy__astropy-14539,166,26.734375,24.484375,311296.0,2048000.0,1.1104617182933956,8.416130917592051
qwen-run-20260923T053154Z-PF12hU,astropy__astropy-14539,167,26.515625,24.25,356352.0,2019328.0,1.281673541543901,8.54449027695934
qwen-run-20260923T053154Z-PF12hU,astropy__astropy-14539,168,26.23828125,23.9296875,319488.0,2101248.0,1.1612326931665922,8.798570790531487
qwen-run-20260923T053154Z-PF12hU,astropy__astropy-14539,169,26.3359375,24.1484375,253952.0,2039808.0,0.9196084247997627,8.30614061109463
qwen-run-20260923T053154Z-PF12hU,astropy__astropy-14539,170,26.5390625,24.28125,352256.0,2015232.0,1.2658227848101267,8.507506623491317
qwen-run-20260923T053154Z-PF12hU,astropy__astropy-14539,171,26.453125,24.0625,487424.0,2019328.0,1.7572356763142352,9.037212049616066
qwen-run-20260923T053154Z-PF12hU,astropy__astropy-14539,172,26.3203125,24.0859375,278528.0,2064384.0,1.0092015434847135,8.489165924606707
qwen-run-20260923T053154Z-PF12hU,astropy__astropy-14539,173,88.1640625,84.859375,0.0,3465216.0,0.0,3.748338502436863
qwen-run-20260923T053154Z-PF12hU,astropy__astropy-14539,174,26.3828125,24.12109375,311296.0,2060288.0,1.1252591057151318,8.572697660645543
qwen-run-20260923T053154Z-PF12hU,astropy__astropy-14539,175,26.44921875,24.3046875,208896.0,2039808.0,0.7532122286220647,8.108108108108109
qwen-run-20260923T053154Z-PF12hU,astropy__astropy-14539,176,96.41015625,92.01953125,303104.0,4300800.0,0.29982577691341517,4.554110449333495
qwen-run-20260923T053154Z-PF12hU,astropy__astropy-14539,177,26.08203125,23.8515625,307200.0,2031616.0,1.123258948629624,8.551744795566872
qwen-run-20260923T053154Z-PF12hU,astropy__astropy-14539,178,26.7734375,24.95703125,626688.0,1277952.0,2.2322731251823753,6.7843594981032975
qwen-run-20260923T053154Z-PF12hU,astropy__astropy-14539,179,24.8671875,22.984375,692224.0,1282048.0,2.654728243795162,7.571473452717562
qwen-run-20260923T053154Z-PF12hU,astropy__astropy-14539,180,24.796875,23.1328125,557056.0,1187840.0,2.1424070573408946,6.710775047258979
qwen-run-20260923T053154Z-PF12hU,astropy__astropy-14539,181,95.73046875,91.30859375,335872.0,4300800.0,0.3345982780430081,4.619088423715673
qwen-run-20260923T053154Z-PF12hU,astropy__astropy-14539,182,40.13671875,37.703125,405504.0,2146304.0,0.9635036496350365,6.0632603406326036
qwen-run-20260923T053154Z-PF12hU,astropy__astropy-14539,183,39.98046875,37.51171875,454656.0,2134016.0,1.084513922813874,6.174890083048363
qwen-run-20260923T053154Z-PF12hU,astropy__astropy-14598,1,4.19921875,3.44140625,81920.0,712704.0,1.8604651162790697,18.046511627906977
qwen-run-20260923T053154Z-PF12hU,astropy__astropy-14598,2,29.25390625,26.578125,258048.0,2547712.0,0.8412338095873948,9.146748564561356
qwen-run-20260923T053154Z-PF12hU,astropy__astropy-14598,3,27.98828125,25.2734375,360448.0,2486272.0,1.2281926029309143,9.69993021632938
qwen-run-20260923T053154Z-PF12hU,astropy__astropy-14598,4,26.78515625,24.30859375,499712.0,2097152.0,1.7792037334111128,9.246025958874144
qwen-run-20260923T053154Z-PF12hU,astropy__astropy-14598,5,25.3671875,22.85546875,503808.0,2129920.0,1.8940560517400677,9.90144748999076
qwen-run-20260923T053154Z-PF12hU,astropy__astropy-14598,6,26.265625,23.96875,532480.0,1875968.0,1.933372992266508,8.74479476502082
qwen-run-20260923T053154Z-PF12hU,astropy__astropy-14598,7,26.1953125,23.6484375,585728.0,2084864.0,2.1324187294959738,9.722636444974649
qwen-run-20260923T053154Z-PF12hU,astropy__astropy-14598,8,26.01171875,23.578125,540672.0,2011136.0,1.9822796215647995,9.35575912299144
qwen-run-20260923T053154Z-PF12hU,astropy__astropy-14598,9,26.10546875,23.80859375,532480.0,1875968.0,1.945234176268143,8.798443812658986
qwen-run-20260923T053154Z-PF12hU,astropy__astropy-14598,10,26.015625,23.57421875,622592.0,1937408.0,2.2822822822822824,9.384384384384385
qwen-run-20260923T053154Z-PF12hU,astropy__astropy-14598,11,25.05859375,22.515625,565248.0,2101248.0,2.1512081060015587,10.14809041309431
qwen-run-20260923T053154Z-PF12hU,astropy__astropy-14598,12,32.328125,29.8125,503808.0,2134016.0,1.486225229579507,7.78153697438376
qwen-run-20260923T053154Z-PF12hU,astropy__astropy-14598,13,25.4921875,23.1015625,647168.0,1859584.0,2.421084891204413,9.377873122893043
qwen-run-20260923T053154Z-PF12hU,astropy__astropy-14598,14,89.828125,85.65625,516096.0,3858432.0,0.5479213776308923,4.644285962776135
qwen-run-20260923T053154Z-PF12hU,astropy__astropy-14598,15,25.99609375,23.38671875,610304.0,2125824.0,2.2389181066867017,10.037565740045078
qwen-run-20260923T053154Z-PF12hU,astropy__astropy-14598,16,25.05859375,22.7421875,598016.0,1830912.0,2.275915822291504,9.243959469992205
qwen-run-20260923T053154Z-PF12hU,astropy__astropy-14598,17,32.50390625,29.85546875,536576.0,2240512.0,1.5743300084124505,8.148059127508713
qwen-run-20260923T053154Z-PF12hU,astropy__astropy-14598,18,32.46484375,29.8125,602112.0,2179072.0,1.7687402237997834,8.169895319456142
qwen-run-20260923T053154Z-PF12hU,astropy__astropy-14598,19,26.1640625,23.890625,491520.0,1892352.0,1.7915795759928337,8.689160943565243
qwen-run-20260923T053154Z-PF12hU,astropy__astropy-14598,20,25.1640625,22.83984375,593920.0,1843200.0,2.2508537721204593,9.236262030425333
qwen-run-20260923T053154Z-PF12hU,astropy__astropy-14995,1,4.45703125,3.62890625,139264.0,729088.0,2.9798422436459244,18.58019281332165
qwen-run-20260923T053154Z-PF12hU,astropy__astropy-14995,2,29.81640625,26.64453125,282624.0,3043328.0,0.9039696056596358,10.638019127472816
qwen-run-20260923T053154Z-PF12hU,astropy__astropy-14995,3,26.03515625,23.56640625,544768.0,2043904.0,1.9954988747186797,9.482370592648161
qwen-run-20260923T053154Z-PF12hU,astropy__astropy-14995,4,25.7265625,23.40625,409600.0,2023424.0,1.5183723048891589,9.019131491041604
qwen-run-20260923T053154Z-PF12hU,astropy__astropy-14995,5,47.99609375,42.08203125,868352.0,5332992.0,1.7254008301456825,12.321966305851713
qwen-run-20260923T053154Z-PF12hU,astropy__astropy-14995,6,26.55078125,23.6015625,1003520.0,2088960.0,3.604531410916581,11.107841694865382
qwen-run-20260923T053154Z-PF12hU,astropy__astropy-14995,7,25.765625,22.76953125,1089536.0,2052096.0,4.032747119466343,11.628259551243177
qwen-run-20260923T053154Z-PF12hU,astropy__astropy-14995,8,26.3046875,23.4296875,962560.0,2052096.0,3.4897534897534896,10.929610929610929
qwen-run-20260923T053154Z-PF12hU,astropy__astropy-14995,9,26.73828125,23.7734375,1040384.0,2068480.0,3.7107377647918187,11.088385682980277
qwen-run-20260923T053154Z-PF12hU,astropy__astropy-14995,10,25.81640625,22.796875,1110016.0,2056192.0,4.100469057346043,11.696171886821002
qwen-run-20260923T053154Z-PF12hU,astropy__astropy-14995,11,32.92578125,29.515625,1200128.0,2375680.0,3.476094435876142,10.357100486415945
qwen-run-20260923T053154Z-PF12hU,astropy__astropy-14995,12,27.29296875,24.08984375,1249280.0,2109440.0,4.365249749534851,11.7360812938314
qwen-run-20260923T053154Z-PF12hU,astropy__astropy-14995,13,33.26953125,29.703125,1351680.0,2387968.0,3.8746037337090526,10.719736996595046
qwen-run-20260923T053154Z-PF12hU,astropy__astropy-14995,14,26.02734375,22.8984375,1183744.0,2097152.0,4.337385562059133,12.021611886537595
qwen-run-20260923T053154Z-PF12hU,astropy__astropy-14995,15,32.921875,29.41796875,1286144.0,2387968.0,3.7256763170384435,10.643094447081157
qwen-run-20260923T053154Z-PF12hU,astropy__astropy-14995,16,26.1484375,23.078125,1138688.0,2080768.0,4.152972811472961,11.741858380639378
qwen-run-20260923T053154Z-PF12hU,astropy__astropy-14995,17,32.75390625,29.31640625,1236992.0,2367488.0,3.601669648181276,10.494931425163983
qwen-run-20260923T053154Z-PF12hU,astropy__astropy-14995,18,32.8125,29.4140625,1187840.0,2375680.0,3.4523809523809526,10.357142857142858
qwen-run-20260923T053154Z-PF12hU,astropy__astropy-14995,19,26.08984375,23.0703125,1089536.0,2076672.0,3.982632130558467,11.573588860607876
qwen-run-20260923T053154Z-PF12hU,astropy__astropy-14995,20,85.546875,82.11328125,86016.0,3514368.0,0.0958904109589041,4.013698630136986
qwen-run-20260923T053154Z-PF12hU,astropy__astropy-14995,21,32.6875,29.98828125,483328.0,2347008.0,1.410133843212237,8.257648183556405
qwen-run-20260923T053154Z-PF12hU,astropy__astropy-14995,22,25.54296875,23.19140625,421888.0,2043904.0,1.5751643982260284,9.206300657592903
qwen-run-20260923T053154Z-PF12hU,astropy__astropy-14995,23,26.5078125,24.1015625,442368.0,2080768.0,1.5915119363395225,9.077512525788388
qwen-run-20260923T053154Z-PF12hU,astropy__astropy-14995,24,25.19921875,22.8359375,462848.0,2015232.0,1.7516664083087894,9.378390947139978
qwen-run-20260923T053154Z-PF12hU,astropy__astropy-14995,25,33.29296875,30.69921875,372736.0,2347008.0,1.0676991669599907,7.790684031444327
qwen-run-20260923T053154Z-PF12hU,astropy__astropy-14995,26,25.3515625,23.8515625,499712.0,1073152.0,1.8798151001540833,5.916795069337442
qwen-run-20260923T053154Z-PF12hU,astropy__astropy-14995,27,105.484375,99.80859375,565248.0,5386240.0,0.5110354021626425,5.380684343060287
qwen-run-20260923T053154Z-PF12hU,astropy__astropy-14995,28,27.01171875,24.4375,589824.0,2109440.0,2.0824295010845986,9.53000723065799
qwen-run-20260923T053154Z-PF12hU,astropy__astropy-14995,29,100.39453125,95.203125,561152.0,4882432.0,0.5330531885918836,5.171005019259951
qwen-run-20260923T053154Z-PF12hU,astropy__astropy-14995,30,26.41796875,24.01171875,421888.0,2101248.0,1.5229927546946622,9.108383853319532
qwen-run-20260923T053154Z-PF12hU,astropy__astropy-14995,31,26.6796875,24.22265625,491520.0,2084864.0,1.7569546120058566,9.209370424597365
qwen-run-20260923T053154Z-PF12hU,astropy__astropy-14995,32,26.11328125,23.640625,552960.0,2039808.0,2.019446522064323,9.468960359012716
qwen-run-20260923T053154Z-PF12hU,astropy__astropy-14995,33,26.5,23.98828125,536576.0,2097152.0,1.9310141509433962,9.47818396226415
qwen-run-20260923T053154Z-PF12hU,astropy__astropy-14995,34,100.39453125,95.3125,389120.0,4939776.0,0.36963542274619665,5.062059842029493
qwen-run-20260923T053154Z-PF12hU,astropy__astropy-14995,35,40.45703125,37.8359375,557056.0,2191360.0,1.3131215602973834,6.4787100511731195
qwen-run-20260923T053154Z-PF12hU,astropy__astropy-14995,36,25.51171875,22.9453125,622592.0,2068480.0,2.3273618128923594,10.059715204409738
qwen-run-20260923T053154Z-PF12hU,astropy__astropy-7166,1,4.3671875,3.4609375,233472.0,716800.0,5.098389982110913,20.75134168157424
qwen-run-20260923T053154Z-PF12hU,astropy__astropy-7166,2,29.96484375,26.734375,622592.0,2764800.0,1.9814887237648287,10.780862990483639
qwen-run-20260923T053154Z-PF12hU,astropy__astropy-7166,3,148.18359375,144.625,712704.0,3018752.0,0.4586793198892843,2.401476209305391
qwen-run-20260923T053154Z-PF12hU,astropy__astropy-7166,4,28.67578125,24.1015625,778240.0,4018176.0,2.5882032420651138,15.951505244517096
qwen-run-20260923T053154Z-PF12hU,astropy__astropy-7166,5,26.0859375,23.375,835584.0,2007040.0,3.054806828391734,10.392333033842467
qwen-run-20260923T053154Z-PF12hU,astropy__astropy-7166,6,88.77734375,84.79296875,692224.0,3485696.0,0.7436089233070797,4.48805385664628
qwen-run-20260923T053154Z-PF12hU,astropy__astropy-7166,7,26.97265625,24.3203125,720896.0,2060288.0,2.548877624909486,9.833454018826936
qwen-run-20260923T053154Z-PF12hU,astropy__astropy-7166,8,26.0234375,23.328125,770048.0,2056192.0,2.8219753827679375,10.357250075052537
qwen-run-20260923T053154Z-PF12hU,astropy__astropy-7166,9,86.08203125,82.23828125,679936.0,3350528.0,0.7532785769387847,4.465217588600989
qwen-run-20260923T053154Z-PF12hU,astropy__astropy-7166,10,26.015625,23.20703125,897024.0,2048000.0,3.2882882882882885,10.795795795795796
qwen-run-20260923T053154Z-PF12hU,astropy__astropy-7166,11,27.30078125,24.4765625,913408.0,2048000.0,3.190728287308628,10.344827586206897
qwen-run-20260923T053154Z-PF12hU,astropy__astropy-7166,12,82.5546875,78.53515625,770048.0,3444736.0,0.8895618434749692,4.8689315794454435
qwen-run-20260923T053154Z-PF12hU,astropy__astropy-7166,13,32.12109375,29.0625,909312.0,2297856.0,2.69974461875228,9.52207223641007
qwen-run-20260923T053154Z-PF12hU,astropy__astropy-7166,14,27.0078125,24.1015625,974848.0,2072576.0,3.442291003760486,10.760775238646225
qwen-run-20260923T053154Z-PF12hU,astropy__astropy-7166,15,82.91796875,79.015625,749568.0,3342336.0,0.8621095774249776,4.706270316106845
qwen-run-20260923T053154Z-PF12hU,astropy__astropy-7166,16,27.17578125,24.22265625,1024000.0,2072576.0,3.5935029466724164,10.866752910737386
qwen-run-20260923T053154Z-PF12hU,astropy__astropy-7166,17,25.6640625,22.8359375,950272.0,2015232.0,3.531202435312024,11.019786910197869
qwen-run-20260923T053154Z-PF12hU,astropy__astropy-7166,18,32.25390625,29.72265625,376832.0,2277376.0,1.1142061281337048,7.847886641637398
qwen-run-20260923T053154Z-PF12hU,astropy__astropy-7166,19,26.62109375,24.33984375,356352.0,2035712.0,1.2765957446808511,8.569332355099046
qwen-run-20260923T053154Z-PF12hU,astropy__astropy-7166,20,31.8046875,29.35546875,356352.0,2211840.0,1.068533529845247,7.700810611643331
qwen-run-20260923T053154Z-PF12hU,astropy__astropy-7166,21,27.29296875,24.8671875,487424.0,2056192.0,1.70316301703163,8.88793473593817
qwen-run-20260923T053154Z-PF12hU,astropy__astropy-7166,22,26.88671875,24.3984375,544768.0,2064384.0,1.9322969635333431,9.254685456922854
qwen-run-20260923T053154Z-PF12hU,astropy__astropy-7166,23,32.015625,29.40234375,585728.0,2154496.0,1.7447535383113715,8.162518301610541
qwen-run-20260923T053154Z-PF12hU,astropy__astropy-7166,24,26.51171875,24.23828125,372736.0,2011136.0,1.3407985855311626,8.575217327243259
qwen-run-20260923T053154Z-PF12hU,astropy__astropy-7166,25,31.6953125,29.16015625,503808.0,2154496.0,1.51589844712842,7.998521074685728
qwen-run-20260923T053154Z-PF12hU,astropy__astropy-7166,26,26.71875,24.3046875,483328.0,2048000.0,1.7251461988304093,9.035087719298245
qwen-run-20260923T053154Z-PF12hU,astropy__astropy-7166,27,25.91015625,23.42578125,577536.0,2027520.0,2.125734961555857,9.588421528720037
qwen-run-20260923T053154Z-PF12hU,astropy__astropy-7166,28,88.609375,84.17578125,503808.0,4145152.0,0.5422324105096104,5.003526714865103
qwen-run-20260923T053154Z-PF12hU,astropy__astropy-7166,29,25.82421875,23.3359375,548864.0,2060288.0,2.0269248222659204,9.63545605808501
qwen-run-20260923T053154Z-PF12hU,astropy__astropy-7166,30,88.63671875,86.73828125,454656.0,1536000.0,0.4891807324489886,2.14181834207395
qwen-run-20260923T053154Z-PF12hU,astropy__astropy-7166,31,37.73046875,34.68359375,561152.0,2633728.0,1.4183662905062635,8.075370121130552
qwen-run-20260923T053154Z-PF12hU,astropy__astropy-7166,32,25.8125,24.265625,598016.0,1024000.0,2.209443099273608,5.99273607748184
qwen-run-20260923T053154Z-PF12hU,astropy__astropy-7166,33,92.0234375,89.2890625,712704.0,2154496.0,0.73860259784362,2.9713897614398506
qwen-run-20260923T053154Z-PF12hU,astropy__astropy-7166,34,25.5,23.80859375,765952.0,1007616.0,2.8645833333333335,6.63296568627451
qwen-run-20260923T053154Z-PF12hU,astropy__astropy-7166,35,26.78125,24.1484375,655360.0,2105344.0,2.3337222870478413,9.830805134189031
qwen-run-20260923T053154Z-PF12hU,astropy__astropy-7166,36,25.2578125,22.6796875,659456.0,2043904.0,2.4899474172595113,10.207237859573151
qwen-run-20260923T053154Z-PF12hU,astropy__astropy-7166,37,103.25390625,97.27734375,770048.0,5496832.0,0.7112321719063293,5.788219271365339
qwen-run-20260923T053154Z-PF12hU,astropy__astropy-7166,38,50.734375,43.140625,835584.0,7127040.0,1.5706806282722514,14.96766245765322
qwen-run-20260923T053154Z-PF12hU,astropy__astropy-7166,39,39.48046875,36.55859375,909312.0,2154496.0,2.196497476996141,7.400811318887899
qwen-run-20260923T053154Z-PF12hU,astropy__astropy-7166,40,25.75390625,23.01953125,794624.0,2072576.0,2.9425147884119522,10.617321401486425
qwen-run-20260923T053154Z-PF12hU,astropy__astropy-7166,41,26.14453125,24.421875,774144.0,1032192.0,2.823845809054236,6.5889735544598835
qwen-run-20260923T053154Z-PF12hU,astropy__astropy-7166,42,25.38671875,24.36328125,0.0,1073152.0,0.0,4.031389444529927
qwen-run-20260923T053154Z-PF12hU,astropy__astropy-7166,43,25.66796875,23.48046875,258048.0,2035712.0,0.9587581798812966,8.522294932278193
qwen-run-20260923T053154Z-PF12hU,astropy__astropy-7166,44,25.59375,23.40234375,262144.0,2035712.0,0.9768009768009768,8.562271062271062
qwen-run-20260923T053154Z-PF12hU,astropy__astropy-7336,1,4.37890625,3.39453125,122880.0,909312.0,2.6761819803746656,22.47992863514719
qwen-run-20260923T053154Z-PF12hU,astropy__astropy-7336,2,25.328125,23.15234375,315392.0,1966080.0,1.1875385564466379,8.590376310919186
qwen-run-20260923T053154Z-PF12hU,astropy__astropy-7336,3,29.74609375,26.58203125,417792.0,2899968.0,1.33946158896914,10.636900853578464
qwen-run-20260923T053154Z-PF12hU,astropy__astropy-7336,4,26.16015625,23.87890625,339968.0,2052096.0,1.2393609078691952,8.720322532477228
qwen-run-20260923T053154Z-PF12hU,astropy__astropy-7336,5,26.140625,24.14453125,77824.0,2015232.0,0.2839210998206814,7.635983263598327
qwen-run-20260923T053154Z-PF12hU,astropy__astropy-7336,6,26.53125,24.47265625,155648.0,2002944.0,0.5594817432273262,7.759128386336867
qwen-run-20260923T053154Z-PF12hU,astropy__astropy-7336,7,31.3125,28.96875,282624.0,2174976.0,0.8607784431137725,7.485029940119761
qwen-run-20260923T053154Z-PF12hU,astropy__astropy-7336,8,25.640625,23.31640625,462848.0,1974272.0,1.7215112736136502,9.064594759293113
qwen-run-20260923T053154Z-PF12hU,astropy__astropy-7336,9,31.3984375,28.83984375,536576.0,2146304.0,1.62975864642946,8.1487932321473
qwen-run-20260923T053154Z-PF12hU,astropy__astropy-7336,10,25.3359375,23.83984375,602112.0,966656.0,2.2664199814986126,5.905026210299106
qwen-run-20260923T053154Z-PF12hU,astropy__astropy-7336,11,88.69921875,84.29296875,303104.0,4317184.0,0.32589069449949354,4.967631126965253
qwen-run-20260923T053154Z-PF12hU,astropy__astropy-7336,12,26.9140625,24.4765625,323584.0,2232320.0,1.146589259796807,9.056603773584905
qwen-run-20260923T053154Z-PF12hU,astropy__astropy-7336,13,89.46875,85.1015625,286720.0,4292608.0,0.3056234718826406,4.881243450925602
qwen-run-20260923T053154Z-PF12hU,astropy__astropy-7336,14,25.484375,23.171875,393216.0,2031616.0,1.471489883507051,9.074187614960147
qwen-run-20260923T053154Z-PF12hU,astropy__astropy-7336,15,89.10546875,84.60546875,372736.0,4345856.0,0.398930340625137,5.050195081320416
qwen-run-20260923T053154Z-PF12hU,astropy__astropy-7336,16,37.8359375,35.296875,532480.0,2129920.0,1.3421432996076812,6.710716498038406
qwen-run-20260923T053154Z-PF12hU,astropy__astropy-7336,17,25.87890625,23.328125,626688.0,2048000.0,2.309433962264151,9.856603773584906
qwen-run-20260923T053154Z-PF12hU,astropy__astropy-7336,18,39.1640625,36.41015625,675840.0,2211840.0,1.6457211250748056,7.031717534410532
qwen-run-20260923T053154Z-PF12hU,astropy__astropy-7336,19,25.98046875,23.23828125,831488.0,2043904.0,3.0521726056232144,10.554803788903925
qwen-run-20260923T053154Z-PF12hU,astropy__astropy-7336,20,40.24609375,37.47265625,716800.0,2191360.0,1.6985344074541395,6.891196738813938
qwen-run-20260923T053154Z-PF12hU,astropy__astropy-7336,21,25.7421875,23.11328125,700416.0,2056192.0,2.5948406676783002,10.212443095599394
qwen-run-20260923T053154Z-PF12hU,astropy__astropy-7606,1,4.28515625,3.45703125,163840.0,704512.0,3.6463081130355515,19.325432999088424
qwen-run-20260923T053154Z-PF12hU,astropy__astropy-7606,2,30.04296875,27.06640625,540672.0,2580480.0,1.7162917696008322,9.907684306332076
qwen-run-20260923T053154Z-PF12hU,astropy__astropy-7606,3,26.41796875,23.9765625,569344.0,1990656.0,2.0553009019665827,9.241460890137512
qwen-run-20260923T053154Z-PF12hU,astropy__astropy-7606,4,26.2109375,23.76953125,598016.0,1961984.0,2.1758569299552906,9.314456035767511
qwen-run-20260923T053154Z-PF12hU,astropy__astropy-7606,5,27.046875,24.484375,667648.0,2019328.0,2.3541305603697285,9.474292316580012
qwen-run-20260923T053154Z-PF12hU,astropy__astropy-7606,6,26.3984375,23.8359375,688128.0,1998848.0,2.485942586564072,9.707013909440663
qwen-run-20260923T053154Z-PF12hU,astropy__astropy-7606,7,26.65625,24.25390625,483328.0,2035712.0,1.7291910902696366,9.012309495896835
qwen-run-20260923T053154Z-PF12hU,astropy__astropy-7606,8,25.3671875,22.98828125,499712.0,1994752.0,1.8786572220511242,9.377887280566677
qwen-run-20260923T053154Z-PF12hU,astropy__astropy-7606,9,31.34375,29.52734375,651264.0,1253376.0,1.9815553339980059,5.795114656031904
qwen-run-20260923T053154Z-PF12hU,astropy__astropy-7606,10,24.70703125,22.25390625,491520.0,2080768.0,1.8972332015810276,9.928853754940711
qwen-run-20260923T053154Z-PF12hU,astropy__astropy-7606,11,84.5234375,80.71875,405504.0,3584000.0,0.4575284222201682,4.50134023477216
qwen-run-20260923T053154Z-PF12hU,astropy__astropy-7606,12,26.53125,24.06640625,585728.0,1998848.0,2.1054181389870434,9.290341578327444
qwen-run-20260923T053154Z-PF12hU,astropy__astropy-7606,13,25.671875,23.22265625,589824.0,1978368.0,2.1911138161898966,9.540474741326841
qwen-run-20260923T053154Z-PF12hU,astropy__astropy-7606,14,26.51171875,23.9765625,667648.0,1990656.0,2.4016502136437308,9.562398703403566
qwen-run-20260923T053154Z-PF12hU,astropy__astropy-7606,15,83.98828125,80.11328125,479232.0,3584000.0,0.5441607367099205,4.613738895865309
qwen-run-20260923T053154Z-PF12hU,astropy__astropy-7606,16,26.4609375,23.9140625,630784.0,2039808.0,2.273398287570121,9.625036905816357
qwen-run-20260923T053154Z-PF12hU,astropy__astropy-7606,17,25.77734375,23.32421875,565248.0,2007040.0,2.091225943324746,9.516593423245947
qwen-run-20260923T053154Z-PF12hU,astropy__astropy-7606,18,26.5390625,24.08984375,516096.0,2052096.0,1.8545775684427437,9.228731233441271
qwen-run-20260923T053154Z-PF12hU,astropy__astropy-7606,19,26.5078125,23.96875,618496.0,2043904.0,2.2251694665487767,9.578544061302683
qwen-run-20260923T053154Z-PF12hU,astropy__astropy-7606,20,26.234375,23.66015625,659456.0,2039808.0,2.3972602739726026,9.812388326384752
qwen-run-20260923T053154Z-PF12hU,astropy__astropy-7606,21,26.6015625,24.17578125,516096.0,2027520.0,1.8502202643171806,9.118942731277533
qwen-run-20260923T053154Z-PF12hU,astropy__astropy-7606,22,26.33984375,23.92578125,499712.0,2031616.0,1.809283701616491,9.165060062286816
qwen-run-20260923T053154Z-PF12hU,astropy__astropy-7606,23,26.2578125,23.76953125,569344.0,2039808.0,2.067836953287712,9.476346325498364
qwen-run-20260923T053154Z-PF12hU,astropy__astropy-7606,24,26.59765625,23.97265625,700416.0,2052096.0,2.511381994419151,9.86929064473491
qwen-run-20260923T053154Z-PF12hU,astropy__astropy-7606,25,26.953125,24.2890625,745472.0,2048000.0,2.63768115942029,9.884057971014492
qwen-run-20260923T053154Z-PF12hU,astropy__astropy-7606,26,25.609375,22.9296875,790528.0,2019328.0,2.9438682123245883,10.463697376449055
qwen-run-20260923T053154Z-PF12hU,astropy__astropy-7606,27,26.41015625,23.72265625,778240.0,2039808.0,2.810235172311788,10.176009466055318
qwen-run-20260923T053154Z-PF12hU,astropy__astropy-7606,28,26.73828125,24.0234375,782336.0,2064384.0,2.7903579254930606,10.153396639883127
qwen-run-20260923T053154Z-PF12hU,astropy__astropy-7606,29,26.28515625,24.27734375,73728.0,2031616.0,0.26749888542131073,7.638579283697429
qwen-run-20260923T053154Z-PF12hU,astropy__astropy-7606,30,26.78125,24.60546875,217088.0,2064384.0,0.7730455075845974,8.124270711785298
qwen-run-20260923T053154Z-PF12hU,astropy__astropy-7606,31,25.609375,23.37109375,319488.0,2027520.0,1.1897498474679682,8.740085417937767
qwen-run-20260923T053154Z-PF12hU,astropy__astropy-7606,32,31.3046875,28.8984375,356352.0,2166784.0,1.0856001996506115,7.686548540054904
qwen-run-20260923T053154Z-PF12hU,astropy__astropy-7606,33,25.09375,22.765625,405504.0,2035712.0,1.5410958904109588,9.277708592777087
qwen-run-20260923T053154Z-PF12hU,astropy__astropy-7606,34,31.3515625,28.96484375,331776.0,2170880.0,1.0092200348866185,7.6127585347620235
qwen-run-20260923T053154Z-PF12hU,astropy__astropy-7606,35,26.421875,24.12109375,380928.0,2031616.0,1.3749260792430515,8.707865168539326
qwen-run-20260923T053154Z-PF12hU,astropy__astropy-7606,36,26.453125,24.09375,438272.0,2035712.0,1.5800354400472534,8.919078558771412
qwen-run-20260923T053154Z-PF12hU,astropy__astropy-7606,37,26.44921875,24.06640625,405504.0,2093056.0,1.4621178555604786,9.00900900900901
qwen-run-20260923T053154Z-PF12hU,astropy__astropy-7606,38,84.5078125,80.84375,397312.0,3444736.0,0.4483683091430156,4.335767772949986
qwen-run-20260923T053154Z-PF12hU,astropy__astropy-7606,39,26.56640625,24.1953125,450560.0,2035712.0,1.6174092045287458,8.925158064990443
qwen-run-20260923T053154Z-PF12hU,astropy__astropy-7606,40,25.7734375,24.29296875,540672.0,1011712.0,2.0006062443164594,5.744164898454077
qwen-run-20260923T053154Z-PF12hU,astropy__astropy-7606,41,26.62890625,25.15625,487424.0,1056768.0,1.745635910224439,5.530291917265659
qwen-run-20260923T053154Z-PF12hU,astropy__astropy-7606,42,26.296875,23.9140625,495616.0,2002944.0,1.7973856209150327,9.061200237670826
qwen-run-20260923T053154Z-PF12hU,astropy__astropy-7606,43,25.59765625,23.2421875,479232.0,1990656.0,1.785441782389745,9.20189226308561
qwen-run-20260923T053154Z-PF12hU,astropy__astropy-7606,44,27.203125,24.8125,446464.0,2060288.0,1.5651924181504882,8.788052843193567
qwen-run-20260923T053154Z-PF12hU,astropy__astropy-7606,45,26.52734375,24.2109375,401408.0,2027520.0,1.4430864379325579,8.732145486673538
qwen-run-20260923T053154Z-PF12hU,astropy__astropy-7606,46,88.59765625,84.44921875,368640.0,3981312.0,0.3968079008862043,4.6823332304572105
qwen-run-20260923T053154Z-PF12hU,astropy__astropy-7606,47,38.42578125,35.86328125,503808.0,2183168.0,1.2503812137846904,6.6686998068516825
qwen-run-20260923T053154Z-PF12hU,astropy__astropy-7606,48,25.70703125,23.2578125,499712.0,2068480.0,1.8538216076584106,9.527427442637897
qwen-run-20260923T053154Z-PF12hU,astropy__astropy-7606,49,39.96875,37.36328125,512000.0,2220032.0,1.2216575449569977,6.5187646598905395
qwen-run-20260923T053154Z-PF12hU,astropy__astropy-7606,50,31.6796875,29.03515625,544768.0,2228224.0,1.6399506781750925,8.347718865598027
qwen-run-20260923T053154Z-PF12hU,astropy__astropy-7606,51,38.4296875,35.8984375,495616.0,2158592.0,1.2299247814596463,6.586704614759097
qwen-run-20260923T053154Z-PF12hU,astropy__astropy-7606,52,25.76171875,23.27734375,528384.0,2076672.0,1.956027293404094,9.643669446550417
qwen-run-20260923T053154Z-PF12hU,astropy__astropy-7671,1,4.046875,3.26953125,118784.0,696320.0,2.799227799227799,19.20849420849421
qwen-run-20260923T053154Z-PF12hU,astropy__astropy-7671,2,29.83984375,26.8515625,401408.0,2732032.0,1.2828904306846445,10.0143997905485
qwen-run-20260923T053154Z-PF12hU,astropy__astropy-7671,3,26.3515625,24.06640625,393216.0,2002944.0,1.423065520308331,8.67180551437889
qwen-run-20260923T053154Z-PF12hU,astropy__astropy-7671,4,26.33203125,24.0390625,425984.0,1978368.0,1.5427978044800474,8.70790683874796
qwen-run-20260923T053154Z-PF12hU,astropy__astropy-7671,5,26.28515625,24.0,421888.0,1974272.0,1.5306880665775005,8.693713776192599
qwen-run-20260923T053154Z-PF12hU,astropy__astropy-7671,6,26.4375,24.08203125,479232.0,1990656.0,1.7287234042553192,8.909574468085106
qwen-run-20260923T053154Z-PF12hU,astropy__astropy-7671,7,25.6875,24.19140625,577536.0,991232.0,2.144160583941606,5.824209245742092
qwen-run-20260923T053154Z-PF12hU,astropy__astropy-7671,8,26.55078125,24.92578125,659456.0,1044480.0,2.368692070030896,6.120347212005297
qwen-run-20260923T053154Z-PF12hU,astropy__astropy-7671,9,25.9453125,23.546875,499712.0,2015232.0,1.8367961457392352,9.244203553146642
qwen-run-20260923T053154Z-PF12hU,astropy__astropy-7671,10,26.35546875,23.78515625,671744.0,2023424.0,2.430709945160812,9.752482584852528
qwen-run-20260923T053154Z-PF12hU,astropy__astropy-7671,11,25.69140625,23.6875,69632.0,2031616.0,0.2584765090466778,7.799908772996807
qwen-run-20260923T053154Z-PF12hU,astropy__astropy-7671,12,25.921875,23.8828125,172032.0,1966080.0,0.6329113924050633,7.8661844484629295
qwen-run-20260923T053154Z-PF12hU,astropy__astropy-7671,13,25.6328125,24.26953125,401408.0,1028096.0,1.4934471197805548,5.31850045717769
qwen-run-20260923T053154Z-PF12hU,astropy__astropy-7671,14,30.71484375,29.1328125,507904.0,1150976.0,1.5770062317181737,5.1507058374666155
qwen-run-20260923T053154Z-PF12hU,astropy__astropy-7671,15,24.5625,22.28125,385024.0,2007040.0,1.494910941475827,9.287531806615776
qwen-run-20260923T053154Z-PF12hU,astropy__astropy-7671,16,86.2109375,82.19140625,348160.0,3866624.0,0.3851381966470322,4.662437698232895
qwen-run-20260923T053154Z-PF12hU,astropy__astropy-7671,17,26.4453125,24.06640625,483328.0,2011136.0,1.742983751846381,8.995568685376663
qwen-run-20260923T053154Z-PF12hU,astropy__astropy-7671,18,25.484375,23.03515625,479232.0,2088960.0,1.7933782955242183,9.610668301655426
qwen-run-20260923T053154Z-PF12hU,astropy__astropy-7671,19,87.7578125,83.65234375,348160.0,3956736.0,0.37834950592005695,4.678180361435057
qwen-run-20260923T053154Z-PF12hU,astropy__astropy-7671,20,25.49609375,23.2578125,364544.0,1982464.0,1.3635667228435728,8.778918339206374
qwen-run-20260923T053154Z-PF12hU,astropy__astropy-7671,21,25.8046875,23.40234375,475136.0,2043904.0,1.755979412655162,9.309718437783832
qwen-run-20260923T053154Z-PF12hU,astropy__astropy-7671,22,87.1015625,83.08203125,253952.0,3960832.0,0.2780518432146381,4.614763655933268
qwen-run-20260923T053154Z-PF12hU,astropy__astropy-7671,23,38.1796875,35.76171875,409600.0,2125824.0,1.023122570083896,6.333128708819316
qwen-run-20260923T053154Z-PF12hU,astropy__astropy-7671,24,25.6328125,23.19921875,540672.0,2011136.0,2.0115818348064614,9.494056690033526
qwen-run-20260923T053154Z-PF12hU,astropy__astropy-8707,1,4.2109375,3.41015625,131072.0,708608.0,2.968460111317254,19.01669758812616
qwen-run-20260923T053154Z-PF12hU,astropy__astropy-8707,2,30.07421875,27.31640625,32768.0,2859008.0,0.10390959864917522,9.170022080789712
qwen-run-20260923T053154Z-PF12hU,astropy__astropy-8707,3,26.38671875,24.109375,409600.0,1978368.0,1.4803849000740192,8.630643967431531
qwen-run-20260923T053154Z-PF12hU,astropy__astropy-8707,4,26.52734375,24.22265625,409600.0,2007040.0,1.4725371815638344,8.687969371226623
qwen-run-20260923T053154Z-PF12hU,astropy__astropy-8707,5,26.359375,24.015625,462848.0,1994752.0,1.6745702430349734,8.891523414344991
qwen-run-20260923T053154Z-PF12hU,astropy__astropy-8707,6,26.5078125,24.2265625,397312.0,1994752.0,1.4294134983790157,8.605953433539641
qwen-run-20260923T053154Z-PF12hU,astropy__astropy-8707,7,26.40234375,24.10546875,401408.0,2007040.0,1.4499186270158309,8.699511762094984
qwen-run-20260923T053154Z-PF12hU,astropy__astropy-8707,8,26.75390625,24.265625,610304.0,1998848.0,2.175500073003358,9.300627828880128
qwen-run-20260923T053154Z-PF12hU,astropy__astropy-8707,9,26.08984375,23.6640625,536576.0,2007040.0,1.9613714627938315,9.297799071717323
qwen-run-20260923T053154Z-PF12hU,astropy__astropy-8707,10,26.3203125,23.98828125,397312.0,2048000.0,1.439596319382606,8.860195903829029
qwen-run-20260923T053154Z-PF12hU,astropy__astropy-8707,11,26.375,24.2734375,204800.0,1998848.0,0.740521327014218,7.968009478672986
qwen-run-20260923T053154Z-PF12hU,astropy__astropy-8707,12,50.01171875,44.25,643072.0,5398528.0,1.226275091775365,11.52073732718894
qwen-run-20260923T053154Z-PF12hU,astropy__astropy-8707,13,26.796875,24.1015625,823296.0,2002944.0,2.9300291545189503,10.058309037900875
qwen-run-20260923T053154Z-PF12hU,astropy__astropy-8707,14,26.94140625,24.26953125,778240.0,2023424.0,2.7548209366391183,9.917355371900827
qwen-run-20260923T053154Z-PF12hU,astropy__astropy-8707,15,25.3359375,22.75390625,692224.0,2015232.0,2.6056120875732347,10.19118100524206
qwen-run-20260923T053154Z-PF12hU,astropy__astropy-8707,16,32.21875,29.4296875,786432.0,2138112.0,2.3278370514064015,8.656644034917555
qwen-run-20260923T053154Z-PF12hU,astropy__astropy-8707,17,25.984375,23.32421875,811008.0,1978368.0,2.9765484064942873,10.23752254960914
qwen-run-20260923T053154Z-PF12hU,astropy__astropy-8707,18,32.0546875,29.33984375,741376.0,2105344.0,2.2057031440409456,8.469412624908603
qwen-run-20260923T053154Z-PF12hU,astropy__astropy-8707,19,25.796875,23.296875,630784.0,1990656.0,2.3319200484554816,9.691096305269534
qwen-run-20260923T053154Z-PF12hU,astropy__astropy-8707,20,98.7734375,94.44140625,507904.0,4034560.0,0.4903899390967334,4.385826148857075
qwen-run-20260923T053154Z-PF12hU,astropy__astropy-8707,21,26.91796875,24.96875,811008.0,1232896.0,2.873313016978668,7.2413292700624
qwen-run-20260923T053154Z-PF12hU,astropy__astropy-8707,22,25.78515625,23.11328125,757760.0,2043904.0,2.802605665808211,10.36206635358279
qwen-run-20260923T053154Z-PF12hU,astropy__astropy-8707,23,49.578125,44.19140625,368640.0,5279744.0,0.7091080995902931,10.865111881500157
qwen-run-20260923T053154Z-PF12hU,astropy__astropy-8707,24,26.65625,24.06640625,663552.0,2052096.0,2.3739742086752638,9.715709261430247
qwen-run-20260923T053154Z-PF12hU,astropy__astropy-8707,25,26.484375,23.82421875,749568.0,2039808.0,2.6991150442477876,10.044247787610619
qwen-run-20260923T053154Z-PF12hU,astropy__astropy-8707,26,26.453125,23.9296875,606208.0,2039808.0,2.1854695806261075,9.539279385705848
qwen-run-20260923T053154Z-PF12hU,astropy__astropy-8707,27,27.05859375,24.49609375,663552.0,2023424.0,2.3386747509744477,9.470189115057023
qwen-run-20260923T053154Z-PF12hU,astropy__astropy-8707,28,25.34765625,22.87890625,557056.0,2031616.0,2.095854523038989,9.73955925412236
qwen-run-20260923T053154Z-PF12hU,astropy__astropy-8707,29,27.05859375,25.05078125,606208.0,1499136.0,2.136567056445792,7.420239641980656
qwen-run-20260923T053154Z-PF12hU,astropy__astropy-8707,30,26.0234375,23.47265625,651264.0,2023424.0,2.386670669468628,9.80186130291204
qwen-run-20260923T053154Z-PF12hU,astropy__astropy-8707,31,26.8125,24.28125,569344.0,2084864.0,2.025058275058275,9.44055944055944
qwen-run-20260923T053154Z-PF12hU,astropy__astropy-8707,32,97.71875,93.6015625,331776.0,3985408.0,0.32379277262551964,4.213303485769107
qwen-run-20260923T053154Z-PF12hU,astropy__astropy-8707,33,25.69921875,23.3046875,462848.0,2048000.0,1.7175862593099256,9.317525459796322
qwen-run-20260923T053154Z-PF12hU,astropy__astropy-8707,34,96.1796875,91.9453125,458752.0,3981312.0,0.45487775160425636,4.402566810169767
qwen-run-20260923T053154Z-PF12hU,astropy__astropy-8707,35,38.6875,36.13671875,507904.0,2166784.0,1.2520193861066236,6.593295638126009
qwen-run-20260923T053154Z-PF12hU,astropy__astropy-8707,36,25.7109375,23.24609375,557056.0,2027520.0,2.0662412640534793,9.586751747189304
qwen-run-20260923T053154Z-PF12hU,astropy__astropy-8872,1,4.34375,3.55859375,106496.0,716800.0,2.338129496402878,18.075539568345324
qwen-run-20260923T053154Z-PF12hU,astropy__astropy-8872,2,28.47265625,25.59765625,344064.0,2670592.0,1.1524214569899849,10.097407051721772
qwen-run-20260923T053154Z-PF12hU,astropy__astropy-8872,3,26.3359375,23.91015625,516096.0,2027520.0,1.868881637496292,9.21091664194601
qwen-run-20260923T053154Z-PF12hU,astropy__astropy-8872,4,26.171875,23.7109375,552960.0,2027520.0,2.014925373134328,9.402985074626866
qwen-run-20260923T053154Z-PF12hU,astropy__astropy-8872,5,26.98046875,24.40234375,544768.0,2158592.0,1.9255827421456493,9.555523382076155
qwen-run-20260923T053154Z-PF12hU,astropy__astropy-8872,6,26.26953125,23.9921875,397312.0,1990656.0,1.4423791821561338,8.66914498141264
qwen-run-20260923T053154Z-PF12hU,astropy__astropy-8872,7,94.73828125,90.74609375,438272.0,3747840.0,0.4411825341194904,4.213911681029151
qwen-run-20260923T053154Z-PF12hU,astropy__astropy-8872,8,26.5234375,23.8203125,659456.0,2174976.0,2.3711340206185567,10.191458026509572
qwen-run-20260923T053154Z-PF12hU,astropy__astropy-8872,9,26.48046875,23.8125,663552.0,2134016.0,2.3897329989673994,10.075232335152677
qwen-run-20260923T053154Z-PF12hU,astropy__astropy-8872,10,78.68359375,75.15234375,397312.0,3305472.0,0.4815568683910043,4.487911433252246
qwen-run-20260923T053154Z-PF12hU,astropy__astropy-8872,11,27.00390625,24.62109375,372736.0,2125824.0,1.3163604802545927,8.823954867640676
qwen-run-20260923T053154Z-PF12hU,astropy__astropy-8872,12,93.47265625,89.5859375,446464.0,3629056.0,0.45551422959588783,4.158134481173471
qwen-run-20260923T053154Z-PF12hU,astropy__astropy-8872,13,94.1171875,90.23046875,405504.0,3670016.0,0.41089067817713953,4.129658836224786
qwen-run-20260923T053154Z-PF12hU,astropy__astropy-8872,14,26.23046875,23.74609375,458752.0,2146304.0,1.6679076693968726,9.471332836932241
qwen-run-20260923T053154Z-PF12hU,astropy__astropy-8872,15,93.71484375,90.0,299008.0,3596288.0,0.3042807719561502,3.9639864949356007
qwen-run-20260923T053154Z-PF12hU,astropy__astropy-8872,16,26.453125,23.96484375,446464.0,2162688.0,1.609568812758417,9.406379208505612
qwen-run-20260923T053154Z-PF12hU,astropy__astropy-8872,17,94.69921875,90.5,577536.0,3825664.0,0.5816111867343151,4.4342696860949555
qwen-run-20260923T053154Z-PF12hU,astropy__astropy-8872,18,93.8046875,89.79296875,413696.0,3792896.0,0.42058799033896893,4.276671941367535
qwen-run-20260923T053154Z-PF12hU,astropy__astropy-8872,19,38.56640625,35.80078125,634880.0,2265088.0,1.5699382153347514,7.171072622303251
qwen-run-20260923T053154Z-PF12hU,django__django-10097,1,4.15625,3.3359375,159744.0,700416.0,3.6654135338345863,19.736842105263158
qwen-run-20260923T053154Z-PF12hU,django__django-10097,2,64.921875,62.55078125,327680.0,2158592.0,0.4813477737665463,3.6522262334536704
qwen-run-20260923T053154Z-PF12hU,django__django-10097,3,29.61328125,27.25390625,495616.0,1978368.0,1.5960955019126764,7.967286637646748
qwen-run-20260923T053154Z-PF12hU,django__django-10097,4,29.0703125,26.6484375,557056.0,1982464.0,1.8274657350174683,8.3310937919914
qwen-run-20260923T053154Z-PF12hU,django__django-10097,5,29.47265625,27.02734375,581632.0,1982464.0,1.8820410868124586,8.29688535453943
qwen-run-20260923T053154Z-PF12hU,django__django-10097,6,28.671875,26.140625,684032.0,1970176.0,2.2752043596730247,8.8283378746594
qwen-run-20260923T053154Z-PF12hU,django__django-10097,7,33.0234375,30.27734375,782336.0,2097152.0,2.259285545303998,8.31559025313461
qwen-run-20260923T053154Z-PF12hU,django__django-10097,8,28.8984375,27.296875,618496.0,1060864.0,2.0410921870775884,5.542038388753717
qwen-run-20260923T053154Z-PF12hU,django__django-10097,9,32.8984375,30.5625,364544.0,2084864.0,1.0567561149370697,7.100451199240085
qwen-run-20260923T053154Z-PF12hU,django__django-10097,10,28.5234375,26.19921875,483328.0,1953792.0,1.6159956176390031,8.148452478772938
qwen-run-20260923T053154Z-PF12hU,django__django-10097,11,44.33203125,41.48046875,512000.0,2478080.0,1.1014186271918232,6.432284782800247
qwen-run-20260923T053154Z-PF12hU,django__django-10097,12,28.4296875,25.8984375,684032.0,1970176.0,2.2945864248419894,8.903544929925804
qwen-run-20260923T053154Z-PF12hU,django__django-10097,13,28.93359375,26.3984375,655360.0,2002944.0,2.1601188065343595,8.761981909004994
qwen-run-20260923T053154Z-PF12hU,django__django-10097,14,29.734375,27.09765625,737280.0,2027520.0,2.3646873357856015,8.867577509196007
qwen-run-20260923T053154Z-PF12hU,django__django-10097,15,44.89453125,42.66796875,1003520.0,1331200.0,2.131732358827112,4.959540589924302
qwen-run-20260923T053154Z-PF12hU,django__django-10097,16,28.20703125,26.0546875,1040384.0,1216512.0,3.5175183492591056,7.6305220883534135
qwen-run-20260923T053154Z-PF12hU,django__django-10097,17,28.50390625,26.33984375,1044480.0,1224704.0,3.4945868164999316,7.592161162121419
qwen-run-20260923T053154Z-PF12hU,django__django-10097,18,43.01171875,40.77734375,925696.0,1417216.0,2.0524929615838707,5.194805194805195
qwen-run-20260923T053154Z-PF12hU,django__django-10097,19,27.296875,25.1328125,1060864.0,1208320.0,3.706353749284488,7.927876359473383
qwen-run-20260923T053154Z-PF12hU,django__django-10097,20,28.4609375,26.26953125,1085440.0,1212416.0,3.6371122701070546,7.699698051056822
qwen-run-20260923T053154Z-PF12hU,django__django-10097,21,42.8828125,39.59375,983040.0,2465792.0,2.18619056294407,7.669885224995445
qwen-run-20260923T053154Z-PF12hU,django__django-10097,22,28.609375,25.921875,823296.0,1994752.0,2.7444019661387222,9.39377389404697
qwen-run-20260923T053154Z-PF12hU,django__django-10097,23,32.82421875,29.9140625,921600.0,2129920.0,2.6776151374509105,8.865881232893015
qwen-run-20260923T053154Z-PF12hU,django__django-10097,24,28.6640625,25.8203125,974848.0,2007040.0,3.2433905696375036,9.920959389479423
qwen-run-20260923T053154Z-PF12hU,django__django-10097,25,32.83984375,29.91796875,905216.0,2158592.0,2.628761746163911,8.897347448554775
qwen-run-20260923T053154Z-PF12hU,django__django-10097,26,29.04296875,26.16015625,983040.0,2039808.0,3.2279757901815738,9.926025554808339
qwen-run-20260923T053154Z-PF12hU,django__django-10097,27,32.88671875,30.03515625,831488.0,2158592.0,2.411212733103694,8.670863522983728
qwen-run-20260923T053154Z-PF12hU,django__django-10097,28,28.85546875,26.15625,806912.0,2023424.0,2.6668471639366453,9.354271016650873
qwen-run-20260923T053154Z-PF12hU,django__django-10097,29,30.04296875,27.24609375,888832.0,2043904.0,2.821479651540762,9.309582629046938
qwen-run-20260923T053154Z-PF12hU,django__django-10097,30,44.703125,41.5,876544.0,2482176.0,1.8699755330304089,7.165326808808109
qwen-run-20260923T053154Z-PF12hU,django__django-10097,31,28.625,25.91796875,831488.0,2007040.0,2.7701965065502185,9.456877729257641
qwen-run-20260923T053154Z-PF12hU,django__django-10097,32,33.09765625,30.1953125,925696.0,2117632.0,2.6672961170777763,8.769031039773397
qwen-run-20260923T053154Z-PF12hU,django__django-10097,33,29.0625,26.20703125,962560.0,2031616.0,3.1586021505376345,9.825268817204302
qwen-run-20260923T053154Z-PF12hU,django__django-10097,34,33.39453125,30.33203125,1019904.0,2191360.0,2.912621359223301,9.170663235466137
qwen-run-20260923T053154Z-PF12hU,django__django-10097,35,29.1171875,26.34765625,901120.0,2002944.0,2.951435470888114,9.511671585725784
qwen-run-20260923T053154Z-PF12hU,django__django-10097,36,29.55859375,27.79296875,823296.0,1028096.0,2.656270648870094,5.973305140742698
qwen-run-20260923T053154Z-PF12hU,django__django-10097,37,43.64453125,41.4296875,794624.0,1527808.0,1.7363286494227155,5.074733733106596
qwen-run-20260923T053154Z-PF12hU,django__django-10097,38,28.33203125,26.09765625,315392.0,2027520.0,1.0616296704811803,7.886391837860196
qwen-run-20260923T053154Z-PF12hU,django__django-10097,39,29.88671875,27.671875,503808.0,1818624.0,1.607632989151745,7.410795974382434
qwen-run-20260923T053154Z-PF12hU,django__django-10097,40,44.71484375,41.6796875,671744.0,2510848.0,1.432689787717306,6.787804664977723
qwen-run-20260923T053154Z-PF12hU,django__django-10097,41,28.7734375,26.25,610304.0,2035712.0,2.02280749389085,8.770024436600597
qwen-run-20260923T053154Z-PF12hU,django__django-10097,42,29.74609375,28.0234375,724992.0,1081344.0,2.324359816152331,5.791201575837164
qwen-run-20260923T053154Z-PF12hU,django__django-10097,43,43.8671875,40.91796875,610304.0,2482176.0,1.3268032056990204,6.7230632235084595
qwen-run-20260923T053154Z-PF12hU,django__django-10097,44,44.55078125,42.02734375,528384.0,2117632.0,1.1310828583954406,5.664182376150811
qwen-run-20260923T053154Z-PF12hU,django__django-10097,45,28.4296875,25.98828125,544768.0,2015232.0,1.827425116790327,8.587524045067326
qwen-run-20260923T053154Z-PF12hU,django__django-10554,1,4.1875,3.3203125,208896.0,700416.0,4.757462686567164,20.708955223880597
qwen-run-20260923T053154Z-PF12hU,django__django-10554,2,48.3515625,39.5234375,651264.0,8605696.0,1.2845370819195348,18.258200032315397
qwen-run-20260923T053154Z-PF12hU,django__django-10554,3,26.1640625,23.51953125,802816.0,1970176.0,2.926246640788295,10.10749477455957
qwen-run-20260923T053154Z-PF12hU,django__django-10554,4,26.2109375,23.69921875,692224.0,1941504.0,2.518628912071535,9.582712369597616
qwen-run-20260923T053154Z-PF12hU,django__django-10554,5,26.20703125,23.56640625,802816.0,1966080.0,2.9214488001192427,10.076017290207185
qwen-run-20260923T053154Z-PF12hU,django__django-10554,6,26.03515625,23.375,811008.0,1978368.0,2.970742685671418,10.217554388597149
qwen-run-20260923T053154Z-PF12hU,django__django-10554,7,25.9609375,23.41796875,720896.0,1945600.0,2.648209449292808,9.795365633463737
qwen-run-20260923T053154Z-PF12hU,django__django-10554,8,26.140625,23.5546875,786432.0,1925120.0,2.8690974297668856,9.892408846383741
qwen-run-20260923T053154Z-PF12hU,django__django-10554,9,26.55078125,24.0,765952.0,1908736.0,2.751213770781227,9.607179638075621
qwen-run-20260923T053154Z-PF12hU,django__django-10554,10,26.19140625,23.75,618496.0,1941504.0,2.2520507084265473,9.321401938851603
qwen-run-20260923T053154Z-PF12hU,django__django-10554,11,25.9921875,23.49609375,684032.0,1933312.0,2.5097685602645026,9.603246167718666
qwen-run-20260923T053154Z-PF12hU,django__django-10554,12,26.5546875,23.98828125,708608.0,1982464.0,2.544866137099147,9.664607237422771
qwen-run-20260923T053154Z-PF12hU,django__django-10554,13,25.73046875,23.13671875,782336.0,1937408.0,2.899650827387278,10.080461515105512
qwen-run-20260923T053154Z-PF12hU,django__django-10554,14,26.2578125,23.58984375,835584.0,1961984.0,3.0348110681344838,10.160666468313002
qwen-run-20260923T053154Z-PF12hU,django__django-10554,15,23.6015625,20.890625,864256.0,1978368.0,3.492221118834823,11.486262826878518
qwen-run-20260923T053154Z-PF12hU,django__django-10554,16,23.859375,21.9296875,786432.0,1236992.0,3.143418467583497,8.087753765553373
qwen-run-20260923T053154Z-PF12hU,django__django-10554,17,24.73046875,21.95703125,917504.0,1990656.0,3.5381456326014846,11.214658031906492
qwen-run-20260923T053154Z-PF12hU,django__django-10554,18,23.7109375,20.92578125,950272.0,1970176.0,3.8220757825370675,11.746293245469522
qwen-run-20260923T053154Z-PF12hU,django__django-10554,19,24.41015625,21.65625,913408.0,1974272.0,3.568570971355417,11.28180508881421
qwen-run-20260923T053154Z-PF12hU,django__django-10554,20,25.41015625,22.67578125,925696.0,1941504.0,3.474250576479631,10.760953112990007
qwen-run-20260923T053154Z-PF12hU,django__django-10554,21,29.53515625,26.51953125,1130496.0,2031616.0,3.6503108054490148,10.210289644226954
qwen-run-20260923T053154Z-PF12hU,django__django-10554,22,26.5859375,24.29296875,1064960.0,1339392.0,3.820158683514546,8.624742873934764
qwen-run-20260923T053154Z-PF12hU,django__django-10554,23,64.25,59.81640625,229376.0,4419584.0,0.3404669260700389,6.900535019455253
qwen-run-20260923T053154Z-PF12hU,django__django-10554,24,42.1015625,39.55078125,618496.0,2056192.0,1.4010020411950268,6.058637966227501
qwen-run-20260923T053154Z-PF12hU,django__django-10554,25,25.8125,23.41015625,565248.0,1953792.0,2.0883777239709445,9.306900726392252
qwen-run-20260923T053154Z-PF12hU,django__django-10880,1,4.44140625,3.49609375,286720.0,704512.0,6.156552330694811,21.284080914687774
qwen-run-20260923T053154Z-PF12hU,django__django-10880,2,27.11328125,24.58203125,626688.0,2027520.0,2.2042933294914278,9.335830571963694
qwen-run-20260923T053154Z-PF12hU,django__django-10880,3,48.51171875,39.49609375,532480.0,8921088.0,1.0467831548433852,18.584427087527175
qwen-run-20260923T053154Z-PF12hU,django__django-10880,4,73.89453125,62.7109375,106496.0,11620352.0,0.1374425120262198,15.134535074271819
qwen-run-20260923T053154Z-PF12hU,django__django-10880,5,25.8125,23.55078125,376832.0,1994752.0,1.3922518159806296,8.762106537530267
qwen-run-20260923T053154Z-PF12hU,django__django-10880,6,26.75,24.34375,544768.0,1978368.0,1.9421728971962617,8.995327102803738
qwen-run-20260923T053154Z-PF12hU,django__django-10880,7,27.27734375,25.0625,344064.0,1978368.0,1.202921380495489,8.11971931834455
qwen-run-20260923T053154Z-PF12hU,django__django-10880,8,26.6171875,24.1484375,589824.0,1998848.0,2.1132961549750515,9.275022013501614
qwen-run-20260923T053154Z-PF12hU,django__django-10880,9,26.9609375,25.32421875,688128.0,1028096.0,2.4340770791075053,6.070704143726456
qwen-run-20260923T053154Z-PF12hU,django__django-10880,10,26.1640625,23.51171875,765952.0,2015232.0,2.7918781725888326,10.13735443415945
qwen-run-20260923T053154Z-PF12hU,django__django-10880,11,27.01953125,25.203125,872448.0,1032192.0,3.079369668931618,6.722567587104236
qwen-run-20260923T053154Z-PF12hU,django__django-10880,12,27.09765625,25.35546875,761856.0,1064960.0,2.6812743260775553,6.429292201239729
qwen-run-20260923T053154Z-PF12hU,django__django-10880,13,26.96484375,25.25,770048.0,1028096.0,2.723453570911198,6.359553817180936
qwen-run-20260923T053154Z-PF12hU,django__django-10880,14,49.32421875,46.6875,851968.0,1912832.0,1.647263799794092,5.345687811831789
qwen-run-20260923T053154Z-PF12hU,django__django-10880,15,26.91015625,25.0234375,946176.0,1032192.0,3.3531717230367253,7.0111772390767895
qwen-run-20260923T053154Z-PF12hU,django__django-10880,16,49.5078125,47.6640625,921600.0,1011712.0,1.7752879911630108,3.7241596970175164
qwen-run-20260923T053154Z-PF12hU,django__django-10880,17,26.71875,24.859375,921600.0,1028096.0,3.289473684210526,6.95906432748538
qwen-run-20260923T053154Z-PF12hU,django__django-10880,18,49.2421875,47.375,958464.0,999424.0,1.8562589243217515,3.7918451531016975
qwen-run-20260923T053154Z-PF12hU,django__django-10880,19,26.80078125,24.87109375,991232.0,1032192.0,3.5271826264392945,7.20011660107856
qwen-run-20260923T053154Z-PF12hU,django__django-10880,20,26.5625,23.6015625,1077248.0,2027520.0,3.8676470588235294,11.147058823529411
qwen-run-20260923T053154Z-PF12hU,django__django-10880,21,27.25390625,24.22265625,1134592.0,2043904.0,3.9701877597821413,11.122258850508814
qwen-run-20260923T053154Z-PF12hU,django__django-10880,22,26.91796875,23.953125,1032192.0,2076672.0,3.656943839791032,11.014366565084893
qwen-run-20260923T053154Z-PF12hU,django__django-10880,23,27.53125,24.484375,1138688.0,2056192.0,3.9443813847900113,11.066969353007945
qwen-run-20260923T053154Z-PF12hU,django__django-10880,24,27.4765625,24.38671875,1150976.0,2088960.0,3.9948820017059994,11.245379584873472
qwen-run-20260923T053154Z-PF12hU,django__django-10880,25,26.125,23.07421875,925696.0,2273280.0,3.3791866028708135,11.677631578947368
qwen-run-20260923T053154Z-PF12hU,django__django-10880,26,26.26953125,23.28515625,1060864.0,2068480.0,3.8513011152416357,11.360594795539033
qwen-run-20260923T053154Z-PF12hU,django__django-10880,27,27.72265625,24.5625,1216512.0,2097152.0,4.184866845145836,11.399182753276031
qwen-run-20260923T053154Z-PF12hU,django__django-10880,28,26.6796875,24.4921875,1216512.0,1077248.0,4.348462664714495,8.199121522693996
qwen-run-20260923T053154Z-PF12hU,django__django-10880,29,27.1640625,24.0859375,1118208.0,2109440.0,3.925798101811907,11.331607707794076
qwen-run-20260923T053154Z-PF12hU,django__django-10880,30,27.7109375,24.68359375,1089536.0,2084864.0,3.749647589512264,10.924725119819566
qwen-run-20260923T053154Z-PF12hU,django__django-10880,31,68.1953125,65.94140625,643072.0,1720320.0,0.8993011799747966,3.3050750372322146
qwen-run-20260923T053154Z-PF12hU,django__django-10880,32,46.34375,44.41015625,557056.0,1470464.0,1.1463250168577208,4.172285906945381
qwen-run-20260923T053154Z-PF12hU,django__django-10880,33,44.83984375,41.41015625,630784.0,2965504.0,1.3415802770276157,7.648749891105497
qwen-run-20260923T053154Z-PF12hU,django__django-10880,34,26.81640625,24.28515625,577536.0,2076672.0,2.0538965768390387,9.43918426802622
qwen-run-20260923T053154Z-PF12hU,django__django-10880,35,55.109375,51.35546875,532480.0,3403776.0,0.9214629997164729,6.811738020981004
qwen-run-20260923T053154Z-PF12hU,django__django-10880,36,27.1015625,24.57421875,540672.0,2109440.0,1.9025655808590372,9.325454021331796
qwen-run-20260923T053154Z-PF12hU,django__django-10880,37,27.0,24.359375,651264.0,2117632.0,2.3003472222222223,9.780092592592593
qwen-run-20260923T053154Z-PF12hU,django__django-10880,38,26.953125,24.35546875,614400.0,2109440.0,2.1739130434782608,9.63768115942029
qwen-run-20260923T053154Z-PF12hU,django__django-10880,39,65.625,60.390625,843776.0,4644864.0,1.2261904761904763,7.976190476190476
qwen-run-20260923T053154Z-PF12hU,django__django-10880,40,26.16015625,23.28515625,917504.0,2097152.0,3.3447812453337313,10.98999552038226
qwen-run-20260923T053154Z-PF12hU,django__django-10880,41,63.30078125,58.3984375,757760.0,4382720.0,1.1416229558778155,7.744523295279235
qwen-run-20260923T053154Z-PF12hU,django__django-10880,42,26.21484375,23.5234375,671744.0,2150400.0,2.44374906869319,10.266726270302488
qwen-run-20260923T053154Z-PF12hU,django__django-10880,43,60.4921875,55.84375,761856.0,4112384.0,1.2010848508330105,7.684360067157432
qwen-run-20260923T053154Z-PF12hU,django__django-10880,44,26.5,23.80859375,692224.0,2129920.0,2.4911556603773586,10.15625
qwen-run-20260923T053154Z-PF12hU,django__django-10880,45,63.7578125,58.78515625,671744.0,4542464.0,1.0047788261242494,7.7992893027815215
qwen-run-20260923T053154Z-PF12hU,django__django-10880,46,26.51171875,23.7265625,761856.0,2158592.0,2.7405333726241343,10.505377928392516
qwen-run-20260923T053154Z-PF12hU,django__django-10880,47,63.16796875,58.0625,1007616.0,4345856.0,1.5212417290210871,8.082369674107971
qwen-run-20260923T053154Z-PF12hU,django__django-10880,48,26.4609375,23.453125,987136.0,2166784.0,3.557720696781813,11.366991437850606
qwen-run-20260923T053154Z-PF12hU,django__django-10880,49,62.98046875,58.41796875,307200.0,4476928.0,0.46517397506667496,7.244309371705017
qwen-run-20260923T053154Z-PF12hU,django__django-10880,50,26.4765625,23.88671875,540672.0,2174976.0,1.9474771318973148,9.78164650339333
qwen-run-20260923T053154Z-PF12hU,django__django-10880,51,63.21875,58.3125,659456.0,4485120.0,0.9948096885813149,7.760751359367276
qwen-run-20260923T053154Z-PF12hU,django__django-10880,52,26.89453125,24.30859375,561152.0,2150400.0,1.9898329702251272,9.615105301379812
qwen-run-20260923T053154Z-PF12hU,django__django-10880,53,44.15234375,41.5390625,491520.0,2248704.0,1.061665044678404,5.918782624082102
qwen-run-20260923T053154Z-PF12hU,django__django-10880,54,25.9296875,23.390625,540672.0,2121728.0,1.988550768303706,9.792106056040977
qwen-run-20260923T053154Z-PF12hU,django__django-10914,1,4.16015625,3.35546875,135168.0,708608.0,3.0985915492957745,19.342723004694836
qwen-run-20260923T053154Z-PF12hU,django__django-10914,2,26.52734375,24.15625,434176.0,2052096.0,1.5608894124576647,8.938300692092476
qwen-run-20260923T053154Z-PF12hU,django__django-10914,3,49.1015625,41.0703125,4096.0,8417280.0,0.007955449482895784,16.35640413683373
qwen-run-20260923T053154Z-PF12hU,django__django-10914,4,206.703125,201.21484375,471040.0,5283840.0,0.21732557260563912,2.6551515609645477
qwen-run-20260923T053154Z-PF12hU,django__django-10914,5,26.40625,24.03125,438272.0,2052096.0,1.5828402366863905,8.994082840236686
qwen-run-20260923T053154Z-PF12hU,django__django-10914,6,26.09765625,24.0,352256.0,1847296.0,1.2872324502320012,8.037718904355636
qwen-run-20260923T053154Z-PF12hU,django__django-10914,7,26.28515625,23.87890625,491520.0,2031616.0,1.7833259028087383,9.154406301084856
qwen-run-20260923T053154Z-PF12hU,django__django-10914,8,26.203125,23.828125,479232.0,2011136.0,1.744186046511628,9.063804412641622
qwen-run-20260923T053154Z-PF12hU,django__django-10914,9,26.3984375,24.12890625,380928.0,1998848.0,1.3761467889908257,8.597218111867416
qwen-run-20260923T053154Z-PF12hU,django__django-10914,10,43.54296875,41.140625,446464.0,2072576.0,0.9778415717233336,5.517179510182112
qwen-run-20260923T053154Z-PF12hU,django__django-10914,11,43.4921875,41.0078125,495616.0,2109440.0,1.086761271780133,5.712232800431112
qwen-run-20260923T053154Z-PF12hU,django__django-10973,1,4.03125,3.19921875,147456.0,724992.0,3.488372093023256,20.63953488372093
qwen-run-20260923T053154Z-PF12hU,django__django-10973,2,47.859375,39.1640625,167936.0,8949760.0,0.3346392425726412,18.168462291870714
qwen-run-20260923T053154Z-PF12hU,django__django-10973,3,47.05859375,38.7109375,12288.0,8740864.0,0.024902465344069064,17.73885614675853
qwen-run-20260923T053154Z-PF12hU,django__django-10973,4,25.859375,23.7109375,229376.0,2023424.0,0.8459214501510574,8.308157099697885
qwen-run-20260923T053154Z-PF12hU,django__django-10973,5,25.828125,23.65234375,262144.0,2019328.0,0.9679370840895342,8.424077434966728
qwen-run-20260923T053154Z-PF12hU,django__django-10973,6,43.9453125,41.62109375,294912.0,2142208.0,0.64,5.288888888888889
qwen-run-20260923T053154Z-PF12hU,django__django-10973,7,25.71875,23.4453125,339968.0,2043904.0,1.2606318347509113,8.839611178614824
qwen-run-20260923T053154Z-PF12hU,django__django-10999,1,4.48046875,3.64453125,147456.0,729088.0,3.1386224934612033,18.657367044463818
qwen-run-20260923T053154Z-PF12hU,django__django-10999,2,142.8203125,138.83203125,385024.0,3796992.0,0.25709753295771565,2.792516820742848
qwen-run-20260923T053154Z-PF12hU,django__django-10999,3,26.03125,23.3046875,847872.0,2011136.0,3.1062424969987994,10.474189675870349
qwen-run-20260923T053154Z-PF12hU,django__django-10999,4,25.453125,22.828125,815104.0,1937408.0,3.0540208717004296,10.313075506445673
qwen-run-20260923T053154Z-PF12hU,django__django-10999,5,30.75,27.99609375,794624.0,2093056.0,2.464430894308943,8.955792682926829
qwen-run-20260923T053154Z-PF12hU,django__django-10999,6,25.81640625,23.05859375,921600.0,1970176.0,3.404448479346346,10.682402784082312
qwen-run-20260923T053154Z-PF12hU,django__django-10999,7,43.91796875,40.578125,978944.0,2523136.0,2.1257671440007115,7.604731833140621
qwen-run-20260923T053154Z-PF12hU,django__django-10999,8,26.84765625,23.94921875,1019904.0,2019328.0,3.6228721082496724,10.79586788884039
qwen-run-20260923T053154Z-PF12hU,django__django-10999,9,43.5625,40.265625,933888.0,2523136.0,2.0444763271162123,7.568149210903874
qwen-run-20260923T053154Z-PF12hU,django__django-10999,10,26.01171875,23.24609375,905216.0,1994752.0,3.3188166391350054,10.632227061120288
qwen-run-20260923T053154Z-PF12hU,django__django-10999,11,43.65234375,40.296875,995328.0,2523136.0,2.174496644295302,7.686800894854586
qwen-run-20260923T053154Z-PF12hU,django__django-10999,12,26.6015625,23.80859375,901120.0,2027520.0,3.2305433186490453,10.499265785609397
qwen-run-20260923T053154Z-PF12hU,django__django-10999,13,43.578125,41.21484375,1089536.0,1388544.0,2.3843671566869844,5.423090713517389
qwen-run-20260923T053154Z-PF12hU,django__django-10999,14,25.40625,22.38671875,1024000.0,2142208.0,3.843788437884379,11.8849938499385
qwen-run-20260923T053154Z-PF12hU,django__django-10999,15,26.5390625,23.64453125,1044480.0,1990656.0,3.7533117456579337,10.90668236679423
qwen-run-20260923T053154Z-PF12hU,django__django-10999,16,26.50390625,23.625,1011712.0,2007040.0,3.6403831982313926,10.862196020633752
qwen-run-20260923T053154Z-PF12hU,django__django-10999,17,43.70703125,40.38671875,954368.0,2527232.0,2.082402359460184,7.596746804897667
qwen-run-20260923T053154Z-PF12hU,django__django-10999,18,25.8125,23.04296875,917504.0,1986560.0,3.389830508474576,10.729418886198546
qwen-run-20260923T053154Z-PF12hU,django__django-10999,19,31.42578125,28.51953125,946176.0,2101248.0,2.8713486637663146,9.247980111870728
qwen-run-20260923T053154Z-PF12hU,django__django-10999,20,25.84375,23.12890625,884736.0,1961984.0,3.264812575574365,10.504836759371221
qwen-run-20260923T053154Z-PF12hU,django__django-10999,21,43.80078125,40.515625,913408.0,2531328.0,1.9887630428966379,7.500222955498082
qwen-run-20260923T053154Z-PF12hU,django__django-10999,22,42.1015625,39.171875,958464.0,2113536.0,2.1710892558916313,6.958619409909074
qwen-run-20260923T053154Z-PF12hU,django__django-10999,23,25.671875,23.765625,16384.0,1982464.0,0.06086427267194157,7.425441265976872
qwen-run-20260923T053154Z-PF12hU,django__django-11066,1,4.17578125,3.3515625,143360.0,720896.0,3.2740879326473338,19.738072965388213
qwen-run-20260923T053154Z-PF12hU,django__django-11066,2,48.1328125,39.51171875,458752.0,8581120.0,0.9089433533517286,17.91105340042201
qwen-run-20260923T053154Z-PF12hU,django__django-11066,3,25.9296875,23.6171875,561152.0,1863680.0,2.0638746610424827,8.918348900271166
qwen-run-20260923T053154Z-PF12hU,django__django-11066,4,25.21875,23.109375,397312.0,1814528.0,1.5024783147459728,8.364312267657992
qwen-run-20260923T053154Z-PF12hU,django__django-11066,5,26.48828125,24.29296875,446464.0,1855488.0,1.6074325320749152,8.287863147028462
qwen-run-20260923T053154Z-PF12hU,django__django-11066,6,25.984375,23.91015625,339968.0,1835008.0,1.2477450390859892,7.982561635598317
qwen-run-20260923T053154Z-PF12hU,django__django-11066,7,42.2578125,39.84765625,561152.0,1966080.0,1.2664078387872064,5.703457200961361
qwen-run-20260923T053154Z-PF12hU,django__django-11066,8,25.40625,23.20703125,483328.0,1822720.0,1.8142681426814269,8.65621156211562
qwen-run-20260923T053154Z-PF12hU,django__django-11087,1,4.40234375,3.54296875,176128.0,724992.0,3.815439219165927,19.520851818988465
qwen-run-20260923T053154Z-PF12hU,django__django-11087,2,47.0703125,39.3828125,544768.0,7516160.0,1.103734439834025,16.33195020746888
qwen-run-20260923T053154Z-PF12hU,django__django-11087,3,48.89453125,40.37890625,720896.0,8208384.0,1.406087720699848,17.41631381321403
qwen-run-20260923T053154Z-PF12hU,django__django-11087,4,194.28125,191.59765625,565248.0,2248704.0,0.277465015280682,1.3812932282451342
qwen-run-20260923T053154Z-PF12hU,django__django-11087,5,27.4765625,24.703125,921600.0,1986560.0,3.1987489337503554,10.093829968723345
qwen-run-20260923T053154Z-PF12hU,django__django-11087,6,26.6953125,24.890625,0.0,1892352.0,0.0,6.760316066725197
qwen-run-20260923T053154Z-PF12hU,django__django-11087,7,25.79296875,23.59375,413696.0,1892352.0,1.5296077540511888,8.52642738149326
qwen-run-20260923T053154Z-PF12hU,django__django-11087,8,26.296875,24.07421875,442368.0,1888256.0,1.6042780748663101,8.452168746286393
qwen-run-20260923T053154Z-PF12hU,django__django-11087,9,26.4453125,24.16796875,528384.0,1859584.0,1.9054652880354506,8.61152141802068
qwen-run-20260923T053154Z-PF12hU,django__django-11087,10,26.41796875,24.12109375,524288.0,1884160.0,1.8926511903001626,8.694366405441372
qwen-run-20260923T053154Z-PF12hU,django__django-11087,11,26.39453125,24.06640625,520192.0,1921024.0,1.8795323368358738,8.820482462631345
qwen-run-20260923T053154Z-PF12hU,django__django-11087,12,28.23046875,25.88671875,491520.0,1966080.0,1.6604400166044002,8.302200083022
qwen-run-20260923T053154Z-PF12hU,django__django-11087,13,26.3359375,23.95703125,593920.0,1900544.0,2.150697122515574,9.03292791456541
qwen-run-20260923T053154Z-PF12hU,django__django-11087,14,26.37109375,24.03125,524288.0,1929216.0,1.8960154051251668,8.872759591171679
qwen-run-20260923T053154Z-PF12hU,django__django-11087,15,26.4296875,24.1796875,483328.0,1875968.0,1.744014188590009,8.513154005320722
qwen-run-20260923T053154Z-PF12hU,django__django-11087,16,26.18359375,23.8671875,458752.0,1970176.0,1.6708936297180368,8.846785021632105
qwen-run-20260923T053154Z-PF12hU,django__django-11087,17,26.24609375,23.875,606208.0,1880064.0,2.20270873641911,9.034082452745944
qwen-run-20260923T053154Z-PF12hU,django__django-11087,18,26.53515625,24.87890625,634880.0,1101824.0,2.2817606359487708,6.24171941704696
qwen-run-20260923T053154Z-PF12hU,django__django-11087,19,24.90625,22.5,643072.0,1880064.0,2.4623588456712673,9.661229611041405
qwen-run-20260923T053154Z-PF12hU,django__django-11087,20,40.484375,37.953125,708608.0,1945600.0,1.6692396758008492,6.252412196063296
qwen-run-20260923T053154Z-PF12hU,django__django-11087,21,23.73828125,21.3671875,610304.0,1875968.0,2.4518676978772422,9.988481158466348
qwen-run-20260923T053154Z-PF12hU,django__django-11095,1,4.203125,3.38671875,131072.0,724992.0,2.973977695167286,19.423791821561338
qwen-run-20260923T053154Z-PF12hU,django__django-11095,2,26.8203125,24.640625,368640.0,1916928.0,1.3108068744538304,8.127002621613748
qwen-run-20260923T053154Z-PF12hU,django__django-11095,3,42.6953125,35.8984375,159744.0,6967296.0,0.35681610247026535,15.919487648673377
qwen-run-20260923T053154Z-PF12hU,django__django-11095,4,26.72265625,24.375,602112.0,1859584.0,2.148808653705599,8.785265312088876
qwen-run-20260923T053154Z-PF12hU,django__django-11095,5,26.55078125,24.18359375,610304.0,1871872.0,2.1921435927615125,8.91569810210387
qwen-run-20260923T053154Z-PF12hU,django__django-11095,6,26.34375,24.03515625,569344.0,1851392.0,2.061091340450771,8.763345195729537
qwen-run-20260923T053154Z-PF12hU,django__django-11095,7,26.48828125,24.22265625,495616.0,1880064.0,1.7843975814776583,8.553310721132576
qwen-run-20260923T053154Z-PF12hU,django__django-11095,8,26.5703125,24.32421875,479232.0,1875968.0,1.720082328726845,8.453396059982358
qwen-run-20260923T053154Z-PF12hU,django__django-11095,9,26.60546875,24.41015625,446464.0,1855488.0,1.600352371164293,8.251358097195713
qwen-run-20260923T053154Z-PF12hU,django__django-11095,10,25.52734375,23.390625,401408.0,1839104.0,1.4996174445294568,8.370313695485846
qwen-run-20260923T053154Z-PF12hU,django__django-11095,11,26.5,24.328125,413696.0,1863680.0,1.4887971698113207,8.195754716981131
qwen-run-20260923T053154Z-PF12hU,django__django-11095,12,37.765625,32.765625,475136.0,4767744.0,1.1998345055854365,13.239553165080679
qwen-run-20260923T053154Z-PF12hU,django__django-11095,13,38.0390625,32.9375,573440.0,4775936.0,1.4376668720476484,13.411378106387348
qwen-run-20260923T053154Z-PF12hU,django__django-11095,14,28.17578125,25.66015625,675840.0,1961984.0,2.2875363926244283,8.928323859697768
qwen-run-20260923T053154Z-PF12hU,django__django-11095,15,26.73046875,24.26953125,708608.0,1871872.0,2.528130936723659,9.20648838228847
qwen-run-20260923T053154Z-PF12hU,django__django-11095,16,26.3671875,24.6015625,745472.0,1105920.0,2.696296296296296,6.696296296296296
qwen-run-20260923T053154Z-PF12hU,django__django-11095,17,24.89453125,22.46875,663552.0,1880064.0,2.5419739526125844,9.744233485014906
qwen-run-20260923T053154Z-PF12hU,django__django-11095,18,25.62890625,23.25,618496.0,1875968.0,2.301478433165676,9.28212162780064
qwen-run-20260923T053154Z-PF12hU,django__django-11095,19,31.171875,28.6328125,647168.0,2015232.0,1.9799498746867168,8.145363408521304
qwen-run-20260923T053154Z-PF12hU,django__django-11095,20,25.84375,23.36328125,700416.0,1900544.0,2.5846432889963724,9.59794437726723
qwen-run-20260923T053154Z-PF12hU,django__django-11095,21,32.11328125,29.44140625,692224.0,2109440.0,2.055710984065199,8.320155698820095
qwen-run-20260923T053154Z-PF12hU,django__django-11095,22,26.515625,24.125,593920.0,1912832.0,2.136122569239835,9.015910430170889
qwen-run-20260923T053154Z-PF12hU,django__django-11095,23,25.6796875,23.24609375,688128.0,1863680.0,2.555521752357773,9.476726498326741
qwen-run-20260923T053154Z-PF12hU,django__django-11095,24,31.73828125,29.1015625,655360.0,2109440.0,1.9692307692307693,8.307692307692308
qwen-run-20260923T053154Z-PF12hU,django__django-11095,25,26.53515625,24.0703125,647168.0,1937408.0,2.32592374503165,9.28897394376564
qwen-run-20260923T053154Z-PF12hU,django__django-11095,26,25.5859375,23.23828125,585728.0,1875968.0,2.183206106870229,9.17557251908397
qwen-run-20260923T053154Z-PF12hU,django__django-11095,27,31.69140625,29.18359375,520192.0,2109440.0,1.5653888820411686,7.913225687168741
qwen-run-20260923T053154Z-PF12hU,django__django-11095,28,26.34765625,24.0546875,532480.0,1871872.0,1.927353595255745,8.702742772424017
qwen-run-20260923T053154Z-PF12hU,django__django-11095,29,25.48828125,23.234375,512000.0,1851392.0,1.9157088122605364,8.842911877394636
qwen-run-20260923T053154Z-PF12hU,django__django-11095,30,31.734375,29.078125,667648.0,2117632.0,2.0064007877892664,8.370260955194485
qwen-run-20260923T053154Z-PF12hU,django__django-11095,31,26.3125,23.94921875,593920.0,1884160.0,2.1526128266033253,8.981591448931116
qwen-run-20260923T053154Z-PF12hU,django__django-11095,32,25.5078125,23.234375,516096.0,1867776.0,1.9295558958652375,8.91271056661562
qwen-run-20260923T053154Z-PF12hU,django__django-11095,33,31.63671875,29.62890625,4096.0,2101248.0,0.012347203358439314,6.346462526237807
qwen-run-20260923T053154Z-PF12hU,django__django-11095,34,26.421875,24.29296875,356352.0,1875968.0,1.2862211709047902,8.057362507392076
qwen-run-20260923T053154Z-PF12hU,django__django-11095,35,25.48828125,23.36328125,380928.0,1847296.0,1.4252873563218391,8.337164750957854
qwen-run-20260923T053154Z-PF12hU,django__django-11095,36,31.375,29.0078125,454656.0,2027520.0,1.3819721115537849,7.544820717131474
qwen-run-20260923T053154Z-PF12hU,django__django-11095,37,26.296875,24.74609375,667648.0,958464.0,2.4212715389185977,5.897207367795603
qwen-run-20260923T053154Z-PF12hU,django__django-11095,38,25.20703125,23.01953125,425984.0,1867776.0,1.611653494498683,8.678134201146753
qwen-run-20260923T053154Z-PF12hU,django__django-11095,39,26.59765625,24.23046875,573440.0,1908736.0,2.0561022176531063,8.899985313555588
qwen-run-20260923T053154Z-PF12hU,django__django-11095,40,25.33984375,23.6328125,442368.0,1347584.0,1.6648681979343303,6.736550023123169
qwen-run-20260923T053154Z-PF12hU,django__django-11095,41,30.7890625,28.3984375,475136.0,2031616.0,1.4717076884039584,7.764526769855367
qwen-run-20260923T053154Z-PF12hU,django__django-11095,42,25.84765625,23.5625,516096.0,1880064.0,1.9041861870938492,8.840864440078585
qwen-run-20260923T053154Z-PF12hU,django__django-11095,43,31.26953125,28.86328125,503808.0,2019328.0,1.5365396627108057,7.695190505933791
qwen-run-20260923T053154Z-PF12hU,django__django-11095,44,26.3828125,24.12109375,499712.0,1871872.0,1.80633698549008,8.572697660645543
qwen-run-20260923T053154Z-PF12hU,django__django-11095,45,25.73046875,23.51953125,454656.0,1863680.0,1.685137391832397,8.592682556550782
qwen-run-20260923T053154Z-PF12hU,django__django-11095,46,31.36328125,28.95703125,512000.0,2011136.0,1.556856395566073,7.672188317349607
qwen-run-20260923T053154Z-PF12hU,django__django-11095,47,26.3203125,24.04296875,528384.0,1859584.0,1.9145146927871772,8.652419115464529
qwen-run-20260923T053154Z-PF12hU,django__django-11095,48,25.546875,23.3046875,491520.0,1859584.0,1.834862385321101,8.776758409785932
qwen-run-20260923T053154Z-PF12hU,django__django-11095,49,31.3515625,28.94921875,503808.0,2015232.0,1.5325193122352354,7.662596561176177
qwen-run-20260923T053154Z-PF12hU,django__django-11095,50,26.2890625,24.0390625,475136.0,1884160.0,1.723625557206538,8.558692421991084
qwen-run-20260923T053154Z-PF12hU,django__django-11095,51,25.65625,23.42578125,479232.0,1859584.0,1.7813641900121802,8.693666260657734
qwen-run-20260923T053154Z-PF12hU,django__django-11095,52,30.64453125,28.2265625,528384.0,2007040.0,1.644359464627151,7.890376035691523
qwen-run-20260923T053154Z-PF12hU,django__django-11095,53,25.671875,23.32421875,552960.0,1908736.0,2.054169202678028,9.144856968959221
qwen-run-20260923T053154Z-PF12hU,django__django-11095,54,25.27734375,23.80859375,569344.0,970752.0,2.1480451244011745,5.810539329315407
qwen-run-20260923T053154Z-PF12hU,django__django-11095,55,30.7734375,28.3125,544768.0,2035712.0,1.6882457476516883,7.996953541507997
qwen-run-20260923T053154Z-PF12hU,django__django-11095,56,26.4453125,24.14453125,516096.0,1896448.0,1.861152141802068,8.700147710487444
qwen-run-20260923T053154Z-PF12hU,django__django-11095,57,41.5078125,39.11328125,540672.0,1970176.0,1.2422360248447204,5.7688688123470735
qwen-run-20260923T053154Z-PF12hU,django__django-11095,58,25.77734375,23.421875,598016.0,1871872.0,2.2124564327928473,9.13774814365813
qwen-run-20260923T053154Z-PF12hU,django__django-11095,59,42.66796875,40.2890625,491520.0,2002944.0,1.098599285910464,5.575391375995606
qwen-run-20260923T053154Z-PF12hU,django__django-11095,60,25.3359375,23.0859375,503808.0,1855488.0,1.8963922294172062,8.880666049953746
qwen-run-20260923T053154Z-PF12hU,django__django-11099,1,4.4375,3.35546875,225280.0,909312.0,4.841549295774648,24.383802816901408
qwen-run-20260923T053154Z-PF12hU,django__django-11099,2,73.6875,63.5234375,430080.0,10227712.0,0.556615776081425,13.793469041560645
qwen-run-20260923T053154Z-PF12hU,django__django-11099,3,25.5078125,23.0078125,536576.0,2084864.0,2.006125574272588,9.800918836140887
qwen-run-20260923T053154Z-PF12hU,django__django-11099,4,25.25,23.7265625,540672.0,1056768.0,2.042079207920792,6.033415841584159
qwen-run-20260923T053154Z-PF12hU,django__django-11099,5,26.06640625,23.66796875,507904.0,2007040.0,1.8582346770567961,9.20125880413607
qwen-run-20260923T053154Z-PF12hU,django__django-11099,6,25.2109375,22.88671875,462848.0,1974272.0,1.750852184691664,9.219088937093275
qwen-run-20260923T053154Z-PF12hU,django__django-11099,7,30.4296875,28.12109375,360448.0,2060288.0,1.1296534017971758,7.586649550706033
qwen-run-20260923T053154Z-PF12hU,django__django-11099,8,30.6953125,28.19921875,536576.0,2080768.0,1.6670908628149657,8.13184016289132
qwen-run-20260923T053154Z-PF12hU,django__django-11099,9,25.87890625,23.609375,380928.0,1998848.0,1.4037735849056603,8.769811320754718
qwen-run-20260923T053154Z-PF12hU,django__django-11099,10,25.23828125,23.8359375,458752.0,1011712.0,1.733477789815818,5.556415415570346
qwen-run-20260923T053154Z-PF12hU,django__django-11099,11,26.05078125,24.07421875,73728.0,1998848.0,0.2699055330634278,7.587344429449693
qwen-run-20260923T053154Z-PF12hU,django__django-11099,12,25.32421875,23.203125,241664.0,1982464.0,0.9100724973006324,8.375751966682092
qwen-run-20260923T053154Z-PF12hU,django__django-11099,13,31.140625,28.7734375,327680.0,2154496.0,1.0035122930255895,7.601605619668841
qwen-run-20260923T053154Z-PF12hU,django__django-11099,14,25.46484375,23.16796875,401408.0,2007040.0,1.5032980518484431,9.019788311090657
qwen-run-20260923T053154Z-PF12hU,django__django-11099,15,30.66796875,28.33984375,344064.0,2097152.0,1.0699273977837218,7.591389631894026
qwen-run-20260923T053154Z-PF12hU,django__django-11099,16,30.96484375,28.50390625,503808.0,2076672.0,1.5516588873470418,7.947521130314116
qwen-run-20260923T053154Z-PF12hU,django__django-11099,17,25.30078125,22.9921875,401408.0,2019328.0,1.5130461633472287,9.124594719777674
qwen-run-20260923T053154Z-PF12hU,django__django-11099,18,26.43359375,24.14453125,380928.0,2019328.0,1.374316536131225,8.659671937342988
qwen-run-20260923T053154Z-PF12hU,django__django-11099,19,25.29296875,23.015625,397312.0,1990656.0,1.498069498069498,9.003861003861005
qwen-run-20260923T053154Z-PF12hU,django__django-11099,20,43.94921875,41.4765625,479232.0,2113536.0,1.0399075637721091,5.62616656297218
qwen-run-20260923T053154Z-PF12hU,django__django-11099,21,25.6328125,23.0625,679936.0,2015232.0,2.529716549832368,10.027430661383724
qwen-run-20260923T053154Z-PF12hU,django__django-11119,1,4.3359375,3.43359375,225280.0,720896.0,4.954954954954955,20.81081081081081
qwen-run-20260923T053154Z-PF12hU,django__django-11119,2,27.015625,24.67578125,413696.0,2039808.0,1.4603817235396184,8.661075766338925
qwen-run-20260923T053154Z-PF12hU,django__django-11119,3,79.39453125,70.41796875,286720.0,9125888.0,0.34440344403444034,11.306273062730627
qwen-run-20260923T053154Z-PF12hU,django__django-11119,4,26.203125,23.65234375,630784.0,2043904.0,2.2957662492546214,9.734645199761479
qwen-run-20260923T053154Z-PF12hU,django__django-11119,5,27.0625,24.4609375,724992.0,2002944.0,2.554849884526559,9.613163972286374
qwen-run-20260923T053154Z-PF12hU,django__django-11119,6,31.35546875,28.91015625,425984.0,2138112.0,1.2956272580042356,7.798679456833188
qwen-run-20260923T053154Z-PF12hU,django__django-11119,7,26.7890625,24.26171875,634880.0,2015232.0,2.2601341498979295,9.434237386993292
qwen-run-20260923T053154Z-PF12hU,django__django-11119,8,27.140625,24.50390625,733184.0,2031616.0,2.5762809441565917,9.715025906735752
qwen-run-20260923T053154Z-PF12hU,django__django-11119,9,26.5390625,23.8984375,757760.0,2011136.0,2.7229908743008537,9.949955843391228
qwen-run-20260923T053154Z-PF12hU,django__django-11119,10,26.60546875,23.9453125,778240.0,2011136.0,2.7896050506533547,9.998531786815446
qwen-run-20260923T053154Z-PF12hU,django__django-11119,11,26.85546875,24.2578125,688128.0,2035712.0,2.443636363636364,9.672727272727272
qwen-run-20260923T053154Z-PF12hU,django__django-11119,12,44.08984375,42.3046875,749568.0,1122304.0,1.62133427837335,4.048905820855852
qwen-run-20260923T053154Z-PF12hU,django__django-11119,13,25.140625,22.52734375,704512.0,2035712.0,2.6724673710379117,10.394655065257924
qwen-run-20260923T053154Z-PF12hU,django__django-11133,1,4.29296875,3.5078125,102400.0,720896.0,2.2747952684258417,18.289353958143767
qwen-run-20260923T053154Z-PF12hU,django__django-11133,2,26.43359375,24.02734375,532480.0,1990656.0,1.9210876311511749,9.102999852224029
qwen-run-20260923T053154Z-PF12hU,django__django-11133,3,41.99609375,34.640625,532480.0,7180288.0,1.2091898428053205,17.514649800018603
qwen-run-20260923T053154Z-PF12hU,django__django-11133,4,25.07421875,22.53515625,700416.0,1961984.0,2.6639663498987383,10.126187879732045
qwen-run-20260923T053154Z-PF12hU,django__django-11133,5,25.80859375,23.2890625,327680.0,2314240.0,1.2108369910700771,9.762373240502498
qwen-run-20260923T053154Z-PF12hU,django__django-11133,6,25.42578125,23.24609375,307200.0,1978368.0,1.1522507297587956,8.572745429405439
qwen-run-20260923T053154Z-PF12hU,django__django-11133,7,24.78515625,22.53515625,413696.0,1945600.0,1.5918045705279749,9.078014184397164
qwen-run-20260923T053154Z-PF12hU,django__django-11133,8,60.18359375,55.5390625,868352.0,4001792.0,1.375997923022003,7.717271370156422
qwen-run-20260923T053154Z-PF12hU,django__django-11133,9,25.32421875,22.66796875,827392.0,1957888.0,3.1158414314360634,10.488971155329322
qwen-run-20260923T053154Z-PF12hU,django__django-11133,10,59.3359375,54.99609375,688128.0,3862528.0,1.1059907834101383,7.314022383146807
qwen-run-20260923T053154Z-PF12hU,django__django-11133,11,26.34765625,23.87109375,589824.0,2007040.0,2.1349147516679023,9.399555226093403
qwen-run-20260923T053154Z-PF12hU,django__django-11133,12,25.8671875,23.3125,712704.0,1966080.0,2.6276049531863483,9.87617034128662
qwen-run-20260923T053154Z-PF12hU,django__django-11133,13,26.67578125,24.16796875,634880.0,1994752.0,2.2697320251867037,9.401083613999122
qwen-run-20260923T053154Z-PF12hU,django__django-11133,14,31.09765625,28.37890625,667648.0,2183168.0,2.0474814721768624,8.742620273834945
qwen-run-20260923T053154Z-PF12hU,django__django-11133,15,26.9140625,24.30078125,708608.0,2031616.0,2.51088534107402,9.709724238026125
qwen-run-20260923T053154Z-PF12hU,django__django-11133,16,25.58984375,23.109375,819200.0,1781760.0,3.0529690123645246,9.693176614257366
qwen-run-20260923T053154Z-PF12hU,django__django-11133,17,31.05078125,28.140625,942080.0,2109440.0,2.89344571644232,9.372248081519688
qwen-run-20260923T053154Z-PF12hU,django__django-11133,18,25.5625,22.8515625,860160.0,1982464.0,3.209046454767726,10.60513447432763
qwen-run-20260923T053154Z-PF12hU,django__django-11133,19,31.21875,28.328125,925696.0,2105344.0,2.8278278278278277,9.25925925925926
qwen-run-20260923T053154Z-PF12hU,django__django-11133,20,26.18359375,23.40234375,909312.0,2007040.0,3.3119498731911086,10.622109503207518
qwen-run-20260923T053154Z-PF12hU,django__django-11133,21,25.26953125,22.63671875,774144.0,1986560.0,2.921626217344257,10.418921007883753
qwen-run-20260923T053154Z-PF12hU,django__django-11133,22,31.203125,28.390625,843776.0,2105344.0,2.5788683024536807,9.01352028042063
qwen-run-20260923T053154Z-PF12hU,django__django-11133,23,25.92578125,23.265625,798720.0,1990656.0,2.9380744312189244,10.260659936718397
qwen-run-20260923T053154Z-PF12hU,django__django-11133,24,25.81640625,23.18359375,757760.0,2002944.0,2.7992131941292175,10.19821455590861
qwen-run-20260923T053154Z-PF12hU,django__django-11133,25,25.3359375,22.703125,745472.0,2015232.0,2.80604378661733,10.391612704286155
qwen-run-20260923T053154Z-PF12hU,django__django-11133,26,30.83984375,28.15234375,663552.0,2154496.0,2.051931602279924,8.714376187460418
qwen-run-20260923T053154Z-PF12hU,django__django-11133,27,25.77734375,23.23046875,667648.0,2002944.0,2.4700712229125625,9.88028489165025
qwen-run-20260923T053154Z-PF12hU,django__django-11133,28,25.296875,22.7421875,675840.0,2002944.0,2.547869054972205,10.098826436071649
qwen-run-20260923T053154Z-PF12hU,django__django-11133,29,31.96484375,29.375,598016.0,2117632.0,1.784186728583649,8.102163020896981
qwen-run-20260923T053154Z-PF12hU,django__django-11133,30,25.71484375,23.23828125,618496.0,1978368.0,2.29378702719125,9.630867385690415
qwen-run-20260923T053154Z-PF12hU,django__django-11133,31,58.1640625,55.640625,790528.0,1855488.0,1.2961719274680994,4.338482202820685
qwen-run-20260923T053154Z-PF12hU,django__django-11133,32,24.125,21.55859375,110592.0,2580480.0,0.4371761658031088,10.637953367875648
qwen-run-20260923T053154Z-PF12hU,django__django-11133,33,31.94140625,29.53515625,389120.0,2134016.0,1.1617952794423383,7.533325180384004
qwen-run-20260923T053154Z-PF12hU,django__django-11133,34,25.62109375,23.21875,516096.0,2002944.0,1.92102454642476,9.3764293337399
qwen-run-20260923T053154Z-PF12hU,django__django-11133,35,24.234375,21.94140625,430080.0,1974272.0,1.6924564796905222,9.461637653127015
qwen-run-20260923T053154Z-PF12hU,django__django-11133,36,31.19140625,28.75,425984.0,2134016.0,1.3024420788979336,7.827175954915466
qwen-run-20260923T053154Z-PF12hU,django__django-11133,37,25.55078125,23.24609375,446464.0,1970176.0,1.6664118636294145,9.020027518728023
qwen-run-20260923T053154Z-PF12hU,django__django-11133,38,58.12109375,53.94921875,647168.0,3727360.0,1.0618993211909402,7.177901740708381
qwen-run-20260923T053154Z-PF12hU,django__django-11133,39,25.7734375,23.30078125,577536.0,2015232.0,2.1370112155198546,9.593816307972112
qwen-run-20260923T053154Z-PF12hU,django__django-11133,40,25.65625,23.23046875,557056.0,1986560.0,2.0706455542021924,9.454933008526188
qwen-run-20260923T053154Z-PF12hU,django__django-11133,41,25.01953125,22.66015625,475136.0,1998848.0,1.8110850897736144,9.430132708821233
qwen-run-20260923T053154Z-PF12hU,django__django-11133,42,32.046875,29.46875,581632.0,2121728.0,1.7308629936616284,8.044856167723061
qwen-run-20260923T053154Z-PF12hU,django__django-11133,43,26.02734375,23.53125,643072.0,1974272.0,2.356295962779529,9.590274651058081
qwen-run-20260923T053154Z-PF12hU,django__django-11133,44,25.7890625,23.30859375,622592.0,1978368.0,2.3023326264768254,9.618297485610421
qwen-run-20260923T053154Z-PF12hU,django__django-11133,45,59.24609375,54.84375,704512.0,3911680.0,1.1340410100876903,7.430605920748994
qwen-run-20260923T053154Z-PF12hU,django__django-11133,46,42.0546875,39.45703125,610304.0,2113536.0,1.3839866245587962,6.176853055916775
qwen-run-20260923T053154Z-PF12hU,django__django-11133,47,25.203125,22.6796875,675840.0,1970176.0,2.5573465592064477,10.012399256044638
qwen-run-20260923T053154Z-PF12hU,django__django-11133,48,44.47265625,41.86328125,606208.0,2129920.0,1.2999560825647782,5.867369345630215
qwen-run-20260923T053154Z-PF12hU,django__django-11133,49,36.33984375,33.75,614400.0,2101248.0,1.6123831022250887,7.126733311834892
qwen-run-20260923T053154Z-PF12hU,django__django-11133,50,46.25390625,43.578125,626688.0,2179072.0,1.2921205979224728,5.784984376319567
qwen-run-20260923T053154Z-PF12hU,django__django-11138,1,4.546875,3.69921875,163840.0,724992.0,3.4364261168384878,18.6426116838488
qwen-run-20260923T053154Z-PF12hU,django__django-11138,2,48.25,39.5703125,389120.0,8712192.0,0.7691062176165803,17.9889896373057
qwen-run-20260923T053154Z-PF12hU,django__django-11138,3,26.90625,24.390625,618496.0,2019328.0,2.192218350754936,9.34959349593496
qwen-run-20260923T053154Z-PF12hU,django__django-11138,4,26.4765625,24.109375,507904.0,1974272.0,1.8294482148126292,8.940690469164945
qwen-run-20260923T053154Z-PF12hU,django__django-11138,5,25.61328125,23.17578125,581632.0,1974272.0,2.165624523410096,9.516547201464084
qwen-run-20260923T053154Z-PF12hU,django__django-11138,6,48.3125,40.3359375,688128.0,7675904.0,1.3583441138421732,16.510349288486417
qwen-run-20260923T053154Z-PF12hU,django__django-11138,7,26.4609375,23.91796875,618496.0,2048000.0,2.229111307942132,9.610274579273694
qwen-run-20260923T053154Z-PF12hU,django__django-11138,8,25.31640625,23.0234375,450560.0,1953792.0,1.6972689399783984,9.05724425243018
qwen-run-20260923T053154Z-PF12hU,django__django-11138,9,26.13671875,23.703125,581632.0,1970176.0,2.1222537737259004,9.31101479599462
qwen-run-20260923T053154Z-PF12hU,django__django-11138,10,26.15234375,23.74609375,540672.0,1982464.0,1.9716206123973115,9.200896191187454
qwen-run-20260923T053154Z-PF12hU,django__django-11138,11,26.69140625,24.2578125,557056.0,1994752.0,1.990340992243524,9.11751792770379
qwen-run-20260923T053154Z-PF12hU,django__django-11138,12,25.73046875,23.29296875,577536.0,1978368.0,2.1405799301654773,9.473204797328071
qwen-run-20260923T053154Z-PF12hU,django__django-11138,13,26.94921875,24.42578125,581632.0,2064384.0,2.0582693143933906,9.363675895057254
qwen-run-20260923T053154Z-PF12hU,django__django-11138,14,25.8828125,23.38671875,585728.0,2031616.0,2.158164805312406,9.643827346815575
qwen-run-20260923T053154Z-PF12hU,django__django-11138,15,26.32421875,23.75,663552.0,2035712.0,2.403917495177326,9.778898946431221
qwen-run-20260923T053154Z-PF12hU,django__django-11138,16,25.671875,23.15234375,622592.0,2019328.0,2.3128423615337796,9.814363968350579
qwen-run-20260923T053154Z-PF12hU,django__django-11138,17,26.73828125,24.1796875,634880.0,2048000.0,2.264426588750913,9.569028487947406
qwen-run-20260923T053154Z-PF12hU,django__django-11138,18,26.10546875,24.21875,4096.0,1974272.0,0.014963339817447255,7.2272931318270235
qwen-run-20260923T053154Z-PF12hU,django__django-11138,19,43.84375,41.5859375,274432.0,2093056.0,0.5969351389878831,5.1496792587312905
qwen-run-20260923T053154Z-PF12hU,django__django-11138,20,25.48046875,23.21484375,376832.0,1998848.0,1.410393990495171,8.89161428790434
qwen-run-20260923T053154Z-PF12hU,django__django-11141,1,4.56640625,3.53515625,147456.0,933888.0,3.0795551753635584,22.583404619332764
qwen-run-20260923T053154Z-PF12hU,django__django-11141,2,27.36328125,25.30078125,86016.0,2076672.0,0.29978586723768735,7.537473233404711
qwen-run-20260923T053154Z-PF12hU,django__django-11141,3,48.8203125,40.0859375,393216.0,8765440.0,0.7681228996639462,17.890862538006083
qwen-run-20260923T053154Z-PF12hU,django__django-11141,4,75.11328125,61.92578125,421888.0,13406208.0,0.5356492797337356,17.556815227000882
qwen-run-20260923T053154Z-PF12hU,django__django-11141,5,26.86328125,24.359375,544768.0,2080768.0,1.933982841355242,9.320924821870001
qwen-run-20260923T053154Z-PF12hU,django__django-11141,6,28.79296875,26.16015625,614400.0,2146304.0,2.035002035002035,9.14394247727581
qwen-run-20260923T053154Z-PF12hU,django__django-11141,7,26.890625,24.296875,667648.0,2052096.0,2.3678094131319,9.645554909936084
qwen-run-20260923T053154Z-PF12hU,django__django-11141,8,27.375,25.5078125,745472.0,1212416.0,2.59703196347032,6.820776255707763
qwen-run-20260923T053154Z-PF12hU,django__django-11141,9,25.10546875,22.7578125,454656.0,2007040.0,1.7270888439396297,9.351174731601057
qwen-run-20260923T053154Z-PF12hU,django__django-11141,10,26.5234375,24.15625,434176.0,2048000.0,1.561119293078056,8.924889543446245
qwen-run-20260923T053154Z-PF12hU,django__django-11141,11,26.57421875,24.19140625,462848.0,2035712.0,1.6610318976921947,8.96663236807291
qwen-run-20260923T053154Z-PF12hU,django__django-11141,12,26.9765625,24.55078125,503808.0,2039808.0,1.7810599478714162,8.992180712423979
qwen-run-20260923T053154Z-PF12hU,django__django-11141,13,27.1484375,24.73046875,442368.0,2093056.0,1.5539568345323742,8.906474820143885
qwen-run-20260923T053154Z-PF12hU,django__django-11141,14,27.4609375,24.97265625,548864.0,2060288.0,1.9061166429587482,9.061166429587482
qwen-run-20260923T053154Z-PF12hU,django__django-11141,15,26.75,24.125,729088.0,2023424.0,2.5992990654205608,9.813084112149532
qwen-run-20260923T053154Z-PF12hU,django__django-11141,16,27.453125,24.8984375,598016.0,2080768.0,2.0774046670461015,9.305634604439385
qwen-run-20260923T053154Z-PF12hU,django__django-11141,17,26.6484375,24.1640625,577536.0,2027520.0,2.0668425681618294,9.322779243623572
qwen-run-20260923T053154Z-PF12hU,django__django-11141,18,31.8203125,29.15234375,626688.0,2170880.0,1.8782224404615762,8.384483181929781
qwen-run-20260923T053154Z-PF12hU,django__django-11141,19,26.5390625,24.0390625,581632.0,2039808.0,2.0900794818957906,9.420076538121872
qwen-run-20260923T053154Z-PF12hU,django__django-11141,20,27.28515625,25.578125,704512.0,1085440.0,2.462419470293486,6.256263421617752
qwen-run-20260923T053154Z-PF12hU,django__django-11141,21,26.17578125,23.58203125,647168.0,2072576.0,2.3578570362632445,9.90896881062528
qwen-run-20260923T053154Z-PF12hU,django__django-11141,22,27.30859375,24.76171875,573440.0,2097152.0,2.0025747389500785,9.326276641396081
qwen-run-20260923T053154Z-PF12hU,django__django-11141,23,26.6171875,24.10546875,598016.0,2035712.0,2.142647490460816,9.43645435867332
qwen-run-20260923T053154Z-PF12hU,django__django-11141,24,32.03125,29.33984375,610304.0,2211840.0,1.8170731707317074,8.402439024390244
qwen-run-20260923T053154Z-PF12hU,django__django-11141,25,26.43359375,23.984375,532480.0,2035712.0,1.9210876311511749,9.265553421013744
qwen-run-20260923T053154Z-PF12hU,django__django-11141,26,32.0703125,29.203125,811008.0,2195456.0,2.4116930572472595,8.940316686967114
qwen-run-20260923T053154Z-PF12hU,django__django-11141,27,26.9296875,24.046875,913408.0,2109440.0,3.234696837829997,10.704960835509139
qwen-run-20260923T053154Z-PF12hU,django__django-11141,28,42.421875,39.5390625,815104.0,2207744.0,1.832412523020258,6.795580110497237
qwen-run-20260923T053154Z-PF12hU,django__django-11141,29,26.203125,23.375,880640.0,2084864.0,3.2051282051282053,10.793082886106141
qwen-run-20260923T053154Z-PF12hU,django__django-11149,1,4.26953125,3.3828125,184320.0,745472.0,4.117108874656908,20.768526989935957
qwen-run-20260923T053154Z-PF12hU,django__django-11149,2,48.5390625,39.40625,561152.0,9015296.0,1.102526959600837,18.815387091582167
qwen-run-20260923T053154Z-PF12hU,django__django-11149,3,27.359375,25.48046875,888832.0,1081344.0,3.098229583095374,6.867504283266705
qwen-run-20260923T053154Z-PF12hU,django__django-11149,4,26.41796875,24.66796875,823296.0,1011712.0,2.972053822268224,6.624279166050569
qwen-run-20260923T053154Z-PF12hU,django__django-11149,5,26.70703125,23.93359375,835584.0,2072576.0,2.98376480912681,10.384671639608015
qwen-run-20260923T053154Z-PF12hU,django__django-11149,6,27.09375,24.2421875,856064.0,2134016.0,3.013264129181084,10.52479815455594
qwen-run-20260923T053154Z-PF12hU,django__django-11149,7,26.85546875,24.05859375,860160.0,2072576.0,3.0545454545454547,10.414545454545454
qwen-run-20260923T053154Z-PF12hU,django__django-11149,8,26.84765625,23.93359375,708608.0,2347008.0,2.5170958824385274,10.854066637567293
qwen-run-20260923T053154Z-PF12hU,django__django-11149,9,26.765625,24.1953125,573440.0,2121728.0,2.0431990659661414,9.603035610040864
qwen-run-20260923T053154Z-PF12hU,django__django-11149,10,26.375,24.00390625,454656.0,2031616.0,1.643957345971564,8.989928909952607
qwen-run-20260923T053154Z-PF12hU,django__django-11149,11,26.53515625,23.86328125,446464.0,2355200.0,1.6045929633446194,10.069188870896511
qwen-run-20260923T053154Z-PF12hU,django__django-11149,12,25.99609375,23.5,557056.0,2060288.0,2.0435762584522914,9.601803155522164
qwen-run-20260923T053154Z-PF12hU,django__django-11149,13,26.1015625,23.66796875,499712.0,2052096.0,1.8258006584854833,9.323555821610297
qwen-run-20260923T053154Z-PF12hU,django__django-11149,14,68.89453125,62.859375,966656.0,5361664.0,1.3380960480807393,8.759993196121789
qwen-run-20260923T053154Z-PF12hU,django__django-11149,15,27.58203125,25.86328125,684032.0,1118208.0,2.3651040929046876,6.231411981305764
qwen-run-20260923T053154Z-PF12hU,django__django-11149,16,25.671875,23.87109375,786432.0,1101824.0,2.9214850882531955,7.014607425441266
qwen-run-20260923T053154Z-PF12hU,django__django-11149,17,26.375,24.453125,880640.0,1134592.0,3.184241706161137,7.286729857819905
qwen-run-20260923T053154Z-PF12hU,django__django-11149,18,25.77734375,23.6640625,1040384.0,1175552.0,3.849068040612214,8.198211850280346
qwen-run-20260923T053154Z-PF12hU,django__django-11149,19,64.671875,61.4765625,1093632.0,2256896.0,1.6127083836675526,4.940806958202464
qwen-run-20260923T053154Z-PF12hU,django__django-11149,20,64.74609375,59.85546875,172032.0,4956160.0,0.25339366515837103,7.553544494720965
qwen-run-20260923T053154Z-PF12hU,django__django-11149,21,65.29296875,62.88671875,552960.0,1970176.0,0.8076577924020341,3.685312593478911
qwen-run-20260923T053154Z-PF12hU,django__django-11149,22,64.94140625,59.22265625,1028096.0,4968448.0,1.5097744360902257,8.806015037593985
qwen-run-20260923T053154Z-PF12hU,django__django-11149,23,26.28515625,23.40234375,897024.0,2125824.0,3.2545697726259473,10.96745430227374
qwen-run-20260923T053154Z-PF12hU,django__django-11149,24,64.91015625,62.83203125,794624.0,1384448.0,1.1674790876812902,3.201540590961064
qwen-run-20260923T053154Z-PF12hU,django__django-11149,25,64.38671875,62.3203125,790528.0,1376256.0,1.170903354971789,3.2093672268397744
qwen-run-20260923T053154Z-PF12hU,django__django-11149,26,27.99609375,25.2890625,958464.0,1880064.0,3.2649644202595227,9.669317706153203
qwen-run-20260923T053154Z-PF12hU,django__django-11149,27,29.94140625,26.546875,786432.0,2772992.0,2.5048923679060664,11.337247227658187
qwen-run-20260923T053154Z-PF12hU,django__django-11149,28,26.3359375,23.57421875,806912.0,2088960.0,2.921981607831504,10.48650252150697
qwen-run-20260923T053154Z-PF12hU,django__django-11149,29,64.75390625,59.328125,860160.0,4829184.0,1.2668154672136092,8.379079447427157
qwen-run-20260923T053154Z-PF12hU,django__django-11149,30,27.3125,24.44140625,839680.0,2170880.0,2.9319221967963385,10.512013729977117
qwen-run-20260923T053154Z-PF12hU,django__django-11149,31,27.61328125,24.63671875,966656.0,2154496.0,3.338520299900976,10.779459612392134
qwen-run-20260923T053154Z-PF12hU,django__django-11149,32,64.98828125,59.61328125,823296.0,4812800.0,1.2081505079040693,8.27072188495522
qwen-run-20260923T053154Z-PF12hU,django__django-11149,33,26.4609375,23.60546875,856064.0,2138112.0,3.085326247416593,10.791260702686744
qwen-run-20260923T053154Z-PF12hU,django__django-11149,34,65.9375,61.12109375,909312.0,4141056.0,1.3151658767772512,7.3045023696682465
qwen-run-20260923T053154Z-PF12hU,django__django-11149,35,65.45703125,62.59375,1064960.0,1937408.0,1.5515903801396431,4.374291340932148
qwen-run-20260923T053154Z-PF12hU,django__django-11149,36,63.91015625,58.8984375,372736.0,4882432.0,0.5562007212273088,7.841818959721288
qwen-run-20260923T053154Z-PF12hU,django__django-11149,37,64.69140625,59.6015625,512000.0,4825088.0,0.7547853390495743,7.867882374252763
qwen-run-20260923T053154Z-PF12hU,django__django-11149,38,27.390625,24.58984375,790528.0,2146304.0,2.7524244152880777,10.22532800912721
qwen-run-20260923T053154Z-PF12hU,django__django-11149,39,64.9921875,62.44140625,679936.0,1994752.0,0.9977160716432264,3.924750570982089
qwen-run-20260923T053154Z-PF12hU,django__django-11149,40,62.76171875,59.97265625,851968.0,2072576.0,1.2945789506441776,4.443891205576648
qwen-run-20260923T053154Z-PF12hU,django__django-11149,41,26.49609375,23.53515625,765952.0,2338816.0,2.756892230576441,11.1749963143152
qwen-run-20260923T053154Z-PF12hU,django__django-11149,42,60.7109375,57.91796875,770048.0,2158592.0,1.2096255308197144,4.600437524128169
qwen-run-20260923T053154Z-PF12hU,django__django-11149,43,26.0703125,22.63671875,491520.0,3108864.0,1.7980221756068324,13.170512436320047
qwen-run-20260923T053154Z-PF12hU,django__django-11149,44,65.00390625,59.6796875,655360.0,4927488.0,0.9614806802475813,8.190613544859083
qwen-run-20260923T053154Z-PF12hU,django__django-11149,45,27.81640625,24.9609375,786432.0,2207744.0,2.696250526611431,10.265412161213312
qwen-run-20260923T053154Z-PF12hU,django__django-11149,46,28.0390625,25.3046875,720896.0,2146304.0,2.4519364725550292,9.752020061298412
qwen-run-20260923T053154Z-PF12hU,django__django-11149,47,27.02734375,24.3984375,643072.0,2113536.0,2.2691140338199163,9.726839138603845
qwen-run-20260923T053154Z-PF12hU,django__django-11149,48,27.15625,24.47265625,663552.0,2150400.0,2.330264672036824,9.88204833141542
qwen-run-20260923T053154Z-PF12hU,django__django-11149,49,27.203125,24.6484375,524288.0,2154496.0,1.8380241240666284,9.391154508902929
qwen-run-20260923T053154Z-PF12hU,django__django-11149,50,27.1640625,24.58203125,581632.0,2125824.0,2.0419902214552774,9.505320678746045
qwen-run-20260923T053154Z-PF12hU,django__django-11149,51,26.73828125,24.37890625,532480.0,1941504.0,1.8991964937910883,8.823959094229364
qwen-run-20260923T053154Z-PF12hU,django__django-11149,52,27.06640625,24.53125,548864.0,2109440.0,1.9339009958146918,9.366430942415933
qwen-run-20260923T053154Z-PF12hU,django__django-11149,53,26.7421875,25.0,684032.0,1142784.0,2.439380660239556,6.514753140520011
qwen-run-20260923T053154Z-PF12hU,django__django-11149,54,26.7109375,24.93359375,778240.0,1085440.0,2.778590231061714,6.653992395437262
qwen-run-20260923T053154Z-PF12hU,django__django-11149,55,26.4921875,24.34375,139264.0,2113536.0,0.5013270421704512,8.109702152757299
qwen-run-20260923T053154Z-PF12hU,django__django-11149,56,26.80859375,24.41796875,385024.0,2121728.0,1.3696634125018214,8.91738306862888
qwen-run-20260923T053154Z-PF12hU,django__django-11149,57,36.44140625,31.96484375,565248.0,4128768.0,1.47925822703398,12.284274841890879
qwen-run-20260923T053154Z-PF12hU,django__django-11149,58,36.4921875,32.109375,442368.0,4153344.0,1.1560693641618498,12.010276172125883
qwen-run-20260923T053154Z-PF12hU,django__django-11149,59,36.48828125,32.0625,520192.0,4120576.0,1.3595974735039076,12.12932234236163
qwen-run-20260923T053154Z-PF12hU,django__django-11149,60,26.73046875,24.0625,622592.0,2174976.0,2.221247990647377,9.981002484290515
qwen-run-20260923T053154Z-PF12hU,django__django-11149,61,26.3671875,24.6171875,700416.0,1134592.0,2.533333333333333,6.637037037037037
qwen-run-20260923T053154Z-PF12hU,django__django-11149,62,26.171875,23.70703125,471040.0,2113536.0,1.7164179104477613,9.417910447761194
qwen-run-20260923T053154Z-PF12hU,django__django-11149,63,26.6953125,24.23046875,442368.0,2142208.0,1.5803336259877085,9.233245537020778
qwen-run-20260923T053154Z-PF12hU,django__django-11149,64,44.19921875,41.546875,552960.0,2228224.0,1.1931064958020328,6.000883782589483
qwen-run-20260923T053154Z-PF12hU,django__django-11149,65,25.8671875,23.26171875,622592.0,2109440.0,2.295379039565086,10.072485653881003
qwen-run-20260923T053154Z-PF12hU,django__django-11163,1,4.08203125,3.33984375,81920.0,696320.0,1.9138755980861244,18.181818181818183
qwen-run-20260923T053154Z-PF12hU,django__django-11163,2,72.87109375,67.109375,368640.0,5672960.0,0.4824443848834093,7.906727418922541
qwen-run-20260923T053154Z-PF12hU,django__django-11163,3,25.70703125,23.87109375,4096.0,1921024.0,0.0151952590791673,7.141771767208631
qwen-run-20260923T053154Z-PF12hU,django__django-11163,4,26.13671875,24.15625,172032.0,1904640.0,0.6277088626513226,7.577342699148109
qwen-run-20260923T053154Z-PF12hU,django__django-11163,5,25.57421875,23.48046875,299008.0,1896448.0,1.1150145104628073,8.186955857644723
qwen-run-20260923T053154Z-PF12hU,django__django-11163,6,42.7265625,41.6875,139264.0,950272.0,0.31084293289449627,2.4318888279392943
qwen-run-20260923T053154Z-PF12hU,django__django-11163,7,23.96484375,22.01953125,143360.0,1896448.0,0.5704971475142624,8.117359413202934
qwen-run-20260923T053154Z-PF12hU,django__django-11179,1,3.8046875,2.93359375,229376.0,684032.0,5.749486652977413,22.895277207392198
qwen-run-20260923T053154Z-PF12hU,django__django-11179,2,26.51953125,24.08984375,524288.0,2023424.0,1.885402857563706,9.161879510973634
qwen-run-20260923T053154Z-PF12hU,django__django-11179,3,26.21875,23.95703125,348160.0,2023424.0,1.266388557806913,8.626340882002383
qwen-run-20260923T053154Z-PF12hU,django__django-11179,4,26.42578125,24.08984375,475136.0,1974272.0,1.7147080561714707,8.839615668883962
qwen-run-20260923T053154Z-PF12hU,django__django-11179,5,26.16796875,23.875,450560.0,1953792.0,1.6420361247947455,8.762501865950142
qwen-run-20260923T053154Z-PF12hU,django__django-11179,6,26.12890625,23.74609375,495616.0,2002944.0,1.8089400508297204,9.119449843025864
qwen-run-20260923T053154Z-PF12hU,django__django-11179,7,25.9609375,23.67578125,421888.0,1974272.0,1.5498043936202226,8.802287089978934
qwen-run-20260923T053154Z-PF12hU,django__django-11179,8,26.27734375,24.90625,602112.0,835584.0,2.18522372528616,5.2177790991526685
qwen-run-20260923T053154Z-PF12hU,django__django-11179,9,40.91796875,38.37890625,589824.0,2072576.0,1.3747016706443913,6.205250596658711
qwen-run-20260923T053154Z-PF12hU,django__django-11179,10,25.1015625,22.7734375,495616.0,1945600.0,1.8829754123871771,9.274821039526921
qwen-run-20260923T053154Z-PF12hU,django__django-11206,1,4.19921875,3.1953125,163840.0,888832.0,3.7209302325581395,23.906976744186046
qwen-run-20260923T053154Z-PF12hU,django__django-11206,2,48.0,38.98828125,532480.0,8916992.0,1.0579427083333333,18.7744140625
qwen-run-20260923T053154Z-PF12hU,django__django-11206,3,25.5,22.98828125,655360.0,1978368.0,2.450980392156863,9.849877450980392
qwen-run-20260923T053154Z-PF12hU,django__django-11206,4,24.64453125,22.94140625,700416.0,1085440.0,2.710413694721826,6.910762402916468
qwen-run-20260923T053154Z-PF12hU,django__django-11206,5,30.07421875,27.6953125,430080.0,2064384.0,1.3638134822704246,7.9101181971684635
qwen-run-20260923T053154Z-PF12hU,django__django-11206,6,25.296875,22.92578125,544768.0,1941504.0,2.0537368746139593,9.373069796170476
qwen-run-20260923T053154Z-PF12hU,django__django-11206,7,44.125,41.1015625,647168.0,2523136.0,1.3987252124645893,6.851983002832861
qwen-run-20260923T053154Z-PF12hU,django__django-11206,8,25.40625,23.04296875,491520.0,1986560.0,1.845018450184502,9.301968019680197
qwen-run-20260923T053154Z-PF12hU,django__django-11206,9,43.88671875,41.08203125,430080.0,2510848.0,0.9345794392523364,6.39074321317312
qwen-run-20260923T053154Z-PF12hU,django__django-11206,10,26.43359375,24.109375,425984.0,2011136.0,1.53687010492094,8.7926703118073
qwen-run-20260923T053154Z-PF12hU,django__django-11206,11,25.55078125,23.31640625,372736.0,1970176.0,1.391224583397034,8.744840238495643
qwen-run-20260923T053154Z-PF12hU,django__django-11206,12,44.125,41.0703125,663552.0,2539520.0,1.4341359773371105,6.922804532577904
qwen-run-20260923T053154Z-PF12hU,django__django-11206,13,25.328125,22.859375,598016.0,1990656.0,2.2516964836520668,9.747069710055522
qwen-run-20260923T053154Z-PF12hU,django__django-11206,14,44.0078125,41.41796875,176128.0,2539520.0,0.3816793893129771,5.8849636073140426
qwen-run-20260923T053154Z-PF12hU,django__django-11206,15,41.73828125,39.28515625,483328.0,2088960.0,1.1043518951801592,5.877398221806271
qwen-run-20260923T053154Z-PF12hU,django__django-11206,16,25.44921875,23.0390625,557056.0,1970176.0,2.0874904067536453,9.470452801227935
qwen-run-20260923T053154Z-PF12hU,django__django-11211,1,4.26171875,3.4375,163840.0,700416.0,3.666361136571952,19.34005499541705
qwen-run-20260923T053154Z-PF12hU,django__django-11211,2,26.57421875,24.2265625,458752.0,2002944.0,1.646332500367485,8.834337792150523
qwen-run-20260923T053154Z-PF12hU,django__django-11211,3,47.3828125,38.53125,811008.0,8470528.0,1.6323165704863973,18.680956306677658
qwen-run-20260923T053154Z-PF12hU,django__django-11211,4,71.3828125,61.46484375,663552.0,9736192.0,0.8865054175331072,13.89405713034913
qwen-run-20260923T053154Z-PF12hU,django__django-11211,5,71.34375,69.0703125,729088.0,1654784.0,0.9745948313622427,3.1865965834428382
qwen-run-20260923T053154Z-PF12hU,django__django-11211,6,25.34375,22.8828125,647168.0,1933312.0,2.435265104808878,9.710234278668311
qwen-run-20260923T053154Z-PF12hU,django__django-11211,7,25.375,22.69921875,876544.0,1929216.0,3.294334975369458,10.544950738916256
qwen-run-20260923T053154Z-PF12hU,django__django-11211,8,49.66015625,41.2734375,622592.0,8171520.0,1.19562652403052,16.888224651931093
qwen-run-20260923T053154Z-PF12hU,django__django-11211,9,25.25390625,22.75,606208.0,2019328.0,2.2892498066511986,9.91492652745553
qwen-run-20260923T053154Z-PF12hU,django__django-11211,10,49.87890625,41.52734375,581632.0,8175616.0,1.1120682903907901,16.743676090531757
qwen-run-20260923T053154Z-PF12hU,django__django-11211,11,25.796875,23.40234375,462848.0,2048000.0,1.7110841913991521,9.282253179890976
qwen-run-20260923T053154Z-PF12hU,django__django-11211,12,26.015625,23.55859375,655360.0,1921024.0,2.4024024024024024,9.444444444444445
qwen-run-20260923T053154Z-PF12hU,django__django-11211,13,25.65625,23.1796875,655360.0,1941504.0,2.43605359317905,9.652862362971986
qwen-run-20260923T053154Z-PF12hU,django__django-11211,14,25.8046875,23.35546875,618496.0,1949696.0,2.285800787163185,9.491371480472298
qwen-run-20260923T053154Z-PF12hU,django__django-11211,15,25.65234375,23.30078125,512000.0,1953792.0,1.903456677326024,9.167047358002131
qwen-run-20260923T053154Z-PF12hU,django__django-11211,16,49.67578125,41.3359375,573440.0,8171520.0,1.1008885743492962,16.788550758826766
qwen-run-20260923T053154Z-PF12hU,django__django-11211,17,25.87890625,23.37109375,581632.0,2048000.0,2.1433962264150943,9.690566037735849
qwen-run-20260923T053154Z-PF12hU,django__django-11211,18,26.07421875,23.8125,409600.0,1961984.0,1.4981273408239701,8.674157303370787
qwen-run-20260923T053154Z-PF12hU,django__django-11211,19,25.86328125,23.53515625,491520.0,1949696.0,1.8124150430448573,9.001661380456124
qwen-run-20260923T053154Z-PF12hU,django__django-11211,20,26.265625,24.03125,368640.0,1974272.0,1.338488994646044,8.506841165972636
qwen-run-20260923T053154Z-PF12hU,django__django-11211,21,25.9140625,23.51953125,557056.0,1953792.0,2.05004522158577,9.240277359059391
qwen-run-20260923T053154Z-PF12hU,django__django-11211,22,26.2578125,23.77734375,638976.0,1961984.0,2.3207378756322523,9.44659327581077
qwen-run-20260923T053154Z-PF12hU,django__django-11211,23,25.99609375,23.90234375,217088.0,1978368.0,0.7963936889556724,8.054094665664914
qwen-run-20260923T053154Z-PF12hU,django__django-11211,24,26.26171875,23.99609375,421888.0,1953792.0,1.5320541424959095,8.627100996578909
qwen-run-20260923T053154Z-PF12hU,django__django-11211,25,25.83203125,23.4296875,540672.0,1978368.0,1.996068350219265,9.299863904430667
qwen-run-20260923T053154Z-PF12hU,django__django-11211,26,25.05859375,22.61328125,512000.0,2052096.0,1.9485580670303975,9.75837879968823
qwen-run-20260923T053154Z-PF12hU,django__django-11211,27,30.43359375,26.70703125,610304.0,3297280.0,1.912463098446926,12.244897959183673
qwen-run-20260923T053154Z-PF12hU,django__django-11211,28,30.59765625,26.796875,675840.0,3309568.0,2.106472615855994,12.421805183199286
qwen-run-20260923T053154Z-PF12hU,django__django-11211,29,26.0234375,23.49609375,663552.0,1986560.0,2.431702191534074,9.711798258781148
qwen-run-20260923T053154Z-PF12hU,django__django-11211,30,25.30078125,22.90234375,540672.0,1974272.0,2.0379805465493286,9.479697390767331
qwen-run-20260923T053154Z-PF12hU,django__django-11211,31,25.1171875,22.65625,577536.0,2002944.0,2.192846034214619,9.797822706065318
qwen-run-20260923T053154Z-PF12hU,django__django-11211,32,25.2109375,22.8046875,565248.0,1957888.0,2.138208862720793,9.544468546637743
qwen-run-20260923T053154Z-PF12hU,django__django-11211,33,25.3984375,22.9921875,569344.0,1953792.0,2.1378037526914797,9.47400799753922
qwen-run-20260923T053154Z-PF12hU,django__django-11211,34,58.3359375,54.3203125,770048.0,3440640.0,1.2588723717691175,6.883621266907728
qwen-run-20260923T053154Z-PF12hU,django__django-11211,35,25.59375,22.75,782336.0,2199552.0,2.915140415140415,11.11111111111111
qwen-run-20260923T053154Z-PF12hU,django__django-11211,36,63.18359375,58.4453125,823296.0,4145152.0,1.242658423493045,7.4992272024729525
qwen-run-20260923T053154Z-PF12hU,django__django-11211,37,25.51953125,22.6171875,823296.0,2220032.0,3.0766875861013316,11.37302923618552
qwen-run-20260923T053154Z-PF12hU,django__django-11211,38,60.46875,56.15625,770048.0,3751936.0,1.2144702842377262,7.131782945736434
qwen-run-20260923T053154Z-PF12hU,django__django-11211,39,25.38671875,22.52734375,700416.0,2297856.0,2.63117402677335,11.263271272503463
qwen-run-20260923T053154Z-PF12hU,django__django-11211,40,25.5078125,22.8828125,593920.0,2158592.0,2.22052067381317,10.290964777947933
qwen-run-20260923T053154Z-PF12hU,django__django-11211,41,25.32421875,22.640625,663552.0,2150400.0,2.4988431281813974,10.59694585839889
qwen-run-20260923T053154Z-PF12hU,django__django-11211,42,62.13671875,57.828125,622592.0,3895296.0,0.9555541585465518,6.934054189979254
qwen-run-20260923T053154Z-PF12hU,django__django-11211,43,25.52734375,22.921875,548864.0,2183168.0,2.050497322111706,10.206579954093344
qwen-run-20260923T053154Z-PF12hU,django__django-11211,44,61.7109375,57.54296875,495616.0,3874816.0,0.7659197366755286,6.754019496138752
qwen-run-20260923T053154Z-PF12hU,django__django-11211,45,25.359375,22.79296875,516096.0,2174976.0,1.9408502772643252,10.12014787430684
qwen-run-20260923T053154Z-PF12hU,django__django-11211,46,61.74609375,57.9140625,77824.0,3940352.0,0.12019991143164421,6.20611121654963
qwen-run-20260923T053154Z-PF12hU,django__django-11211,47,25.47265625,23.328125,405504.0,1843200.0,1.5181720595000767,8.41895414813679
qwen-run-20260923T053154Z-PF12hU,django__django-11211,48,24.63671875,22.2109375,389120.0,2154496.0,1.5062628825114952,9.846202631996194
qwen-run-20260923T053154Z-PF12hU,django__django-11211,49,30.30078125,27.6171875,557056.0,2256896.0,1.7532551244037644,8.856516694598428
qwen-run-20260923T053154Z-PF12hU,django__django-11211,50,25.44140625,22.67578125,716800.0,2183168.0,2.6869338246583756,10.870566559189314
qwen-run-20260923T053154Z-PF12hU,django__django-11211,51,30.62109375,27.87890625,614400.0,2260992.0,1.9135093761959434,8.955223880597014
qwen-run-20260923T053154Z-PF12hU,django__django-11211,52,25.3125,22.7421875,536576.0,2158592.0,2.021604938271605,10.154320987654321
qwen-run-20260923T053154Z-PF12hU,django__django-11211,53,30.48828125,27.765625,598016.0,2256896.0,1.8705957719410635,8.930172966047406
qwen-run-20260923T053154Z-PF12hU,django__django-11211,54,25.7265625,23.13671875,532480.0,2183168.0,1.9738839963559065,10.066808381415123
qwen-run-20260923T053154Z-PF12hU,django__django-11211,55,58.37109375,54.234375,712704.0,3624960.0,1.1644248142943183,7.086930335274041
qwen-run-20260923T053154Z-PF12hU,django__django-11211,56,25.76171875,22.91796875,757760.0,2224128.0,2.805155420773313,11.038665655799848
qwen-run-20260923T053154Z-PF12hU,django__django-11211,57,61.1953125,56.890625,720896.0,3792896.0,1.1234520617898633,7.034341886888804
qwen-run-20260923T053154Z-PF12hU,django__django-11211,58,25.8828125,22.96484375,843776.0,2215936.0,3.108964684575913,11.273769996981589
qwen-run-20260923T053154Z-PF12hU,django__django-11211,59,60.7734375,56.40234375,819200.0,3764224.0,1.285512276642242,7.192441187813343
qwen-run-20260923T053154Z-PF12hU,django__django-11211,60,25.66796875,22.83984375,733184.0,2232320.0,2.7240907015674933,11.01810987673109
qwen-run-20260923T053154Z-PF12hU,django__django-11211,61,60.9609375,56.6328125,729088.0,3809280.0,1.1405869537357427,7.099833397411252
qwen-run-20260923T053154Z-PF12hU,django__django-11211,62,25.68359375,22.875,720896.0,2224128.0,2.67680608365019,10.935361216730039
qwen-run-20260923T053154Z-PF12hU,django__django-11211,63,60.9296875,56.61328125,798720.0,3727360.0,1.2501602769585844,7.0842415694319785
qwen-run-20260923T053154Z-PF12hU,django__django-11239,1,4.36328125,3.3828125,147456.0,880640.0,3.222918531781558,22.470904207699196
qwen-run-20260923T053154Z-PF12hU,django__django-11239,2,26.7265625,24.34375,466944.0,2031616.0,1.6661794796843028,8.915521777258112
qwen-run-20260923T053154Z-PF12hU,django__django-11239,3,48.01953125,39.03515625,872448.0,8548352.0,1.7326934027495322,18.709834865370535
qwen-run-20260923T053154Z-PF12hU,django__django-11239,4,48.25,43.06640625,1052672.0,4382720.0,2.080634715025907,10.743199481865284
qwen-run-20260923T053154Z-PF12hU,django__django-11239,5,28.734375,22.62890625,1040384.0,5361664.0,3.452963567156063,21.247960848287114
qwen-run-20260923T053154Z-PF12hU,django__django-11239,6,25.87890625,23.0,1048576.0,1970176.0,3.8641509433962264,11.124528301886793
qwen-run-20260923T053154Z-PF12hU,django__django-11239,7,25.78125,22.890625,1056768.0,1974272.0,3.909090909090909,11.212121212121213
qwen-run-20260923T053154Z-PF12hU,django__django-11239,8,47.46484375,39.90234375,671744.0,7258112.0,1.3496831536499054,15.93284503333059
qwen-run-20260923T053154Z-PF12hU,django__django-11239,9,25.796875,23.6796875,1036288.0,1183744.0,3.8310115081768625,8.207147183525136
qwen-run-20260923T053154Z-PF12hU,django__django-11239,10,24.625,22.70703125,57344.0,1953792.0,0.22208121827411167,7.788705583756345
qwen-run-20260923T053154Z-PF12hU,django__django-11239,11,26.06640625,23.9453125,245760.0,1978368.0,0.8991458114790949,8.137269593885808
qwen-run-20260923T053154Z-PF12hU,django__django-11239,12,26.07421875,23.83984375,380928.0,1961984.0,1.3932584269662922,8.569288389513108
qwen-run-20260923T053154Z-PF12hU,django__django-11239,13,26.71484375,24.30859375,512000.0,2011136.0,1.8277525954086855,9.007164790174002
qwen-run-20260923T053154Z-PF12hU,django__django-11239,14,26.47265625,24.046875,524288.0,2019328.0,1.8887413309724066,9.163346613545817
qwen-run-20260923T053154Z-PF12hU,django__django-11239,15,26.328125,23.91796875,524288.0,2002944.0,1.8991097922848665,9.154302670623146
qwen-run-20260923T053154Z-PF12hU,django__django-11239,16,25.63671875,23.171875,581632.0,2002944.0,2.163644674691452,9.61450556148103
qwen-run-20260923T053154Z-PF12hU,django__django-11239,17,25.5078125,22.96875,679936.0,1982464.0,2.5421133231240427,9.95405819295559
qwen-run-20260923T053154Z-PF12hU,django__django-11239,18,26.76953125,24.2578125,634880.0,1998848.0,2.261783160659565,9.382752079381293
qwen-run-20260923T053154Z-PF12hU,django__django-11239,19,26.56640625,24.0078125,667648.0,2015232.0,2.3967063667107777,9.630936626966623
qwen-run-20260923T053154Z-PF12hU,django__django-11239,20,25.4921875,22.98046875,667648.0,1966080.0,2.4977015016855653,9.852896107876187
qwen-run-20260923T053154Z-PF12hU,django__django-11239,21,43.9453125,41.39453125,585728.0,2088960.0,1.271111111111111,5.804444444444444
qwen-run-20260923T053154Z-PF12hU,django__django-11239,22,25.5703125,22.9921875,729088.0,1974272.0,2.7192178429575313,10.082493125572869
qwen-run-20260923T073021Z-LtPzSb,django__django-11265,1,4.515625,3.73828125,106496.0,708608.0,2.2491349480968856,17.214532871972317
qwen-run-20260923T073021Z-LtPzSb,django__django-11265,2,48.16015625,39.54296875,393216.0,8642560.0,0.7786519587963339,17.892773136507422
qwen-run-20260923T073021Z-LtPzSb,django__django-11265,3,196.45703125,195.23046875,552960.0,733184.0,0.2684270176764162,0.6243413596325532
qwen-run-20260923T073021Z-LtPzSb,django__django-11265,4,26.91015625,24.19921875,856064.0,1986560.0,3.0338220351284657,10.074031064015097
qwen-run-20260923T073021Z-LtPzSb,django__django-11265,5,26.70703125,24.04296875,802816.0,1990656.0,2.8667544244551704,9.975135293257276
qwen-run-20260923T073021Z-LtPzSb,django__django-11265,6,27.05078125,24.296875,909312.0,1978368.0,3.2057761732851984,10.180505415162456
qwen-run-20260923T073021Z-LtPzSb,django__django-11265,7,26.87890625,24.23828125,876544.0,1892352.0,3.1100130794942595,9.82415346606598
qwen-run-20260923T073021Z-LtPzSb,django__django-11265,8,26.765625,23.98828125,925696.0,1986560.0,3.2983070636310567,10.376532399299474
qwen-run-20260923T073021Z-LtPzSb,django__django-11265,9,26.734375,24.00390625,872448.0,1990656.0,3.1122150789012273,10.21332554061952
qwen-run-20260923T073021Z-LtPzSb,django__django-11265,10,26.703125,23.98046875,876544.0,1978368.0,3.1304856641310708,10.196021064950264
qwen-run-20260923T073021Z-LtPzSb,django__django-11265,11,26.72265625,24.00390625,868352.0,1982464.0,3.0989621400380063,10.173951176728549
qwen-run-20260923T073021Z-LtPzSb,django__django-11265,12,26.66796875,23.921875,905216.0,1974272.0,3.237146623700015,10.297348762267468
qwen-run-20260923T073021Z-LtPzSb,django__django-11265,13,26.875,24.65234375,364544.0,1966080.0,1.2936046511627908,8.270348837209303
qwen-run-20260923T073021Z-LtPzSb,django__django-11265,14,26.3984375,24.25390625,311296.0,1937408.0,1.1245930748742232,8.123705238236164
qwen-run-20260923T073021Z-LtPzSb,django__django-11265,15,26.41015625,24.13671875,409600.0,1974272.0,1.4790711433219939,8.608194054134003
qwen-run-20260923T073021Z-LtPzSb,django__django-11265,16,26.76953125,24.3046875,483328.0,2101248.0,1.7218736319859915,9.207646286297972
qwen-run-20260923T073021Z-LtPzSb,django__django-11265,17,26.6640625,24.25,491520.0,2039808.0,1.7579841781423968,9.053618517433343
qwen-run-20260923T073021Z-LtPzSb,django__django-11265,18,26.4453125,24.171875,434176.0,1949696.0,1.5657311669128509,8.596750369276219
qwen-run-20260923T073021Z-LtPzSb,django__django-11265,19,26.19921875,23.8828125,471040.0,1957888.0,1.7146265096168183,8.841508871328463
qwen-run-20260923T073021Z-LtPzSb,django__django-11265,20,26.41015625,24.234375,315392.0,1966080.0,1.1388847803579352,8.238426268303506
qwen-run-20260923T073021Z-LtPzSb,django__django-11265,21,26.28515625,24.08984375,368640.0,1933312.0,1.3374944271065536,8.351909644820925
qwen-run-20260923T073021Z-LtPzSb,django__django-11265,22,26.46484375,24.15234375,466944.0,1957888.0,1.6826568265682658,8.738007380073801
qwen-run-20260923T073021Z-LtPzSb,django__django-11265,23,26.15234375,23.89453125,421888.0,1945600.0,1.5384615384615385,8.633308439133682
qwen-run-20260923T073021Z-LtPzSb,django__django-11265,24,26.46875,24.2265625,409600.0,1941504.0,1.4757969303423848,8.47107438016529
qwen-run-20260923T073021Z-LtPzSb,django__django-11276,1,4.38671875,3.30859375,208896.0,921600.0,4.541406945681211,24.577025823686554
qwen-run-20260923T073021Z-LtPzSb,django__django-11276,2,73.34765625,58.80078125,565248.0,14688256.0,0.7349416839750759,19.832774138573786
qwen-run-20260923T073021Z-LtPzSb,django__django-11276,3,25.6328125,23.015625,716800.0,2027520.0,2.6668698567509908,10.210301737275222
qwen-run-20260923T073021Z-LtPzSb,django__django-11276,4,32.56640625,29.5546875,806912.0,2351104.0,2.3629602974691135,9.247930910399424
qwen-run-20260923T073021Z-LtPzSb,django__django-11276,5,25.35546875,22.71484375,794624.0,1974272.0,2.9887536589123402,10.414419966106918
qwen-run-20260923T073021Z-LtPzSb,django__django-11276,6,31.01171875,28.19921875,823296.0,2125824.0,2.531805013225847,9.069152286182138
qwen-run-20260923T073021Z-LtPzSb,django__django-11276,7,24.875,22.40625,561152.0,2027520.0,2.1513819095477387,9.924623115577889
qwen-run-20260923T073021Z-LtPzSb,django__django-11276,8,53.90625,50.48046875,663552.0,2928640.0,1.173913043478261,6.355072463768116
qwen-run-20260923T073021Z-LtPzSb,django__django-11276,9,25.62109375,23.10546875,593920.0,2043904.0,2.2107028510443665,9.818569903948772
qwen-run-20260923T073021Z-LtPzSb,django__django-11276,10,26.52734375,23.98828125,614400.0,2048000.0,2.2088057723457517,9.571491680164923
qwen-run-20260923T073021Z-LtPzSb,django__django-11276,11,46.1875,43.16015625,688128.0,2486272.0,1.4208389715832206,6.5544654939106906
qwen-run-20260923T073021Z-LtPzSb,django__django-11276,12,25.609375,22.91796875,749568.0,2072576.0,2.7913361805979258,10.509456985967054
qwen-run-20260923T073021Z-LtPzSb,django__django-11276,13,25.79296875,23.109375,770048.0,2043904.0,2.8471906709071635,10.40436165379373
qwen-run-20260923T073021Z-LtPzSb,django__django-11276,14,26.29296875,23.53125,741376.0,2154496.0,2.68905066112019,10.503639875204279
qwen-run-20260923T073021Z-LtPzSb,django__django-11276,15,27.57421875,25.50390625,61440.0,2109440.0,0.21249468763280918,7.508145629692591
qwen-run-20260923T073021Z-LtPzSb,django__django-11276,16,46.578125,43.609375,602112.0,2510848.0,1.2328077826232808,6.37370010063737
qwen-run-20260923T073021Z-LtPzSb,django__django-11276,17,26.61328125,24.125,524288.0,2084864.0,1.8787611918391312,9.349772493761925
qwen-run-20260923T073021Z-LtPzSb,django__django-11276,18,27.171875,24.703125,479232.0,2109440.0,1.6820011500862564,9.085681426106959
qwen-run-20260923T073021Z-LtPzSb,django__django-11276,19,26.3671875,23.84375,569344.0,2076672.0,2.0592592592592593,9.57037037037037
qwen-run-20260923T073021Z-LtPzSb,django__django-11276,20,46.1875,43.2734375,557056.0,2498560.0,1.1502029769959405,6.309201623815968
qwen-run-20260923T073021Z-LtPzSb,django__django-11276,21,25.36328125,22.8515625,618496.0,2015232.0,2.3255813953488373,9.902972431849685
qwen-run-20260923T073021Z-LtPzSb,django__django-11276,22,25.65234375,23.109375,618496.0,2048000.0,2.299375666209837,9.913202375513933
qwen-run-20260923T073021Z-LtPzSb,django__django-11276,23,25.43359375,22.90625,577536.0,2072576.0,2.16556596528951,9.937029642144063
qwen-run-20260923T073021Z-LtPzSb,django__django-11276,24,30.91796875,28.32421875,532480.0,2187264.0,1.6424510423246999,8.389134554643082
qwen-run-20260923T073021Z-LtPzSb,django__django-11276,25,25.8125,23.203125,708608.0,2027520.0,2.6180387409200967,10.108958837772397
qwen-run-20260923T073021Z-LtPzSb,django__django-11276,26,30.98828125,28.3671875,589824.0,2158592.0,1.8152023194251858,8.45833858565486
qwen-run-20260923T073021Z-LtPzSb,django__django-11276,27,25.83984375,23.3125,630784.0,2019328.0,2.328042328042328,9.780801209372639
qwen-run-20260923T073021Z-LtPzSb,django__django-11276,28,25.37890625,22.92578125,507904.0,2064384.0,1.9085731876250578,9.665999692165615
qwen-run-20260923T073021Z-LtPzSb,django__django-11276,29,31.0703125,28.5234375,471040.0,2199552.0,1.445813427206437,8.19713351772693
qwen-run-20260923T073021Z-LtPzSb,django__django-11276,30,25.4453125,23.09765625,462848.0,1998848.0,1.7347252072459318,9.2262818544673
qwen-run-20260923T073021Z-LtPzSb,django__django-11276,31,25.5078125,23.1875,389120.0,2043904.0,1.454823889739663,9.096477794793262
qwen-run-20260923T073021Z-LtPzSb,django__django-11276,32,31.08984375,28.578125,446464.0,2187264.0,1.3695187837668048,8.078904384972986
qwen-run-20260923T073021Z-LtPzSb,django__django-11276,33,26.50390625,24.1328125,516096.0,1970176.0,1.8570375829034635,8.94620486366986
qwen-run-20260923T073021Z-LtPzSb,django__django-11276,34,26.2265625,23.84375,446464.0,2052096.0,1.6234733392910337,9.085492999702115
qwen-run-20260923T073021Z-LtPzSb,django__django-11276,35,25.57421875,23.1640625,479232.0,2048000.0,1.7870780510157325,9.424163739117153
qwen-run-20260923T073021Z-LtPzSb,django__django-11276,36,30.95703125,28.44921875,454656.0,2174976.0,1.4006309148264984,8.100946372239747
qwen-run-20260923T073021Z-LtPzSb,django__django-11276,37,26.234375,23.80859375,524288.0,2019328.0,1.9058963668850506,9.246575342465754
qwen-run-20260923T073021Z-LtPzSb,django__django-11276,38,46.09765625,43.14453125,638976.0,2457600.0,1.321921871027879,6.406236759596644
qwen-run-20260923T073021Z-LtPzSb,django__django-11276,39,25.45703125,23.0390625,466944.0,2068480.0,1.749271137026239,9.498235384379315
qwen-run-20260923T073021Z-LtPzSb,django__django-11276,40,25.421875,22.88671875,602112.0,2056192.0,2.258758451137062,9.972341733251383
qwen-run-20260923T073021Z-LtPzSb,django__django-11276,41,31.15625,28.48828125,532480.0,2265088.0,1.629889669007021,8.563189568706118
qwen-run-20260923T073021Z-LtPzSb,django__django-11276,42,26.203125,23.625,675840.0,2027520.0,2.4597495527728084,9.838998211091234
qwen-run-20260923T073021Z-LtPzSb,django__django-11276,43,25.25390625,22.8359375,499712.0,2035712.0,1.8870843000773396,9.574632637277649
qwen-run-20260923T073021Z-LtPzSb,django__django-11276,44,27.79296875,25.09375,696320.0,2134016.0,2.3893183415319745,9.711876317638792
qwen-run-20260923T073021Z-LtPzSb,django__django-11276,45,25.6015625,22.9296875,593920.0,2207744.0,2.2123893805309733,10.436374732987488
qwen-run-20260923T073021Z-LtPzSb,django__django-11276,46,25.3359375,22.91015625,479232.0,2064384.0,1.8038852913968548,9.574468085106384
qwen-run-20260923T073021Z-LtPzSb,django__django-11276,47,31.3828125,29.16796875,114688.0,2207744.0,0.34851879512073686,7.057505601194921
qwen-run-20260923T073021Z-LtPzSb,django__django-11276,48,26.5,24.0546875,499712.0,2064384.0,1.7983490566037736,9.227594339622641
qwen-run-20260923T073021Z-LtPzSb,django__django-11276,49,46.1796875,43.234375,581632.0,2506752.0,1.201150397563864,6.377939434951784
qwen-run-20260923T073021Z-LtPzSb,django__django-11276,50,25.765625,23.3203125,512000.0,2052096.0,1.8950879320800484,9.490600363856883
qwen-run-20260923T073021Z-LtPzSb,django__django-11276,51,31.03125,28.3671875,610304.0,2183168.0,1.8756294058408862,8.585095669687815
qwen-run-20260923T073021Z-LtPzSb,django__django-11276,52,26.53125,23.89453125,688128.0,2076672.0,2.4734982332155475,9.93816254416961
qwen-run-20260923T073021Z-LtPzSb,django__django-11276,53,26.54296875,23.875,696320.0,2101248.0,2.501839587932303,10.051508462104488
qwen-run-20260923T073021Z-LtPzSb,django__django-11276,54,46.109375,43.09765625,630784.0,2527232.0,1.304642494069807,6.531684174855981
qwen-run-20260923T073021Z-LtPzSb,django__django-11276,55,26.6953125,24.0234375,696320.0,2105344.0,2.487562189054726,10.008779631255488
qwen-run-20260923T073021Z-LtPzSb,django__django-11276,56,25.5234375,22.890625,700416.0,2060288.0,2.6170798898071626,10.315273951637588
qwen-run-20260923T073021Z-LtPzSb,django__django-11276,57,25.4921875,22.98046875,569344.0,2064384.0,2.1299417713760342,9.852896107876187
qwen-run-20260923T073021Z-LtPzSb,django__django-11276,58,26.359375,23.796875,593920.0,2093056.0,2.1487848251333728,9.72139893301719
qwen-run-20260923T073021Z-LtPzSb,django__django-11276,59,25.5703125,23.1171875,512000.0,2060288.0,1.9095630919645585,9.593644974029942
qwen-run-20260923T073021Z-LtPzSb,django__django-11276,60,31.47265625,28.75,589824.0,2265088.0,1.787265731661909,8.650862603946878
qwen-run-20260923T073021Z-LtPzSb,django__django-11276,61,26.234375,23.7578125,565248.0,2031616.0,2.0547945205479454,9.440142942227517
qwen-run-20260923T073021Z-LtPzSb,django__django-11276,62,25.75390625,23.3046875,520192.0,2048000.0,1.92628545426968,9.510086455331413
qwen-run-20260923T073021Z-LtPzSb,django__django-11276,63,31.0390625,28.4296875,536576.0,2199552.0,1.6486282406242134,8.406745532343317
qwen-run-20260923T073021Z-LtPzSb,django__django-11276,64,27.49609375,24.9140625,602112.0,2105344.0,2.0883648245489415,9.390538428754084
qwen-run-20260923T073021Z-LtPzSb,django__django-11276,65,26.2890625,23.828125,462848.0,2117632.0,1.6790490341753344,9.36106983655275
qwen-run-20260923T073021Z-LtPzSb,django__django-11276,66,25.484375,23.1015625,434176.0,2064384.0,1.624770079705702,9.350091968117718
qwen-run-20260923T073021Z-LtPzSb,django__django-11276,67,25.359375,22.9609375,483328.0,2031616.0,1.8176216882316698,9.457794208256315
qwen-run-20260923T073021Z-LtPzSb,django__django-11276,68,23.3984375,20.96484375,479232.0,2072576.0,1.9532554257095158,10.400667779632721
qwen-run-20260923T073021Z-LtPzSb,django__django-11276,69,31.32421875,28.64453125,585728.0,2224128.0,1.7832647462277091,8.554682628756703
qwen-run-20260923T073021Z-LtPzSb,django__django-11276,70,26.640625,24.02734375,663552.0,2076672.0,2.375366568914956,9.809384164222873
qwen-run-20260923T073021Z-LtPzSb,django__django-11276,71,46.38671875,43.3046875,745472.0,2486272.0,1.5326315789473683,6.644210526315789
qwen-run-20260923T073021Z-LtPzSb,django__django-11276,72,25.68359375,23.1328125,606208.0,2068480.0,2.2509505703422055,9.931558935361217
qwen-run-20260923T073021Z-LtPzSb,django__django-11276,73,26.921875,24.30078125,667648.0,2080768.0,2.3650609402205456,9.735925710969239
qwen-run-20260923T073021Z-LtPzSb,django__django-11276,74,45.921875,43.00390625,552960.0,2506752.0,1.1483497788363388,6.354202109561075
qwen-run-20260923T073021Z-LtPzSb,django__django-11276,75,25.51171875,22.9375,651264.0,2048000.0,2.4345429490124024,10.090338386158322
qwen-run-20260923T073021Z-LtPzSb,django__django-11276,76,25.66796875,23.125,598016.0,2068480.0,2.221884035915386,9.907167858773398
qwen-run-20260923T073021Z-LtPzSb,django__django-11276,77,31.40234375,28.65625,675840.0,2203648.0,2.052494091304889,8.744868764771738
qwen-run-20260923T073021Z-LtPzSb,django__django-11276,78,154.95703125,144.9921875,32768.0,10416128.0,0.02016688093977665,6.43071415967128
qwen-run-20260923T073021Z-LtPzSb,django__django-11276,79,78.6875,68.69140625,880640.0,9601024.0,1.0673153296266877,12.703534551231137
qwen-run-20260923T073021Z-LtPzSb,django__django-11276,80,34.6640625,23.76171875,946176.0,10485760.0,2.603110209601082,31.451431147171512
qwen-run-20260923T073021Z-LtPzSb,django__django-11276,81,74.44921875,66.984375,823296.0,7004160.0,1.054619864630883,10.026759011490634
qwen-run-20260923T073021Z-LtPzSb,django__django-11276,82,74.50390625,63.47265625,704512.0,10862592.0,0.9017983536937031,14.806270644366382
qwen-run-20260923T073021Z-LtPzSb,django__django-11276,83,26.31640625,23.4140625,872448.0,2170880.0,3.16164464895354,11.028647766067984
qwen-run-20260923T073021Z-LtPzSb,django__django-11292,1,4.41015625,3.55859375,163840.0,729088.0,3.5429583702391496,19.309123117803367
qwen-run-20260923T073021Z-LtPzSb,django__django-11292,2,26.796875,24.3125,581632.0,2023424.0,2.0699708454810497,9.271137026239067
qwen-run-20260923T073021Z-LtPzSb,django__django-11292,3,47.984375,42.67578125,917504.0,4648960.0,1.823510257245197,11.06317160534028
qwen-run-20260923T073021Z-LtPzSb,django__django-11292,4,71.2421875,64.13671875,856064.0,6594560.0,1.1459589867310012,9.973681324706657
qwen-run-20260923T073021Z-LtPzSb,django__django-11292,5,26.37109375,23.5859375,860160.0,2060288.0,3.1106502740334765,10.56139831136128
qwen-run-20260923T073021Z-LtPzSb,django__django-11292,6,26.1875,23.6640625,667648.0,1978368.0,2.431384248210024,9.636038186157517
qwen-run-20260923T073021Z-LtPzSb,django__django-11292,7,26.2265625,23.765625,675840.0,1904640.0,2.4575513851653263,9.383378016085791
qwen-run-20260923T073021Z-LtPzSb,django__django-11292,8,26.453125,23.81640625,794624.0,1970176.0,2.8647371529828707,9.96751329001772
qwen-run-20260923T073021Z-LtPzSb,django__django-11292,9,26.08203125,23.4765625,712704.0,2019328.0,2.605960760820728,9.989516249812791
qwen-run-20260923T073021Z-LtPzSb,django__django-11292,10,25.890625,23.3984375,634880.0,1978368.0,2.3385636692818346,9.625829812914906
qwen-run-20260923T073021Z-LtPzSb,django__django-11292,11,26.52734375,24.0390625,593920.0,2015232.0,2.13517891326756,9.380061846561626
qwen-run-20260923T073021Z-LtPzSb,django__django-11292,12,26.31640625,24.71484375,679936.0,999424.0,2.4640047498886744,6.085794864182871
qwen-run-20260923T073021Z-LtPzSb,django__django-11292,13,24.98828125,22.5,647168.0,1961984.0,2.4699077692668436,9.957792715335314
qwen-run-20260923T073021Z-LtPzSb,django__django-11292,14,26.00390625,23.69140625,684032.0,1740800.0,2.508637524410395,8.892894697311101
qwen-run-20260923T073021Z-LtPzSb,django__django-11292,15,25.60546875,23.55078125,888832.0,1265664.0,3.3104500381388253,8.024408848207475
qwen-run-20260923T073021Z-LtPzSb,django__django-11292,16,24.44140625,21.734375,819200.0,2019328.0,3.19642000958926,11.075595333226786
qwen-run-20260923T073021Z-LtPzSb,django__django-11292,17,25.515625,23.8203125,4096.0,1773568.0,0.015309246785058175,6.644213104715248
qwen-run-20260923T073021Z-LtPzSb,django__django-11292,18,25.875,23.59375,360448.0,2031616.0,1.328502415458937,8.816425120772946
qwen-run-20260923T073021Z-LtPzSb,django__django-11292,19,26.37109375,23.87890625,577536.0,2035712.0,2.088579469708191,9.450451784920752
qwen-run-20260923T073021Z-LtPzSb,django__django-11292,20,26.5703125,24.0078125,663552.0,2023424.0,2.381652455160247,9.644222287562481
qwen-run-20260923T073021Z-LtPzSb,django__django-11292,21,26.41015625,23.87890625,602112.0,2052096.0,2.174234580683331,9.58438100872652
qwen-run-20260923T073021Z-LtPzSb,django__django-11292,22,25.31640625,22.76171875,647168.0,2031616.0,2.437895386514427,10.091035334053387
qwen-run-20260923T073021Z-LtPzSb,django__django-11292,23,25.984375,23.46484375,626688.0,2015232.0,2.30006013229104,9.696331930246542
qwen-run-20260923T073021Z-LtPzSb,django__django-11292,24,42.26171875,39.71875,540672.0,2125824.0,1.2200757925871153,6.017191977077364
qwen-run-20260923T073021Z-LtPzSb,django__django-11292,25,42.31640625,39.8046875,487424.0,2146304.0,1.0984953383181022,5.935567248223022
qwen-run-20260923T073021Z-LtPzSb,django__django-11292,26,25.4765625,22.953125,626688.0,2019328.0,2.3459061637534497,9.904937135847899
qwen-run-20260923T073021Z-LtPzSb,django__django-11299,1,4.25390625,3.46875,122880.0,700416.0,2.7548209366391183,18.457300275482094
qwen-run-20260923T073021Z-LtPzSb,django__django-11299,2,44.5,38.40234375,372736.0,6021120.0,0.7988061797752809,13.70259831460674
qwen-run-20260923T073021Z-LtPzSb,django__django-11299,3,44.6484375,38.29296875,610304.0,6053888.0,1.3035870516185477,14.234470691163605
qwen-run-20260923T073021Z-LtPzSb,django__django-11299,4,25.359375,22.86328125,712704.0,1904640.0,2.680221811460259,9.842883548983364
qwen-run-20260923T073021Z-LtPzSb,django__django-11299,5,25.54296875,22.84375,925696.0,1904640.0,3.45618596115614,10.567365040526074
qwen-run-20260923T073021Z-LtPzSb,django__django-11299,6,44.09375,38.29296875,28672.0,6053888.0,0.06201275690999291,13.155563430191354
qwen-run-20260923T073021Z-LtPzSb,django__django-11299,7,24.9453125,22.97265625,204800.0,1863680.0,0.7829627309740056,7.907923582837457
qwen-run-20260923T073021Z-LtPzSb,django__django-11299,8,26.078125,23.8125,528384.0,1847296.0,1.9322947872977831,8.687837028160574
qwen-run-20260923T073021Z-LtPzSb,django__django-11299,9,25.875,23.578125,552960.0,1855488.0,2.0380434782608696,8.876811594202898
qwen-run-20260923T073021Z-LtPzSb,django__django-11299,10,26.140625,23.98828125,413696.0,1843200.0,1.5092647937836223,8.233711894799761
qwen-run-20260923T073021Z-LtPzSb,django__django-11299,11,26.078125,23.85546875,499712.0,1830912.0,1.8274415817855003,8.523067705212702
qwen-run-20260923T073021Z-LtPzSb,django__django-11299,12,26.046875,23.79296875,487424.0,1875968.0,1.7846430713857229,8.653269346130774
qwen-run-20260923T073021Z-LtPzSb,django__django-11299,13,25.84765625,23.53515625,557056.0,1867776.0,2.0553120749584406,8.9466525615838
qwen-run-20260923T073021Z-LtPzSb,django__django-11299,14,26.16015625,23.87890625,512000.0,1880064.0,1.8665073913692698,8.720322532477228
qwen-run-20260923T073021Z-LtPzSb,django__django-11299,15,25.78125,23.4609375,577536.0,1855488.0,2.1363636363636362,9.0
qwen-run-20260923T073021Z-LtPzSb,django__django-11299,16,25.765625,23.38671875,610304.0,1884160.0,2.258944815039418,9.232868405093996
qwen-run-20260923T073021Z-LtPzSb,django__django-11299,17,25.79296875,23.421875,614400.0,1871872.0,2.271694684234439,9.192791155535362
qwen-run-20260923T073021Z-LtPzSb,django__django-11299,18,25.953125,23.5078125,655360.0,1908736.0,2.408187838651415,9.42203491872366
qwen-run-20260923T073021Z-LtPzSb,django__django-11299,19,25.109375,22.83203125,524288.0,1863680.0,1.9912881144990666,9.069695084007467
qwen-run-20260923T073021Z-LtPzSb,django__django-11299,20,25.09375,22.80859375,532480.0,1863680.0,2.023661270236613,9.106475716064757
qwen-run-20260923T073021Z-LtPzSb,django__django-11299,21,71.23046875,63.37109375,1249280.0,6991872.0,1.672607622703592,11.033726350425006
qwen-run-20260923T073021Z-LtPzSb,django__django-11299,22,26.93359375,24.9453125,143360.0,1941504.0,0.5076142131979695,7.3821609862218995
qwen-run-20260923T073021Z-LtPzSb,django__django-11299,23,72.8984375,71.2734375,864256.0,839680.0,1.1306398028078448,2.229128710749116
qwen-run-20260923T073021Z-LtPzSb,django__django-11299,24,26.62890625,23.953125,905216.0,1900544.0,3.2418952618453867,10.048408390787737
qwen-run-20260923T073021Z-LtPzSb,django__django-11299,25,26.83203125,23.96484375,1110016.0,1896448.0,3.9452613189692824,10.68568932886883
qwen-run-20260923T073021Z-LtPzSb,django__django-11299,26,26.95703125,23.9765625,1196032.0,1929216.0,4.231270830314447,11.056368642225765
qwen-run-20260923T073021Z-LtPzSb,django__django-11299,27,26.8046875,23.78515625,1286144.0,1880064.0,4.575925386184786,11.26493733605363
qwen-run-20260923T073021Z-LtPzSb,django__django-11299,28,26.5703125,23.65234375,1179648.0,1880064.0,4.234048809173772,10.982064098794472
qwen-run-20260923T073021Z-LtPzSb,django__django-11299,29,26.11328125,23.16796875,1187840.0,1900544.0,4.338070306656694,11.278982797307405
qwen-run-20260923T073021Z-LtPzSb,django__django-11299,30,26.43359375,23.56640625,1118208.0,1888256.0,4.034284025417467,10.846756317422788
qwen-run-20260923T073021Z-LtPzSb,django__django-11299,31,26.6953125,23.8125,1130496.0,1892352.0,4.038630377524144,10.798946444249342
qwen-run-20260923T073021Z-LtPzSb,django__django-11299,32,26.390625,23.4921875,1159168.0,1880064.0,4.188869153345174,10.98283007696862
qwen-run-20260923T073021Z-LtPzSb,django__django-11299,33,26.6640625,23.76953125,1138688.0,1896448.0,4.072663346029886,10.8555523000293
qwen-run-20260923T073021Z-LtPzSb,django__django-11299,34,26.88671875,23.95703125,1179648.0,1892352.0,4.184221996222577,10.896411448496295
qwen-run-20260923T073021Z-LtPzSb,django__django-11299,35,26.69921875,23.8125,1118208.0,1908736.0,3.994147768836869,10.811997073884418
qwen-run-20260923T073021Z-LtPzSb,django__django-11299,36,24.15625,21.546875,868352.0,1867776.0,3.428201811125485,10.802069857697283
qwen-run-20260923T073021Z-LtPzSb,django__django-11299,37,26.2109375,23.6875,774144.0,1871872.0,2.8166915052160952,9.6274217585693
qwen-run-20260923T073021Z-LtPzSb,django__django-11299,38,26.6640625,23.984375,954368.0,1855488.0,3.413419279226487,10.049809551714034
qwen-run-20260923T073021Z-LtPzSb,django__django-11299,39,26.68359375,24.77734375,102400.0,1896448.0,0.36597862684819205,7.143902796076709
qwen-run-20260923T073021Z-LtPzSb,django__django-11299,40,25.03125,23.05859375,217088.0,1851392.0,0.8270911360799001,7.880774032459426
qwen-run-20260923T073021Z-LtPzSb,django__django-11299,41,123.8828125,118.953125,831488.0,4337664.0,0.6400958567194299,3.979315128965126
qwen-run-20260923T073021Z-LtPzSb,django__django-11299,42,25.84375,23.01953125,1028096.0,1933312.0,3.793833131801693,10.928053204353084
qwen-run-20260923T073021Z-LtPzSb,django__django-11299,43,26.34375,23.81640625,761856.0,1888256.0,2.7580071174377223,9.593712930011863
qwen-run-20260923T073021Z-LtPzSb,django__django-11299,44,26.484375,23.6328125,1114112.0,1875968.0,4.011799410029498,10.766961651917404
qwen-run-20260923T073021Z-LtPzSb,django__django-11299,45,25.98046875,23.0546875,1150976.0,1916928.0,4.224928582168095,11.261464441437377
qwen-run-20260923T073021Z-LtPzSb,django__django-11299,46,27.30078125,24.5625,913408.0,1957888.0,3.190728287308628,10.030047217055372
qwen-run-20260923T073021Z-LtPzSb,django__django-11299,47,25.75390625,23.00390625,987136.0,1896448.0,3.6553920825117547,10.67799180949492
qwen-run-20260923T073021Z-LtPzSb,django__django-11299,48,26.4453125,23.734375,933888.0,1908736.0,3.3677991137370755,10.251107828655835
qwen-run-20260923T073021Z-LtPzSb,django__django-11299,49,27.00390625,24.33203125,847872.0,1953792.0,2.9943584550846234,9.894401851583972
qwen-run-20260923T073021Z-LtPzSb,django__django-11299,50,26.359375,23.73046875,851968.0,1904640.0,3.082394783639597,9.973325429756965
qwen-run-20260923T073021Z-LtPzSb,django__django-11299,51,26.82421875,24.19140625,831488.0,1929216.0,2.9561671763506627,9.81505752147954
qwen-run-20260923T073021Z-LtPzSb,django__django-11299,52,26.37109375,23.6484375,933888.0,1921024.0,3.377277440379203,10.324396385720634
qwen-run-20260923T073021Z-LtPzSb,django__django-11299,53,32.48046875,29.5234375,999424.0,2101248.0,2.9344558027660854,9.1040288634997
qwen-run-20260923T073021Z-LtPzSb,django__django-11299,54,26.52734375,23.68359375,1052672.0,1929216.0,3.7844205566190547,10.720070681784716
qwen-run-20260923T073021Z-LtPzSb,django__django-11299,55,26.89453125,24.046875,1040384.0,1945600.0,3.689179375453885,10.588235294117647
qwen-run-20260923T073021Z-LtPzSb,django__django-11299,56,26.91796875,24.0859375,1032192.0,1937408.0,3.656943839791032,10.520969380351183
qwen-run-20260923T073021Z-LtPzSb,django__django-11299,57,26.546875,23.7109375,1028096.0,1945600.0,3.6933490288404944,10.68275456150677
qwen-run-20260923T073021Z-LtPzSb,django__django-11299,58,26.54296875,23.765625,974848.0,1937408.0,3.5025754231052244,10.463576158940397
qwen-run-20260923T073021Z-LtPzSb,django__django-11299,59,43.83203125,41.07421875,888832.0,2002944.0,1.933873986275733,6.291774351662062
qwen-run-20260923T073021Z-LtPzSb,django__django-11299,60,25.359375,22.61328125,974848.0,1904640.0,3.6660505237215033,10.82871226124461
qwen-run-20260923T073021Z-LtPzSb,django__django-11299,61,44.26171875,41.38671875,970752.0,2043904.0,2.0916070955785013,6.495454946606654
qwen-run-20260923T073021Z-LtPzSb,django__django-11299,62,26.3828125,23.58203125,1019904.0,1916928.0,3.686704175303524,10.615931299970388
qwen-run-20260923T073021Z-LtPzSb,django__django-11299,63,25.47265625,22.6484375,1064960.0,1896448.0,3.9871185401012115,11.087256555742984
qwen-run-20260923T073021Z-LtPzSb,django__django-11333,1,4.421875,3.609375,143360.0,708608.0,3.091872791519435,18.374558303886925
qwen-run-20260923T073021Z-LtPzSb,django__django-11333,2,48.046875,39.11328125,532480.0,8835072.0,1.056910569105691,18.59349593495935
qwen-run-20260923T073021Z-LtPzSb,django__django-11333,3,26.46875,24.16015625,516096.0,1904640.0,1.859504132231405,8.721959858323494
qwen-run-20260923T073021Z-LtPzSb,django__django-11333,4,26.5703125,24.19140625,614400.0,1880064.0,2.2052337547780065,8.953249044398707
qwen-run-20260923T073021Z-LtPzSb,django__django-11333,5,26.34375,24.03515625,552960.0,1867776.0,2.001779359430605,8.763345195729537
qwen-run-20260923T073021Z-LtPzSb,django__django-11333,6,26.1640625,23.90625,487424.0,1880064.0,1.7766497461928934,8.629441624365482
qwen-run-20260923T073021Z-LtPzSb,django__django-11333,7,26.54296875,24.19921875,577536.0,1880064.0,2.075055187637969,8.830022075055188
qwen-run-20260923T073021Z-LtPzSb,django__django-11333,8,25.6171875,23.4140625,442368.0,1867776.0,1.646843549862763,8.600182982616651
qwen-run-20260923T073021Z-LtPzSb,django__django-11333,9,27.8515625,25.66015625,352256.0,1945600.0,1.20617110799439,7.868162692847124
qwen-run-20260923T073021Z-LtPzSb,django__django-11333,10,31.1640625,29.00390625,262144.0,2002944.0,0.8022060666833793,6.931561794936075
qwen-run-20260923T073021Z-LtPzSb,django__django-11333,11,27.50390625,25.2421875,413696.0,1957888.0,1.4344553330492829,8.223263740945889
qwen-run-20260923T073021Z-LtPzSb,django__django-11333,12,32.09375,29.6484375,483328.0,2080768.0,1.436222005842259,7.619279454722493
qwen-run-20260923T073021Z-LtPzSb,django__django-11333,13,25.1015625,22.97265625,376832.0,1855488.0,1.431683784624961,8.481170245876129
qwen-run-20260923T073021Z-LtPzSb,django__django-11333,14,28.14453125,25.8984375,442368.0,1912832.0,1.4989590562109647,7.980569049271339
qwen-run-20260923T073021Z-LtPzSb,django__django-11333,15,25.77734375,23.90234375,73728.0,1892352.0,0.2727686013032278,7.273829368086074
qwen-run-20260923T073021Z-LtPzSb,django__django-11333,16,41.94921875,39.75390625,327680.0,1974272.0,0.7449483192103548,5.233261942452742
qwen-run-20260923T073021Z-LtPzSb,django__django-11333,17,26.171875,23.93359375,479232.0,1867776.0,1.7462686567164178,8.552238805970148
qwen-run-20260923T073021Z-LtPzSb,django__django-11333,18,27.19921875,25.05078125,344064.0,1908736.0,1.2063765618267988,7.898894154818326
qwen-run-20260923T073021Z-LtPzSb,django__django-11333,19,42.16015625,39.91015625,380928.0,1978368.0,0.8616696006670991,5.336792365422033
qwen-run-20260923T073021Z-LtPzSb,django__django-11333,20,25.90625,23.8515625,282624.0,1871872.0,1.040410132689988,7.93124246079614
qwen-run-20260923T073021Z-LtPzSb,django__django-11400,1,4.36328125,3.3046875,225280.0,884736.0,4.923903312444047,24.261414503133395
qwen-run-20260923T073021Z-LtPzSb,django__django-11400,2,43.38671875,37.65234375,442368.0,5570560.0,0.9723597731160529,13.216890249392275
qwen-run-20260923T073021Z-LtPzSb,django__django-11400,3,26.4609375,24.15234375,512000.0,1908736.0,1.8452908178328904,8.724534986713905
qwen-run-20260923T073021Z-LtPzSb,django__django-11400,4,25.58984375,23.140625,712704.0,1855488.0,2.6560830407571365,9.571057853762785
qwen-run-20260923T073021Z-LtPzSb,django__django-11400,5,26.328125,23.75,839680.0,1863680.0,3.0415430267062313,9.792284866468842
qwen-run-20260923T073021Z-LtPzSb,django__django-11400,6,26.25,23.65234375,851968.0,1871872.0,3.0952380952380953,9.895833333333334
qwen-run-20260923T073021Z-LtPzSb,django__django-11400,7,43.984375,41.57421875,778240.0,1748992.0,1.6873889875666075,5.479573712255773
qwen-run-20260923T073021Z-LtPzSb,django__django-11400,8,44.36328125,41.19921875,634880.0,2682880.0,1.3647970414722197,7.132165184467729
qwen-run-20260923T073021Z-LtPzSb,django__django-11400,9,26.03125,23.49609375,802816.0,1855488.0,2.9411764705882355,9.73889555822329
qwen-run-20260923T073021Z-LtPzSb,django__django-11400,10,26.41796875,23.8359375,872448.0,1835008.0,3.1494898713588646,9.773769037409433
qwen-run-20260923T073021Z-LtPzSb,django__django-11400,11,26.48828125,23.83984375,897024.0,1880064.0,3.229612151600059,9.998525291254976
qwen-run-20260923T073021Z-LtPzSb,django__django-11400,12,44.8125,38.8046875,733184.0,5566464.0,1.560320781032078,13.406555090655509
qwen-run-20260923T073021Z-LtPzSb,django__django-11400,13,26.26953125,23.671875,835584.0,1888256.0,3.033457249070632,9.888475836431226
qwen-run-20260923T073021Z-LtPzSb,django__django-11400,14,26.1171875,23.7109375,692224.0,1830912.0,2.5276697577026623,9.213281483697278
qwen-run-20260923T073021Z-LtPzSb,django__django-11400,15,26.0625,24.203125,98304.0,1851392.0,0.3597122302158273,7.134292565947242
qwen-run-20260923T073021Z-LtPzSb,django__django-11400,16,25.8046875,23.80859375,221184.0,1871872.0,0.8174386920980926,7.735392067817136
qwen-run-20260923T073021Z-LtPzSb,django__django-11400,17,25.984375,23.78515625,462848.0,1843200.0,1.698737221888154,8.463619963920625
qwen-run-20260923T073021Z-LtPzSb,django__django-11400,18,25.27734375,22.953125,602112.0,1835008.0,2.2716736207695876,9.19486941740071
qwen-run-20260923T073021Z-LtPzSb,django__django-11400,19,26.265625,23.80078125,720896.0,1863680.0,2.6174895895300416,9.38429506246282
qwen-run-20260923T073021Z-LtPzSb,django__django-11400,20,26.35546875,23.9765625,622592.0,1871872.0,2.252853119905143,9.026233881725211
qwen-run-20260923T073021Z-LtPzSb,django__django-11400,21,26.10546875,23.52734375,827392.0,1875968.0,3.0225946431243456,9.875804279515188
qwen-run-20260923T073021Z-LtPzSb,django__django-11400,22,25.078125,22.59375,761856.0,1843200.0,2.897196261682243,9.906542056074766
qwen-run-20260923T073021Z-LtPzSb,django__django-11400,23,32.22265625,30.47265625,729088.0,1105920.0,2.157837313613771,5.430961328645896
qwen-run-20260923T073021Z-LtPzSb,django__django-11400,24,24.828125,22.2578125,815104.0,1880064.0,3.130899937067338,10.352422907488986
qwen-run-20260923T073021Z-LtPzSb,django__django-11400,25,26.9140625,24.390625,729088.0,1916928.0,2.583454281567489,9.375907111756169
qwen-run-20260923T073021Z-LtPzSb,django__django-11400,26,25.4375,22.96484375,729088.0,1863680.0,2.7334152334152333,9.72051597051597
qwen-run-20260923T073021Z-LtPzSb,django__django-11400,27,32.12890625,29.53125,671744.0,2052096.0,1.993920972644377,8.085106382978724
qwen-run-20260923T073021Z-LtPzSb,django__django-11400,28,32.1015625,29.47265625,688128.0,2068480.0,2.0442930153321974,8.18934047213434
qwen-run-20260923T073021Z-LtPzSb,django__django-11400,29,25.546875,23.0234375,733184.0,1912832.0,2.7370030581039755,9.877675840978593
qwen-run-20260923T073021Z-LtPzSb,django__django-11400,30,32.3828125,29.6484375,794624.0,2072576.0,2.3401688781664656,8.443908323281061
qwen-run-20260923T073021Z-LtPzSb,django__django-11400,31,26.4609375,23.79296875,847872.0,1949696.0,3.0558015943312666,10.082669028638913
qwen-run-20260923T073021Z-LtPzSb,django__django-11400,32,26.16796875,23.4609375,884736.0,1953792.0,3.2243618450515004,10.344827586206897
qwen-run-20260923T073021Z-LtPzSb,django__django-11400,33,26.71875,23.953125,950272.0,1949696.0,3.391812865497076,10.350877192982455
qwen-run-20260923T073021Z-LtPzSb,django__django-11400,34,32.23046875,29.45703125,847872.0,2060288.0,2.5087868137195493,8.605017573627439
qwen-run-20260923T073021Z-LtPzSb,django__django-11400,35,26.7890625,24.00390625,983040.0,1937408.0,3.499562554680665,10.396617089530475
qwen-run-20260923T073021Z-LtPzSb,django__django-11400,36,43.78125,41.02734375,884736.0,2002944.0,1.9271948608137044,6.290149892933619
qwen-run-20260923T073021Z-LtPzSb,django__django-11400,37,25.7421875,23.015625,942080.0,1916928.0,3.490136570561457,10.591805766312595
qwen-run-20260923T073021Z-LtPzSb,django__django-11400,38,25.68359375,23.09375,811008.0,1904640.0,3.011406844106464,10.083650190114069
qwen-run-20260923T073021Z-LtPzSb,django__django-11400,39,25.515625,22.93359375,819200.0,1888256.0,3.061849357011635,10.119412124923453
qwen-run-20260923T073021Z-LtPzSb,django__django-11400,40,139.51953125,131.89453125,884736.0,7110656.0,0.6047540386930593,5.4651846459669065
qwen-run-20260923T073021Z-LtPzSb,django__django-11400,41,25.9453125,23.28125,774144.0,2019328.0,2.845528455284553,10.267991568804577
qwen-run-20260923T073021Z-LtPzSb,django__django-11400,42,25.8359375,23.1796875,864256.0,1921024.0,3.1902026005443,10.281221651043241
qwen-run-20260923T073021Z-LtPzSb,django__django-11400,43,25.515625,23.703125,0.0,1900544.0,0.0,7.103490508266994
qwen-run-20260923T073021Z-LtPzSb,django__django-11433,1,4.07421875,3.26171875,135168.0,716800.0,3.1639501438159154,19.9424736337488
qwen-run-20260923T073021Z-LtPzSb,django__django-11433,2,27.0390625,24.6328125,503808.0,2019328.0,1.7769430800346722,8.899162091880958
qwen-run-20260923T073021Z-LtPzSb,django__django-11433,3,43.8203125,36.45703125,606208.0,7114752.0,1.3193082545908361,16.80335175610626
qwen-run-20260923T073021Z-LtPzSb,django__django-11433,4,43.36328125,38.7890625,970752.0,3825664.0,2.134942797946131,10.548599225295018
qwen-run-20260923T073021Z-LtPzSb,django__django-11433,5,40.09765625,32.515625,872448.0,7077888.0,2.07501217730151,18.90891378470531
qwen-run-20260923T073021Z-LtPzSb,django__django-11433,6,43.2421875,37.2421875,933888.0,5357568.0,2.059620596205962,13.875338753387535
qwen-run-20260923T073021Z-LtPzSb,django__django-11433,7,27.03125,24.859375,1060864.0,1216512.0,3.7427745664739884,8.034682080924856
qwen-run-20260923T073021Z-LtPzSb,django__django-11433,8,25.40625,22.97265625,557056.0,1994752.0,2.091020910209102,9.578720787207873
qwen-run-20260923T073021Z-LtPzSb,django__django-11433,9,26.7890625,24.25,712704.0,1949696.0,2.537182852143482,9.477981918926801
qwen-run-20260923T073021Z-LtPzSb,django__django-11433,10,26.6796875,23.9609375,827392.0,2023424.0,2.957540263543192,10.190336749633968
qwen-run-20260923T073021Z-LtPzSb,django__django-11433,11,26.91015625,24.23046875,765952.0,2043904.0,2.714472347220206,9.95790390477573
qwen-run-20260923T073021Z-LtPzSb,django__django-11433,12,25.5390625,22.8671875,835584.0,1966080.0,3.120220250841236,10.461914958702968
qwen-run-20260923T073021Z-LtPzSb,django__django-11433,13,26.89453125,24.1953125,823296.0,2007040.0,2.9193899782135078,10.036310820624546
qwen-run-20260923T073021Z-LtPzSb,django__django-11433,14,26.3046875,23.73046875,724992.0,1974272.0,2.6284526284526284,9.786159786159786
qwen-run-20260923T073021Z-LtPzSb,django__django-11433,15,26.765625,24.2109375,659456.0,2019328.0,2.3496789258610624,9.544658493870402
qwen-run-20260923T073021Z-LtPzSb,django__django-11433,16,26.58984375,24.0390625,634880.0,2039808.0,2.2770677244013515,9.59306596151021
qwen-run-20260923T073021Z-LtPzSb,django__django-11433,17,26.69921875,24.4375,368640.0,2002944.0,1.3167520117044624,8.471104608632041
qwen-run-20260923T073021Z-LtPzSb,django__django-11433,18,26.1171875,23.921875,294912.0,2007040.0,1.0768770565360455,8.405623691295244
qwen-run-20260923T073021Z-LtPzSb,django__django-11433,19,26.52734375,25.21484375,323584.0,1052672.0,1.1633043734354291,4.947724930054484
qwen-run-20260923T073021Z-LtPzSb,django__django-11433,20,25.078125,22.80078125,417792.0,1970176.0,1.588785046728972,9.080996884735203
qwen-run-20260923T073021Z-LtPzSb,django__django-11433,21,27.4140625,24.95703125,540672.0,2035712.0,1.8808777429467085,8.96266742661727
qwen-run-20260923T073021Z-LtPzSb,django__django-11433,22,27.24609375,24.8046875,507904.0,2052096.0,1.7777777777777777,8.960573476702509
qwen-run-20260923T073021Z-LtPzSb,django__django-11433,23,27.25,25.609375,618496.0,1101824.0,2.164564220183486,6.020642201834862
qwen-run-20260923T073021Z-LtPzSb,django__django-11433,24,25.890625,23.390625,622592.0,1998848.0,2.2933011466505735,9.656004828002414
qwen-run-20260923T073021Z-LtPzSb,django__django-11433,25,27.37109375,25.6953125,647168.0,1110016.0,2.2548879691736836,6.122448979591836
qwen-run-20260923T073021Z-LtPzSb,django__django-11433,26,25.671875,24.02734375,651264.0,1073152.0,2.4193548387096775,6.40596469872185
qwen-run-20260923T073021Z-LtPzSb,django__django-11433,27,26.89453125,25.16015625,708608.0,1110016.0,2.512708787218591,6.44880174291939
qwen-run-20260923T073021Z-LtPzSb,django__django-11433,28,26.76953125,25.04296875,692224.0,1118208.0,2.4660732525901063,6.449730045235663
qwen-run-20260923T073021Z-LtPzSb,django__django-11433,29,26.484375,24.64453125,778240.0,1150976.0,2.8023598820059,6.946902654867257
qwen-run-20260923T073021Z-LtPzSb,django__django-11433,30,26.171875,24.375,741376.0,1142784.0,2.701492537313433,6.865671641791045
qwen-run-20260923T073021Z-LtPzSb,django__django-11433,31,27.32421875,25.5234375,733184.0,1155072.0,2.5589706933523946,6.590421729807005
qwen-run-20260923T073021Z-LtPzSb,django__django-11433,32,26.296875,23.6953125,675840.0,2052096.0,2.450980392156863,9.893048128342246
qwen-run-20260923T073021Z-LtPzSb,django__django-11433,33,25.18359375,22.578125,720896.0,2011136.0,2.729951915619668,10.345897316581356
qwen-run-20260923T073021Z-LtPzSb,django__django-11433,34,25.16796875,22.5234375,770048.0,2002944.0,2.917895390346112,10.507527549278286
qwen-run-20260923T073021Z-LtPzSb,django__django-11433,35,26.80859375,25.09765625,700416.0,1093632.0,2.4916217397639517,6.382048666763806
qwen-run-20260923T073021Z-LtPzSb,django__django-11433,36,26.85546875,25.140625,704512.0,1093632.0,2.501818181818182,6.385454545454546
qwen-run-20260923T073021Z-LtPzSb,django__django-11433,37,25.23046875,23.4921875,704512.0,1118208.0,2.6629509211952316,6.889611394952779
qwen-run-20260923T073021Z-LtPzSb,django__django-11433,38,27.17578125,25.50390625,655360.0,1097728.0,2.299841885870346,6.1520770447031765
qwen-run-20260923T073021Z-LtPzSb,django__django-11433,39,27.16796875,25.515625,675840.0,1056768.0,2.3723939611790077,6.08195542774982
qwen-run-20260923T073021Z-LtPzSb,django__django-11433,40,26.87890625,25.140625,733184.0,1089536.0,2.6013660805115535,6.467083272780119
qwen-run-20260923T073021Z-LtPzSb,django__django-11433,41,25.68359375,23.9453125,733184.0,1089536.0,2.722433460076046,6.768060836501901
qwen-run-20260923T073021Z-LtPzSb,django__django-11433,42,26.6328125,24.8359375,753664.0,1130496.0,2.698738633030214,6.746846582575535
qwen-run-20260923T073021Z-LtPzSb,django__django-11433,43,26.390625,23.67578125,782336.0,2064384.0,2.827116637063351,10.287152161042037
qwen-run-20260923T073021Z-LtPzSb,django__django-11433,44,43.6953125,41.76953125,897024.0,1122304.0,1.9578043983550868,4.407294832826747
qwen-run-20260923T073021Z-LtPzSb,django__django-11433,45,25.18359375,22.5078125,782336.0,2023424.0,2.962618272064526,10.625096944315185
qwen-run-20260923T073021Z-LtPzSb,django__django-11433,46,41.9921875,39.79296875,163840.0,2142208.0,0.37209302325581395,5.2372093023255815
qwen-run-20260923T073021Z-LtPzSb,django__django-11433,47,25.55859375,23.33984375,311296.0,2015232.0,1.1615466911202812,8.681033165214734
qwen-run-20260923T073021Z-LtPzSb,django__django-11433,48,26.67578125,24.203125,544768.0,2048000.0,1.9475765119343975,9.269292722214088
qwen-run-20260923T073021Z-LtPzSb,django__django-11433,49,44.4609375,41.921875,507904.0,2154496.0,1.0894394658232296,5.71077139342822
qwen-run-20260923T073021Z-LtPzSb,django__django-11433,50,43.03125,40.48046875,495616.0,2179072.0,1.09840232389252,5.927741466957153
qwen-run-20260923T073021Z-LtPzSb,django__django-11433,51,44.95703125,42.3984375,499712.0,2183168.0,1.060039968720132,5.691198192718742
qwen-run-20260923T073021Z-LtPzSb,django__django-11433,52,25.65234375,23.1328125,602112.0,2039808.0,2.238465052535404,9.821836455002284
qwen-run-20260923T073021Z-LtPzSb,django__django-11433,53,44.515625,41.83203125,651264.0,2162688.0,1.3952263952263952,6.0284310284310285
qwen-run-20260923T073021Z-LtPzSb,django__django-11433,54,42.8359375,40.125,679936.0,2162688.0,1.513769834032464,6.328652197701988
qwen-run-20260923T073021Z-LtPzSb,django__django-11433,55,44.5,41.796875,688128.0,2146304.0,1.4747191011235956,6.074438202247191
qwen-run-20260923T073021Z-LtPzSb,django__django-11451,1,4.03515625,3.26953125,65536.0,737280.0,1.5488867376573088,18.973862536302033
qwen-run-20260923T073021Z-LtPzSb,django__django-11451,2,56.34375,46.8515625,188416.0,9764864.0,0.3189129229062673,16.846921797004992
qwen-run-20260923T073021Z-LtPzSb,django__django-11451,3,26.53125,24.11328125,499712.0,2035712.0,1.7962308598351002,9.113663133097763
qwen-run-20260923T073021Z-LtPzSb,django__django-11451,4,26.5546875,24.34375,299008.0,2019328.0,1.07384524860253,8.32597822889085
qwen-run-20260923T073021Z-LtPzSb,django__django-11451,5,25.578125,23.31640625,380928.0,1990656.0,1.4202810018326206,8.842394624312767
qwen-run-20260923T073021Z-LtPzSb,django__django-11451,6,26.4296875,25.06640625,413696.0,1015808.0,1.4927579071829737,5.15814365947384
qwen-run-20260923T073021Z-LtPzSb,django__django-11451,7,25.6640625,23.51953125,245760.0,2002944.0,0.91324200913242,8.356164383561644
qwen-run-20260923T073021Z-LtPzSb,django__django-11451,8,31.05078125,28.7109375,299008.0,2154496.0,0.918354510001258,7.535539061517172
qwen-run-20260923T073021Z-LtPzSb,django__django-11451,9,26.26953125,24.1171875,258048.0,1998848.0,0.9368029739776952,8.193308550185874
qwen-run-20260923T073021Z-LtPzSb,django__django-11451,10,26.2734375,24.0546875,315392.0,2011136.0,1.144811180493607,8.444840915848944
qwen-run-20260923T073021Z-LtPzSb,django__django-11451,11,25.4375,23.3125,249856.0,1978368.0,0.9367321867321867,8.353808353808354
qwen-run-20260923T073021Z-LtPzSb,django__django-11451,12,26.390625,24.1171875,368640.0,2015232.0,1.3321492007104796,8.6145648312611
qwen-run-20260923T073021Z-LtPzSb,django__django-11451,13,26.3203125,24.0625,368640.0,1998848.0,1.335707925200356,8.578213119620065
qwen-run-20260923T073021Z-LtPzSb,django__django-11451,14,25.87109375,24.36328125,421888.0,1159168.0,1.5551864713875887,5.828174543258342
qwen-run-20260923T073021Z-LtPzSb,django__django-11451,15,25.71484375,23.43359375,339968.0,2052096.0,1.2608233328269787,8.871335257481391
qwen-run-20260923T073021Z-LtPzSb,django__django-11451,16,26.19140625,24.7265625,454656.0,1081344.0,1.6554809843400446,5.592841163310962
qwen-run-20260923T073021Z-LtPzSb,django__django-11451,17,43.5859375,41.90234375,520192.0,1245184.0,1.1381968094640618,3.8626994084961463
qwen-run-20260923T073021Z-LtPzSb,django__django-11451,18,24.1796875,22.67578125,380928.0,1196032.0,1.5024232633279484,6.219709208400646
qwen-run-20260923T073021Z-LtPzSb,django__django-11477,1,4.53125,3.546875,126976.0,905216.0,2.6724137931034484,21.724137931034484
qwen-run-20260923T073021Z-LtPzSb,django__django-11477,2,27.13671875,24.76953125,425984.0,2056192.0,1.4970490859363754,8.723189866129264
qwen-run-20260923T073021Z-LtPzSb,django__django-11477,3,48.33203125,39.37109375,483328.0,8912896.0,0.9536894851693203,18.540370160834073
qwen-run-20260923T073021Z-LtPzSb,django__django-11477,4,51.81640625,42.81640625,720896.0,8716288.0,1.3267998492272899,17.36901620806634
qwen-run-20260923T073021Z-LtPzSb,django__django-11477,5,26.62890625,23.96875,745472.0,2043904.0,2.6697960979903184,9.989731553469268
qwen-run-20260923T073021Z-LtPzSb,django__django-11477,6,26.66015625,23.9921875,782336.0,2015232.0,2.7985347985347984,10.007326007326007
qwen-run-20260923T073021Z-LtPzSb,django__django-11477,7,49.74609375,44.375,0.0,5632000.0,0.0,10.797016097369454
qwen-run-20260923T073021Z-LtPzSb,django__django-11477,8,27.10546875,24.68359375,471040.0,2068480.0,1.6572993226689725,8.93500504395446
qwen-run-20260923T073021Z-LtPzSb,django__django-11477,9,26.72265625,24.22265625,585728.0,2035712.0,2.0903376699312965,9.35535740388832
qwen-run-20260923T073021Z-LtPzSb,django__django-11477,10,49.8125,45.84765625,798720.0,3358720.0,1.5291718946047679,7.959535759096612
qwen-run-20260923T073021Z-LtPzSb,django__django-11477,11,49.03125,47.265625,753664.0,1097728.0,1.4659018483110262,3.6010197578075207
qwen-run-20260923T073021Z-LtPzSb,django__django-11477,12,33.6640625,29.31640625,811008.0,3747840.0,2.297516825249478,12.914829426781155
qwen-run-20260923T073021Z-LtPzSb,django__django-11477,13,27.0078125,24.234375,831488.0,2076672.0,2.936071738501591,10.269019380966155
qwen-run-20260923T073021Z-LtPzSb,django__django-11477,14,26.84375,24.06640625,839680.0,2072576.0,2.9831199068684517,10.346332945285216
qwen-run-20260923T073021Z-LtPzSb,django__django-11477,15,33.4453125,28.95703125,995328.0,3710976.0,2.8381219341275403,13.419761737911703
qwen-run-20260923T073021Z-LtPzSb,django__django-11477,16,32.08203125,27.734375,831488.0,3727360.0,2.471691221234628,13.551686350907099
qwen-run-20260923T073021Z-LtPzSb,django__django-11477,17,26.50390625,23.74609375,864256.0,2027520.0,3.109801031687546,10.405305821665438
qwen-run-20260923T073021Z-LtPzSb,django__django-11477,18,25.30078125,22.421875,974848.0,2043904.0,3.674540682414698,11.37872471823375
qwen-run-20260923T073021Z-LtPzSb,django__django-11477,19,27.66015625,24.6484375,892928.0,2265088.0,3.078661206044344,10.888292614037566
qwen-run-20260923T073021Z-LtPzSb,django__django-11477,20,26.95703125,24.21875,823296.0,2048000.0,2.912621359223301,10.157948123460368
qwen-run-20260923T073021Z-LtPzSb,django__django-11477,21,32.95703125,28.57421875,872448.0,3723264.0,2.524594050017779,13.298565840938723
qwen-run-20260923T073021Z-LtPzSb,django__django-11477,22,26.83203125,23.921875,1007616.0,2043904.0,3.581307322754404,10.845829087203377
qwen-run-20260923T073021Z-LtPzSb,django__django-11477,23,42.07421875,34.58203125,860160.0,6995968.0,1.9496796954786,17.80707455203788
qwen-run-20260923T073021Z-LtPzSb,django__django-11477,24,26.79296875,23.95703125,937984.0,2035712.0,3.3386791077416533,10.584633328473538
qwen-run-20260923T073021Z-LtPzSb,django__django-11477,25,26.8203125,24.03125,897024.0,2027520.0,3.1896300611709876,10.399067870667055
qwen-run-20260923T073021Z-LtPzSb,django__django-11477,26,26.80078125,24.03125,868352.0,2035712.0,3.089928581839382,10.333770587377932
qwen-run-20260923T073021Z-LtPzSb,django__django-11477,27,27.1484375,24.3984375,835584.0,2048000.0,2.935251798561151,10.129496402877697
qwen-run-20260923T073021Z-LtPzSb,django__django-11477,28,27.015625,24.18359375,917504.0,2052096.0,3.2388663967611335,10.482938114517061
qwen-run-20260923T073021Z-LtPzSb,django__django-11477,29,26.7421875,23.921875,897024.0,2060288.0,3.198948290972831,10.546304411335086
qwen-run-20260923T073021Z-LtPzSb,django__django-11477,30,27.2578125,24.42578125,888832.0,2080768.0,3.109773574089997,10.389796503296074
qwen-run-20260923T073021Z-LtPzSb,django__django-11477,31,27.0078125,24.02734375,1056768.0,2068480.0,3.7315591553369973,11.035579982643911
qwen-run-20260923T073021Z-LtPzSb,django__django-11477,32,27.0625,24.0546875,1097728.0,2056192.0,3.868360277136259,11.11431870669746
qwen-run-20260923T073021Z-LtPzSb,django__django-11477,33,26.95703125,23.96484375,1077248.0,2060288.0,3.811041877988697,11.099840602811186
qwen-run-20260923T073021Z-LtPzSb,django__django-11477,34,26.734375,24.62109375,143360.0,2072576.0,0.5113968439509059,7.904734073641145
qwen-run-20260923T073021Z-LtPzSb,django__django-11477,35,26.7421875,24.41796875,389120.0,2048000.0,1.387671633070406,8.69120654396728
qwen-run-20260923T073021Z-LtPzSb,django__django-11477,36,26.76953125,24.296875,540672.0,2052096.0,1.926163723916533,9.236830585145192
qwen-run-20260923T073021Z-LtPzSb,django__django-11477,37,26.640625,24.06640625,634880.0,2064384.0,2.272727272727273,9.662756598240469
qwen-run-20260923T073021Z-LtPzSb,django__django-11477,38,26.87109375,25.0390625,761856.0,1159168.0,2.7038813781072832,6.81785143189417
qwen-run-20260923T073021Z-LtPzSb,django__django-11477,39,25.69140625,23.16015625,634880.0,2019328.0,2.3566975824844154,9.852516344838072
qwen-run-20260923T073021Z-LtPzSb,django__django-11477,40,26.64453125,24.07421875,684032.0,2011136.0,2.448321360504325,9.646679372526023
qwen-run-20260923T073021Z-LtPzSb,django__django-11477,41,26.609375,24.13671875,577536.0,2015232.0,2.069876688197299,9.292425132119789
qwen-run-20260923T073021Z-LtPzSb,django__django-11477,42,26.4375,23.921875,622592.0,2015232.0,2.2458628841607564,9.515366430260046
qwen-run-20260923T073021Z-LtPzSb,django__django-11477,43,26.72265625,24.16015625,647168.0,2039808.0,2.309603859084929,9.589241338985529
qwen-run-20260923T073021Z-LtPzSb,django__django-11477,44,26.71875,24.078125,741376.0,2027520.0,2.646198830409357,9.883040935672515
qwen-run-20260923T073021Z-LtPzSb,django__django-11477,45,33.08203125,28.5546875,1032192.0,3715072.0,2.975557917109458,13.685204864801038
qwen-run-20260923T073021Z-LtPzSb,django__django-11477,46,33.23046875,28.72265625,1011712.0,3715072.0,2.9034912425061714,13.565299165393206
qwen-run-20260923T073021Z-LtPzSb,django__django-11477,47,27.0546875,24.16015625,974848.0,2060288.0,3.436326884204447,10.698816055443258
qwen-run-20260923T073021Z-LtPzSb,django__django-11477,48,26.953125,24.03125,1024000.0,2039808.0,3.6231884057971016,10.840579710144928
qwen-run-20260923T073021Z-LtPzSb,django__django-11477,49,27.07421875,24.1484375,1003520.0,2064384.0,3.5348434569326215,10.806521425479728
qwen-run-20260923T073021Z-LtPzSb,django__django-11477,50,26.0234375,24.02734375,1101824.0,991232.0,4.037826478534974,7.670369258480937
qwen-run-20260923T073021Z-LtPzSb,django__django-11477,51,31.609375,28.46875,1122304.0,2170880.0,3.3860603064755312,9.935739001482947
qwen-run-20260923T073021Z-LtPzSb,django__django-11477,52,26.1875,23.30078125,983040.0,2043904.0,3.579952267303103,11.02326968973747
qwen-run-20260923T073021Z-LtPzSb,django__django-11477,53,46.59375,43.16015625,1163264.0,2437120.0,2.380952380952381,7.369215291750503
qwen-run-20260923T073021Z-LtPzSb,django__django-11477,54,27.3359375,24.296875,1097728.0,2088960.0,3.829665618748214,11.117462132037724
qwen-run-20260923T073021Z-LtPzSb,django__django-11477,55,64.80078125,59.9765625,1167360.0,3891200.0,1.7180059075290854,7.444692265959371
qwen-run-20260923T073021Z-LtPzSb,django__django-11477,56,26.3046875,23.1796875,1187840.0,2088960.0,4.306504306504307,11.88001188001188
qwen-run-20260923T073021Z-LtPzSb,django__django-11477,57,64.375,59.6015625,1208320.0,3796992.0,1.7900485436893203,7.415048543689321
qwen-run-20260923T073021Z-LtPzSb,django__django-11477,58,26.3046875,23.23828125,1122304.0,2093056.0,4.068904068904069,11.657261657261657
qwen-run-20260923T073021Z-LtPzSb,django__django-11477,59,64.01953125,59.27734375,1138688.0,3833856.0,1.6962596863750077,7.407407407407407
qwen-run-20260923T073021Z-LtPzSb,django__django-11477,60,27.62890625,25.5234375,73728.0,2134016.0,0.25448890145624203,7.620528771384137
qwen-run-20260923T073021Z-LtPzSb,django__django-11477,61,26.375,23.9921875,434176.0,2064384.0,1.569905213270142,9.03436018957346
qwen-run-20260923T073021Z-LtPzSb,django__django-11477,62,63.609375,59.28125,651264.0,3887104.0,0.976418570375829,6.804225006140998
qwen-run-20260923T073021Z-LtPzSb,django__django-11477,63,26.3984375,23.73828125,675840.0,2113536.0,2.4415507546611424,10.07694584196508
qwen-run-20260923T073021Z-LtPzSb,django__django-11477,64,63.55859375,59.03515625,868352.0,3874816.0,1.3029315960912051,7.116956548460451
qwen-run-20260923T073021Z-LtPzSb,django__django-11477,65,42.375,34.734375,770048.0,7241728.0,1.733038348082596,18.030973451327434
qwen-run-20260923T073021Z-LtPzSb,django__django-11477,66,26.078125,23.296875,786432.0,2129920.0,2.8759736369083284,10.665068903535051
qwen-run-20260923T073021Z-LtPzSb,django__django-11477,67,26.01171875,23.31640625,745472.0,2080768.0,2.733143114581769,10.361916203634179
qwen-run-20260923T073021Z-LtPzSb,django__django-11477,68,63.71875,59.12109375,929792.0,3891200.0,1.3916135360470818,7.215546836684649
qwen-run-20260923T073021Z-LtPzSb,django__django-11477,69,27.23046875,24.890625,1159168.0,1294336.0,4.059675799741788,8.592741357050638
qwen-run-20260923T073021Z-LtPzSb,django__django-11477,70,24.90234375,22.51953125,1191936.0,1306624.0,4.564705882352941,9.568627450980392
qwen-run-20260923T073021Z-LtPzSb,django__django-11477,71,62.43359375,60.234375,970752.0,1335296.0,1.482825502095977,3.5224926484389663
qwen-run-20260923T073021Z-LtPzSb,django__django-11477,72,26.09375,23.25390625,856064.0,2121728.0,3.12874251497006,10.883233532934131
qwen-run-20260923T073021Z-LtPzSb,django__django-11477,73,25.53515625,22.73046875,864256.0,2076672.0,3.227780327367294,10.983631635306716
qwen-run-20260923T073021Z-LtPzSb,django__django-11477,74,63.40625,58.84375,876544.0,3907584.0,1.3183834401182848,7.195662888122228
qwen-run-20260923T073021Z-LtPzSb,django__django-11477,75,26.1796875,23.17578125,1024000.0,2125824.0,3.7302297821545807,11.47418680990749
qwen-run-20260923T073021Z-LtPzSb,django__django-11477,76,64.03515625,59.30859375,1105920.0,3850240.0,1.6470444702006954,7.381199292380894
qwen-run-20260923T073021Z-LtPzSb,django__django-11477,77,41.29296875,37.6171875,1220608.0,2633728.0,2.8190332040488126,8.901712231576957
qwen-run-20260923T073021Z-LtPzSb,django__django-11477,78,24.0703125,20.875,1196032.0,2154496.0,4.738721194417397,13.274910743265174
qwen-run-20260923T073021Z-LtPzSb,django__django-11490,1,4.40625,3.55078125,196608.0,700416.0,4.25531914893617,19.414893617021278
qwen-run-20260923T073021Z-LtPzSb,django__django-11490,2,40.04296875,35.14453125,475136.0,4661248.0,1.1315969173739147,12.232952882645595
qwen-run-20260923T073021Z-LtPzSb,django__django-11490,3,40.8515625,35.8359375,569344.0,4689920.0,1.3291260279212087,12.27768215720023
qwen-run-20260923T073021Z-LtPzSb,django__django-11490,4,24.85546875,22.93359375,466944.0,1548288.0,1.7916077322017916,7.732201791607732
qwen-run-20260923T073021Z-LtPzSb,django__django-11490,5,24.609375,22.921875,286720.0,1482752.0,1.1111111111111112,6.857142857142857
qwen-run-20260923T073021Z-LtPzSb,django__django-11490,6,24.87890625,22.9453125,544768.0,1482752.0,2.088239912074109,7.772020725388601
qwen-run-20260923T073021Z-LtPzSb,django__django-11490,7,23.9375,22.0625,483328.0,1482752.0,1.9255874673629243,7.83289817232376
qwen-run-20260923T073021Z-LtPzSb,django__django-11490,8,24.7421875,23.1171875,221184.0,1482752.0,0.8525418377012945,6.5677297126618255
qwen-run-20260923T073021Z-LtPzSb,django__django-11490,9,24.80078125,23.04296875,372736.0,1470464.0,1.4332965821389194,7.087730351236416
qwen-run-20260923T073021Z-LtPzSb,django__django-11490,10,24.79296875,23.01953125,356352.0,1503232.0,1.370726327398771,7.152985662517725
qwen-run-20260923T073021Z-LtPzSb,django__django-11490,11,24.046875,22.1953125,458752.0,1482752.0,1.8193632228719947,7.699805068226121
qwen-run-20260923T073021Z-LtPzSb,django__django-11490,12,23.8046875,22.0546875,352256.0,1482752.0,1.4112241549064655,7.351493272070889
qwen-run-20260923T073021Z-LtPzSb,django__django-11490,13,24.75,22.9453125,397312.0,1495040.0,1.5309343434343434,7.291666666666667
qwen-run-20260923T073021Z-LtPzSb,django__django-11490,14,24.95703125,23.19921875,331776.0,1511424.0,1.2678040381906401,7.043355767725779
qwen-run-20260923T073021Z-LtPzSb,django__django-11490,15,24.66015625,22.9375,335872.0,1470464.0,1.2989070172659591,6.985585300174244
qwen-run-20260923T073021Z-LtPzSb,django__django-11490,16,23.765625,22.0625,331776.0,1454080.0,1.331360946745562,7.166337935568705
qwen-run-20260923T073021Z-LtPzSb,django__django-11490,17,23.6875,21.98046875,327680.0,1462272.0,1.3192612137203166,7.20646437994723
qwen-run-20260923T073021Z-LtPzSb,django__django-11490,18,25.5703125,23.7890625,327680.0,1540096.0,1.2221203788573174,6.96608615948671
qwen-run-20260923T073021Z-LtPzSb,django__django-11490,19,24.0,22.2734375,319488.0,1490944.0,1.26953125,7.194010416666667
qwen-run-20260923T073021Z-LtPzSb,django__django-11490,20,23.7421875,22.09765625,253952.0,1470464.0,1.0200723922342876,6.926620598881211
qwen-run-20260923T073021Z-LtPzSb,django__django-11490,21,28.8515625,27.0625,319488.0,1556480.0,1.0560519902518277,6.200920660709451
qwen-run-20260923T073021Z-LtPzSb,django__django-11490,22,23.85546875,22.15625,282624.0,1499136.0,1.1298509906664482,7.122973636810218
qwen-run-20260923T073021Z-LtPzSb,django__django-11490,23,61.64453125,57.9140625,458752.0,3452928.0,0.709714213294468,6.051581015144794
qwen-run-20260923T073021Z-LtPzSb,django__django-11490,24,24.08984375,22.1953125,462848.0,1523712.0,1.8323333873844656,7.8644397600129725
qwen-run-20260923T073021Z-LtPzSb,django__django-11490,25,58.76953125,55.46484375,544768.0,2920448.0,0.8840146227982718,5.623130608175473
qwen-run-20260923T073021Z-LtPzSb,django__django-11490,26,41.76953125,39.71484375,503808.0,1650688.0,1.150285233330216,4.919105957168241
qwen-run-20260923T073021Z-LtPzSb,django__django-11490,27,23.9921875,22.26171875,339968.0,1474560.0,1.3513513513513513,7.212634321068056
qwen-run-20260923T073021Z-LtPzSb,django__django-11532,1,4.1328125,3.30859375,167936.0,696320.0,3.8752362948960304,19.943289224952743
qwen-run-20260923T073021Z-LtPzSb,django__django-11532,2,46.98828125,37.9375,679936.0,8810496.0,1.3799983373514009,19.261784021946962
qwen-run-20260923T073021Z-LtPzSb,django__django-11532,3,26.0,23.34765625,819200.0,1961984.0,3.0048076923076925,10.201322115384615
qwen-run-20260923T073021Z-LtPzSb,django__django-11532,4,25.4453125,23.01953125,598016.0,1945600.0,2.2413263739637705,9.533312864599324
qwen-run-20260923T073021Z-LtPzSb,django__django-11532,5,26.91796875,24.47265625,589824.0,1974272.0,2.0896821941663037,9.084312871861849
qwen-run-20260923T073021Z-LtPzSb,django__django-11532,6,26.0625,23.61328125,598016.0,1970176.0,2.1882494004796165,9.397482014388489
qwen-run-20260923T073021Z-LtPzSb,django__django-11532,7,25.3984375,22.98828125,561152.0,1966080.0,2.107043986465703,9.489387880652107
qwen-run-20260923T073021Z-LtPzSb,django__django-11532,8,26.25,23.828125,573440.0,1966080.0,2.0833333333333335,9.226190476190476
qwen-run-20260923T073021Z-LtPzSb,django__django-11532,9,26.33984375,24.00390625,462848.0,1986560.0,1.675811953136586,8.868456176775915
qwen-run-20260923T073021Z-LtPzSb,django__django-11532,10,26.375,24.0703125,425984.0,1990656.0,1.5402843601895735,8.738151658767773
qwen-run-20260923T073021Z-LtPzSb,django__django-11532,11,25.27734375,22.94140625,483328.0,1966080.0,1.8235203214340905,9.241230103538866
qwen-run-20260923T073021Z-LtPzSb,django__django-11532,12,30.65625,28.52734375,368640.0,1863680.0,1.146788990825688,6.944444444444445
qwen-run-20260923T073021Z-LtPzSb,django__django-11532,13,25.41015625,22.9921875,532480.0,2002944.0,1.9984627209838586,9.51575710991545
qwen-run-20260923T073021Z-LtPzSb,django__django-11532,14,53.01171875,49.29296875,913408.0,2985984.0,1.643209785572176,7.014958367106329
qwen-run-20260923T073021Z-LtPzSb,django__django-11532,15,25.8359375,23.08203125,794624.0,2093056.0,2.933172059268219,10.659207741155125
qwen-run-20260923T073021Z-LtPzSb,django__django-11532,16,65.2421875,60.60546875,454656.0,4407296.0,0.6645910669380912,7.10693330140103
qwen-run-20260923T073021Z-LtPzSb,django__django-11532,17,31.78515625,27.6875,737280.0,3559424.0,2.212117488017697,12.891729138503134
qwen-run-20260923T073021Z-LtPzSb,django__django-11532,18,26.71875,24.26171875,569344.0,2007040.0,2.0321637426900585,9.195906432748538
qwen-run-20260923T073021Z-LtPzSb,django__django-11532,19,25.73828125,23.08984375,774144.0,2002944.0,2.868417058734254,10.28987706784034
qwen-run-20260923T073021Z-LtPzSb,django__django-11532,20,47.6328125,39.90234375,880640.0,7225344.0,1.7631622109234049,16.22929309496474
qwen-run-20260923T073021Z-LtPzSb,django__django-11532,21,26.4765625,23.79296875,765952.0,2048000.0,2.7589259368545296,10.135733254647388
qwen-run-20260923T073021Z-LtPzSb,django__django-11532,22,47.3359375,38.91015625,802816.0,8032256.0,1.6174286185839248,17.79996699125268
qwen-run-20260923T073021Z-LtPzSb,django__django-11532,23,26.6875,24.58984375,962560.0,1236992.0,3.439695550351288,7.860070257611241
qwen-run-20260923T073021Z-LtPzSb,django__django-11532,24,24.37890625,21.67578125,835584.0,1998848.0,3.2687069379907068,11.087966672007692
qwen-run-20260923T073021Z-LtPzSb,django__django-11532,25,62.52734375,57.9609375,757760.0,4030464.0,1.1557443618416943,7.303054913475354
qwen-run-20260923T073021Z-LtPzSb,django__django-11532,26,31.41015625,27.19921875,864256.0,3551232.0,2.6240517348588486,13.406292749658002
qwen-run-20260923T073021Z-LtPzSb,django__django-11532,27,26.12890625,23.26953125,958464.0,2039808.0,3.498280759455823,10.943339811631036
qwen-run-20260923T073021Z-LtPzSb,django__django-11532,28,25.99609375,23.12109375,958464.0,2056192.0,3.516153268219384,11.059353869271225
qwen-run-20260923T073021Z-LtPzSb,django__django-11532,29,64.0546875,58.78515625,1142784.0,4382720.0,1.7014270032930845,8.226613001585559
qwen-run-20260923T073021Z-LtPzSb,django__django-11532,30,25.84765625,22.96484375,950272.0,2072576.0,3.5061205984585158,11.153090524406831
qwen-run-20260923T073021Z-LtPzSb,django__django-11532,31,63.75,58.63671875,999424.0,4362240.0,1.4950980392156863,8.020833333333334
qwen-run-20260923T073021Z-LtPzSb,django__django-11532,32,25.796875,23.05078125,860160.0,2019328.0,3.1798909751665656,10.645063597819503
qwen-run-20260923T073021Z-LtPzSb,django__django-11532,33,63.70703125,58.8125,794624.0,4337664.0,1.189527254889938,7.682874486479858
qwen-run-20260923T073021Z-LtPzSb,django__django-11532,34,25.78515625,23.03515625,872448.0,2011136.0,3.2267838206332375,10.665050749886381
qwen-run-20260923T073021Z-LtPzSb,django__django-11532,35,64.25,59.171875,958464.0,4366336.0,1.4226653696498055,7.903696498054475
qwen-run-20260923T073021Z-LtPzSb,django__django-11532,36,26.41015625,24.14453125,364544.0,2011136.0,1.3163733175565744,8.578612631267564
qwen-run-20260923T073021Z-LtPzSb,django__django-11532,37,26.2734375,24.83984375,430080.0,1073152.0,1.5611061552185548,5.456437704430568
qwen-run-20260923T073021Z-LtPzSb,django__django-11532,38,37.0625,34.109375,585728.0,2510848.0,1.5071669477234402,7.967959527824621
qwen-run-20260923T073021Z-LtPzSb,django__django-11532,39,25.65234375,23.15625,630784.0,1986560.0,2.3450586264656614,9.730470534490635
qwen-run-20260923T073021Z-LtPzSb,django__django-11532,40,63.58203125,58.85546875,720896.0,4235264.0,1.0812803342139214,7.43380229772071
qwen-run-20260923T073021Z-LtPzSb,django__django-11532,41,37.58203125,34.40625,827392.0,2502656.0,2.0995738488722586,8.450265045213595
qwen-run-20260923T073021Z-LtPzSb,django__django-11532,42,31.125,28.39453125,724992.0,2138112.0,2.2213855421686746,8.772590361445783
qwen-run-20260923T073021Z-LtPzSb,django__django-11532,43,31.10546875,28.2734375,823296.0,2146304.0,2.524174306166018,9.10460881577295
qwen-run-20260923T073021Z-LtPzSb,django__django-11532,44,26.0703125,23.38671875,794624.0,2019328.0,2.906802517231046,10.293676955349117
qwen-run-20260923T073021Z-LtPzSb,django__django-11532,45,32.54296875,29.6171875,831488.0,2236416.0,2.43668227103589,8.99051734485656
qwen-run-20260923T073021Z-LtPzSb,django__django-11532,46,26.0703125,23.2890625,909312.0,2007040.0,3.32634102487264,10.66826490860054
qwen-run-20260923T073021Z-LtPzSb,django__django-11532,47,32.546875,29.66015625,778240.0,2248704.0,2.2803648583773404,8.86941910705713
qwen-run-20260923T073021Z-LtPzSb,django__django-11532,48,31.1640625,28.46484375,688128.0,2142208.0,2.1057909250438707,8.66131862622211
qwen-run-20260923T073021Z-LtPzSb,django__django-11532,49,31.1796875,28.6171875,552960.0,2134016.0,1.691305437233776,8.218491606113757
qwen-run-20260923T073021Z-LtPzSb,django__django-11532,50,32.34375,29.6015625,647168.0,2228224.0,1.9082125603864735,8.478260869565217
qwen-run-20260923T073021Z-LtPzSb,django__django-11532,51,31.1484375,28.515625,626688.0,2134016.0,1.9187358916478556,8.452470529219966
qwen-run-20260923T073021Z-LtPzSb,django__django-11532,52,25.671875,23.1484375,638976.0,2007040.0,2.373706634205721,9.829580036518564
qwen-run-20260923T073021Z-LtPzSb,django__django-11532,53,32.37109375,29.66015625,581632.0,2260992.0,1.713527211294799,8.374562567877398
qwen-run-20260923T073021Z-LtPzSb,django__django-11532,54,25.8203125,23.33203125,602112.0,2007040.0,2.2239031770045385,9.636913767019667
qwen-run-20260923T073021Z-LtPzSb,django__django-11532,55,31.0,28.41796875,569344.0,2138112.0,1.7515120967741935,8.32913306451613
qwen-run-20260923T073021Z-LtPzSb,django__django-11532,56,26.3046875,23.63671875,782336.0,2015232.0,2.8363528363528365,10.142560142560143
qwen-run-20260923T073021Z-LtPzSb,django__django-11532,57,25.80859375,23.1796875,778240.0,1978368.0,2.8757378537914335,10.186166187377024
qwen-run-20260923T073021Z-LtPzSb,django__django-11532,58,25.3828125,22.75390625,724992.0,2031616.0,2.723915050784857,10.357032933210219
qwen-run-20260923T073021Z-LtPzSb,django__django-11532,59,25.53515625,22.96875,659456.0,2031616.0,2.462903472540921,10.05048187241854
qwen-run-20260923T073021Z-LtPzSb,django__django-11532,60,64.05859375,61.265625,815104.0,2113536.0,1.2134886273553265,4.360021952558083
qwen-run-20260923T073021Z-LtPzSb,django__django-11532,61,25.2890625,21.671875,876544.0,2916352.0,3.305529811553908,14.303367315415509
qwen-run-20260923T073021Z-LtPzSb,django__django-11551,1,4.18359375,3.38671875,94208.0,741376.0,2.1475256769374416,19.047619047619047
qwen-run-20260923T073021Z-LtPzSb,django__django-11551,2,48.3984375,39.515625,655360.0,8658944.0,1.29136400322841,18.353510895883776
qwen-run-20260923T073021Z-LtPzSb,django__django-11551,3,74.42578125,68.75390625,684032.0,5263360.0,0.8765023880753687,7.62084711069123
qwen-run-20260923T073021Z-LtPzSb,django__django-11551,4,27.1171875,24.47265625,708608.0,2064384.0,2.492077211178335,9.75223278594065
qwen-run-20260923T073021Z-LtPzSb,django__django-11551,5,27.20703125,24.6328125,622592.0,2076672.0,2.1823402727925343,9.46159368269921
qwen-run-20260923T073021Z-LtPzSb,django__django-11551,6,26.9609375,25.4375,405504.0,1191936.0,1.4343668501883513,5.650536076499566
qwen-run-20260923T073021Z-LtPzSb,django__django-11551,7,43.9765625,41.3984375,552960.0,2150400.0,1.1991472730502755,5.862497779356902
qwen-run-20260923T073021Z-LtPzSb,django__django-11551,8,25.8359375,23.3671875,532480.0,2056192.0,1.9655276685817962,9.555488358028425
qwen-run-20260923T073021Z-LtPzSb,django__django-11551,9,43.90234375,41.55078125,344064.0,2121728.0,0.7473974552896165,5.356348429575585
qwen-run-20260923T073021Z-LtPzSb,django__django-11555,1,4.53515625,3.625,225280.0,729088.0,4.7372954349698535,20.068906115417743
qwen-run-20260923T073021Z-LtPzSb,django__django-11555,2,26.8984375,24.4375,548864.0,2031616.0,1.9459773453383677,9.148997966889342
qwen-run-20260923T073021Z-LtPzSb,django__django-11555,3,42.84375,35.4375,532480.0,7233536.0,1.1852662290299052,17.286652078774615
qwen-run-20260923T073021Z-LtPzSb,django__django-11555,4,28.015625,25.36328125,720896.0,2060288.0,2.4539877300613497,9.467373117679866
qwen-run-20260923T073021Z-LtPzSb,django__django-11555,5,51.359375,41.90234375,782336.0,9134080.0,1.452692424703377,18.413446912077884
qwen-run-20260923T073021Z-LtPzSb,django__django-11555,6,26.52734375,23.92578125,696320.0,2031616.0,2.503313208658519,9.807097629215138
qwen-run-20260923T073021Z-LtPzSb,django__django-11555,7,26.53125,24.03125,622592.0,1998848.0,2.237926972909305,9.422850412249705
qwen-run-20260923T073021Z-LtPzSb,django__django-11555,8,27.01953125,24.59375,540672.0,2002944.0,1.9083417666618476,8.977880584068238
qwen-run-20260923T073021Z-LtPzSb,django__django-11555,9,26.34375,23.91015625,561152.0,1990656.0,2.031435349940688,9.237841043890866
qwen-run-20260923T073021Z-LtPzSb,django__django-11555,10,26.36328125,24.2578125,233472.0,1974272.0,0.8445695658616091,7.986368350866795
qwen-run-20260923T073021Z-LtPzSb,django__django-11555,11,50.98828125,41.80078125,319488.0,9314304.0,0.5975637784417376,18.018846242243164
qwen-run-20260923T073021Z-LtPzSb,django__django-11555,12,26.18359375,23.85546875,438272.0,2002944.0,1.5963001641056243,8.891541100999552
qwen-run-20260923T073021Z-LtPzSb,django__django-11555,13,51.06640625,46.2109375,430080.0,4661248.0,0.8031821311099212,9.508146561615543
qwen-run-20260923T073021Z-LtPzSb,django__django-11555,14,28.87890625,26.29296875,557056.0,2154496.0,1.8395779791694846,8.954416339780874
qwen-run-20260923T073021Z-LtPzSb,django__django-11555,15,26.484375,23.97265625,655360.0,1978368.0,2.359882005899705,9.483775811209439
qwen-run-20260923T073021Z-LtPzSb,django__django-11555,16,26.3203125,23.9609375,479232.0,1994752.0,1.736420302760463,8.96408429801128
qwen-run-20260923T073021Z-LtPzSb,django__django-11555,17,26.515625,24.12109375,491520.0,2019328.0,1.7678255745433118,9.03064230995875
qwen-run-20260923T073021Z-LtPzSb,django__django-11555,18,26.67578125,24.23046875,552960.0,2011136.0,1.9768633767755162,9.16678869527017
qwen-run-20260923T073021Z-LtPzSb,django__django-11555,19,26.53515625,24.02734375,622592.0,2007040.0,2.2375975268658914,9.4509053437362
qwen-run-20260923T073021Z-LtPzSb,django__django-11555,20,26.7109375,24.19921875,634880.0,1998848.0,2.2667446621819245,9.403334308277275
qwen-run-20260923T073021Z-LtPzSb,django__django-11555,21,26.71875,24.2890625,557056.0,1990656.0,1.9883040935672514,9.09356725146199
qwen-run-20260923T073021Z-LtPzSb,django__django-11555,22,31.15625,27.5078125,716800.0,3108864.0,2.1940822467402206,11.71013039117352
qwen-run-20260923T073021Z-LtPzSb,django__django-11555,23,55.37890625,47.609375,1187840.0,6959104.0,2.0455667630669394,14.02976652324187
qwen-run-20260923T073021Z-LtPzSb,django__django-11555,24,27.53515625,24.18359375,1372160.0,2142208.0,4.752447155624911,12.171939282167683
qwen-run-20260923T073021Z-LtPzSb,django__django-11555,25,27.2109375,23.9375,1388544.0,2043904.0,4.866494401378122,12.029859316681023
qwen-run-20260923T073021Z-LtPzSb,django__django-11555,26,25.984375,23.796875,307200.0,1986560.0,1.127480457005412,8.418520745640409
qwen-run-20260923T073021Z-LtPzSb,django__django-11555,27,26.5546875,24.4296875,221184.0,2007040.0,0.794351279788173,8.002353633421595
qwen-run-20260923T073021Z-LtPzSb,django__django-11555,28,26.58984375,24.27734375,421888.0,2002944.0,1.5131482297634788,8.696929631261936
qwen-run-20260923T073021Z-LtPzSb,django__django-11555,29,43.921875,41.578125,323584.0,2134016.0,0.7025969405905371,5.336179295624333
qwen-run-20260923T073021Z-LtPzSb,django__django-11555,30,25.61328125,23.26953125,446464.0,2011136.0,1.6623455848711302,9.150526155253926
qwen-run-20260923T073021Z-LtPzSb,django__django-11555,31,26.70703125,24.47265625,503808.0,1839104.0,1.799034664326459,8.366242504022232
qwen-run-20260923T073021Z-LtPzSb,django__django-11555,32,26.828125,24.3828125,520192.0,2043904.0,1.8491555037856726,9.114735002912056
qwen-run-20260923T073021Z-LtPzSb,django__django-11555,33,43.82421875,41.3046875,524288.0,2117632.0,1.1409216507710134,5.74917550583831
qwen-run-20260923T073021Z-LtPzSb,django__django-11555,34,25.80078125,23.30078125,606208.0,2015232.0,2.2407267221801663,9.689629068887207
qwen-run-20260923T073021Z-LtPzSb,django__django-11555,35,25.8515625,23.39453125,561152.0,2015232.0,2.0701118162586885,9.504381988516169
qwen-run-20260923T073021Z-LtPzSb,django__django-11555,36,25.62109375,23.81640625,716800.0,1175552.0,2.6680896478121663,7.04375667022412
qwen-run-20260923T073021Z-LtPzSb,django__django-11555,37,25.40234375,23.54296875,774144.0,1175552.0,2.9063509149623252,7.3196986006458555
qwen-run-20260923T073021Z-LtPzSb,django__django-11555,38,25.5,23.5546875,860160.0,1179648.0,3.2169117647058822,7.6286764705882355
qwen-run-20260923T073021Z-LtPzSb,django__django-11555,39,24.9765625,23.19140625,786432.0,1085440.0,3.0028151391929936,7.147325617766656
qwen-run-20260923T073021Z-LtPzSb,django__django-11555,40,25.90234375,24.09765625,819200.0,1073152.0,3.0161363293620873,6.967274920826421
qwen-run-20260923T073021Z-LtPzSb,django__django-11555,41,26.9140625,24.9140625,966656.0,1130496.0,3.425253991291727,7.431059506531205
qwen-run-20260923T073021Z-LtPzSb,django__django-11555,42,26.640625,23.71484375,983040.0,2084864.0,3.5190615835777126,10.982404692082111
qwen-run-20260923T073021Z-LtPzSb,django__django-11555,43,27.00390625,23.99609375,1089536.0,2064384.0,3.8478229422826558,11.138434832923478
qwen-run-20260923T073021Z-LtPzSb,django__django-11555,44,26.59375,23.63671875,1056768.0,2043904.0,3.789659224441833,11.119271445358402
qwen-run-20260923T073021Z-LtPzSb,django__django-11555,45,25.796875,23.0,929792.0,2002944.0,3.4373107207752875,10.841913991520292
qwen-run-20260923T073021Z-LtPzSb,django__django-11555,46,31.66796875,28.68359375,888832.0,2240512.0,2.6766991488836807,9.423954607129641
qwen-run-20260923T073021Z-LtPzSb,django__django-11555,47,26.52734375,23.828125,806912.0,2023424.0,2.900898247680754,10.175231924606097
qwen-run-20260923T073021Z-LtPzSb,django__django-11555,48,31.7421875,28.73828125,909312.0,2240512.0,2.7319714496677334,9.463450652227419
qwen-run-20260923T073021Z-LtPzSb,django__django-11555,49,27.0078125,24.15234375,958464.0,2035712.0,3.384437373445184,10.572750940121493
qwen-run-20260923T073021Z-LtPzSb,django__django-11555,50,25.8671875,23.17578125,815104.0,2007040.0,3.0051344004832377,10.404711567502265
qwen-run-20260923T073021Z-LtPzSb,django__django-11555,51,31.484375,28.68359375,802816.0,2134016.0,2.431761786600496,8.895781637717121
qwen-run-20260923T073021Z-LtPzSb,django__django-11555,52,31.6015625,28.74609375,860160.0,2134016.0,2.595797280593325,9.035846724351051
qwen-run-20260923T073021Z-LtPzSb,django__django-11555,53,31.7265625,29.03125,696320.0,2129920.0,2.093080522038907,8.495444471804975
qwen-run-20260923T073021Z-LtPzSb,django__django-11555,54,26.77734375,24.2265625,688128.0,1986560.0,2.450765864332604,9.525893508388037
qwen-run-20260923T073021Z-LtPzSb,django__django-11555,55,31.828125,29.0390625,712704.0,2211840.0,2.1354933726067746,8.762886597938145
qwen-run-20260923T073021Z-LtPzSb,django__django-11555,56,26.5625,24.6484375,4096.0,2002944.0,0.014705882352941176,7.205882352941177
qwen-run-20260923T073021Z-LtPzSb,django__django-11555,57,44.38671875,41.96484375,471040.0,2068480.0,1.0120566751738098,5.456305553110974
qwen-run-20260923T073021Z-LtPzSb,django__django-11555,58,25.859375,23.41796875,581632.0,1978368.0,2.1450151057401814,9.441087613293051
qwen-run-20260923T073021Z-LtPzSb,django__django-11603,1,4.03515625,3.0390625,139264.0,905216.0,3.291384317521781,24.68538238141336
qwen-run-20260923T073021Z-LtPzSb,django__django-11603,2,27.0078125,24.58984375,442368.0,2093056.0,1.5620480185131618,8.95284929129303
qwen-run-20260923T073021Z-LtPzSb,django__django-11603,3,42.23828125,35.5625,237568.0,6762496.0,0.536391380745399,15.80504947748081
qwen-run-20260923T073021Z-LtPzSb,django__django-11603,4,31.55859375,27.87890625,335872.0,3522560.0,1.014977101126377,11.659858893427405
qwen-run-20260923T073021Z-LtPzSb,django__django-11728,1,4.5859375,3.71875,196608.0,712704.0,4.088586030664395,18.909710391822827
qwen-run-20260923T073021Z-LtPzSb,django__django-11728,2,26.6328125,24.28515625,528384.0,1933312.0,1.8920504546787915,8.814901730712819
qwen-run-20260923T073021Z-LtPzSb,django__django-11728,3,44.76953125,38.63671875,573440.0,5857280.0,1.2215338975656576,13.698630136986301
qwen-run-20260923T073021Z-LtPzSb,django__django-11728,4,186.546875,177.57421875,512000.0,8896512.0,0.2617472150096323,4.809866823017003
qwen-run-20260923T073021Z-LtPzSb,django__django-11728,5,186.578125,180.21484375,73728.0,6598656.0,0.03768528598944812,3.410518382045055
qwen-run-20260923T073021Z-LtPzSb,django__django-11728,6,187.06640625,177.51171875,253952.0,9764864.0,0.1294660569233018,5.1076447618451
qwen-run-20260923T073021Z-LtPzSb,django__django-11728,7,25.6328125,23.30078125,462848.0,1982464.0,1.7220359646449253,9.09783602560195
qwen-run-20260923T073021Z-LtPzSb,django__django-11728,8,68.50390625,59.97265625,528384.0,8417280.0,0.7355876147573701,12.453669384729428
qwen-run-20260923T073021Z-LtPzSb,django__django-11728,9,59.19921875,51.85546875,688128.0,7012352.0,1.1085450346420322,12.405146816232266
qwen-run-20260923T073021Z-LtPzSb,django__django-11728,10,25.640625,23.1875,651264.0,1921024.0,2.422303473491773,9.567336989640463
qwen-run-20260923T073021Z-LtPzSb,django__django-11728,11,26.19921875,23.63671875,704512.0,1982464.0,2.5644848665573283,9.780826002683764
qwen-run-20260923T073021Z-LtPzSb,django__django-11728,12,26.02734375,23.76171875,483328.0,1892352.0,1.7709740357196457,8.70478763319826
qwen-run-20260923T073021Z-LtPzSb,django__django-11728,13,25.80859375,23.5625,446464.0,1908736.0,1.6497654003329802,8.70289087331618
qwen-run-20260923T073021Z-LtPzSb,django__django-11728,14,25.1875,22.9375,458752.0,1900544.0,1.7369727047146402,8.933002481389579
qwen-run-20260923T073021Z-LtPzSb,django__django-11728,15,30.125,27.80859375,462848.0,1966080.0,1.4652489626556016,7.689315352697095
qwen-run-20260923T073021Z-LtPzSb,django__django-11728,16,24.59765625,22.3515625,483328.0,1871872.0,1.8739082102588533,9.13133238049865
qwen-run-20260923T073021Z-LtPzSb,django__django-11728,17,30.0390625,27.7578125,421888.0,1970176.0,1.3394018205461637,7.594278283485045
qwen-run-20260923T073021Z-LtPzSb,django__django-11728,18,25.296875,22.98828125,376832.0,2043904.0,1.4206300185299567,9.126003705991353
qwen-run-20260923T073021Z-LtPzSb,django__django-11728,19,30.3203125,27.9921875,458752.0,1982464.0,1.4429270806493173,7.678433393455295
qwen-run-20260923T073021Z-LtPzSb,django__django-11728,20,25.26171875,23.1171875,376832.0,1871872.0,1.4226070821091696,8.489253131281894
qwen-run-20260923T073021Z-LtPzSb,django__django-11728,21,30.0625,27.77734375,442368.0,1953792.0,1.4033264033264032,7.601351351351352
qwen-run-20260923T073021Z-LtPzSb,django__django-11728,22,26.75,24.30078125,434176.0,2134016.0,1.5478971962616823,9.155957943925234
qwen-run-20260923T073021Z-LtPzSb,django__django-11728,23,25.31640625,22.96875,376832.0,2084864.0,1.4195340225273878,9.273260299336522
qwen-run-20260923T073021Z-LtPzSb,django__django-11728,24,25.05078125,23.140625,98304.0,1904640.0,0.37423982535474815,7.625136441602994
qwen-run-20260923T073021Z-LtPzSb,django__django-11728,25,30.31640625,28.12890625,299008.0,1994752.0,0.9406004380878753,7.215565004509728
qwen-run-20260923T073021Z-LtPzSb,django__django-11728,26,43.93359375,41.640625,401408.0,2002944.0,0.8713434693696097,5.219169556326132
qwen-run-20260923T073021Z-LtPzSb,django__django-11728,27,25.12109375,22.96875,364544.0,1892352.0,1.383921629606593,8.567874358575649
qwen-run-20260923T073021Z-LtPzSb,django__django-11728,28,26.19921875,23.8984375,512000.0,1900544.0,1.8637244669748025,8.78186968838527
qwen-run-20260923T073021Z-LtPzSb,django__django-11728,29,26.3359375,23.890625,462848.0,2101248.0,1.6760605161673094,9.285078611687926
qwen-run-20260923T073021Z-LtPzSb,django__django-11728,30,42.02734375,39.75390625,393216.0,1990656.0,0.8922762338507296,5.409424667720049
qwen-run-20260923T073021Z-LtPzSb,django__django-11728,31,25.19921875,22.97265625,450560.0,1884160.0,1.705161990389087,8.835839404743451
qwen-run-20260923T073021Z-LtPzSb,django__django-11728,32,30.3984375,28.0546875,495616.0,1961984.0,1.554870213312773,7.710100231303007
qwen-run-20260923T073021Z-LtPzSb,django__django-11734,1,4.62109375,3.73828125,204800.0,720896.0,4.22654268808115,19.103972950126796
qwen-run-20260923T073021Z-LtPzSb,django__django-11734,2,74.046875,70.12109375,118784.0,3997696.0,0.15298586199620173,5.301751424351129
qwen-run-20260923T073021Z-LtPzSb,django__django-11734,3,27.125,24.6875,544768.0,2011136.0,1.9153225806451613,8.986175115207374
qwen-run-20260923T073021Z-LtPzSb,django__django-11734,4,26.78515625,24.42578125,483328.0,1990656.0,1.7208691847746829,8.808516844100918
qwen-run-20260923T073021Z-LtPzSb,django__django-11734,5,26.984375,24.390625,688128.0,2031616.0,2.4319629415170816,9.612044006948466
qwen-run-20260923T073021Z-LtPzSb,django__django-11734,6,27.0234375,24.453125,663552.0,2031616.0,2.341717259323504,9.511419485400404
qwen-run-20260923T073021Z-LtPzSb,django__django-11734,7,26.62109375,24.01171875,724992.0,2011136.0,2.5972120322817314,9.801907556859868
qwen-run-20260923T073021Z-LtPzSb,django__django-11734,8,26.9375,24.1875,856064.0,2027520.0,3.030742459396752,10.208816705336426
qwen-run-20260923T073021Z-LtPzSb,django__django-11734,9,26.40625,23.9921875,557056.0,1974272.0,2.0118343195266273,9.142011834319527
qwen-run-20260923T073021Z-LtPzSb,django__django-11734,10,26.74609375,25.13671875,565248.0,1122304.0,2.015481232656638,6.017233825032861
qwen-run-20260923T073021Z-LtPzSb,django__django-11734,11,26.5234375,24.09375,552960.0,1994752.0,1.988217967599411,9.160530191458026
qwen-run-20260923T073021Z-LtPzSb,django__django-11734,12,27.09765625,24.578125,606208.0,2035712.0,2.1334870981692373,9.297967421075393
qwen-run-20260923T073021Z-LtPzSb,django__django-11734,13,26.73046875,24.140625,565248.0,2150400.0,2.0166593599298555,9.688733011836913
qwen-run-20260923T073021Z-LtPzSb,django__django-11734,14,26.76171875,24.30859375,524288.0,2048000.0,1.868340388264487,9.16654502992264
qwen-run-20260923T073021Z-LtPzSb,django__django-11734,15,26.58984375,24.1328125,589824.0,1986560.0,2.115469369766417,9.240487733215808
qwen-run-20260923T073021Z-LtPzSb,django__django-11734,16,26.53125,24.06640625,602112.0,1982464.0,2.164310954063604,9.290341578327444
qwen-run-20260923T073021Z-LtPzSb,django__django-11734,17,26.84765625,24.16796875,806912.0,2002944.0,2.8662883747999417,9.981085406663757
qwen-run-20260923T073021Z-LtPzSb,django__django-11734,18,26.73046875,24.09765625,741376.0,2019328.0,2.6450387257051,9.849481221686395
qwen-run-20260923T073021Z-LtPzSb,django__django-11734,19,26.7421875,24.1015625,724992.0,2043904.0,2.5854513584574934,9.874379199532573
qwen-run-20260923T073021Z-LtPzSb,django__django-11734,20,26.96875,25.26171875,704512.0,1085440.0,2.4913093858632678,6.329663962920046
qwen-run-20260923T073021Z-LtPzSb,django__django-11734,21,26.2578125,23.7734375,606208.0,1998848.0,2.2017256768818805,9.461469800654568
qwen-run-20260923T073021Z-LtPzSb,django__django-11734,22,27.35546875,25.4375,749568.0,1261568.0,2.613165786091675,7.011280879623019
qwen-run-20260923T073021Z-LtPzSb,django__django-11734,23,24.6484375,22.05078125,708608.0,2015232.0,2.7416798732171155,10.538827258320127
qwen-run-20260923T073021Z-LtPzSb,django__django-11734,24,27.0,24.3984375,716800.0,2011136.0,2.5318287037037037,9.635416666666666
qwen-run-20260923T073021Z-LtPzSb,django__django-11734,25,27.0703125,24.48828125,729088.0,1978368.0,2.5685425685425685,9.538239538239539
qwen-run-20260923T073021Z-LtPzSb,django__django-11734,26,26.72265625,24.1953125,679936.0,1970176.0,2.426545826633533,9.457681625493349
qwen-run-20260923T073021Z-LtPzSb,django__django-11734,27,27.15625,24.59375,651264.0,2035712.0,2.2871116225546606,9.436133486766398
qwen-run-20260923T073021Z-LtPzSb,django__django-11734,28,26.7890625,24.0625,839680.0,2019328.0,2.989209682123068,10.177894429862933
qwen-run-20260923T073021Z-LtPzSb,django__django-11734,29,26.91015625,24.33203125,720896.0,1982464.0,2.5547975032660766,9.580490637247786
qwen-run-20260923T073021Z-LtPzSb,django__django-11734,30,26.86328125,24.16796875,806912.0,2019328.0,2.864621201105133,10.033444816053512
qwen-run-20260923T073021Z-LtPzSb,django__django-11734,31,26.859375,24.16796875,811008.0,2011136.0,2.8795811518324608,10.020360674810936
qwen-run-20260923T073021Z-LtPzSb,django__django-11734,32,29.30859375,26.33984375,868352.0,2244608.0,2.8255364520858324,10.12928162068506
qwen-run-20260923T073021Z-LtPzSb,django__django-11734,33,26.66015625,24.625,131072.0,2002944.0,0.46886446886446886,7.633699633699634
qwen-run-20260923T073021Z-LtPzSb,django__django-11734,34,28.47265625,26.05078125,434176.0,2105344.0,1.4542461242968858,8.50596789683084
qwen-run-20260923T073021Z-LtPzSb,django__django-11734,35,27.0546875,24.64453125,532480.0,1994752.0,1.876985272884782,8.908460872076235
qwen-run-20260923T073021Z-LtPzSb,django__django-11734,36,26.98046875,24.52734375,552960.0,2019328.0,1.9545388736064861,9.092225278702765
qwen-run-20260923T073021Z-LtPzSb,django__django-11734,37,27.125,25.15234375,815104.0,1253376.0,2.8657834101382487,7.272465437788019
qwen-run-20260923T073021Z-LtPzSb,django__django-11734,38,25.2109375,23.2734375,954368.0,1077248.0,3.6101642392314846,7.685156492097923
qwen-run-20260923T073021Z-LtPzSb,django__django-11734,39,26.6796875,24.8046875,892928.0,1073152.0,3.191800878477306,7.027818448023426
qwen-run-20260923T073021Z-LtPzSb,django__django-11734,40,26.8671875,24.03125,880640.0,2093056.0,3.1259086943879035,10.555394009886594
qwen-run-20260923T073021Z-LtPzSb,django__django-11734,41,27.33984375,24.50390625,901120.0,2072576.0,3.1433061865980854,10.372910415773681
qwen-run-20260923T073021Z-LtPzSb,django__django-11734,42,27.234375,24.47265625,827392.0,2068480.0,2.8973034997131384,10.140562248995984
qwen-run-20260923T073021Z-LtPzSb,django__django-11734,43,27.296875,24.7421875,610304.0,2068480.0,2.132226674298798,9.358900973096738
qwen-run-20260923T073021Z-LtPzSb,django__django-11734,44,25.87109375,23.3828125,565248.0,2043904.0,2.0836478937037595,9.617997886154312
qwen-run-20260923T073021Z-LtPzSb,django__django-11734,45,61.40625,55.84765625,1024000.0,4804608.0,1.5903307888040712,9.052162849872774
qwen-run-20260923T073021Z-LtPzSb,django__django-11734,46,26.6328125,23.76171875,978944.0,2031616.0,3.505426811381637,10.780287474332649
qwen-run-20260923T073021Z-LtPzSb,django__django-11734,47,24.53125,22.91015625,643072.0,1056768.0,2.5,6.60828025477707
qwen-run-20260923T073021Z-LtPzSb,django__django-11734,48,57.9140625,52.80078125,860160.0,4501504.0,1.4164305949008498,8.829084041548631
qwen-run-20260923T073021Z-LtPzSb,django__django-11734,49,27.140625,24.3671875,851968.0,2056192.0,2.9936672423719055,10.218767990788717
qwen-run-20260923T073021Z-LtPzSb,django__django-11734,50,38.515625,33.02734375,827392.0,4927488.0,2.04868154158215,14.24949290060852
qwen-run-20260923T073021Z-LtPzSb,django__django-11734,51,38.6796875,33.171875,827392.0,4947968.0,2.0399919208240758,14.239547566148254
qwen-run-20260923T073021Z-LtPzSb,django__django-11734,52,38.9453125,33.34375,909312.0,4964352.0,2.2266800401203612,14.383149448345035
qwen-run-20260923T073021Z-LtPzSb,django__django-11734,53,27.38671875,24.63671875,798720.0,2084864.0,2.7813436029097134,10.041363571530452
qwen-run-20260923T073021Z-LtPzSb,django__django-11734,54,27.00390625,24.2421875,835584.0,2060288.0,2.9509619557355706,10.227108346593376
qwen-run-20260923T073021Z-LtPzSb,django__django-11734,55,26.140625,24.08984375,937984.0,1212416.0,3.4219964136282126,7.845188284518828
qwen-run-20260923T073021Z-LtPzSb,django__django-11734,56,25.4375,22.80859375,729088.0,2027520.0,2.7334152334152333,10.334766584766585
qwen-run-20260923T073021Z-LtPzSb,django__django-11734,57,26.8125,24.171875,737280.0,2031616.0,2.6223776223776225,9.848484848484848
qwen-run-20260923T073021Z-LtPzSb,django__django-11734,58,38.703125,33.3203125,704512.0,4939776.0,1.7359709325797335,13.907953169156237
qwen-run-20260923T073021Z-LtPzSb,django__django-11734,59,26.61328125,24.4765625,208896.0,2031616.0,0.7485689123734038,8.028768530750037
qwen-run-20260923T073021Z-LtPzSb,django__django-11734,60,26.92578125,24.546875,487424.0,2007040.0,1.7263890903815464,8.83505005077615
qwen-run-20260923T073021Z-LtPzSb,django__django-11734,61,130.48046875,122.20703125,876544.0,7798784.0,0.6406610184713948,6.3407478370206265
qwen-run-20260923T073021Z-LtPzSb,django__django-11734,62,28.0078125,25.171875,884736.0,2088960.0,3.01255230125523,10.125523012552302
qwen-run-20260923T073021Z-LtPzSb,django__django-11734,63,30.9375,28.109375,917504.0,2048000.0,2.8282828282828283,9.141414141414142
qwen-run-20260923T073021Z-LtPzSb,django__django-11734,64,44.765625,41.8125,962560.0,2134016.0,2.0506108202443283,6.596858638743456
qwen-run-20260923T073021Z-LtPzSb,django__django-11734,65,26.06640625,23.1640625,1040384.0,2002944.0,3.8063839352615014,11.134422298816125
qwen-run-20260923T073021Z-LtPzSb,django__django-11740,1,4.0078125,3.19140625,126976.0,729088.0,3.021442495126706,20.37037037037037
qwen-run-20260923T073021Z-LtPzSb,django__django-11740,2,26.5546875,24.18359375,442368.0,2043904.0,1.588702559576346,8.929096793174462
qwen-run-20260923T073021Z-LtPzSb,django__django-11740,3,47.9296875,40.66015625,557056.0,7065600.0,1.1083944580277099,15.167074164629177
qwen-run-20260923T073021Z-LtPzSb,django__django-11740,4,27.359375,24.91015625,507904.0,2060288.0,1.770416904625928,8.95202741290691
qwen-run-20260923T073021Z-LtPzSb,django__django-11740,5,47.60546875,38.46484375,643072.0,8941568.0,1.2882579798145566,19.2007877246246
qwen-run-20260923T073021Z-LtPzSb,django__django-11740,6,48.19921875,39.31640625,589824.0,8724480.0,1.1670313639679066,18.429370289326524
qwen-run-20260923T073021Z-LtPzSb,django__django-11740,7,26.5546875,23.9609375,667648.0,2052096.0,2.3977640482494853,9.767578699617534
qwen-run-20260923T073021Z-LtPzSb,django__django-11740,8,25.6015625,23.1328125,606208.0,1982464.0,2.2581629539212695,9.642966127555692
qwen-run-20260923T073021Z-LtPzSb,django__django-11740,9,25.36328125,23.12890625,401408.0,1941504.0,1.509317726782689,8.80948713999692
qwen-run-20260923T073021Z-LtPzSb,django__django-11740,10,26.48828125,24.078125,528384.0,1998848.0,1.9023742810794868,9.098952956791035
qwen-run-20260923T073021Z-LtPzSb,django__django-11740,11,25.703125,23.33203125,507904.0,1978368.0,1.884498480243161,9.224924012158056
qwen-run-20260923T073021Z-LtPzSb,django__django-11740,12,25.45703125,23.17578125,438272.0,1953792.0,1.6418597514193647,8.961178456344944
qwen-run-20260923T073021Z-LtPzSb,django__django-11740,13,25.30078125,23.01953125,421888.0,1970176.0,1.5902423961710668,9.016519993824302
qwen-run-20260923T073021Z-LtPzSb,django__django-11740,14,37.69140625,34.765625,647168.0,2420736.0,1.637475386050368,7.762462431340035
qwen-run-20260923T073021Z-LtPzSb,django__django-11740,15,37.4765625,34.59375,659456.0,2363392.0,1.678132165937044,7.6923076923076925
qwen-run-20260923T073021Z-LtPzSb,django__django-11740,16,57.0078125,52.0703125,917504.0,4259840.0,1.5348773468548718,8.661093600109634
qwen-run-20260923T073021Z-LtPzSb,django__django-11740,17,25.92578125,22.98046875,942080.0,2146304.0,3.465421124001808,11.36055446737984
qwen-run-20260923T073021Z-LtPzSb,django__django-11740,18,52.84765625,48.46484375,716800.0,3878912.0,1.2935176287973982,8.293295882918176
qwen-run-20260923T073021Z-LtPzSb,django__django-11740,19,55.1484375,50.44140625,614400.0,4321280.0,1.062473438164046,8.535203286584503
qwen-run-20260923T073021Z-LtPzSb,django__django-11740,20,25.81640625,23.08203125,741376.0,2125824.0,2.738689665607505,10.591617491299743
qwen-run-20260923T073021Z-LtPzSb,django__django-11740,21,55.38671875,50.59375,700416.0,4325376.0,1.2060088863812681,8.653642711051555
qwen-run-20260923T073021Z-LtPzSb,django__django-11740,22,26.234375,24.16015625,118784.0,2056192.0,0.4318046456223943,7.906491959499702
qwen-run-20260923T073021Z-LtPzSb,django__django-11740,23,27.3671875,24.8515625,487424.0,2150400.0,1.6985441050528118,9.192121039109335
qwen-run-20260923T073021Z-LtPzSb,django__django-11740,24,58.55859375,53.3671875,831488.0,4612096.0,1.3541458208258288,8.865319191514908
qwen-run-20260923T073021Z-LtPzSb,django__django-11740,25,52.4453125,47.9375,851968.0,3874816.0,1.5492328318188588,8.595262922687324
qwen-run-20260923T073021Z-LtPzSb,django__django-11740,26,58.40625,53.17578125,774144.0,4710400.0,1.2640449438202248,8.955323702514713
qwen-run-20260923T073021Z-LtPzSb,django__django-11740,27,27.4765625,23.91796875,794624.0,2936832.0,2.7580324139891954,12.951379016206994
qwen-run-20260923T073021Z-LtPzSb,django__django-11740,28,58.09765625,53.01171875,806912.0,4526080.0,1.3245478383648221,8.75411820076649
qwen-run-20260923T073021Z-LtPzSb,django__django-11740,29,58.31640625,55.53515625,913408.0,2002944.0,1.4937370219036774,4.769241074418916
qwen-run-20260923T073021Z-LtPzSb,django__django-11740,30,31.71875,27.91796875,761856.0,3223552.0,2.29064039408867,11.982758620689655
qwen-run-20260923T073021Z-LtPzSb,django__django-11740,31,57.79296875,55.234375,798720.0,1884160.0,1.318012842176411,4.427171341669483
qwen-run-20260923T073021Z-LtPzSb,django__django-11740,32,27.3046875,24.640625,720896.0,2072576.0,2.5178826895565094,9.756795422031473
qwen-run-20260923T073021Z-LtPzSb,django__django-11740,33,55.390625,52.53125,794624.0,2203648.0,1.3681241184767279,5.162200282087447
qwen-run-20260923T073021Z-LtPzSb,django__django-11740,34,30.80078125,27.046875,831488.0,3104768.0,2.5745085605580216,12.187698161065313
qwen-run-20260923T073021Z-LtPzSb,django__django-11740,35,31.4140625,28.55859375,733184.0,2260992.0,2.22581447401144,9.089778662024372
qwen-run-20260923T073021Z-LtPzSb,django__django-11740,36,38.109375,34.8515625,745472.0,2670592.0,1.865518655186552,8.548585485854858
qwen-run-20260923T073021Z-LtPzSb,django__django-11740,37,57.87890625,55.61328125,884736.0,1490944.0,1.4577849767159343,3.914422622663157
qwen-run-20260923T073021Z-LtPzSb,django__django-11740,38,38.3359375,34.5390625,811008.0,3170304.0,2.0175259832891785,9.904218463419605
qwen-run-20260923T073021Z-LtPzSb,django__django-11740,39,57.4921875,55.93359375,253952.0,1380352.0,0.42125288762060065,2.710966163880962
qwen-run-20260923T073021Z-LtPzSb,django__django-11740,40,26.54296875,23.46484375,548864.0,2678784.0,1.972038263428992,11.596762325239146
qwen-run-20260923T073021Z-LtPzSb,django__django-11740,41,58.3515625,53.19140625,770048.0,4640768.0,1.2585352791538358,8.84321863703307
qwen-run-20260923T073021Z-LtPzSb,django__django-11740,42,57.9765625,52.796875,782336.0,4648960.0,1.2868885594933297,8.934105915644793
qwen-run-20260923T073021Z-LtPzSb,django__django-11740,43,58.03125,53.0546875,688128.0,4530176.0,1.1308562197092085,8.575659666128164
qwen-run-20260923T073021Z-LtPzSb,django__django-11740,44,58.0625,52.984375,618496.0,4706304.0,1.0158772874058126,8.745963401506996
qwen-run-20260923T073021Z-LtPzSb,django__django-11740,45,25.77734375,23.07421875,655360.0,2179072.0,2.4246097893620244,10.486437338990756
qwen-run-20260923T073021Z-LtPzSb,django__django-11740,46,58.203125,53.1796875,602112.0,4665344.0,0.9865771812080537,8.630872483221477
qwen-run-20260923T073021Z-LtPzSb,django__django-11740,47,25.7421875,23.078125,618496.0,2174976.0,2.291350531107739,10.349013657056146
qwen-run-20260923T073021Z-LtPzSb,django__django-11740,48,26.90625,24.32421875,552960.0,2154496.0,1.9599303135888502,9.596399535423926
qwen-run-20260923T073021Z-LtPzSb,django__django-11740,49,58.0859375,53.453125,626688.0,4231168.0,1.0289172831203766,7.975790181573638
qwen-run-20260923T073021Z-LtPzSb,django__django-11740,50,25.765625,23.11328125,593920.0,2187264.0,2.1983020012128565,10.294117647058824
qwen-run-20260923T073021Z-LtPzSb,django__django-11740,51,51.19140625,44.7265625,520192.0,6258688.0,0.9690957649752003,12.628767645936666
qwen-run-20260923T073021Z-LtPzSb,django__django-11740,52,51.06640625,45.87109375,532480.0,4915200.0,0.9944159718503787,10.173640327392336
qwen-run-20260923T073021Z-LtPzSb,django__django-11740,53,28.65234375,25.8203125,696320.0,2273280.0,2.3176550783912746,9.884117246080436
qwen-run-20260923T073021Z-LtPzSb,django__django-11740,54,26.140625,23.33984375,774144.0,2162688.0,2.8242677824267783,10.714285714285714
qwen-run-20260923T073021Z-LtPzSb,django__django-11740,55,26.76171875,24.10546875,614400.0,2170880.0,2.1894613924974458,9.925558312655086
qwen-run-20260923T073021Z-LtPzSb,django__django-11740,56,27.015625,24.30078125,655360.0,2191360.0,2.313475997686524,10.04916136495084
qwen-run-20260923T073021Z-LtPzSb,django__django-11740,57,26.7421875,24.09375,622592.0,2154496.0,2.22027461291265,9.903593339176162
qwen-run-20260923T073021Z-LtPzSb,django__django-11740,58,26.6484375,24.45703125,172032.0,2125824.0,0.6156552330694811,8.22339489885664
qwen-run-20260923T073021Z-LtPzSb,django__django-11740,59,26.6171875,24.02734375,585728.0,2129920.0,2.098620487232169,9.729967713530966
qwen-run-20260923T073021Z-LtPzSb,django__django-11740,60,26.66015625,23.9921875,659456.0,2138112.0,2.358974358974359,10.007326007326007
qwen-run-20260923T073021Z-LtPzSb,django__django-11740,61,26.87890625,24.31640625,499712.0,2187264.0,1.7729981107397181,9.53349803807586
qwen-run-20260923T073021Z-LtPzSb,django__django-11740,62,26.5625,24.03125,512000.0,2142208.0,1.838235294117647,9.529411764705882
qwen-run-20260923T073021Z-LtPzSb,django__django-11740,63,26.8984375,24.3203125,520192.0,2183168.0,1.8443218123729306,9.584664536741213
qwen-run-20260923T073021Z-LtPzSb,django__django-11740,64,26.421875,24.01953125,380928.0,2138112.0,1.3749260792430515,9.092253104671792
qwen-run-20260923T073021Z-LtPzSb,django__django-11740,65,26.58984375,24.10546875,471040.0,2134016.0,1.6894373439106802,9.343323049801675
qwen-run-20260923T073021Z-LtPzSb,django__django-11740,66,26.78515625,24.23828125,536576.0,2134016.0,1.91045646784308,9.508531427738077
qwen-run-20260923T073021Z-LtPzSb,django__django-11740,67,26.609375,24.12109375,487424.0,2121728.0,1.7469172049324722,9.351145038167939
qwen-run-20260923T073021Z-LtPzSb,django__django-11740,68,28.28515625,25.78515625,401408.0,2220032.0,1.3534042259356442,8.838558210191962
qwen-run-20260923T073021Z-LtPzSb,django__django-11740,69,27.15234375,24.6171875,430080.0,2228224.0,1.5105740181268883,9.336786073946195
qwen-run-20260923T073021Z-LtPzSb,django__django-11740,70,26.60546875,24.0859375,483328.0,2158592.0,1.7324915577741888,9.469975040375862
qwen-run-20260923T073021Z-LtPzSb,django__django-11740,71,26.48046875,24.0078125,446464.0,2146304.0,1.6079067709101638,9.337660421891135
qwen-run-20260923T073021Z-LtPzSb,django__django-11740,72,26.58984375,24.1015625,450560.0,2158592.0,1.6159835463493462,9.358013809313942
qwen-run-20260923T073021Z-LtPzSb,django__django-11740,73,26.4609375,23.9921875,475136.0,2113536.0,1.7124298789489223,9.329790374963094
qwen-run-20260923T073021Z-LtPzSb,django__django-11740,74,26.67578125,24.02734375,622592.0,2154496.0,2.2258017279250257,9.928247181139259
qwen-run-20260923T073021Z-LtPzSb,django__django-11740,75,26.73828125,24.08984375,602112.0,2174976.0,2.1475529583637694,9.905040175310445
qwen-run-20260923T073021Z-LtPzSb,django__django-11740,76,26.58984375,24.0859375,466944.0,2158592.0,1.6747465843984135,9.416776847363009
qwen-run-20260923T073021Z-LtPzSb,django__django-11740,77,26.5546875,23.99609375,524288.0,2158592.0,1.8829067372756694,9.635186819652839
qwen-run-20260923T073021Z-LtPzSb,django__django-11740,78,26.9609375,24.3359375,528384.0,2224128.0,1.8690234714575484,9.736308316430021
qwen-run-20260923T073021Z-LtPzSb,django__django-11740,79,28.34375,25.65625,598016.0,2220032.0,2.01212789415656,9.48180815876516
qwen-run-20260923T073021Z-LtPzSb,django__django-11740,80,27.0,24.40234375,540672.0,2183168.0,1.9097222222222223,9.620949074074074
qwen-run-20260923T073021Z-LtPzSb,django__django-11740,81,27.1796875,24.48046875,618496.0,2211840.0,2.1701638401839607,9.93101465938488
qwen-run-20260923T073021Z-LtPzSb,django__django-11740,82,26.57421875,24.01171875,516096.0,2170880.0,1.8521240629134206,9.642804645009555
qwen-run-20260923T073021Z-LtPzSb,django__django-11740,83,26.36328125,23.9140625,409600.0,2158592.0,1.4817009927396652,9.2902652244777
qwen-run-20260923T073021Z-LtPzSb,django__django-11740,84,26.40234375,23.86328125,499712.0,2162688.0,1.8050007397544015,9.61680722000296
qwen-run-20260923T073021Z-LtPzSb,django__django-11740,85,26.3046875,23.71484375,602112.0,2113536.0,2.182952182952183,9.845559845559846
qwen-run-20260923T073021Z-LtPzSb,django__django-11740,86,25.76171875,23.078125,659456.0,2154496.0,2.4412433661865047,10.416982562547384
qwen-run-20260923T073021Z-LtPzSb,django__django-11740,87,25.703125,23.046875,622592.0,2162688.0,2.310030395136778,10.33434650455927
qwen-run-20260923T073021Z-LtPzSb,django__django-11740,88,25.921875,23.33984375,569344.0,2138112.0,2.0946353224834238,9.960819770946353
qwen-run-20260923T073021Z-LtPzSb,django__django-11740,89,26.23046875,23.6484375,561152.0,2146304.0,2.0402084884586746,9.843633655994044
qwen-run-20260923T073021Z-LtPzSb,django__django-11740,90,26.58984375,24.05859375,483328.0,2170880.0,1.7335096224474806,9.519612163948876
qwen-run-20260923T073021Z-LtPzSb,django__django-11740,91,26.12890625,24.10546875,0.0,2121728.0,0.0,7.744057407684258
qwen-run-20260923T073021Z-LtPzSb,django__django-11740,92,26.73046875,24.921875,516096.0,1380352.0,1.841297676457694,6.7660382873008915
qwen-run-20260923T073021Z-LtPzSb,django__django-11740,93,25.0703125,22.43359375,614400.0,2150400.0,2.337176690557806,10.517295107510128
qwen-run-20260923T073021Z-LtPzSb,django__django-11740,94,24.95703125,22.421875,520192.0,2138112.0,1.9877915166692752,10.158084207231179
qwen-run-20260923T073021Z-LtPzSb,django__django-11740,95,26.7265625,24.08203125,610304.0,2162688.0,2.177725811166326,9.894767611809412
qwen-run-20260923T073021Z-LtPzSb,django__django-11740,96,26.16796875,23.5859375,552960.0,2154496.0,2.0152261531571876,9.86714434990297
qwen-run-20260923T073021Z-LtPzSb,django__django-11740,97,26.33203125,23.87109375,421888.0,2158592.0,1.5279632102062009,9.345794392523365
qwen-run-20260923T073021Z-LtPzSb,django__django-11740,98,26.546875,23.84765625,667648.0,2162688.0,2.398469688051795,10.16774573278399
qwen-run-20260923T073021Z-LtPzSb,django__django-11740,99,26.859375,24.27734375,561152.0,2146304.0,1.9924374636416522,9.613147178592206
qwen-run-20260923T073021Z-LtPzSb,django__django-11740,100,26.65625,24.03125,581632.0,2170880.0,2.0808909730363423,9.847596717467761
qwen-run-20260923T073021Z-LtPzSb,django__django-11740,101,27.08203125,24.31640625,700416.0,2199552.0,2.4664647338814367,10.212029424491561
qwen-run-20260923T073021Z-LtPzSb,django__django-11740,102,27.296875,24.5,761856.0,2170880.0,2.661705781339439,10.246136233543217
qwen-run-20260923T073021Z-LtPzSb,django__django-11740,103,26.55859375,23.92578125,589824.0,2170880.0,2.117958523312252,9.9132225327254
qwen-run-20260923T073021Z-LtPzSb,django__django-11740,104,26.53515625,23.88671875,626688.0,2150400.0,2.252318563226851,9.980862652730753
qwen-run-20260923T073021Z-LtPzSb,django__django-11740,105,26.94140625,24.30078125,589824.0,2179072.0,2.0878642888212267,9.801362911410758
qwen-run-20260923T073021Z-LtPzSb,django__django-11740,106,26.890625,24.1875,593920.0,2240512.0,2.1063335270191748,10.052295177222545
qwen-run-20260923T073021Z-LtPzSb,django__django-11740,107,26.61328125,24.0859375,483328.0,2166784.0,1.731982973726699,9.496550711874358
qwen-run-20260923T073021Z-LtPzSb,django__django-11740,108,26.53515625,24.0390625,458752.0,2158592.0,1.648756072427499,9.40674223465332
qwen-run-20260923T073021Z-LtPzSb,django__django-11740,109,26.734375,24.25390625,430080.0,2170880.0,1.5341905318527178,9.278199883109293
qwen-run-20260923T073021Z-LtPzSb,django__django-11740,110,26.8984375,24.3046875,524288.0,2195456.0,1.858844031367993,9.642753412721463
qwen-run-20260923T073021Z-LtPzSb,django__django-11740,111,26.8125,24.2265625,487424.0,2224128.0,1.7336829836829837,9.644522144522144
qwen-run-20260923T073021Z-LtPzSb,django__django-11740,112,26.40625,23.78125,593920.0,2158592.0,2.1449704142011834,9.940828402366863
qwen-run-20260923T073021Z-LtPzSb,django__django-11740,113,26.734375,24.07421875,610304.0,2179072.0,2.1770894213909995,9.950321449444768
qwen-run-20260923T073021Z-LtPzSb,django__django-11740,114,26.875,24.2890625,532480.0,2179072.0,1.8895348837209303,9.622093023255815
qwen-run-20260923T073021Z-LtPzSb,django__django-11740,115,42.3671875,39.80078125,434176.0,2256896.0,0.9773188272174074,6.057532730960723
qwen-run-20260923T073021Z-LtPzSb,django__django-11740,116,183.74609375,166.57421875,12017664.0,5988352.0,6.237377495269882,9.345436765237356
qwen-run-20260923T073021Z-LtPzSb,django__django-11740,117,104.09375,89.921875,12279808.0,2580480.0,11.250375262683878,13.614530171119783
qwen-run-20260923T073021Z-LtPzSb,django__django-11740,118,98.79296875,85.94140625,491520.0,12984320.0,0.4744770867106876,13.008580127318018
qwen-run-20260923T073021Z-LtPzSb,django__django-11740,119,98.11328125,90.8046875,466944.0,7196672.0,0.4538758609706573,7.4491380340008755
qwen-run-20260923T073021Z-LtPzSb,django__django-11740,120,98.44921875,87.69921875,458752.0,10813440.0,0.44439154068960046,10.919334999801611
qwen-run-20260923T073021Z-LtPzSb,django__django-11740,121,98.50390625,91.41796875,561152.0,6868992.0,0.5432842923424673,7.193559900067415
qwen-run-20260923T073021Z-LtPzSb,django__django-11740,122,98.7578125,91.72265625,638976.0,6737920.0,0.617039791155763,7.123645281227751
qwen-run-20260923T073021Z-LtPzSb,django__django-11740,123,98.33203125,88.140625,516096.0,10170368.0,0.5005362888809438,10.364279188018909
qwen-run-20260923T073021Z-LtPzSb,django__django-11740,124,98.234375,83.6875,466944.0,14786560.0,0.4533163671067282,14.808334658819787
qwen-run-20260923T073021Z-LtPzSb,django__django-11740,125,98.5859375,93.08203125,552960.0,5218304.0,0.5349076788969015,5.582851256042476
qwen-run-20260923T073021Z-LtPzSb,django__django-11740,126,98.09765625,87.42578125,139264.0,11051008.0,0.13538804603193566,10.878827698801418
qwen-run-20260923T073021Z-LtPzSb,django__django-11740,127,98.74609375,91.2578125,389120.0,7462912.0,0.3758060049843744,7.58336959531627
qwen-run-20260923T073021Z-LtPzSb,django__django-11740,128,98.6953125,92.19921875,573440.0,6238208.0,0.5541043299295496,6.581967861948864
qwen-run-20260923T073021Z-LtPzSb,django__django-11740,129,98.4921875,88.84375,552960.0,9564160.0,0.5354168319187753,9.796144998810185
qwen-run-20260923T073021Z-LtPzSb,django__django-11740,130,98.56640625,89.83984375,540672.0,8609792.0,0.5231244798478183,8.853485515000198
qwen-run-20260923T073021Z-LtPzSb,django__django-11740,131,98.45703125,86.9296875,614400.0,11472896.0,0.5951200158698671,11.707994445546518
qwen-run-20260923T073021Z-LtPzSb,django__django-11740,132,98.4453125,91.4296875,557056.0,6799360.0,0.539639711134037,7.1264185382112535
qwen-run-20260923T073021Z-LtPzSb,django__django-11740,133,98.5859375,93.59765625,704512.0,4526080.0,0.6815120057056819,5.059830414454394
qwen-run-20260923T073021Z-LtPzSb,django__django-11740,134,98.4609375,91.63671875,663552.0,6492160.0,0.6427041180671269,6.93088947076093
qwen-run-20260923T073021Z-LtPzSb,django__django-11740,135,98.37109375,86.63671875,761856.0,11542528.0,0.7385934956121193,11.928682047412938
qwen-run-20260923T073021Z-LtPzSb,django__django-11740,136,98.1171875,95.109375,172032.0,2981888.0,0.16721076518831118,3.065530695119038
qwen-run-20260923T073021Z-LtPzSb,django__django-11740,137,98.4453125,89.39453125,409600.0,9080832.0,0.3967939052456154,9.193714784540909
qwen-run-20260923T073021Z-LtPzSb,django__django-11740,138,98.546875,92.38671875,532480.0,5926912.0,0.5153004598065641,6.250990962422705
qwen-run-20260923T073021Z-LtPzSb,django__django-11740,139,98.515625,92.22265625,569344.0,6029312.0,0.5511498810467883,6.3877874702616975
qwen-run-20260923T073021Z-LtPzSb,django__django-11740,140,98.671875,96.55078125,651264.0,1572864.0,0.6294536817102138,2.1496437054631827
qwen-run-20260923T073021Z-LtPzSb,django__django-11740,141,98.2578125,88.03515625,610304.0,10108928.0,0.5923511171185497,10.403911902679495
qwen-run-20260923T073021Z-LtPzSb,django__django-11740,142,96.0703125,85.1875,499712.0,10911744.0,0.4960559486053509,11.327966170610718
qwen-run-20260923T073021Z-LtPzSb,django__django-11740,143,98.3515625,87.1171875,589824.0,11190272.0,0.5719278735403924,11.422670585431726
qwen-run-20260923T073021Z-LtPzSb,django__django-11740,144,98.4921875,94.05859375,495616.0,4153344.0,0.4798921234234949,4.501467438724518
qwen-run-20260923T073021Z-LtPzSb,django__django-11740,145,98.359375,87.2578125,200704.0,11440128.0,0.19459888800635425,11.286735504368547
qwen-run-20260923T073021Z-LtPzSb,django__django-11740,146,98.51953125,84.11328125,401408.0,14704640.0,0.38856508465167916,14.622735022401967
qwen-run-20260923T073021Z-LtPzSb,django__django-11740,147,98.83984375,90.875,548864.0,7802880.0,0.5295814725526617,8.058333003991622
qwen-run-20260923T073021Z-LtPzSb,django__django-11740,148,98.33203125,87.625,499712.0,10727424.0,0.4846462479640885,10.888650538275137
qwen-run-20260923T073021Z-LtPzSb,django__django-11740,149,98.390625,89.890625,483328.0,8429568.0,0.46847705256471334,8.639034460854376
qwen-run-20260923T073021Z-LtPzSb,django__django-11740,150,42.6015625,40.00390625,417792.0,2306048.0,0.9352649917476619,6.097560975609756
qwen-run-20260923T073021Z-LtPzSb,django__django-11740,151,74.73046875,67.85546875,536576.0,6672384.0,0.6847524959489834,9.199728189848937
qwen-run-20260923T073021Z-LtPzSb,django__django-11740,152,74.4921875,67.66796875,512000.0,6643712.0,0.6554798112218144,9.160985841636078
qwen-run-20260923T073021Z-LtPzSb,django__django-11740,153,74.41015625,68.8203125,421888.0,5439488.0,0.5407107984671111,7.512205365111029
qwen-run-20260923T073021Z-LtPzSb,django__django-11740,154,74.66796875,65.5078125,524288.0,9080832.0,0.6696311797018049,12.267852471880722
qwen-run-20260923T073021Z-LtPzSb,django__django-11740,155,74.54296875,70.28515625,544768.0,3919872.0,0.696955405334591,5.711890164020332
qwen-run-20260923T073021Z-LtPzSb,django__django-11740,156,74.1171875,71.8828125,110592.0,2232320.0,0.14229998945926003,3.014651628544324
qwen-run-20260923T073021Z-LtPzSb,django__django-11740,157,74.28515625,68.390625,454656.0,5726208.0,0.5836882789083452,7.935005521375611
qwen-run-20260923T073021Z-LtPzSb,django__django-11740,158,74.19140625,64.88671875,356352.0,9400320.0,0.4580634970778708,12.541462644132048
qwen-run-20260923T073021Z-LtPzSb,django__django-11740,159,74.6171875,69.38671875,434176.0,5050368.0,0.554915715631871,7.009737200293163
qwen-run-20260923T073021Z-LtPzSb,django__django-11740,160,74.41015625,63.30078125,466944.0,11182080.0,0.5984566118956376,14.92991758097538
qwen-run-20260923T073021Z-LtPzSb,django__django-11740,161,74.52734375,70.38671875,475136.0,3866624.0,0.6079983227632475,5.555846742491745
qwen-run-20260923T073021Z-LtPzSb,django__django-11740,162,74.32421875,63.828125,360448.0,10645504.0,0.46250065696116044,14.122037105166342
qwen-run-20260923T073021Z-LtPzSb,django__django-11740,163,74.26953125,67.2421875,413696.0,6955008.0,0.5312154841424289,9.461947088833956
qwen-run-20260923T073021Z-LtPzSb,django__django-11740,164,74.3046875,71.33984375,372736.0,2736128.0,0.4783934391756913,3.9901167069708756
qwen-run-20260923T073021Z-LtPzSb,django__django-11740,165,74.48828125,66.87890625,425984.0,7553024.0,0.5453878021920394,10.215533064135508
qwen-run-20260923T073021Z-LtPzSb,django__django-11740,166,42.71484375,39.9921875,548864.0,2306048.0,1.2254229538180155,6.374028349336991
qwen-run-20260923T073021Z-LtPzSb,django__django-11740,167,74.12109375,68.66015625,593920.0,5132288.0,0.764163372859025,7.367588932806324
qwen-run-20260923T073021Z-LtPzSb,django__django-11740,168,75.125,65.125,540672.0,9945088.0,0.6863560732113144,13.311148086522463
qwen-run-20260923T073021Z-LtPzSb,django__django-11740,169,74.81640625,67.9921875,303104.0,6852608.0,0.38636244974677597,9.121286482535373
qwen-run-20260923T073021Z-LtPzSb,django__django-11740,170,75.08203125,67.359375,724992.0,7372800.0,0.9208678008428282,10.285625097549556
qwen-run-20260923T073021Z-LtPzSb,django__django-11740,171,75.109375,70.0546875,573440.0,4726784.0,0.7281048470979821,6.729769086748492
qwen-run-20260923T073021Z-LtPzSb,django__django-11740,172,72.52734375,67.28125,610304.0,4890624.0,0.8024990574675499,7.233263316637045
qwen-run-20260923T073021Z-LtPzSb,django__django-11740,173,71.83203125,67.078125,622592.0,4362240.0,0.8265811082712491,6.61808689977704
qwen-run-20260923T073021Z-LtPzSb,django__django-11740,174,72.78125,66.2734375,663552.0,6160384.0,0.8694718763417776,8.941605839416058
qwen-run-20260923T073021Z-LtPzSb,django__django-11740,175,75.078125,63.67578125,651264.0,11304960.0,0.8272632674297606,15.187304890738814
qwen-run-20260923T073021Z-LtPzSb,django__django-11740,176,75.20703125,65.7421875,622592.0,9302016.0,0.7894873526203708,12.585051680257623
qwen-run-20260923T073021Z-LtPzSb,django__django-11740,177,75.02734375,66.62109375,585728.0,8228864.0,0.7445202270005727,11.204248451085542
qwen-run-20260923T073021Z-LtPzSb,django__django-11740,178,74.9609375,71.765625,634880.0,2715648.0,0.8077123501823866,4.262636789994789
qwen-run-20260923T073021Z-LtPzSb,django__django-11740,179,75.45703125,66.25390625,557056.0,9093120.0,0.7040430708702179,12.196510845369364
qwen-run-20260923T073021Z-LtPzSb,django__django-11740,180,74.7265625,65.5078125,143360.0,9523200.0,0.18295870360690017,12.336644014636697
qwen-run-20260923T073021Z-LtPzSb,django__django-11740,181,75.45703125,65.99609375,417792.0,9502720.0,0.5280323031526635,12.538178806232851
qwen-run-20260923T073021Z-LtPzSb,django__django-11740,182,75.39453125,66.40625,458752.0,8966144.0,0.5802808144655718,11.921662090047148
qwen-run-20260923T073021Z-LtPzSb,django__django-11740,183,75.12890625,65.609375,491520.0,9490432.0,0.6239276243955701,12.670930172100036
qwen-run-20260923T073021Z-LtPzSb,django__django-11740,184,75.0859375,65.17578125,512000.0,9879552.0,0.6502965352200604,13.198418478826344
qwen-run-20260923T073021Z-LtPzSb,django__django-11740,185,75.25390625,65.92578125,466944.0,9314304.0,0.5917466908902154,12.395535946016091
qwen-run-20260923T073021Z-LtPzSb,django__django-11740,186,75.01171875,62.88671875,438272.0,12275712.0,0.557204603447378,16.16414101963235
qwen-run-20260923T073021Z-LtPzSb,django__django-11740,187,75.23828125,71.41796875,512000.0,3493888.0,0.6489798037485074,5.077617984528321
qwen-run-20260923T073021Z-LtPzSb,django__django-11740,188,74.94921875,65.93359375,450560.0,9003008.0,0.5733048418199823,12.028977953822901
qwen-run-20260923T073021Z-LtPzSb,django__django-11740,189,75.265625,65.703125,507904.0,9519104.0,0.6435540793024704,12.705003113971351
qwen-run-20260923T073021Z-LtPzSb,django__django-11740,190,75.0859375,70.3125,483328.0,4521984.0,0.6138799292477369,6.35729892831131
qwen-run-20260923T073021Z-LtPzSb,django__django-11740,191,74.87890625,66.65625,409600.0,8212480.0,0.5216756220981793,10.981271845166676
qwen-run-20260923T073021Z-LtPzSb,django__django-11740,192,74.84375,67.39453125,139264.0,7671808.0,0.17745302713987474,9.95302713987474
qwen-run-20260923T073021Z-LtPzSb,django__django-11740,193,75.28125,71.2109375,368640.0,3899392.0,0.4669987546699875,5.4068078040680785
qwen-run-20260923T073021Z-LtPzSb,django__django-11740,194,75.11328125,62.9140625,397312.0,12394496.0,0.5044464090696344,16.24109418066462
qwen-run-20260923T073021Z-LtPzSb,django__django-11740,195,75.04296875,61.98828125,389120.0,13299712.0,0.494508354588517,17.396283379313935
qwen-run-20260923T073021Z-LtPzSb,django__django-11740,196,75.2265625,71.609375,303104.0,3489792.0,0.3842558936545851,4.808391317893863
qwen-run-20260923T073021Z-LtPzSb,django__django-11740,197,74.9296875,69.390625,401408.0,5406720.0,0.5108956313210301,7.39234699197164
qwen-run-20260923T073021Z-LtPzSb,django__django-11740,198,74.89453125,72.24609375,405504.0,2371584.0,0.5163511187607573,3.536222813331247
qwen-run-20260923T073021Z-LtPzSb,django__django-11740,199,75.04296875,72.9375,352256.0,1855488.0,0.4476601946801312,2.8056842434022173
qwen-run-20260923T073021Z-LtPzSb,django__django-11740,200,75.25,68.44140625,380928.0,6758400.0,0.482765780730897,9.04796511627907
qwen-run-20260923T073021Z-LtPzSb,django__django-11740,201,75.0546875,63.984375,438272.0,11169792.0,0.5568856042469033,14.749661705006766
qwen-run-20260923T073021Z-LtPzSb,django__django-11740,202,74.79296875,60.109375,356352.0,15040512.0,0.4543792761268084,19.632318378858308
qwen-run-20260923T073021Z-LtPzSb,django__django-11740,203,74.8828125,70.3046875,618496.0,4182016.0,0.7876890975482524,6.113719353155973
qwen-run-20260923T073021Z-LtPzSb,django__django-11740,204,75.19140625,66.109375,0.0,9523200.0,0.0,12.078549535040782
qwen-run-20260923T073021Z-LtPzSb,django__django-11740,205,75.18359375,72.36328125,409600.0,2547712.0,0.5195614901023536,3.751233958538993
qwen-run-20260923T073021Z-LtPzSb,django__django-11740,206,75.08984375,68.14453125,438272.0,6844416.0,0.5566248764500858,9.249336732039744
qwen-run-20260923T073021Z-LtPzSb,django__django-11740,207,74.9296875,64.06640625,442368.0,10948608.0,0.5630278385986862,14.49796684391617
qwen-run-20260923T073021Z-LtPzSb,django__django-11740,208,74.98046875,65.1875,434176.0,9834496.0,0.5522271424850221,13.060692888773119
qwen-run-20260923T073021Z-LtPzSb,django__django-11740,209,75.0546875,66.19921875,430080.0,8855552.0,0.5464765275320079,11.798688456333924
qwen-run-20260923T073021Z-LtPzSb,django__django-11740,210,75.109375,64.32421875,487424.0,10821632.0,0.6188891200332848,14.359267734553775
qwen-run-20260923T073021Z-LtPzSb,django__django-11740,211,75.04296875,71.1953125,376832.0,3657728.0,0.47889230128572174,5.127270834417781
qwen-run-20260923T073021Z-LtPzSb,django__django-11740,212,74.984375,72.125,475136.0,2523136.0,0.604292560950198,3.8132944363409043
qwen-run-20260923T073021Z-LtPzSb,django__django-11740,213,75.23828125,63.90625,507904.0,11374592.0,0.6437879653185193,15.061523285395358
qwen-run-20260923T073021Z-LtPzSb,django__django-11740,214,74.98046875,68.1875,651264.0,6471680.0,0.8283407137275333,9.059650950768429
qwen-run-20260923T073021Z-LtPzSb,django__django-11740,215,75.21484375,65.51171875,372736.0,9801728.0,0.4726045183069333,12.900545312905738
qwen-run-20260923T073021Z-LtPzSb,django__django-11740,216,75.1640625,67.58984375,434176.0,7507968.0,0.550878287080345,10.07691508159235
qwen-run-20260923T073021Z-LtPzSb,django__django-11740,217,75.00390625,68.4296875,278528.0,6615040.0,0.35414822144679964,8.765168480808292
qwen-run-20260923T073021Z-LtPzSb,django__django-11740,218,75.23828125,70.5234375,335872.0,4608000.0,0.4257307512590208,6.266548984995587
qwen-run-20260923T073021Z-LtPzSb,django__django-11740,219,74.9921875,65.1484375,454656.0,9867264.0,0.5781852276278779,13.1263673299302
qwen-run-20260923T073021Z-LtPzSb,django__django-11740,220,74.80859375,65.09375,278528.0,9908224.0,0.355072842149235,12.986267035663934
qwen-run-20260923T073021Z-LtPzSb,django__django-11740,221,75.02734375,73.375,438272.0,1294336.0,0.557088561461967,2.2023220700786172
qwen-run-20260923T073021Z-LtPzSb,django__django-11740,222,74.5546875,67.8671875,393216.0,6619136.0,0.5029864822382899,8.969925599916168
qwen-run-20260923T073021Z-LtPzSb,django__django-11740,223,75.046875,65.26953125,364544.0,9887744.0,0.46325213408286486,13.028315636060796
qwen-run-20260923T073021Z-LtPzSb,django__django-11740,224,74.5390625,69.54296875,692224.0,4546560.0,0.8856513992244,6.7026517136568495
qwen-run-20260923T073021Z-LtPzSb,django__django-11740,225,74.859375,70.40234375,417792.0,4255744.0,0.5322479649342517,5.953871843039032
qwen-run-20260923T073021Z-LtPzSb,django__django-11740,226,75.2578125,65.35546875,442368.0,9940992.0,0.5605730302086578,13.157894736842104
qwen-run-20260923T073021Z-LtPzSb,django__django-11740,227,74.71875,71.6640625,311296.0,2891776.0,0.397323295692179,4.088247595148474
qwen-run-20260923T073021Z-LtPzSb,django__django-11740,228,74.9375,65.20703125,327680.0,9875456.0,0.4170141784820684,12.984778982485404
qwen-run-20260923T073021Z-LtPzSb,django__django-11740,229,74.578125,68.12890625,147456.0,6615040.0,0.18856065367693275,8.647601089461554
qwen-run-20260923T073021Z-LtPzSb,django__django-11740,230,75.03125,67.296875,348160.0,7761920.0,0.44252394835485215,10.308204914618909
qwen-run-20260923T073021Z-LtPzSb,django__django-11740,231,74.97265625,69.859375,491520.0,4870144.0,0.6252279476892617,6.8201948627103635
qwen-run-20260923T073021Z-LtPzSb,django__django-11740,232,71.83984375,68.18359375,434176.0,3399680.0,0.5763688760806917,5.089445924637051
qwen-run-20260923T073021Z-LtPzSb,django__django-11740,233,74.85546875,73.3203125,413696.0,1196032.0,0.5270573501017586,2.0508271147523875
qwen-run-20260923T073021Z-LtPzSb,django__django-11740,234,74.94921875,73.14453125,401408.0,1490944.0,0.5107624954396206,2.4078803356439256
qwen-run-20260923T073021Z-LtPzSb,django__django-11740,235,74.9921875,71.4296875,352256.0,3383296.0,0.447963329513491,4.750494843212834
qwen-run-20260923T073021Z-LtPzSb,django__django-11740,236,74.78125,71.3828125,385024.0,3178496.0,0.4910154617634768,4.544504805683243
qwen-run-20260923T073021Z-LtPzSb,django__django-11740,237,75.01171875,70.57421875,434176.0,4218880.0,0.5519970837889913,5.915742331927303
qwen-run-20260923T073021Z-LtPzSb,django__django-11740,238,75.25390625,65.36328125,434176.0,9936896.0,0.5502206073189723,13.14300545029847
qwen-run-20260923T073021Z-LtPzSb,django__django-11740,239,74.89453125,70.7890625,393216.0,3911680.0,0.5007041151619465,5.48166692745006
qwen-run-20260923T073021Z-LtPzSb,django__django-11740,240,74.6953125,66.953125,376832.0,7741440.0,0.48112122162953663,10.36502457901893
qwen-run-20260923T073021Z-LtPzSb,django__django-11740,241,74.50390625,68.8671875,221184.0,5689344.0,0.2831227389503487,7.565668746395428
qwen-run-20260923T073021Z-LtPzSb,django__django-11740,242,75.2734375,66.46875,442368.0,8790016.0,0.5604566683964712,11.696938245978204
qwen-run-20260923T073021Z-LtPzSb,django__django-11740,243,75.31640625,65.48828125,380928.0,9924608.0,0.48234012758674344,13.049115709766092
qwen-run-20260923T073021Z-LtPzSb,django__django-11740,244,75.01171875,68.46875,389120.0,6471680.0,0.4947143675467375,8.72259542779774
qwen-run-20260923T073021Z-LtPzSb,django__django-11740,245,74.90234375,67.46484375,356352.0,7442432.0,0.45371577574967403,9.929595827900913
qwen-run-20260923T073021Z-LtPzSb,django__django-11740,246,74.8671875,70.828125,364544.0,3870720.0,0.4643639778774914,5.394970259835125
qwen-run-20260923T073021Z-LtPzSb,django__django-11740,247,74.8359375,70.390625,315392.0,4345856.0,0.4019208685666562,5.94007725232279
qwen-run-20260923T073021Z-LtPzSb,django__django-11740,248,74.6484375,70.61328125,282624.0,3948544.0,0.36106750392464676,5.405546834118263
qwen-run-20260923T073021Z-LtPzSb,django__django-11740,249,74.94140625,68.11328125,389120.0,6770688.0,0.49517852488923636,9.11128485796195
qwen-run-20260923T073021Z-LtPzSb,django__django-11749,1,4.1484375,3.3203125,167936.0,700416.0,3.8606403013182673,19.962335216572505
qwen-run-20260923T073021Z-LtPzSb,django__django-11749,2,74.9140625,67.77734375,651264.0,6832128.0,0.8290749817499218,9.52654082803212
qwen-run-20260923T073021Z-LtPzSb,django__django-11749,3,72.2421875,65.11328125,73728.0,7401472.0,0.09732886341516167,9.86806531848167
qwen-run-20260923T073021Z-LtPzSb,django__django-11749,4,74.61328125,70.99609375,700416.0,3092480.0,0.8952410868540914,4.84791372179467
qwen-run-20260923T073021Z-LtPzSb,django__django-11749,5,28.9140625,25.140625,831488.0,3125248.0,2.74250202647933,13.050526884625777
qwen-run-20260923T073021Z-LtPzSb,django__django-11749,6,28.68359375,25.07421875,630784.0,3153920.0,2.0972354623450906,12.583412774070544
qwen-run-20260923T073021Z-LtPzSb,django__django-11749,7,28.66015625,25.0859375,614400.0,3133440.0,2.0444323292899007,12.471037208668394
qwen-run-20260923T073021Z-LtPzSb,django__django-11749,8,29.015625,25.41796875,630784.0,3141632.0,2.0732364028002155,12.39903069466882
qwen-run-20260923T073021Z-LtPzSb,django__django-11749,9,28.7890625,24.55859375,811008.0,3624960.0,2.6865671641791047,14.69470827679783
qwen-run-20260923T073021Z-LtPzSb,django__django-11749,10,27.11328125,22.90625,794624.0,3616768.0,2.794986313211353,15.516496182106325
qwen-run-20260923T073021Z-LtPzSb,django__django-11749,11,72.34375,68.46484375,962560.0,3104768.0,1.2688984881209504,5.361771058315335
qwen-run-20260923T073021Z-LtPzSb,django__django-11749,12,28.83984375,24.5,909312.0,3641344.0,3.0069077610727346,15.048083434918055
qwen-run-20260923T073021Z-LtPzSb,django__django-11749,13,26.35546875,23.52734375,946176.0,2019328.0,3.423743886171632,10.730695123758707
qwen-run-20260923T073021Z-LtPzSb,django__django-11749,14,45.64453125,41.91015625,987136.0,2928640.0,2.0624732563115105,8.181429182712879
qwen-run-20260923T073021Z-LtPzSb,django__django-11749,15,26.38671875,23.421875,1052672.0,2056192.0,3.8045891931902296,11.236121391561806
qwen-run-20260923T073021Z-LtPzSb,django__django-11749,16,45.43359375,41.60546875,1110016.0,2904064.0,2.3299802252600808,8.425758748172987
qwen-run-20260923T073021Z-LtPzSb,django__django-11749,17,26.140625,23.22265625,995328.0,2064384.0,3.6312014345487147,11.162582187686791
qwen-run-20260923T073021Z-LtPzSb,django__django-11749,18,26.640625,23.66015625,1003520.0,2121728.0,3.592375366568915,11.187683284457478
qwen-run-20260923T073021Z-LtPzSb,django__django-11749,19,26.08203125,23.24609375,909312.0,2064384.0,3.324846487943687,10.873146622734762
qwen-run-20260923T073021Z-LtPzSb,django__django-11749,20,45.015625,41.3203125,966656.0,2908160.0,2.04790003471017,8.208955223880597
qwen-run-20260923T073021Z-LtPzSb,django__django-11749,21,27.32421875,24.453125,905216.0,2105344.0,3.15939957112223,10.507505360972123
qwen-run-20260923T073021Z-LtPzSb,django__django-11749,22,26.34375,23.51953125,905216.0,2056192.0,3.2769869513641754,10.720640569395018
qwen-run-20260923T073021Z-LtPzSb,django__django-11749,23,45.08203125,42.16015625,180224.0,2883584.0,0.38124945845247377,6.481240793692055
qwen-run-20260923T073021Z-LtPzSb,django__django-11749,24,25.94921875,23.5703125,393216.0,2101248.0,1.4451302122535,9.167544783983141
qwen-run-20260923T073021Z-LtPzSb,django__django-11749,25,44.74609375,41.453125,593920.0,2859008.0,1.2658227848101267,7.359231776516805
qwen-run-20260923T073021Z-LtPzSb,django__django-11749,26,25.640625,23.22265625,491520.0,2043904.0,1.8281535648994516,9.430225472273005
qwen-run-20260923T073021Z-LtPzSb,django__django-11749,27,25.7734375,23.37890625,479232.0,2031616.0,1.7732646256441347,9.290694149742347
qwen-run-20260923T073021Z-LtPzSb,django__django-11749,28,44.86328125,41.61328125,532480.0,2875392.0,1.1319111885067479,7.244231606443186
qwen-run-20260923T073021Z-LtPzSb,django__django-11749,29,43.953125,41.46484375,450560.0,2158592.0,0.9776039815143974,5.661215783860647
qwen-run-20260923T073021Z-LtPzSb,django__django-11790,1,4.1640625,3.296875,40960.0,868352.0,0.9380863039399625,20.825515947467167
qwen-run-20260923T073021Z-LtPzSb,django__django-11790,2,74.81640625,74.10546875,40960.0,704512.0,0.05221114185767243,0.9502427818096382
qwen-run-20260923T073021Z-LtPzSb,django__django-11790,3,26.7265625,24.51953125,356352.0,1957888.0,1.2715580239695996,8.257819351066939
qwen-run-20260923T073021Z-LtPzSb,django__django-11790,4,73.96484375,66.56640625,405504.0,7352320.0,0.5228412991814101,10.002640612622129
qwen-run-20260923T073021Z-LtPzSb,django__django-11790,5,26.12890625,23.84765625,446464.0,1945600.0,1.6295410375242936,8.730751980864106
qwen-run-20260923T073021Z-LtPzSb,django__django-11790,6,26.265625,24.09375,319488.0,1957888.0,1.1600237953599049,8.26888756692445
qwen-run-20260923T073021Z-LtPzSb,django__django-11790,7,26.63671875,24.359375,405504.0,1982464.0,1.4518257809062913,8.549640709781492
qwen-run-20260923T073021Z-LtPzSb,django__django-11790,8,26.66796875,24.2109375,573440.0,2002944.0,2.050681119085982,9.213417313607733
qwen-run-20260923T073021Z-LtPzSb,django__django-11790,9,26.6171875,24.2109375,536576.0,1986560.0,1.9225124743175814,9.040211329615497
qwen-run-20260923T073021Z-LtPzSb,django__django-11790,10,26.1484375,23.671875,626688.0,1970176.0,2.2856289214221692,9.471168210337616
qwen-run-20260923T073021Z-LtPzSb,django__django-11790,11,26.53125,23.921875,753664.0,1982464.0,2.7090694935217905,9.83510011778563
qwen-run-20260923T073021Z-LtPzSb,django__django-11790,12,26.421875,23.890625,684032.0,1970176.0,2.4689532820816087,9.58013010053223
qwen-run-20260923T073021Z-LtPzSb,django__django-11790,13,26.66015625,24.80078125,897024.0,1052672.0,3.208791208791209,6.9743589743589745
qwen-run-20260923T073021Z-LtPzSb,django__django-11790,14,25.7734375,23.14453125,765952.0,1990656.0,2.834192179448318,10.200060624431647
qwen-run-20260923T073021Z-LtPzSb,django__django-11790,15,26.4921875,23.9140625,708608.0,1994752.0,2.550869949867296,9.731642583308759
qwen-run-20260923T073021Z-LtPzSb,django__django-11790,16,26.9296875,24.3125,745472.0,1998848.0,2.6399767914128227,9.718595880475776
qwen-run-20260923T073021Z-LtPzSb,django__django-11790,17,26.47265625,23.88671875,724992.0,1986560.0,2.611775121735281,9.768334071122915
qwen-run-20260923T073021Z-LtPzSb,django__django-11790,18,26.9140625,24.32421875,700416.0,2015232.0,2.481857764876633,9.622641509433961
qwen-run-20260923T073021Z-LtPzSb,django__django-11790,19,26.64453125,24.078125,724992.0,1966080.0,2.594927429995602,9.632018765576895
qwen-run-20260923T073021Z-LtPzSb,django__django-11815,1,4.4375,3.625,147456.0,704512.0,3.1690140845070425,18.309859154929576
qwen-run-20260923T073021Z-LtPzSb,django__django-11815,2,26.2421875,23.9609375,372736.0,2019328.0,1.3545698124441798,8.693063411729682
qwen-run-20260923T073021Z-LtPzSb,django__django-11815,3,48.15625,39.609375,602112.0,8359936.0,1.1924075275794939,17.748215444516546
qwen-run-20260923T073021Z-LtPzSb,django__django-11815,4,47.97265625,39.51171875,532480.0,8339456.0,1.0585457210324891,17.637000244279783
qwen-run-20260923T073021Z-LtPzSb,django__django-11815,5,25.37109375,22.89453125,577536.0,2019328.0,2.1709006928406467,9.761354888375674
qwen-run-20260923T073021Z-LtPzSb,django__django-11815,6,25.55078125,22.9609375,724992.0,1990656.0,2.706008255618407,10.136064821892678
qwen-run-20260923T073021Z-LtPzSb,django__django-11815,7,25.3671875,22.5859375,950272.0,1966080.0,3.5725284878349246,10.963966738527873
qwen-run-20260923T073021Z-LtPzSb,django__django-11815,8,26.47265625,23.75390625,798720.0,2052096.0,2.8773793714032756,10.27003098716246
qwen-run-20260923T073021Z-LtPzSb,django__django-11815,9,25.54296875,23.1953125,413696.0,2048000.0,1.5445786817556202,9.191007799357699
qwen-run-20260923T073021Z-LtPzSb,django__django-11815,10,25.7890625,23.4296875,479232.0,1994752.0,1.7721902453801879,9.148742805210542
qwen-run-20260923T073021Z-LtPzSb,django__django-11815,11,25.30859375,22.81640625,630784.0,1982464.0,2.3769100169779285,9.847198641765704
qwen-run-20260923T073021Z-LtPzSb,django__django-11815,12,30.84765625,28.7578125,73728.0,2117632.0,0.22793465873116373,6.774724578954033
qwen-run-20260923T073021Z-LtPzSb,django__django-11815,13,26.55859375,24.4140625,237568.0,2011136.0,0.8530666274452126,8.07471687012796
qwen-run-20260923T073021Z-LtPzSb,django__django-11815,14,25.24609375,23.0078125,364544.0,1982464.0,1.377069472381247,8.865851771623085
qwen-run-20260923T073021Z-LtPzSb,django__django-11815,15,30.84765625,28.57421875,270336.0,2113536.0,0.8357604153476004,7.369887298974294
qwen-run-20260923T073021Z-LtPzSb,django__django-11815,16,41.51953125,39.3125,233472.0,2080768.0,0.5362686988427886,5.315645874494308
qwen-run-20260923T073021Z-LtPzSb,django__django-11815,17,25.25,23.0,393216.0,1966080.0,1.4851485148514851,8.910891089108912
qwen-run-20260923T073021Z-LtPzSb,django__django-11815,18,26.21484375,24.69140625,573440.0,1024000.0,2.0861272537624793,5.81135449262405
qwen-run-20260923T073021Z-LtPzSb,django__django-11815,19,25.0234375,22.578125,573440.0,1990656.0,2.185451139556666,9.772088666874804
qwen-run-20260923T073021Z-LtPzSb,django__django-11815,20,31.640625,28.875,634880.0,2265088.0,1.9135802469135803,8.74074074074074
qwen-run-20260923T073021Z-LtPzSb,django__django-11815,21,25.38671875,22.859375,679936.0,1970176.0,2.5542391137098015,9.955377750423143
qwen-run-20260923T073021Z-LtPzSb,django__django-11815,22,31.0390625,28.421875,626688.0,2117632.0,1.9254971054618677,8.431915429146741
qwen-run-20260923T073021Z-LtPzSb,django__django-11815,23,25.9609375,23.54296875,548864.0,1986560.0,2.016250376166115,9.313873006319591
qwen-run-20260923T073021Z-LtPzSb,django__django-11815,24,25.21484375,22.703125,671744.0,1961984.0,2.540666150271108,9.961270333075136
qwen-run-20260923T073021Z-LtPzSb,django__django-11815,25,31.2265625,28.609375,610304.0,2134016.0,1.8638979234425819,8.381285964473355
qwen-run-20260923T073021Z-LtPzSb,django__django-11815,26,25.97265625,23.40234375,622592.0,2072576.0,2.286058053842683,9.896224996240036
qwen-run-20260923T073021Z-LtPzSb,django__django-11815,27,26.5859375,24.16015625,507904.0,2035712.0,1.821921833676168,9.124302086394358
qwen-run-20260923T073021Z-LtPzSb,django__django-11815,28,26.06640625,23.6640625,512000.0,2007040.0,1.8732204405814477,9.216244567660722
qwen-run-20260923T073021Z-LtPzSb,django__django-11815,29,31.3359375,28.66796875,647168.0,2150400.0,1.969583644976315,8.514086262777361
qwen-run-20260923T073021Z-LtPzSb,django__django-11815,30,43.83203125,41.1328125,733184.0,2097152.0,1.595223242135282,6.158096426343463
qwen-run-20260923T073021Z-LtPzSb,django__django-11815,31,25.4609375,23.015625,581632.0,1982464.0,2.1785823872353482,9.60417305922062
qwen-run-20260923T073021Z-LtPzSb,django__django-11820,1,4.06640625,3.3046875,102400.0,696320.0,2.4015369836695486,18.73198847262248
qwen-run-20260923T073021Z-LtPzSb,django__django-11820,2,48.41015625,40.80859375,409600.0,7561216.0,0.8069071249899137,15.70241265230372
qwen-run-20260923T073021Z-LtPzSb,django__django-11820,3,48.21484375,39.3203125,536576.0,8790016.0,1.061330308676983,18.447703151583895
qwen-run-20260923T073021Z-LtPzSb,django__django-11820,4,48.16796875,39.078125,741376.0,8790016.0,1.4678452680236802,18.871137782823777
qwen-run-20260923T073021Z-LtPzSb,django__django-11820,5,77.9453125,72.5546875,1949696.0,3702784.0,2.3854866192242157,6.9159065851458355
qwen-run-20260923T073021Z-LtPzSb,django__django-11820,6,28.140625,24.078125,2076672.0,2183168.0,7.037756801776791,14.436424208772904
qwen-run-20260923T073021Z-LtPzSb,django__django-11820,7,28.203125,25.98828125,172032.0,2150400.0,0.5817174515235457,7.853185595567867
qwen-run-20260923T073021Z-LtPzSb,django__django-11820,8,26.76953125,24.31640625,454656.0,2117632.0,1.619728586020721,9.163869838027141
qwen-run-20260923T073021Z-LtPzSb,django__django-11820,9,26.7421875,24.23828125,503808.0,2121728.0,1.796669588080631,9.363131755769793
qwen-run-20260923T073021Z-LtPzSb,django__django-11820,10,25.6640625,23.21875,491520.0,2072576.0,1.82648401826484,9.528158295281584
qwen-run-20260923T073021Z-LtPzSb,django__django-11820,11,26.54296875,23.9921875,569344.0,2105344.0,2.0456217807211186,9.61000735835173
qwen-run-20260923T073021Z-LtPzSb,django__django-11820,12,26.51171875,24.046875,483328.0,2101248.0,1.7386179460733755,9.297185796375423
qwen-run-20260923T073021Z-LtPzSb,django__django-11820,13,26.98828125,24.5859375,417792.0,2101248.0,1.4763352149370386,8.901432913590968
qwen-run-20260923T073021Z-LtPzSb,django__django-11820,14,25.61328125,23.26953125,397312.0,2060288.0,1.4793350617660515,9.150526155253926
qwen-run-20260923T073021Z-LtPzSb,django__django-11820,15,33.0546875,30.34375,479232.0,2363392.0,1.3826518553533444,8.201370834318128
qwen-run-20260923T073021Z-LtPzSb,django__django-11820,16,26.0625,23.57421875,512000.0,2097152.0,1.8735011990407673,9.54736211031175
qwen-run-20260923T073021Z-LtPzSb,django__django-11820,17,32.79296875,30.08984375,495616.0,2338816.0,1.4413341274568194,8.243001786777844
qwen-run-20260923T073021Z-LtPzSb,django__django-11820,18,25.99609375,23.609375,413696.0,2088960.0,1.5176558978211871,9.18106686701728
qwen-run-20260923T073021Z-LtPzSb,django__django-11820,19,25.85546875,23.50390625,405504.0,2060288.0,1.4956942136274363,9.095029460643602
qwen-run-20260923T073021Z-LtPzSb,django__django-11820,20,53.41796875,49.109375,675840.0,3842048.0,1.206581352833638,8.06581352833638
qwen-run-20260923T073021Z-LtPzSb,django__django-11820,21,27.1328125,24.390625,741376.0,2134016.0,2.6058162971494387,10.106536135905557
qwen-run-20260923T073021Z-LtPzSb,django__django-11820,22,32.05078125,29.1484375,790528.0,2252800.0,2.352224253503961,9.055453991468617
qwen-run-20260923T073021Z-LtPzSb,django__django-11820,23,25.6875,23.04296875,724992.0,2048000.0,2.6916058394160585,10.295012165450121
qwen-run-20260923T073021Z-LtPzSb,django__django-11820,24,32.6640625,29.75390625,839680.0,2211840.0,2.4515666108586465,8.909351829705813
qwen-run-20260923T073021Z-LtPzSb,django__django-11820,25,25.9609375,23.3515625,696320.0,2039808.0,2.5579295817032803,10.051158591634065
qwen-run-20260923T073021Z-LtPzSb,django__django-11820,26,51.8671875,48.3828125,761856.0,2891776.0,1.4008133755083596,6.717879198674499
qwen-run-20260923T073021Z-LtPzSb,django__django-11820,27,25.859375,23.21875,724992.0,2043904.0,2.673716012084592,10.211480362537765
qwen-run-20260923T073021Z-LtPzSb,django__django-11820,28,55.76953125,51.08203125,782336.0,4132864.0,1.3378160678013589,8.405127127547804
qwen-run-20260923T073021Z-LtPzSb,django__django-11820,29,25.87890625,23.171875,761856.0,2076672.0,2.8075471698113206,10.460377358490566
qwen-run-20260923T073021Z-LtPzSb,django__django-11820,30,57.69921875,52.87890625,667648.0,4386816.0,1.1035136415950173,8.354207568884977
qwen-run-20260923T073021Z-LtPzSb,django__django-11820,31,42.17578125,39.5078125,565248.0,2232320.0,1.2781328146707418,6.325831249421135
qwen-run-20260923T073021Z-LtPzSb,django__django-11820,32,25.94140625,23.34375,667648.0,2056192.0,2.454449631079657,10.013552175877127
qwen-run-20260923T073021Z-LtPzSb,django__django-11848,1,4.06640625,3.26171875,159744.0,684032.0,3.7463976945244957,19.788664745437078
qwen-run-20260923T073021Z-LtPzSb,django__django-11848,2,26.62890625,24.26953125,430080.0,2043904.0,1.540266979609799,8.860202435088748
qwen-run-20260923T073021Z-LtPzSb,django__django-11848,3,25.41015625,23.15625,401408.0,1961984.0,1.506533435818601,8.87009992313605
qwen-run-20260923T073021Z-LtPzSb,django__django-11848,4,25.94140625,23.65234375,434176.0,1966080.0,1.5961451588616171,8.823972293329318
qwen-run-20260923T073021Z-LtPzSb,django__django-11848,5,26.28515625,23.92578125,487424.0,1986560.0,1.7684648536186656,8.976073710803982
qwen-run-20260923T073021Z-LtPzSb,django__django-11848,6,26.05078125,23.74609375,434176.0,1982464.0,1.5894436947068527,8.84690358374569
qwen-run-20260923T073021Z-LtPzSb,django__django-11848,7,30.75390625,29.06640625,491520.0,1277952.0,1.524196621364156,5.487107836910962
qwen-run-20260923T073021Z-LtPzSb,django__django-11848,8,41.515625,38.37890625,720896.0,2568192.0,1.6560030109145654,7.555513737297704
qwen-run-20260923T073021Z-LtPzSb,django__django-11848,9,41.640625,38.65234375,573440.0,2560000.0,1.3133208255159474,7.176360225140713
qwen-run-20260923T073021Z-LtPzSb,django__django-11848,10,25.421875,22.828125,663552.0,2056192.0,2.4892440073755377,10.202827289489859
qwen-run-20260923T073021Z-LtPzSb,django__django-11848,11,24.8984375,22.515625,536576.0,1961984.0,2.055224348917477,9.570128647631002
qwen-run-20260923T073021Z-LtPzSb,django__django-11848,12,25.89453125,23.43359375,561152.0,2019328.0,2.0666767234877055,9.503695881731785
qwen-run-20260923T073021Z-LtPzSb,django__django-11848,13,26.35546875,23.79296875,667648.0,2019328.0,2.415888543056173,9.722839780643248
qwen-run-20260923T073021Z-LtPzSb,django__django-11848,14,37.125,34.3203125,606208.0,2334720.0,1.5572390572390573,7.5547138047138045
qwen-run-20260923T073021Z-LtPzSb,django__django-11848,15,26.28125,24.20703125,122880.0,2052096.0,0.44589774078478,7.8923900118906065
qwen-run-20260923T073021Z-LtPzSb,django__django-11848,16,31.90234375,29.453125,331776.0,2236416.0,0.9917962532141545,7.6772376637688255
qwen-run-20260923T073021Z-LtPzSb,django__django-11848,17,37.07421875,34.4296875,434176.0,2338816.0,1.1168475397745232,7.133073437993889
qwen-run-20260923T073021Z-LtPzSb,django__django-11848,18,25.453125,23.04296875,516096.0,2011136.0,1.9337016574585635,9.468999386126457
qwen-run-20260923T073021Z-LtPzSb,django__django-11848,19,27.10546875,24.7109375,458752.0,2052096.0,1.6140654272949992,8.834125954748522
qwen-run-20260923T073021Z-LtPzSb,django__django-11848,20,25.86328125,23.46484375,503808.0,2011136.0,1.8577254191209787,9.273523636912852
qwen-run-20260923T073021Z-LtPzSb,django__django-11848,21,27.0234375,24.60546875,425984.0,2109440.0,1.503324660306447,8.947672737785487
qwen-run-20260923T073021Z-LtPzSb,django__django-11848,22,26.22265625,23.87890625,458752.0,1998848.0,1.6684045881126173,8.937881722031879
qwen-run-20260923T073021Z-LtPzSb,django__django-11848,23,27.46875,24.703125,339968.0,2560000.0,1.1803185437997725,10.06825938566553
qwen-run-20260923T073021Z-LtPzSb,django__django-11848,24,25.8515625,23.63671875,311296.0,2011136.0,1.1483831973405862,8.5675430643699
qwen-run-20260923T073021Z-LtPzSb,django__django-11848,25,26.2734375,23.921875,372736.0,2093056.0,1.352958667856081,8.950341956586382
qwen-run-20260923T073021Z-LtPzSb,django__django-11848,26,29.27734375,26.99609375,376832.0,2015232.0,1.227484989993329,7.7918612408272185
qwen-run-20260923T073021Z-LtPzSb,django__django-11848,27,31.4609375,29.04296875,323584.0,2211840.0,0.9808790663024584,7.685622051154706
qwen-run-20260923T073021Z-LtPzSb,django__django-11848,28,25.765625,23.50390625,372736.0,1998848.0,1.3796240145542753,8.778047301394786
qwen-run-20260923T073021Z-LtPzSb,django__django-11848,29,26.07421875,23.70703125,491520.0,1990656.0,1.797752808988764,9.07865168539326
qwen-run-20260923T073021Z-LtPzSb,django__django-11848,30,28.5625,26.09765625,483328.0,2101248.0,1.613785557986871,8.629649890590809
qwen-run-20260923T073021Z-LtPzSb,django__django-11848,31,25.89453125,23.5,524288.0,1986560.0,1.9309096394629657,9.24724694524061
qwen-run-20260923T073021Z-LtPzSb,django__django-11848,32,27.953125,25.58203125,417792.0,2068480.0,1.4253773057574064,8.482392397987702
qwen-run-20260923T073021Z-LtPzSb,django__django-11848,33,25.84765625,23.578125,380928.0,1998848.0,1.4054707571406981,8.78041408493275
qwen-run-20260923T073021Z-LtPzSb,django__django-11848,34,25.90625,23.61328125,413696.0,1990656.0,1.52291917973462,8.85102533172497
qwen-run-20260923T073021Z-LtPzSb,django__django-11848,35,43.34375,40.40625,507904.0,2572288.0,1.117519826964672,6.777217015140591
qwen-run-20260923T073021Z-LtPzSb,django__django-11848,36,43.11328125,41.265625,557056.0,1380352.0,1.232218900063423,4.285584850955876
qwen-run-20260923T073021Z-LtPzSb,django__django-11848,37,41.0546875,38.16015625,495616.0,2539520.0,1.1512844909609896,7.050428163653663
qwen-run-20260923T073021Z-LtPzSb,django__django-11848,38,25.89453125,23.59375,434176.0,1978368.0,1.5990345451802686,8.885201387841303
qwen-run-20260923T073021Z-LtPzSb,django__django-11848,39,42.9140625,40.08203125,438272.0,2531328.0,0.9739668669215366,6.599308210449664
qwen-run-20260923T073021Z-LtPzSb,django__django-11848,40,26.01171875,23.6875,442368.0,1994752.0,1.6218651449166541,8.935275566901938
qwen-run-20260923T073021Z-LtPzSb,django__django-11848,41,25.515625,23.09375,540672.0,1998848.0,2.020820575627679,9.49173300673607
qwen-run-20260923T073021Z-LtPzSb,django__django-11848,42,26.95703125,24.58984375,462848.0,2019328.0,1.637443848717577,8.781336038255326
qwen-run-20260923T073021Z-LtPzSb,django__django-11848,43,26.11328125,23.82421875,409600.0,1990656.0,1.4958863126402393,8.765893792071802
qwen-run-20260923T073021Z-LtPzSb,django__django-11848,44,25.19140625,22.921875,380928.0,1998848.0,1.4420840440378353,9.009148705225616
qwen-run-20260923T073021Z-LtPzSb,django__django-11848,45,26.23046875,23.94921875,376832.0,2015232.0,1.3700670141474312,8.696947133283693
qwen-run-20260923T073021Z-LtPzSb,django__django-11848,46,25.15625,22.890625,405504.0,1970176.0,1.5372670807453417,9.006211180124224
qwen-run-20260923T073021Z-LtPzSb,django__django-11848,47,26.6171875,24.35546875,335872.0,2035712.0,1.2034047549163487,8.497211623128852
qwen-run-20260923T073021Z-LtPzSb,django__django-11848,48,25.2265625,23.1171875,249856.0,1961984.0,0.9445648807680397,8.36172189532363
qwen-run-20260923T073021Z-LtPzSb,django__django-11848,49,25.75390625,23.53125,331776.0,1998848.0,1.2285757621720006,8.63036553920825
qwen-run-20260923T073021Z-LtPzSb,django__django-11848,50,25.13671875,22.9375,311296.0,1994752.0,1.181041181041181,8.74902874902875
qwen-run-20260923T073021Z-LtPzSb,django__django-11848,51,27.05859375,24.75,376832.0,2043904.0,1.3281362783311679,8.531831961888264
qwen-run-20260923T073021Z-LtPzSb,django__django-11848,52,25.45703125,23.2734375,282624.0,2007040.0,1.0587693724106184,8.57756636489182
qwen-run-20260923T073021Z-LtPzSb,django__django-11848,53,25.38671875,23.1953125,299008.0,1998848.0,1.1232497307278042,8.632097245730112
qwen-run-20260923T073021Z-LtPzSb,django__django-11848,54,25.203125,22.98046875,286720.0,2043904.0,1.0849349039057656,8.818970861748294
qwen-run-20260923T073021Z-LtPzSb,django__django-11848,55,43.421875,40.52734375,466944.0,2568192.0,1.0255487585462397,6.666066930550557
qwen-run-20260923T073021Z-LtPzSb,django__django-11848,56,42.13671875,39.6640625,462848.0,2129920.0,1.0475572448317418,5.868174654676926
qwen-run-20260923T073021Z-LtPzSb,django__django-11848,57,25.296875,22.953125,454656.0,2002944.0,1.7140210006176653,9.264978381717109
qwen-run-20260923T073021Z-LtPzSb,django__django-11848,58,44.87109375,42.42578125,417792.0,2146304.0,0.8879603029511621,5.449638722033603
qwen-run-20260923T073021Z-LtPzSb,django__django-11848,59,25.25390625,22.890625,479232.0,1998848.0,1.8097447795823667,9.358081979891725
qwen-run-20260923T073021Z-LtPzSb,django__django-11848,60,42.34765625,39.859375,487424.0,2121728.0,1.0976847154321556,5.875841712019186
qwen-run-20260923T073021Z-LtPzSb,django__django-11848,61,25.26953125,22.88671875,503808.0,1994752.0,1.9013757922399135,9.429587262328026
qwen-run-20260923T073021Z-LtPzSb,django__django-11848,62,25.04296875,22.734375,462848.0,1957888.0,1.7625955389174857,9.21853065044455
qwen-run-20260923T073021Z-LtPzSb,django__django-11848,63,25.49609375,22.98828125,626688.0,2002944.0,2.3441090853378275,9.836065573770492
qwen-run-20260923T073021Z-LtPzSb,django__django-11848,64,42.0625,39.578125,462848.0,2142208.0,1.049405646359584,5.906389301634473
qwen-run-20260923T073021Z-LtPzSb,django__django-11848,65,25.3125,22.953125,450560.0,2023424.0,1.6975308641975309,9.320987654320987
qwen-run-20260923T073021Z-LtPzSb,django__django-11848,66,25.3046875,22.89453125,507904.0,2019328.0,1.9141710404445818,9.524544612534733
qwen-run-20260923T073021Z-LtPzSb,django__django-11848,67,25.27734375,22.9609375,425984.0,2002944.0,1.607170452789368,9.163962293308607
qwen-run-20260923T073021Z-LtPzSb,django__django-11880,1,3.8984375,3.046875,192512.0,700416.0,4.709418837675351,21.8436873747495
qwen-run-20260923T073021Z-LtPzSb,django__django-11880,2,46.1171875,38.80078125,471040.0,7200768.0,0.9740809757750296,15.864814501101135
qwen-run-20260923T073021Z-LtPzSb,django__django-11880,3,26.3125,24.09375,319488.0,2007040.0,1.157957244655582,8.43230403800475
qwen-run-20260923T073021Z-LtPzSb,django__django-11880,4,26.5546875,24.11328125,569344.0,1990656.0,2.044719035010297,9.193880553103854
qwen-run-20260923T073021Z-LtPzSb,django__django-11880,5,26.625,24.00390625,606208.0,2142208.0,2.171361502347418,9.844483568075118
qwen-run-20260923T073021Z-LtPzSb,django__django-11880,6,26.703125,24.1796875,602112.0,2043904.0,2.1503803393797543,9.449970743124634
qwen-run-20260923T073021Z-LtPzSb,django__django-11880,7,25.52734375,22.99609375,647168.0,2007040.0,2.4177505738332057,9.91583779648049
qwen-run-20260923T073021Z-LtPzSb,django__django-11880,8,30.93359375,28.18359375,765952.0,2117632.0,2.3614092688470767,8.890011365071347
qwen-run-20260923T073021Z-LtPzSb,django__django-11880,9,25.4765625,22.87890625,741376.0,1982464.0,2.7752223244403558,10.196258816314014
qwen-run-20260923T073021Z-LtPzSb,django__django-11880,10,25.4296875,23.0859375,475136.0,1982464.0,1.781874039938556,9.216589861751151
qwen-run-20260923T073021Z-LtPzSb,django__django-11885,1,4.21875,3.4453125,110592.0,700416.0,2.5,18.333333333333332
qwen-run-20260923T073021Z-LtPzSb,django__django-11885,2,26.703125,24.37890625,417792.0,2019328.0,1.492100643651258,8.703920421299005
qwen-run-20260923T073021Z-LtPzSb,django__django-11885,3,48.14453125,39.40234375,425984.0,8740864.0,0.8438133874239351,18.158215010141987
qwen-run-20260923T073021Z-LtPzSb,django__django-11885,4,48.30859375,42.3515625,495616.0,5750784.0,0.9784102854370502,12.331204010673567
qwen-run-20260923T073021Z-LtPzSb,django__django-11885,5,28.90234375,26.375,503808.0,2146304.0,1.662386809028247,8.744424922286795
qwen-run-20260923T073021Z-LtPzSb,django__django-11885,6,24.69140625,22.35546875,491520.0,1957888.0,1.8984337921214998,9.460528397405474
qwen-run-20260923T073021Z-LtPzSb,django__django-11885,7,26.69140625,24.55078125,290816.0,1953792.0,1.0390750768330161,8.019903409922435
qwen-run-20260923T073021Z-LtPzSb,django__django-11885,8,27.953125,25.87109375,147456.0,2035712.0,0.5030743432084964,7.4482951369480155
qwen-run-20260923T073021Z-LtPzSb,django__django-11885,9,26.6171875,24.359375,401408.0,1966080.0,1.4382154388024655,8.48253595538597
qwen-run-20260923T073021Z-LtPzSb,django__django-11885,10,27.59375,25.43359375,208896.0,2056192.0,0.7219705549263873,7.8284258210645525
qwen-run-20260923T073021Z-LtPzSb,django__django-11885,11,26.25,24.05859375,356352.0,1941504.0,1.2946428571428572,8.348214285714286
qwen-run-20260923T073021Z-LtPzSb,django__django-11885,12,25.69140625,23.4296875,499712.0,1871872.0,1.8549490649232172,8.803405808119203
qwen-run-20260923T073021Z-LtPzSb,django__django-11885,13,26.87890625,24.5,512000.0,1982464.0,1.8165964249382358,8.850457782299085
qwen-run-20260923T073021Z-LtPzSb,django__django-11885,14,25.70703125,23.4453125,417792.0,1953792.0,1.5499164260750646,8.798055006837867
qwen-run-20260923T073021Z-LtPzSb,django__django-11885,15,30.9296875,28.58203125,421888.0,2039808.0,1.300833543824198,7.5903005809547865
qwen-run-20260923T073021Z-LtPzSb,django__django-11885,16,25.62890625,23.2109375,577536.0,1957888.0,2.1490626428898034,9.434537418076513
qwen-run-20260923T073021Z-LtPzSb,django__django-11885,17,31.5625,29.0703125,479232.0,2134016.0,1.448019801980198,7.896039603960396
qwen-run-20260923T073021Z-LtPzSb,django__django-11885,18,26.3359375,23.95703125,528384.0,1966080.0,1.9133788193414416,9.03292791456541
qwen-run-20260923T073021Z-LtPzSb,django__django-11885,19,25.71875,23.31640625,569344.0,1949696.0,2.111178614823815,9.3408262454435
qwen-run-20260923T073021Z-LtPzSb,django__django-11885,20,31.48828125,28.98828125,479232.0,2142208.0,1.4514328247115742,7.939461605259893
qwen-run-20260923T073021Z-LtPzSb,django__django-11885,21,25.83203125,23.48046875,479232.0,1986560.0,1.7692424013307122,9.103281415393921
qwen-run-20260923T073021Z-LtPzSb,django__django-11885,22,26.73046875,24.21484375,638976.0,1998848.0,2.2797018851380972,9.411077013005992
qwen-run-20260923T073021Z-LtPzSb,django__django-11885,23,31.4453125,29.61328125,684032.0,1236992.0,2.0745341614906834,5.826086956521739
qwen-run-20260923T073021Z-LtPzSb,django__django-11885,24,25.2265625,23.38671875,753664.0,1175552.0,2.8491793124806444,7.293279653143388
qwen-run-20260923T073021Z-LtPzSb,django__django-11885,25,24.73046875,22.29296875,602112.0,1953792.0,2.3219080713947244,9.856262833675565
qwen-run-20260923T073021Z-LtPzSb,django__django-11885,26,31.30078125,28.75,561152.0,2113536.0,1.70972170223387,8.149257456632972
qwen-run-20260923T073021Z-LtPzSb,django__django-11885,27,26.375,23.953125,561152.0,1978368.0,2.029028436018957,9.182464454976303
qwen-run-20260923T073021Z-LtPzSb,django__django-11885,28,26.73828125,24.19921875,667648.0,1994752.0,2.381300219138057,9.495982468955441
qwen-run-20260923T073021Z-LtPzSb,django__django-11885,29,26.5546875,24.12890625,552960.0,1990656.0,1.9858781994704324,9.13503971756399
qwen-run-20260923T073021Z-LtPzSb,django__django-11885,30,26.546875,24.26171875,434176.0,1961984.0,1.5597410241318423,8.608004708652148
qwen-run-20260923T073021Z-LtPzSb,django__django-11885,31,27.42578125,25.1015625,450560.0,1986560.0,1.566728386269762,8.474576271186441
qwen-run-20260923T073021Z-LtPzSb,django__django-11885,32,26.65625,24.234375,544768.0,1994752.0,1.9490035169988276,9.085580304806564
qwen-run-20260923T073021Z-LtPzSb,django__django-11885,33,25.54296875,23.19921875,516096.0,1941504.0,1.9269001376357242,9.175714941122497
qwen-run-20260923T073021Z-LtPzSb,django__django-11885,34,26.76171875,24.31640625,581632.0,1982464.0,2.072690118230915,9.137352211356006
qwen-run-20260923T073021Z-LtPzSb,django__django-11885,35,26.984375,24.390625,712704.0,2007040.0,2.5188187608569774,9.612044006948466
qwen-run-20260923T073021Z-LtPzSb,django__django-11885,36,43.3046875,41.62109375,688128.0,1077248.0,1.515424860184016,3.887786397257803
qwen-run-20260923T073021Z-LtPzSb,django__django-11885,37,24.96875,22.3984375,712704.0,1982464.0,2.7221526908635796,10.294117647058824
qwen-run-20260923T073021Z-LtPzSb,django__django-11885,38,52.09375,50.01953125,4096.0,2170880.0,0.007498500299940012,3.9817036592681463
qwen-run-20260923T073021Z-LtPzSb,django__django-11885,39,45.4921875,43.2890625,208896.0,2101248.0,0.43791859866048427,4.842864502833591
qwen-run-20260923T073021Z-LtPzSb,django__django-11885,40,25.3828125,23.2578125,266240.0,1961984.0,1.0003077870113881,8.371806709756848
qwen-run-20260923T073021Z-LtPzSb,django__django-11885,41,30.32421875,27.91796875,479232.0,2043904.0,1.5071492979518228,7.93507664562669
qwen-run-20260923T073021Z-LtPzSb,django__django-11885,42,40.63671875,38.19140625,479232.0,2084864.0,1.124675574353552,6.017494953378833
qwen-run-20260923T073021Z-LtPzSb,django__django-11885,43,40.10546875,37.734375,397312.0,2088960.0,0.9447745203077822,5.912145709554885
qwen-run-20260923T073021Z-LtPzSb,django__django-11885,44,25.80859375,23.55078125,380928.0,1986560.0,1.4075980021189647,8.748297260481309
qwen-run-20260923T073021Z-LtPzSb,django__django-11885,45,44.16796875,41.609375,573440.0,2109440.0,1.2381710444857168,5.792871672415318
qwen-run-20260923T073021Z-LtPzSb,django__django-11885,46,25.69140625,24.1484375,598016.0,1019904.0,2.2198570776949977,6.00577771020222
qwen-run-20260923T073021Z-LtPzSb,django__django-11951,1,4.265625,3.4375,180224.0,688128.0,4.029304029304029,19.413919413919412
qwen-run-20260923T073021Z-LtPzSb,django__django-11951,2,46.1953125,39.79296875,356352.0,6356992.0,0.7356671740233384,13.859293083037375
qwen-run-20260923T073021Z-LtPzSb,django__django-11951,3,26.0,23.7109375,524288.0,1875968.0,1.9230769230769231,8.804086538461538
qwen-run-20260923T073021Z-LtPzSb,django__django-11951,4,25.88671875,23.86328125,229376.0,1892352.0,0.8450279161007997,7.816508223932398
qwen-run-20260923T073021Z-LtPzSb,django__django-11951,5,25.7890625,23.62890625,380928.0,1884160.0,1.4086640411996365,8.37624962132687
qwen-run-20260923T073021Z-LtPzSb,django__django-11951,6,25.8671875,23.734375,372736.0,1863680.0,1.3742071881606766,8.24524312896406
qwen-run-20260923T073021Z-LtPzSb,django__django-11951,7,25.57421875,23.421875,405504.0,1851392.0,1.5121429662440813,8.416068428287765
qwen-run-20260923T073021Z-LtPzSb,django__django-11951,8,71.5390625,63.1796875,245760.0,8519680.0,0.32761821557278586,11.685049688762696
qwen-run-20260923T073021Z-LtPzSb,django__django-11951,9,26.09375,23.81640625,389120.0,1998848.0,1.4221556886227544,8.72754491017964
qwen-run-20260923T073021Z-LtPzSb,django__django-11951,10,26.13671875,23.77734375,557056.0,1916928.0,2.032581079061426,9.02705126289045
qwen-run-20260923T073021Z-LtPzSb,django__django-11951,11,25.8828125,23.546875,528384.0,1921024.0,1.9468759432538485,9.025052822215514
qwen-run-20260923T073021Z-LtPzSb,django__django-11951,12,41.3984375,39.0703125,425984.0,2015232.0,0.9813172296659747,5.62370258539347
qwen-run-20260923T073021Z-LtPzSb,django__django-11951,13,24.9921875,22.71484375,495616.0,1892352.0,1.891216005001563,9.112222569552985
qwen-run-20260923T073021Z-LtPzSb,django__django-11964,1,4.37890625,3.5625,135168.0,720896.0,2.943800178412132,18.64406779661017
qwen-run-20260923T073021Z-LtPzSb,django__django-11964,2,26.10546875,23.91015625,380928.0,1921024.0,1.3915906030225946,8.409396977405358
qwen-run-20260923T073021Z-LtPzSb,django__django-11964,3,26.94921875,24.75390625,401408.0,1900544.0,1.4204957240179736,8.146108131613277
qwen-run-20260923T073021Z-LtPzSb,django__django-11964,4,25.81640625,23.5546875,471040.0,1900544.0,1.7400514449992435,8.76078075351793
qwen-run-20260923T073021Z-LtPzSb,django__django-11964,5,24.91796875,22.5859375,581632.0,1863680.0,2.2260542404765635,9.358833672989498
qwen-run-20260923T073021Z-LtPzSb,django__django-11964,6,25.80078125,23.48046875,552960.0,1880064.0,2.043906131718395,8.993186979560939
qwen-run-20260923T073021Z-LtPzSb,django__django-11964,7,25.71484375,23.39453125,573440.0,1859584.0,2.1266899589852652,9.023241683123196
qwen-run-20260923T073021Z-LtPzSb,django__django-11964,8,25.83984375,23.59765625,471040.0,1880064.0,1.7384731670445956,8.677248677248677
qwen-run-20260923T073021Z-LtPzSb,django__django-11964,9,25.5078125,24.20703125,425984.0,937984.0,1.5926493108728943,5.099540581929556
qwen-run-20260923T073021Z-LtPzSb,django__django-11964,10,25.2734375,23.1171875,393216.0,1867776.0,1.4837712519319939,8.531684698608965
qwen-run-20260923T073021Z-LtPzSb,django__django-11964,11,28.43359375,26.28515625,335872.0,1916928.0,1.1265283692814947,7.555982964692952
qwen-run-20260923T073021Z-LtPzSb,django__django-11964,12,25.95703125,23.74609375,413696.0,1904640.0,1.5199398043641836,8.517682468021068
qwen-run-20260923T073021Z-LtPzSb,django__django-11964,13,25.46484375,23.43359375,278528.0,1851392.0,1.0431047706703482,7.97668354042031
qwen-run-20260923T073021Z-LtPzSb,django__django-11964,14,25.52734375,23.3046875,446464.0,1884160.0,1.6679418515684774,8.706962509563887
qwen-run-20260923T073021Z-LtPzSb,django__django-11964,15,28.234375,26.171875,258048.0,1904640.0,0.8716104039845047,7.304925290536802
qwen-run-20260923T073021Z-LtPzSb,django__django-11964,16,26.03515625,23.90234375,352256.0,1884160.0,1.2903225806451613,8.192048012003001
qwen-run-20260923T073021Z-LtPzSb,django__django-11964,17,25.96484375,23.8671875,307200.0,1892352.0,1.128328569279374,8.07883255604032
qwen-run-20260923T073021Z-LtPzSb,django__django-11964,18,25.85546875,23.7265625,368640.0,1863680.0,1.3597220123885783,8.233872186130835
qwen-run-20260923T073021Z-LtPzSb,django__django-11964,19,25.5625,23.5234375,286720.0,1851392.0,1.069682151589242,7.97677261613692
qwen-run-20260923T073021Z-LtPzSb,django__django-11964,20,25.078125,23.02734375,299008.0,1851392.0,1.1370716510903427,8.177570093457945
qwen-run-20260923T073021Z-LtPzSb,django__django-11964,21,52.92578125,48.91796875,626688.0,3575808.0,1.1292346298619824,7.572514576721529
qwen-run-20260923T073021Z-LtPzSb,django__django-11964,22,25.359375,23.140625,249856.0,2076672.0,0.9396179913739988,8.749229821318545
qwen-run-20260923T073021Z-LtPzSb,django__django-11964,23,58.94140625,53.89453125,573440.0,4718592.0,0.9278282192325535,8.562528994631851
qwen-run-20260923T073021Z-LtPzSb,django__django-11964,24,25.1875,22.75,487424.0,2068480.0,1.8455334987593053,9.67741935483871
qwen-run-20260923T073021Z-LtPzSb,django__django-11964,25,26.79296875,24.4609375,335872.0,2109440.0,1.1955095494970112,8.703892695728241
qwen-run-20260923T073021Z-LtPzSb,django__django-11964,26,57.59375,52.9609375,393216.0,4464640.0,0.6511123168746609,8.04395008138904
qwen-run-20260923T073021Z-LtPzSb,django__django-11964,27,25.296875,22.8984375,425984.0,2088960.0,1.605929586164299,9.481161210623842
qwen-run-20260923T073021Z-LtPzSb,django__django-11964,28,57.89453125,53.1328125,450560.0,4542464.0,0.7421901356183793,8.224816139261858
qwen-run-20260923T073021Z-LtPzSb,django__django-11964,29,25.41796875,22.9921875,430080.0,2113536.0,1.6136468418626095,9.54356846473029
qwen-run-20260923T073021Z-LtPzSb,django__django-11964,30,57.4609375,55.2734375,516096.0,1777664.0,0.8565601631543168,3.80693405846363
qwen-run-20260923T073021Z-LtPzSb,django__django-11964,31,26.06640625,22.99609375,499712.0,2719744.0,1.8282631500074928,11.778810130376142
qwen-run-20260923T073021Z-LtPzSb,django__django-11964,32,25.91015625,23.484375,475136.0,2068480.0,1.7488315995778683,9.362279511533243
qwen-run-20260923T073021Z-LtPzSb,django__django-11964,33,25.98046875,23.609375,413696.0,2072576.0,1.518568636295294,9.12644715080439
qwen-run-20260923T073021Z-LtPzSb,django__django-11964,34,26.3203125,23.94140625,385024.0,2109440.0,1.3950727218759276,9.038290293855743
qwen-run-20260923T073021Z-LtPzSb,django__django-11964,35,26.03125,23.66796875,364544.0,2113536.0,1.3355342136854742,9.078631452581032
qwen-run-20260923T073021Z-LtPzSb,django__django-11964,36,44.5390625,41.38671875,417792.0,2887680.0,0.8945798982634625,7.077705665672689
qwen-run-20260923T073021Z-LtPzSb,django__django-11964,37,26.5859375,24.25390625,331776.0,2113536.0,1.1901263590949163,8.771672054069938
qwen-run-20260923T073021Z-LtPzSb,django__django-11964,38,44.515625,41.4140625,372736.0,2879488.0,0.7985257985257985,6.9673569673569675
qwen-run-20260923T073021Z-LtPzSb,django__django-11964,39,26.640625,24.23828125,417792.0,2101248.0,1.4956011730205279,9.017595307917889
qwen-run-20260923T073021Z-LtPzSb,django__django-11964,40,44.578125,41.2734375,577536.0,2887680.0,1.235541535226078,7.413249211356467
qwen-run-20260923T073021Z-LtPzSb,django__django-11964,41,25.46484375,23.03125,548864.0,2002944.0,2.0555299892621566,9.556680472465102
qwen-run-20260923T073021Z-LtPzSb,django__django-11964,42,24.6796875,22.296875,405504.0,2093056.0,1.566951566951567,9.654954099398545
qwen-run-20260923T073021Z-LtPzSb,django__django-11964,43,31.4453125,28.828125,446464.0,2297856.0,1.3540372670807452,8.322981366459627
qwen-run-20260923T073021Z-LtPzSb,django__django-11964,44,25.3203125,22.875,471040.0,2093056.0,1.7741437827830917,9.657513113236655
qwen-run-20260923T073021Z-LtPzSb,django__django-11964,45,44.17578125,40.8984375,532480.0,2904064.0,1.1495269254576002,7.418869926607127
qwen-run-20260923T073021Z-LtPzSb,django__django-11964,46,25.82421875,23.7265625,106496.0,2093056.0,0.39328392073816365,8.122825593707457
qwen-run-20260923T073021Z-LtPzSb,django__django-11964,47,25.17578125,23.12890625,307200.0,1839104.0,1.1636927851047323,8.13033359193173
qwen-run-20260923T073021Z-LtPzSb,django__django-11964,48,30.59765625,28.07421875,339968.0,2306048.0,1.0596195582790757,8.24715945359377
qwen-run-20260923T073021Z-LtPzSb,django__django-11964,49,25.8984375,23.59375,311296.0,2105344.0,1.1463046757164403,8.89894419306184
qwen-run-20260923T073021Z-LtPzSb,django__django-11964,50,25.0703125,22.80078125,319488.0,2060288.0,1.2153318790900591,9.052664381427237
qwen-run-20260923T073021Z-LtPzSb,django__django-11964,51,25.203125,22.8828125,364544.0,2068480.0,1.379417234965902,9.206447613143212
qwen-run-20260923T073021Z-LtPzSb,django__django-11964,52,31.69140625,28.98046875,475136.0,2367488.0,1.429804018242327,8.554172316035991
qwen-run-20260923T073021Z-LtPzSb,django__django-11964,53,26.13671875,23.83984375,315392.0,2093056.0,1.150799581527425,8.787924077118518
qwen-run-20260923T073021Z-LtPzSb,django__django-11964,54,25.84765625,23.546875,335872.0,2076672.0,1.2392322804896478,8.901314795224422
qwen-run-20260923T073021Z-LtPzSb,django__django-11964,55,25.7109375,23.44140625,282624.0,2097152.0,1.048313582497721,8.82710422364023
qwen-run-20260923T073021Z-LtPzSb,django__django-11964,56,26.1640625,23.73828125,450560.0,2093056.0,1.6422812779934308,9.271424305762915
qwen-run-20260923T073021Z-LtPzSb,django__django-11964,57,26.01953125,23.54296875,516096.0,2080768.0,1.8916078666866838,9.518090376820297
qwen-run-20260923T073021Z-LtPzSb,django__django-11964,58,26.046875,23.67578125,405504.0,2080768.0,1.4847030593881223,9.103179364127175
qwen-run-20260923T073021Z-LtPzSb,django__django-11964,59,25.8046875,23.41015625,434176.0,2076672.0,1.6046018770814412,9.279442930669088
qwen-run-20260923T073021Z-LtPzSb,django__django-11964,60,24.19921875,21.78125,466944.0,2068480.0,1.8401937046004844,9.991928974979823
qwen-run-20260923T073021Z-LtPzSb,django__django-11964,61,31.43359375,28.828125,425984.0,2306048.0,1.2924071082390953,8.288803280725736
qwen-run-20260923T073021Z-LtPzSb,django__django-11964,62,25.85546875,23.4765625,409600.0,2084864.0,1.5108022359873092,9.200785617162714
qwen-run-20260923T073021Z-LtPzSb,django__django-11964,63,29.90234375,27.453125,360448.0,2207744.0,1.1495754408883083,8.190725016329196
qwen-run-20260923T073021Z-LtPzSb,django__django-11964,64,25.953125,23.53125,442368.0,2097152.0,1.625526791089705,9.331727874774232
qwen-run-20260923T073021Z-LtPzSb,django__django-11964,65,25.6328125,23.234375,438272.0,2076672.0,1.6306004266991772,9.356903383114904
qwen-run-20260923T073021Z-LtPzSb,django__django-11964,66,31.5390625,28.9296875,499712.0,2236416.0,1.5110230369085955,8.273470398810998
qwen-run-20260923T073021Z-LtPzSb,django__django-11964,67,26.17578125,23.6796875,487424.0,2129920.0,1.7758543500970005,9.535890165646919
qwen-run-20260923T073021Z-LtPzSb,django__django-11964,68,26.1875,23.78515625,425984.0,2093056.0,1.5513126491646778,9.1736276849642
qwen-run-20260923T073021Z-LtPzSb,django__django-11964,69,44.671875,41.39453125,524288.0,2912256.0,1.1192724728926198,7.336481287163344
qwen-run-20260923T073021Z-LtPzSb,django__django-11964,70,25.61328125,23.1484375,512000.0,2072576.0,1.9063596156779015,9.623303339942046
qwen-run-20260923T073021Z-LtPzSb,django__django-11964,71,31.140625,28.421875,536576.0,2314240.0,1.6432513798294028,8.73055694932263
qwen-run-20260923T073021Z-LtPzSb,django__django-11964,72,25.68359375,23.2265625,421888.0,2154496.0,1.5665399239543727,9.566539923954373
qwen-run-20260923T073021Z-LtPzSb,django__django-11964,73,44.59765625,41.30859375,552960.0,2895872.0,1.182447227818166,7.374967154243672
qwen-run-20260923T073021Z-LtPzSb,django__django-11964,74,26.16015625,23.7109375,471040.0,2097152.0,1.7171868000597283,9.362401075108258
qwen-run-20260923T073021Z-LtPzSb,django__django-11964,75,44.36328125,41.2265625,397312.0,2891776.0,0.8540987936955182,7.070529189046403
qwen-run-20260923T073021Z-LtPzSb,django__django-11964,76,25.34375,22.87109375,495616.0,2097152.0,1.8649815043156597,9.756473489519113
qwen-run-20260923T073021Z-LtPzSb,django__django-11964,77,30.859375,28.66015625,90112.0,2215936.0,0.27848101265822783,7.1265822784810124
qwen-run-20260923T073021Z-LtPzSb,django__django-11964,78,25.12890625,22.95703125,217088.0,2060288.0,0.8238768848126846,8.64293486709156
qwen-run-20260923T073021Z-LtPzSb,django__django-11964,79,31.33984375,28.76171875,385024.0,2318336.0,1.1716315592671072,8.226349245917985
qwen-run-20260923T073021Z-LtPzSb,django__django-11964,80,44.36328125,41.17578125,454656.0,2887680.0,0.9773707845381703,7.184996037686009
qwen-run-20260923T073021Z-LtPzSb,django__django-11964,81,26.32421875,23.9609375,421888.0,2056192.0,1.5284166790324973,8.977593114705446
qwen-run-20260923T073021Z-LtPzSb,django__django-11964,82,25.13671875,22.66796875,499712.0,2088960.0,1.895881895881896,9.821289821289822
qwen-run-20260923T073021Z-LtPzSb,django__django-11964,83,26.59375,24.00390625,569344.0,2146304.0,2.0417156286721503,9.738542890716804
qwen-run-20260923T073021Z-LtPzSb,django__django-11964,84,25.4375,22.94140625,507904.0,2109440.0,1.904176904176904,9.812653562653562
qwen-run-20260923T073021Z-LtPzSb,django__django-11964,85,31.21875,28.51171875,581632.0,2256896.0,1.7767767767767768,8.67117117117117
qwen-run-20260923T073021Z-LtPzSb,django__django-11964,86,25.4296875,23.65234375,561152.0,1302528.0,2.1044546850998462,6.989247311827957
qwen-run-20260923T073021Z-LtPzSb,django__django-11964,87,30.2578125,27.60546875,602112.0,2179072.0,1.8977536793183578,8.76581461399432
qwen-run-20260923T073021Z-LtPzSb,django__django-11964,88,54.34765625,50.28515625,655360.0,3604480.0,1.1500035937612305,7.475023359447999
qwen-run-20260923T073021Z-LtPzSb,django__django-11964,89,26.29296875,23.5703125,696320.0,2158592.0,2.5256276927648194,10.35507354033576
qwen-run-20260923T073021Z-LtPzSb,django__django-11964,90,26.015625,23.39453125,634880.0,2113536.0,2.3273273273273274,10.075075075075075
qwen-run-20260923T073021Z-LtPzSb,django__django-11964,91,25.25390625,22.76953125,507904.0,2097152.0,1.9180201082753288,9.837587006960558
qwen-run-20260923T073021Z-LtPzSb,django__django-11964,92,31.50390625,28.6796875,692224.0,2269184.0,2.0954742715437074,8.964662120272784
qwen-run-20260923T073021Z-LtPzSb,django__django-11964,93,55.82421875,52.87890625,897024.0,2191360.0,1.5324329997900776,5.276047862290953
qwen-run-20260923T073021Z-LtPzSb,django__django-11964,94,26.61328125,23.5859375,954368.0,2220032.0,3.4199324820196684,11.37531190371349
qwen-run-20260923T073021Z-LtPzSb,django__django-11964,95,26.62109375,23.8125,774144.0,2170880.0,2.7732942039618487,10.550256786500366
qwen-run-20260923T073021Z-LtPzSb,django__django-11964,96,26.4921875,23.78125,679936.0,2162688.0,2.447655558832203,10.23296962547921
qwen-run-20260923T073021Z-LtPzSb,django__django-11964,97,26.4375,23.69140625,737280.0,2142208.0,2.6595744680851063,10.3871158392435
qwen-run-20260923T073021Z-LtPzSb,django__django-11964,98,44.8046875,41.20703125,843776.0,2928640.0,1.7959895379250217,8.029642545771578
qwen-run-20260923T073021Z-LtPzSb,django__django-11964,99,26.93359375,24.0390625,876544.0,2158592.0,3.1036983321247282,10.746918056562727
qwen-run-20260923T073021Z-LtPzSb,django__django-11964,100,26.53515625,23.71484375,823296.0,2134016.0,2.958928308552922,10.628588252612984
qwen-run-20260923T073021Z-LtPzSb,django__django-11964,101,44.578125,41.1796875,651264.0,2912256.0,1.3932702418506835,7.6235541535226075
qwen-run-20260923T073021Z-LtPzSb,django__django-11964,102,26.33984375,24.52734375,700416.0,1200128.0,2.535963221118197,6.8812101438528845
qwen-run-20260923T073021Z-LtPzSb,django__django-11964,103,26.00390625,23.26171875,745472.0,2129920.0,2.7339642481598316,10.545290671473637
qwen-run-20260923T073021Z-LtPzSb,django__django-11964,104,25.80078125,23.6328125,135168.0,2138112.0,0.4996214988644966,8.402725208175625
qwen-run-20260923T073021Z-LtPzSb,django__django-11964,105,25.15625,22.92578125,241664.0,2097152.0,0.9161490683229814,8.866459627329192
qwen-run-20260923T073021Z-LtPzSb,django__django-11964,106,31.04296875,28.5234375,389120.0,2252800.0,1.1954196552158047,8.116270290675727
qwen-run-20260923T073021Z-LtPzSb,django__django-11964,107,26.453125,24.04296875,389120.0,2138112.0,1.4028352037802716,9.111045481393976
qwen-run-20260923T073021Z-LtPzSb,django__django-11964,108,25.3828125,22.91015625,475136.0,2117632.0,1.7851646660510927,9.74145891043398
qwen-run-20260923T073021Z-LtPzSb,django__django-11964,109,31.171875,28.62890625,409600.0,2256896.0,1.2531328320802004,8.157894736842104
qwen-run-20260923T073021Z-LtPzSb,django__django-11964,110,26.140625,23.73828125,417792.0,2101248.0,1.524208009563658,9.190077704722055
qwen-run-20260923T073021Z-LtPzSb,django__django-11964,111,26.4609375,24.09375,368640.0,2113536.0,1.328609388839681,8.945969884853852
qwen-run-20260923T073021Z-LtPzSb,django__django-11964,112,26.6796875,24.29296875,385024.0,2117632.0,1.3762811127379209,8.945827232796486
qwen-run-20260923T073021Z-LtPzSb,django__django-11964,113,26.51171875,24.12109375,389120.0,2117632.0,1.399734787092972,9.01723883895683
qwen-run-20260923T073021Z-LtPzSb,django__django-11964,114,26.22265625,23.875,368640.0,2093056.0,1.3406822583047817,8.952778191568598
qwen-run-20260923T073021Z-LtPzSb,django__django-11964,115,26.55078125,24.21875,344064.0,2101248.0,1.235839340885685,8.783286744151832
qwen-run-20260923T073021Z-LtPzSb,django__django-11964,116,26.80859375,24.43359375,372736.0,2117632.0,1.3259507504006993,8.859099519160717
qwen-run-20260923T073021Z-LtPzSb,django__django-11964,117,25.96875,23.70703125,270336.0,2101248.0,0.9927797833935018,8.709386281588447
qwen-run-20260923T073021Z-LtPzSb,django__django-11964,118,26.96484375,24.609375,327680.0,2142208.0,1.1589164131537013,8.735332464146023
qwen-run-20260923T073021Z-LtPzSb,django__django-11964,119,26.24609375,23.94921875,315392.0,2093056.0,1.1460038696234558,8.751302277124573
qwen-run-20260923T073021Z-LtPzSb,django__django-11964,120,23.68359375,21.32421875,397312.0,2076672.0,1.5998680521194129,9.962064984331189
qwen-run-20260923T073021Z-LtPzSb,django__django-11964,121,30.94140625,28.4453125,397312.0,2220032.0,1.224592854437571,8.06716323696503
qwen-run-20260923T073021Z-LtPzSb,django__django-11964,122,26.23828125,23.890625,356352.0,2105344.0,1.2952210808396605,8.947446776834896
qwen-run-20260923T073021Z-LtPzSb,django__django-11964,123,25.34765625,22.91796875,487424.0,2060288.0,1.8338727076591155,9.585452303898906
qwen-run-20260923T073021Z-LtPzSb,django__django-11964,124,31.32421875,28.70703125,507904.0,2236416.0,1.5463274722533982,8.355156503304652
qwen-run-20260923T073021Z-LtPzSb,django__django-11964,125,26.27734375,23.72265625,569344.0,2109440.0,2.0662999851345325,9.72201575739557
qwen-run-20260923T073021Z-LtPzSb,django__django-11964,126,23.78125,21.3046875,503808.0,2093056.0,2.0203679369250986,10.413929040735875
qwen-run-20260923T073021Z-LtPzSb,django__django-11964,127,31.234375,28.62109375,507904.0,2232320.0,1.5507753876938468,8.366683341670836
qwen-run-20260923T073021Z-LtPzSb,django__django-11964,128,25.71484375,23.140625,512000.0,2187264.0,1.898830320522558,10.010633449794927
qwen-run-20260923T073021Z-LtPzSb,django__django-11964,129,25.48046875,23.0,503808.0,2097152.0,1.885635443814196,9.73478460830906
qwen-run-20260923T073021Z-LtPzSb,django__django-11964,130,31.09375,28.53125,471040.0,2215936.0,1.4447236180904524,8.241206030150753
qwen-run-20260923T073021Z-LtPzSb,django__django-11964,131,26.12109375,23.64453125,512000.0,2084864.0,1.8692986391505908,9.481082697771797
qwen-run-20260923T073021Z-LtPzSb,django__django-11964,132,24.71875,22.27734375,512000.0,2048000.0,1.9753476611883691,9.876738305941846
qwen-run-20260923T073021Z-LtPzSb,django__django-11964,133,24.97265625,22.515625,516096.0,2060288.0,1.970905678085406,9.838886281870796
qwen-run-20260923T073021Z-LtPzSb,django__django-11964,134,25.09375,22.6171875,528384.0,2068480.0,2.0080946450809463,9.869240348692404
qwen-run-20260923T073021Z-LtPzSb,django__django-11964,135,25.16015625,22.69140625,536576.0,2052096.0,2.0338456761372457,9.812140971898774
qwen-run-20260923T073021Z-LtPzSb,django__django-11964,136,30.38671875,28.2109375,131072.0,2150400.0,0.4113639285255174,7.160303380897288
qwen-run-20260923T073021Z-LtPzSb,django__django-11964,137,25.46875,23.73046875,249856.0,1572864.0,0.9355828220858896,6.825153374233129
qwen-run-20260923T073021Z-LtPzSb,django__django-11964,138,31.47265625,29.01953125,258048.0,2314240.0,0.7819287576020851,7.794464440858881
qwen-run-20260923T073021Z-LtPzSb,django__django-11964,139,26.07421875,23.76171875,339968.0,2084864.0,1.243445692883895,8.868913857677903
qwen-run-20260923T073021Z-LtPzSb,django__django-11964,140,57.83203125,55.8046875,561152.0,1564672.0,0.9253630530226274,3.5055724417426544
qwen-run-20260923T073021Z-LtPzSb,django__django-11964,141,25.96875,22.97265625,417792.0,2723840.0,1.5342960288808665,11.537304452466907
qwen-run-20260923T073021Z-LtPzSb,django__django-11964,142,57.90234375,53.21484375,421888.0,4493312.0,0.6948660864872158,8.095527221210281
qwen-run-20260923T073021Z-LtPzSb,django__django-11964,143,25.3125,22.90234375,409600.0,2117632.0,1.5432098765432098,9.521604938271604
qwen-run-20260923T073021Z-LtPzSb,django__django-11964,144,57.4296875,52.7109375,389120.0,4558848.0,0.6461705890355054,8.216569174262006
qwen-run-20260923T073021Z-LtPzSb,django__django-11964,145,26.04296875,23.63671875,417792.0,2105344.0,1.5299235038248087,9.239538023098845
qwen-run-20260923T073021Z-LtPzSb,django__django-11964,146,31.71484375,29.2890625,266240.0,2277376.0,0.8005912058135238,7.648725212464589
qwen-run-20260923T073021Z-LtPzSb,django__django-11964,147,25.7265625,23.35546875,405504.0,2080768.0,1.5031885818402673,9.216519890677194
qwen-run-20260923T073021Z-LtPzSb,django__django-11964,148,31.640625,29.21875,258048.0,2281472.0,0.7777777777777778,7.654320987654321
qwen-run-20260923T073021Z-LtPzSb,django__django-11964,149,25.828125,23.453125,405504.0,2084864.0,1.4972776769509981,9.195402298850574
qwen-run-20260923T073021Z-LtPzSb,django__django-11964,150,25.82421875,23.671875,331776.0,1925120.0,1.2252306761458176,8.334593858720314
qwen-run-20260923T073021Z-LtPzSb,django__django-11964,151,25.8828125,23.58203125,323584.0,2088960.0,1.192272864473287,8.889224268035013
qwen-run-20260923T073021Z-LtPzSb,django__django-11964,152,25.8125,23.48046875,368640.0,2076672.0,1.3619854721549636,9.03450363196126
qwen-run-20260923T073021Z-LtPzSb,django__django-11964,153,25.84765625,23.4765625,393216.0,2093056.0,1.4508085235000756,9.173341393380687
qwen-run-20260923T073021Z-LtPzSb,django__django-11964,154,26.00390625,23.6640625,368640.0,2084864.0,1.35196034249662,8.998047168394171
qwen-run-20260923T073021Z-LtPzSb,django__django-11964,155,26.109375,23.75390625,393216.0,2076672.0,1.436265709156194,9.021543985637344
qwen-run-20260923T073021Z-LtPzSb,django__django-11964,156,25.171875,22.8359375,368640.0,2080768.0,1.3966480446927374,9.279950341402856
qwen-run-20260923T073021Z-LtPzSb,django__django-11964,157,57.75390625,52.92578125,479232.0,4583424.0,0.7913425769360839,8.359824146094015
qwen-run-20260923T073021Z-LtPzSb,django__django-11964,158,26.109375,23.6015625,516096.0,2113536.0,1.8850987432675046,9.605026929982047
qwen-run-20260923T073021Z-LtPzSb,django__django-11964,159,26.59375,24.13671875,471040.0,2105344.0,1.6891891891891893,9.23913043478261
qwen-run-20260923T073021Z-LtPzSb,django__django-11964,160,57.58203125,53.03515625,208896.0,4558848.0,0.3459738145309002,7.896343531646428
qwen-run-20260923T073021Z-LtPzSb,django__django-11964,161,26.06640625,23.6328125,417792.0,2134016.0,1.5285478795144614,9.336130675857936
qwen-run-20260923T073021Z-LtPzSb,django__django-11964,162,26.171875,23.71875,475136.0,2097152.0,1.7313432835820894,9.373134328358208
qwen-run-20260923T073021Z-LtPzSb,django__django-11964,163,26.19921875,23.75,483328.0,2084864.0,1.7593558968242136,9.34844192634561
qwen-run-20260923T073021Z-LtPzSb,django__django-11964,164,26.21875,23.84375,393216.0,2097152.0,1.430274135876043,9.058402860548272
qwen-run-20260923T073021Z-LtPzSb,django__django-11964,165,25.83203125,23.359375,512000.0,2080768.0,1.8902162407379404,9.572055043096931
qwen-run-20260923T073021Z-LtPzSb,django__django-11964,166,25.9453125,24.2734375,548864.0,1204224.0,2.0174646190906356,6.44384221619994
qwen-run-20260923T073021Z-LtPzSb,django__django-11964,167,25.1171875,22.72265625,430080.0,2080768.0,1.6329704510108864,9.53343701399689
qwen-run-20260923T073021Z-LtPzSb,django__django-11964,168,29.9375,27.46484375,430080.0,2162688.0,1.3700417536534446,8.259394572025052
qwen-run-20260923T073021Z-LtPzSb,django__django-11964,169,25.26171875,22.80859375,475136.0,2097152.0,1.7937219730941705,9.710839647440853
qwen-run-20260923T073021Z-LtPzSb,django__django-11964,170,25.8671875,23.44140625,462848.0,2080768.0,1.706433101781939,9.377831470854726
qwen-run-20260923T073021Z-LtPzSb,django__django-11964,171,26.140625,23.671875,491520.0,2097152.0,1.7931858936043037,9.444112372982666
qwen-run-20260923T073021Z-LtPzSb,django__django-11964,172,25.88671875,23.484375,438272.0,2080768.0,1.614606911121171,9.280217292892711
qwen-run-20260923T073021Z-LtPzSb,django__django-11964,173,26.1015625,23.64453125,450560.0,2125824.0,1.6462137084705177,9.41334929661778
qwen-run-20260923T073021Z-LtPzSb,django__django-11964,174,25.828125,23.3984375,450560.0,2097152.0,1.663641863278887,9.407138535995161
qwen-run-20260923T073021Z-LtPzSb,django__django-11964,175,26.1875,23.8828125,307200.0,2109440.0,1.1187350835322196,8.80071599045346
qwen-run-20260923T073021Z-LtPzSb,django__django-11964,176,26.1171875,23.80078125,344064.0,2084864.0,1.2563565659587197,8.869279090637152
qwen-run-20260923T073021Z-LtPzSb,django__django-11964,177,25.84375,23.5,364544.0,2093056.0,1.345223700120919,9.068923821039903
qwen-run-20260923T073021Z-LtPzSb,django__django-11964,178,25.63671875,23.3046875,335872.0,2109440.0,1.2494286149626694,9.096449794301387
qwen-run-20260923T073021Z-LtPzSb,django__django-11964,179,26.13671875,23.83203125,323584.0,2093056.0,1.1806904797489164,8.817814975340008
qwen-run-20260923T073021Z-LtPzSb,django__django-11964,180,26.02734375,23.66015625,393216.0,2088960.0,1.440792435839712,9.095002251238181
qwen-run-20260923T073021Z-LtPzSb,django__django-11964,181,26.1484375,24.0078125,405504.0,1839104.0,1.478936360920227,8.18643561398267
qwen-run-20260923T073021Z-LtPzSb,django__django-11964,182,25.8828125,23.4140625,503808.0,2084864.0,1.856323573800181,9.538182915786296
qwen-run-20260923T073021Z-LtPzSb,django__django-11964,183,25.76171875,23.296875,503808.0,2080768.0,1.8650492797573919,9.567854435178166
qwen-run-20260923T073021Z-LtPzSb,django__django-11964,184,25.84375,23.43359375,430080.0,2097152.0,1.5870616686819832,9.325876662636034
qwen-run-20260923T073021Z-LtPzSb,django__django-11964,185,26.359375,23.9296875,425984.0,2121728.0,1.5411973918197985,9.21754593953764
qwen-run-20260923T073021Z-LtPzSb,django__django-11964,186,26.3984375,24.69140625,540672.0,1249280.0,1.9532406037289138,6.4664101805267835
qwen-run-20260923T073021Z-LtPzSb,django__django-11964,187,24.48828125,22.06640625,442368.0,2097152.0,1.7227628010847025,9.889934598819588
qwen-run-20260923T073021Z-LtPzSb,django__django-11964,188,31.19140625,28.65234375,438272.0,2224128.0,1.3400125234815279,8.140262993112085
qwen-run-20260923T073021Z-LtPzSb,django__django-11964,189,25.83203125,23.46875,393216.0,2084864.0,1.4516860728867382,9.148646605171631
qwen-run-20260923T073021Z-LtPzSb,django__django-11964,190,25.2265625,22.91796875,315392.0,2105344.0,1.1923196035924435,9.151440074326416
qwen-run-20260923T073021Z-LtPzSb,django__django-11964,191,30.61328125,28.421875,73728.0,2224128.0,0.22967972438433074,7.158351409978308
qwen-run-20260923T073021Z-LtPzSb,django__django-11964,192,26.0625,23.84765625,212992.0,2109440.0,0.7793764988009593,8.498201438848922
qwen-run-20260923T073021Z-LtPzSb,django__django-11964,193,57.70703125,52.921875,434176.0,4583424.0,0.7175252149191091,8.292154606376497
qwen-run-20260923T073021Z-LtPzSb,django__django-11964,194,26.76953125,25.04296875,516096.0,1294336.0,1.8386108273748722,6.449730045235663
qwen-run-20260923T073021Z-LtPzSb,django__django-11964,195,56.515625,52.22265625,389120.0,4112384.0,0.6566215095382913,7.596074094553497
qwen-run-20260923T073021Z-LtPzSb,django__django-11964,196,27.0,24.5859375,397312.0,2134016.0,1.4033564814814814,8.940972222222221
qwen-run-20260923T073021Z-LtPzSb,django__django-11964,197,57.66796875,52.9453125,446464.0,4505600.0,0.7383323172796857,8.189392399918717
qwen-run-20260923T073021Z-LtPzSb,django__django-11964,198,26.72265625,24.3125,344064.0,2183168.0,1.227890659260342,9.019149247186084
qwen-run-20260923T073021Z-LtPzSb,django__django-11964,199,57.77734375,53.00390625,503808.0,4501504.0,0.8315867757420052,8.261780812656346
qwen-run-20260923T073021Z-LtPzSb,django__django-11964,200,26.87890625,24.328125,503808.0,2170880.0,1.787530882139224,9.489899723877343
qwen-run-20260923T073021Z-LtPzSb,django__django-11964,201,57.57421875,52.7109375,520192.0,4579328.0,0.8616595427098175,8.446977406879707
qwen-run-20260923T073021Z-LtPzSb,django__django-11964,202,26.09375,23.48046875,602112.0,2138112.0,2.2005988023952097,10.01497005988024
qwen-run-20260923T073021Z-LtPzSb,django__django-11964,203,24.72265625,22.28125,434176.0,2125824.0,1.674830146942645,9.875177753199557
qwen-run-20260923T073021Z-LtPzSb,django__django-11964,204,31.16796875,28.5234375,507904.0,2265088.0,1.5540794585787692,8.4847725278857
qwen-run-20260923T073021Z-LtPzSb,django__django-11964,205,25.921875,23.48828125,430080.0,2121728.0,1.5822784810126582,9.388185654008439
qwen-run-20260923T073021Z-LtPzSb,django__django-11964,206,57.80859375,53.109375,438272.0,4489216.0,0.7230218257990405,8.128927630245286
qwen-run-20260923T073021Z-LtPzSb,django__django-11964,207,26.71484375,24.30859375,356352.0,2166784.0,1.272115806404445,9.007164790174002
qwen-run-20260923T073021Z-LtPzSb,django__django-11964,208,57.81640625,52.96875,585728.0,4497408.0,0.9661509357475846,8.384568610229039
qwen-run-20260923T073021Z-LtPzSb,django__django-11964,209,25.33203125,22.8671875,471040.0,2113536.0,1.7733230531996915,9.730146491904394
qwen-run-20260923T073021Z-LtPzSb,django__django-11964,210,57.640625,53.3671875,0.0,4481024.0,0.0,7.4139333152615885
qwen-run-20260923T073021Z-LtPzSb,django__django-11964,211,25.3046875,23.07421875,208896.0,2129920.0,0.7872800246989812,8.814448903982711
qwen-run-20260923T073021Z-LtPzSb,django__django-11964,212,58.08984375,53.22265625,503808.0,4599808.0,0.8271131732902965,8.378723690404142
qwen-run-20260923T073021Z-LtPzSb,django__django-11964,213,26.69140625,24.12890625,512000.0,2174976.0,1.829357529635592,9.600468315527587
qwen-run-20260923T073021Z-LtPzSb,django__django-11964,214,57.921875,54.46484375,487424.0,3137536.0,0.8025357431885621,5.968438090099811
qwen-run-20260923T073021Z-LtPzSb,django__django-11964,215,25.58984375,22.94921875,593920.0,2174976.0,2.21340253396428,10.319035261792093
qwen-run-20260923T073021Z-LtPzSb,django__django-11964,216,31.265625,28.5625,536576.0,2297856.0,1.6366816591704147,8.64567716141929
qwen-run-20260923T073021Z-LtPzSb,django__django-11964,217,58.03125,53.078125,643072.0,4550656.0,1.0568120624663435,8.535271943995692
qwen-run-20260923T073021Z-LtPzSb,django__django-11964,218,26.18359375,23.50390625,626688.0,2183168.0,2.282560047739818,10.234223482022974
qwen-run-20260923T073021Z-LtPzSb,django__django-11964,219,57.796875,55.10546875,696320.0,2125824.0,1.1489591781562585,4.6566639632333064
qwen-run-20260923T073021Z-LtPzSb,django__django-11964,220,55.30859375,52.84375,724992.0,1859584.0,1.2500882830708384,4.456529415919204
qwen-run-20260923T073021Z-LtPzSb,django__django-11964,221,25.55859375,22.3046875,647168.0,2764800.0,2.4147944368026897,12.73116307504203
qwen-run-20260923T073021Z-LtPzSb,django__django-11964,222,31.19921875,29.4296875,622592.0,1232896.0,1.9030925253536997,5.671716539376487
qwen-run-20260923T073021Z-LtPzSb,django__django-11964,223,57.078125,53.63671875,565248.0,3043328.0,0.9444292362441828,6.029290993703805
qwen-run-20260923T073021Z-LtPzSb,django__django-11964,224,25.48828125,22.87890625,593920.0,2142208.0,2.2222222222222223,10.237547892720306
qwen-run-20260923T073021Z-LtPzSb,django__django-11964,225,28.5859375,25.9375,487424.0,2289664.0,1.6261273572014212,9.26482645531566
qwen-run-20260923T073021Z-LtPzSb,django__django-11964,226,26.31640625,23.79296875,516096.0,2129920.0,1.8702686655781504,9.588837761614963
qwen-run-20260923T073021Z-LtPzSb,django__django-11964,227,26.67578125,24.23046875,417792.0,2146304.0,1.4936301068970568,9.16678869527017
qwen-run-20260923T073021Z-LtPzSb,django__django-11964,228,58.01953125,53.1875,466944.0,4599808.0,0.7675217127852959,8.3282838483808
qwen-run-20260923T073021Z-LtPzSb,django__django-11964,229,26.87890625,24.375,417792.0,2207744.0,1.4823426827496002,9.315506467083273
qwen-run-20260923T073021Z-LtPzSb,django__django-11964,230,57.4765625,53.15625,32768.0,4497408.0,0.05436998776675275,7.516650808753568
qwen-run-20260923T073021Z-LtPzSb,django__django-11964,231,26.59375,24.23046875,290816.0,2187264.0,1.0428907168037602,8.886603995299648
qwen-run-20260923T073021Z-LtPzSb,django__django-11964,232,57.76953125,53.06640625,348160.0,4583424.0,0.5747515044965853,8.141186016633984
qwen-run-20260923T073021Z-LtPzSb,django__django-11964,233,26.52734375,24.13671875,327680.0,2179072.0,1.1780297452510675,9.011927551170666
qwen-run-20260923T073021Z-LtPzSb,django__django-11964,234,25.296875,22.9140625,397312.0,2101248.0,1.4978381717109326,9.41939468807906
qwen-run-20260923T073021Z-LtPzSb,django__django-11964,235,31.14453125,28.6796875,319488.0,2265088.0,0.9783017684685814,7.914210460303525
qwen-run-20260923T073021Z-LtPzSb,django__django-11964,236,57.7109375,52.90234375,446464.0,4595712.0,0.7377825910383106,8.332205225395965
qwen-run-20260923T073021Z-LtPzSb,django__django-11964,237,25.3046875,22.828125,454656.0,2142208.0,1.7134918184624883,9.786971287434394
qwen-run-20260923T073021Z-LtPzSb,django__django-11964,238,25.44921875,23.06640625,389120.0,2109440.0,1.4581734458940905,9.363008442056792
qwen-run-20260923T073021Z-LtPzSb,django__django-11964,239,31.140625,28.60546875,413696.0,2244608.0,1.2669342699448067,8.140993477170095
qwen-run-20260923T073021Z-LtPzSb,django__django-11964,240,57.8515625,53.04296875,450560.0,4591616.0,0.7427413909520594,8.311951384199865
qwen-run-20260923T073021Z-LtPzSb,django__django-11964,241,25.23828125,22.84765625,356352.0,2150400.0,1.3465407831605014,9.472217922922148
qwen-run-20260923T073021Z-LtPzSb,django__django-11964,242,25.79296875,23.37890625,401408.0,2129920.0,1.4841738603665,9.359382099045888
qwen-run-20260923T073021Z-LtPzSb,django__django-11964,243,31.171875,28.6171875,393216.0,2285568.0,1.2030075187969924,8.19548872180451
qwen-run-20260923T073021Z-LtPzSb,django__django-11964,244,44.72265625,41.34375,589824.0,2953216.0,1.2577517687134248,7.55524499956328
qwen-run-20260923T073021Z-LtPzSb,django__django-11964,245,25.39453125,22.984375,360448.0,2166784.0,1.353637901861252,9.490847561913553
qwen-run-20260923T073021Z-LtPzSb,django__django-11964,246,31.18359375,28.59765625,401408.0,2310144.0,1.2276086684203933,8.292621821370412
qwen-run-20260923T073021Z-LtPzSb,django__django-11964,247,44.65234375,41.359375,462848.0,2990080.0,0.9885399352637565,7.374682879888024
qwen-run-20260923T073021Z-LtPzSb,django__django-11964,248,25.3515625,22.953125,352256.0,2162688.0,1.325115562403698,9.460708782742682
qwen-run-20260923T073021Z-LtPzSb,django__django-11999,1,4.21875,3.328125,212992.0,720896.0,4.814814814814815,21.11111111111111
qwen-run-20260923T073021Z-LtPzSb,django__django-11999,2,26.7109375,24.25390625,512000.0,2064384.0,1.8280198888563908,9.198596080725359
qwen-run-20260923T073021Z-LtPzSb,django__django-11999,3,42.93359375,35.53125,483328.0,7278592.0,1.0736056773723957,17.24137931034483
qwen-run-20260923T073021Z-LtPzSb,django__django-11999,4,26.55859375,23.84765625,561152.0,2281472.0,2.015002206206795,10.207383438740992
qwen-run-20260923T073021Z-LtPzSb,django__django-11999,5,32.00390625,29.60546875,356352.0,2158592.0,1.0618820944708898,7.494202367875015
qwen-run-20260923T073021Z-LtPzSb,django__django-11999,6,26.46875,24.0625,495616.0,2027520.0,1.7857142857142858,9.090909090909092
qwen-run-20260923T073021Z-LtPzSb,django__django-11999,7,26.2265625,23.875,438272.0,2027520.0,1.593684837652666,8.966338993148645
qwen-run-20260923T073021Z-LtPzSb,django__django-11999,8,32.22265625,28.6484375,520192.0,3227648.0,1.5395805552188144,11.092253606497758
qwen-run-20260923T073021Z-LtPzSb,django__django-11999,9,32.1015625,30.36328125,454656.0,1368064.0,1.3506935994159164,5.414942808469214
qwen-run-20260923T073021Z-LtPzSb,django__django-11999,10,31.5234375,27.9140625,552960.0,3231744.0,1.6728624535315986,11.449814126394052
qwen-run-20260923T073021Z-LtPzSb,django__django-11999,11,51.6171875,44.328125,884736.0,6758400.0,1.6346299379446043,14.121386408354775
qwen-run-20260923T073021Z-LtPzSb,django__django-11999,12,27.046875,24.08984375,1015808.0,2084864.0,3.5817446562680533,10.932986712882727
qwen-run-20260923T073021Z-LtPzSb,django__django-11999,13,26.35546875,24.15234375,1208320.0,1101824.0,4.3723136208685345,8.359270787016452
qwen-run-20260923T073021Z-LtPzSb,django__django-11999,14,57.6796875,52.97265625,1314816.0,3620864.0,2.1739130434782608,8.160639306514966
qwen-run-20260923T073021Z-LtPzSb,django__django-11999,15,26.6171875,23.98046875,212992.0,2551808.0,0.7631347226298797,9.906075726445554
qwen-run-20260923T073021Z-LtPzSb,django__django-11999,16,57.3515625,53.0078125,405504.0,4149248.0,0.6742950551695954,7.573900013622122
qwen-run-20260923T073021Z-LtPzSb,django__django-11999,17,27.35546875,24.40234375,696320.0,2400256.0,2.4275310581179497,10.795373411395117
qwen-run-20260923T073021Z-LtPzSb,django__django-11999,18,26.2109375,23.42578125,569344.0,2351104.0,2.0715350223546944,10.625931445603577
qwen-run-20260923T073021Z-LtPzSb,django__django-11999,19,26.77734375,23.9375,626688.0,2351104.0,2.2319474835886215,10.605397520058352
qwen-run-20260923T073021Z-LtPzSb,django__django-11999,20,26.91796875,24.15234375,536576.0,2363392.0,1.9010303294151791,10.274270787984328
qwen-run-20260923T073021Z-LtPzSb,django__django-11999,21,26.19921875,23.453125,532480.0,2347008.0,1.9382734456537944,10.48158640226629
qwen-run-20260923T073021Z-LtPzSb,django__django-11999,22,25.96484375,23.16796875,573440.0,2359296.0,2.1062133293214984,10.771776741387091
qwen-run-20260923T073021Z-LtPzSb,django__django-11999,23,27.55859375,24.859375,454656.0,2375680.0,1.5733522324592488,9.794472005669737
qwen-run-20260923T073021Z-LtPzSb,django__django-11999,24,27.75390625,24.94140625,548864.0,2400256.0,1.8859957776213934,10.133708655876143
qwen-run-20260923T073021Z-LtPzSb,django__django-11999,25,26.7265625,24.0390625,475136.0,2342912.0,1.6954106986261328,10.055539315989476
qwen-run-20260923T073021Z-LtPzSb,django__django-11999,26,44.28515625,41.45703125,491520.0,2473984.0,1.0584810796507012,6.38616918055923
qwen-run-20260923T073021Z-LtPzSb,django__django-11999,27,26.7890625,24.03125,540672.0,2351104.0,1.9247594050743657,10.294546515018956
qwen-run-20260923T073021Z-LtPzSb,django__django-11999,28,26.35546875,23.6484375,520192.0,2318336.0,1.8823180672891655,10.271231658514896
qwen-run-20260923T073021Z-LtPzSb,django__django-11999,29,26.46875,23.73046875,516096.0,2355200.0,1.859504132231405,10.345336481700118
qwen-run-20260923T073021Z-LtPzSb,django__django-11999,30,57.0703125,53.30859375,610304.0,3334144.0,1.0198494182067077,6.591375770020534
qwen-run-20260923T073021Z-LtPzSb,django__django-11999,31,44.21875,41.28125,602112.0,2478080.0,1.2985865724381624,6.6431095406360425
qwen-run-20260923T073021Z-LtPzSb,django__django-11999,32,44.61328125,41.640625,684032.0,2433024.0,1.462218719901935,6.663164346379476
qwen-run-20260923T073021Z-LtPzSb,django__django-11999,33,25.99609375,23.1171875,659456.0,2359296.0,2.4192336589030803,11.074380165289256
qwen-run-20260923T073021Z-LtPzSb,django__django-12039,1,4.5,3.69921875,118784.0,720896.0,2.517361111111111,17.79513888888889
qwen-run-20260923T073021Z-LtPzSb,django__django-12039,2,26.27734375,23.99609375,532480.0,1859584.0,1.9325107774639512,8.681433031068828
qwen-run-20260923T073021Z-LtPzSb,django__django-12039,3,40.765625,33.921875,536576.0,6639616.0,1.2552702184745113,16.788041395170563
qwen-run-20260923T073021Z-LtPzSb,django__django-12039,4,25.40234375,23.046875,643072.0,1826816.0,2.414270336767646,9.27264339535599
qwen-run-20260923T073021Z-LtPzSb,django__django-12039,5,41.63671875,36.07421875,688128.0,5144576.0,1.5761328454826906,13.359602214091378
qwen-run-20260923T073021Z-LtPzSb,django__django-12039,6,25.51171875,23.72265625,671744.0,1204224.0,2.5111009033838614,7.012708620425662
qwen-run-20260923T073021Z-LtPzSb,django__django-12039,7,39.65625,36.5546875,589824.0,2662400.0,1.4184397163120568,7.821118991331757
qwen-run-20260923T073021Z-LtPzSb,django__django-12039,8,27.734375,23.61328125,634880.0,3686400.0,2.183098591549296,14.859154929577464
qwen-run-20260923T073021Z-LtPzSb,django__django-12039,9,25.7421875,23.47265625,544768.0,1835008.0,2.0182094081942337,8.81638846737481
qwen-run-20260923T073021Z-LtPzSb,django__django-12039,10,25.9375,23.6171875,585728.0,1847296.0,2.1536144578313254,8.94578313253012
qwen-run-20260923T073021Z-LtPzSb,django__django-12039,11,25.80078125,23.51171875,552960.0,1847296.0,2.043906131718395,8.872066616199849
qwen-run-20260923T073021Z-LtPzSb,django__django-12039,12,26.39453125,23.8828125,716800.0,1916928.0,2.5899067633565194,9.51605742193281
qwen-run-20260923T073021Z-LtPzSb,django__django-12039,13,25.89453125,23.5390625,606208.0,1863680.0,2.232614270629054,9.096394629657565
qwen-run-20260923T073021Z-LtPzSb,django__django-12039,14,26.08984375,23.87890625,466944.0,1851392.0,1.7068423416679144,8.474322503368768
qwen-run-20260923T073021Z-LtPzSb,django__django-12039,15,26.4765625,24.3828125,331776.0,1863680.0,1.1950427854824432,7.907937444673945
qwen-run-20260923T073021Z-LtPzSb,django__django-12039,16,31.546875,29.2734375,421888.0,1961984.0,1.2753838533927686,7.206537890044577
qwen-run-20260923T073021Z-LtPzSb,django__django-12039,17,25.5625,23.34375,507904.0,1818624.0,1.8948655256723717,8.679706601466993
qwen-run-20260923T073021Z-LtPzSb,django__django-12039,18,30.40625,28.06640625,507904.0,1945600.0,1.5930113052415211,7.695272353545735
qwen-run-20260923T073021Z-LtPzSb,django__django-12039,19,30.77734375,28.328125,610304.0,1957888.0,1.8911029318441426,7.957862672928036
qwen-run-20260923T073021Z-LtPzSb,django__django-12039,20,25.640625,23.27734375,630784.0,1847296.0,2.3461304082876295,9.216940889701402
qwen-run-20260923T073021Z-LtPzSb,django__django-12039,21,30.47265625,28.1171875,507904.0,1961984.0,1.5895398025894116,7.7297782335598
qwen-run-20260923T073021Z-LtPzSb,django__django-12039,22,25.43359375,23.5546875,364544.0,1605632.0,1.3669175241898326,7.3874980801720165
qwen-run-20260923T073021Z-LtPzSb,django__django-12039,23,43.5,41.8515625,565248.0,1163264.0,1.2392241379310345,3.7895114942528734
qwen-run-20260923T073021Z-LtPzSb,django__django-12039,24,42.62109375,41.04296875,548864.0,1105920.0,1.2281184126111264,3.7026853633947394
qwen-run-20260923T073021Z-LtPzSb,django__django-12039,25,42.609375,40.17578125,417792.0,2134016.0,0.935093509350935,5.7114044737807115
qwen-run-20260923T073021Z-LtPzSb,django__django-12039,26,25.0859375,22.7734375,565248.0,1859584.0,2.1488632824665213,9.21831205232015
qwen-run-20260923T073021Z-LtPzSb,django__django-12050,1,4.44140625,3.3828125,225280.0,884736.0,4.8372911169744945,23.834652594547055
qwen-run-20260923T073021Z-LtPzSb,django__django-12050,2,68.0390625,58.83203125,528384.0,9125888.0,0.7406131588012401,13.531978413135837
qwen-run-20260923T073021Z-LtPzSb,django__django-12050,3,26.00390625,23.7890625,442368.0,1880064.0,1.6223524109959442,8.517350157728707
qwen-run-20260923T073021Z-LtPzSb,django__django-12050,4,25.6875,23.55078125,483328.0,1757184.0,1.794403892944039,8.318126520681265
qwen-run-20260923T073021Z-LtPzSb,django__django-12050,5,25.1953125,23.00390625,512000.0,1785856.0,1.937984496124031,8.69767441860465
qwen-run-20260923T073021Z-LtPzSb,django__django-12050,6,52.09375,48.625,606208.0,3031040.0,1.1097780443911218,6.658668266346731
qwen-run-20260923T073021Z-LtPzSb,django__django-12050,7,24.78515625,22.25,634880.0,2023424.0,2.442868400315209,10.228526398739165
qwen-run-20260923T073021Z-LtPzSb,django__django-12050,8,23.29296875,20.85546875,536576.0,2019328.0,2.196880764715747,10.464531276203253
qwen-run-20260923T073021Z-LtPzSb,django__django-12050,9,48.63671875,45.625,266240.0,2891776.0,0.5220464219741386,6.1922737129547825
qwen-run-20260923T073021Z-LtPzSb,django__django-12050,10,43.2109375,40.9375,339968.0,2043904.0,0.7503163984812873,5.26125474597722
qwen-run-20260923T073021Z-LtPzSb,django__django-12050,11,24.82421875,22.74609375,258048.0,1921024.0,0.991345397324941,8.371361132966168
qwen-run-20260923T073021Z-LtPzSb,django__django-12125,1,4.31640625,3.328125,135168.0,901120.0,2.986425339366516,22.895927601809955
qwen-run-20260923T073021Z-LtPzSb,django__django-12125,2,26.26953125,23.96484375,401408.0,2015232.0,1.4572490706319703,8.773234200743495
qwen-run-20260923T073021Z-LtPzSb,django__django-12125,3,24.88671875,22.64453125,393216.0,1957888.0,1.5068278135300581,9.009574635065139
qwen-run-20260923T073021Z-LtPzSb,django__django-12125,4,42.1484375,34.81640625,475136.0,7213056.0,1.0750695088044486,17.395736793327156
qwen-run-20260923T073021Z-LtPzSb,django__django-12125,5,25.171875,22.66015625,610304.0,2023424.0,2.3122284295468654,9.978274363749223
qwen-run-20260923T073021Z-LtPzSb,django__django-12125,6,25.8359375,23.35546875,618496.0,1982464.0,2.2830359842757786,9.60084668884185
qwen-run-20260923T073021Z-LtPzSb,django__django-12125,7,25.74609375,23.44140625,442368.0,1974272.0,1.6385980883022304,8.951600667576999
qwen-run-20260923T073021Z-LtPzSb,django__django-12125,8,26.14453125,23.67578125,503808.0,2084864.0,1.8377409233527566,9.442701329747498
qwen-run-20260923T073021Z-LtPzSb,django__django-12125,9,25.82421875,23.4296875,528384.0,1982464.0,1.9512932990470429,9.272424746634398
qwen-run-20260923T073021Z-LtPzSb,django__django-12125,10,26.1328125,23.74609375,540672.0,1961984.0,1.9730941704035874,9.133034379671152
qwen-run-20260923T073021Z-LtPzSb,django__django-12125,11,26.08984375,23.671875,561152.0,1974272.0,2.0512052702500374,9.26785446923192
qwen-run-20260923T073021Z-LtPzSb,django__django-12125,12,25.97265625,23.7109375,409600.0,1961984.0,1.5039855617386073,8.708076402466537
qwen-run-20260923T073021Z-LtPzSb,django__django-12125,13,26.1875,23.859375,446464.0,1994752.0,1.6258949880668259,8.890214797136037
qwen-run-20260923T073021Z-LtPzSb,django__django-12125,14,26.58984375,24.203125,495616.0,2007040.0,1.7775819009842808,8.976054061995006
qwen-run-20260923T073021Z-LtPzSb,django__django-12125,15,25.36328125,23.05078125,462848.0,1961984.0,1.7403357461882027,9.117511165870939
qwen-run-20260923T073021Z-LtPzSb,django__django-12125,16,26.33984375,24.0625,368640.0,2019328.0,1.3347174847990508,8.64600326264274
qwen-run-20260923T073021Z-LtPzSb,django__django-12125,17,25.73828125,23.4375,413696.0,1998848.0,1.5328577932918501,8.939140992563363
qwen-run-20260923T073021Z-LtPzSb,django__django-12125,18,26.38671875,24.0234375,454656.0,2023424.0,1.6432272390821614,8.956328645447817
qwen-run-20260923T073021Z-LtPzSb,django__django-12125,19,25.71484375,23.49609375,327680.0,1998848.0,1.2152514051344372,8.628284976454504
qwen-run-20260923T073021Z-LtPzSb,django__django-12125,20,25.83203125,23.65625,290816.0,1990656.0,1.07364282473915,8.422803568728263
qwen-run-20260923T073021Z-LtPzSb,django__django-12125,21,26.1484375,23.92578125,311296.0,2019328.0,1.1353450851508813,8.500149387511204
qwen-run-20260923T073021Z-LtPzSb,django__django-12125,22,26.171875,23.83984375,458752.0,1986560.0,1.671641791044776,8.91044776119403
qwen-run-20260923T073021Z-LtPzSb,django__django-12125,23,44.6796875,41.49609375,610304.0,2727936.0,1.3026752928833711,7.125371568456024
qwen-run-20260923T073021Z-LtPzSb,django__django-12125,24,25.25390625,22.828125,430080.0,2113536.0,1.6241299303944317,9.605568445475638
qwen-run-20260923T073021Z-LtPzSb,django__django-12125,25,30.6015625,28.06640625,487424.0,2170880.0,1.5190196579014552,8.284401327546592
qwen-run-20260923T073021Z-LtPzSb,django__django-12125,26,26.00390625,23.9609375,40960.0,2101248.0,0.1502178158329578,7.856391768063692
qwen-run-20260923T073021Z-LtPzSb,django__django-12125,27,31.55078125,29.14453125,307200.0,2215936.0,0.928562585118237,7.6265940324377866
qwen-run-20260923T073021Z-LtPzSb,django__django-12125,28,26.45703125,23.95703125,495616.0,2125824.0,1.7865052413996751,9.449283921452828
qwen-run-20260923T073021Z-LtPzSb,django__django-12125,29,25.45703125,22.8828125,557056.0,2142208.0,2.086849777504987,10.112014730704312
qwen-run-20260923T073021Z-LtPzSb,django__django-12125,30,30.95703125,28.3203125,565248.0,2199552.0,1.7413249211356467,8.517350157728707
qwen-run-20260923T073021Z-LtPzSb,django__django-12125,31,30.8515625,28.2578125,520192.0,2199552.0,1.608002025829324,8.407191694099772
qwen-run-20260923T073021Z-LtPzSb,django__django-12125,32,30.34765625,27.86328125,438272.0,2166784.0,1.3772686317415368,8.18638177371605
qwen-run-20260923T073021Z-LtPzSb,django__django-12125,33,25.44140625,22.91015625,557056.0,2097152.0,2.088131429448795,9.949332105020728
qwen-run-20260923T073021Z-LtPzSb,django__django-12125,34,52.546875,48.609375,659456.0,3469312.0,1.1968480523342253,7.493309545049064
qwen-run-20260923T073021Z-LtPzSb,django__django-12125,35,53.74609375,49.44140625,720896.0,3792896.0,1.279162729849553,8.009303001671633
qwen-run-20260923T073021Z-LtPzSb,django__django-12125,36,25.8671875,22.8671875,831488.0,2314240.0,3.06553911205074,11.597704620960435
qwen-run-20260923T073021Z-LtPzSb,django__django-12125,37,57.640625,52.98828125,712704.0,4165632.0,1.1791813499593387,8.07129303334237
qwen-run-20260923T073021Z-LtPzSb,django__django-12125,38,25.57421875,22.75390625,638976.0,2318336.0,2.382770734687643,11.027951733618451
qwen-run-20260923T073021Z-LtPzSb,django__django-12125,39,56.5078125,52.05078125,561152.0,4112384.0,0.9470482510714779,7.887460251624499
qwen-run-20260923T073021Z-LtPzSb,django__django-12125,40,25.46484375,22.68359375,581632.0,2334720.0,2.1782481975763153,10.921920539960116
qwen-run-20260923T073021Z-LtPzSb,django__django-12125,41,25.43359375,22.62109375,667648.0,2281472.0,2.503455690370143,11.058209184457073
qwen-run-20260923T073021Z-LtPzSb,django__django-12125,42,31.0703125,28.22265625,602112.0,2383872.0,1.8481267286899674,9.165199899421674
qwen-run-20260923T073021Z-LtPzSb,django__django-12125,43,26.58203125,23.77734375,614400.0,2326528.0,2.204261572373255,10.551065393093314
qwen-run-20260923T073021Z-LtPzSb,django__django-12125,44,30.84375,28.07421875,495616.0,2408448.0,1.53242147922999,8.979229989868287
qwen-run-20260923T073021Z-LtPzSb,django__django-12125,45,31.0390625,28.4375,565248.0,2162688.0,1.7367228794361944,8.381575635539894
qwen-run-20260923T073021Z-LtPzSb,django__django-12125,46,30.96875,28.1640625,565248.0,2375680.0,1.7406659939455096,9.056508577194753
qwen-run-20260923T073021Z-LtPzSb,django__django-12125,47,53.484375,51.04296875,667648.0,1892352.0,1.1904761904761905,4.564709319310547
qwen-run-20260923T073021Z-LtPzSb,django__django-12125,48,24.23046875,22.234375,692224.0,1400832.0,2.7244881508947283,8.237949379332582
qwen-run-20260923T073021Z-LtPzSb,django__django-12125,49,56.703125,52.08203125,741376.0,4104192.0,1.2468999724441996,8.149627996693305
qwen-run-20260923T073021Z-LtPzSb,django__django-12125,50,30.953125,28.26171875,299008.0,2523136.0,0.9212518929833418,8.69510348308935
qwen-run-20260923T073021Z-LtPzSb,django__django-12125,51,26.26953125,23.66015625,413696.0,2322432.0,1.5018587360594795,9.933085501858736
qwen-run-20260923T073021Z-LtPzSb,django__django-12125,52,30.95703125,28.140625,540672.0,2412544.0,1.665615141955836,9.097791798107256
qwen-run-20260923T073021Z-LtPzSb,django__django-12125,53,30.96484375,28.26171875,446464.0,2387968.0,1.3750473066733948,8.729658130440267
qwen-run-20260923T073021Z-LtPzSb,django__django-12125,54,30.15625,28.10546875,430080.0,1720320.0,1.3601036269430051,6.800518134715026
qwen-run-20260923T073021Z-LtPzSb,django__django-12125,55,26.05859375,23.546875,315392.0,2318336.0,1.154249737670514,9.638734822365462
qwen-run-20260923T073021Z-LtPzSb,django__django-12125,56,57.12890625,52.6796875,446464.0,4218880.0,0.7452991452991453,7.788034188034188
qwen-run-20260923T073021Z-LtPzSb,django__django-12125,57,57.015625,52.5390625,425984.0,4268032.0,0.712523979172376,7.851466155110989
qwen-run-20260923T073021Z-LtPzSb,django__django-12125,58,57.0703125,52.4921875,561152.0,4239360.0,0.9377138945927447,8.021902806297057
qwen-run-20260923T073021Z-LtPzSb,django__django-12125,59,56.94921875,55.02734375,446464.0,1568768.0,0.747650730502778,3.3747170587831814
qwen-run-20260923T073021Z-LtPzSb,django__django-12125,60,43.53125,41.78515625,466944.0,1363968.0,1.0229720028715004,4.011127063890883
qwen-run-20260923T073021Z-LtPzSb,django__django-12125,61,25.16796875,23.265625,454656.0,1540096.0,1.7227999379171193,7.558590718609343
qwen-run-20260923T073021Z-LtPzSb,django__django-12143,1,4.24609375,3.25,147456.0,897024.0,3.311867525298988,23.4590616375345
qwen-run-20260923T073021Z-LtPzSb,django__django-12143,2,48.20703125,39.40625,479232.0,8749056.0,0.948059314480188,18.25621910704157
qwen-run-20260923T073021Z-LtPzSb,django__django-12143,3,26.5078125,24.94921875,544768.0,1089536.0,1.9599174771588566,5.879752431476569
qwen-run-20260923T073021Z-LtPzSb,django__django-12143,4,25.73828125,23.39453125,573440.0,1884160.0,2.124753376840188,9.106085900743663
qwen-run-20260923T073021Z-LtPzSb,django__django-12143,5,24.52734375,22.12890625,552960.0,1961984.0,2.150023889154324,9.778627169931518
qwen-run-20260923T073021Z-LtPzSb,django__django-12143,6,30.6171875,28.0625,569344.0,2109440.0,1.773411584587905,8.343965297269712
qwen-run-20260923T073021Z-LtPzSb,django__django-12143,7,25.51953125,23.8671875,516096.0,1216512.0,1.928669830093372,6.474820143884892
qwen-run-20260923T073021Z-LtPzSb,django__django-12143,8,25.0078125,22.3671875,483328.0,2285568.0,1.8431740081224617,10.559200249921899
qwen-run-20260923T073021Z-LtPzSb,django__django-12143,9,27.53515625,24.9765625,512000.0,2170880.0,1.7733011774719818,9.292098169953185
qwen-run-20260923T073021Z-LtPzSb,django__django-12143,10,26.8125,24.33203125,507904.0,2093056.0,1.8065268065268065,9.2511655011655
qwen-run-20260923T073021Z-LtPzSb,django__django-12143,11,26.32421875,24.1015625,339968.0,1990656.0,1.2316367413562843,8.443389226888263
qwen-run-20260923T073021Z-LtPzSb,django__django-12143,12,31.6875,29.125,495616.0,2191360.0,1.4916173570019724,8.086785009861932
qwen-run-20260923T073021Z-LtPzSb,django__django-12143,13,25.8046875,23.31640625,614400.0,1994752.0,2.270663033605813,9.642749016046018
qwen-run-20260923T073021Z-LtPzSb,django__django-12143,14,25.65625,23.3046875,475136.0,1990656.0,1.7661388550548112,9.165651644336176
qwen-run-20260923T073021Z-LtPzSb,django__django-12143,15,31.66015625,29.0859375,516096.0,2183168.0,1.554595928439235,8.130783466995682
qwen-run-20260923T073021Z-LtPzSb,django__django-12143,16,26.40625,23.9375,593920.0,1994752.0,2.1449704142011834,9.349112426035504
qwen-run-20260923T073021Z-LtPzSb,django__django-12143,17,27.09765625,24.6953125,483328.0,2035712.0,1.7010234971889866,8.865503820095142
qwen-run-20260923T073021Z-LtPzSb,django__django-12143,18,26.49609375,24.56640625,8192.0,2015232.0,0.02948547840188707,7.282913165266106
qwen-run-20260923T073021Z-LtPzSb,django__django-12143,19,26.578125,24.3359375,335872.0,2015232.0,1.2051734273956496,8.436213991769547
qwen-run-20260923T073021Z-LtPzSb,django__django-12143,20,31.640625,29.1171875,417792.0,2228224.0,1.2592592592592593,7.9753086419753085
qwen-run-20260923T073021Z-LtPzSb,django__django-12143,21,31.57421875,29.11328125,389120.0,2191360.0,1.17530619819374,7.794135840653222
qwen-run-20260923T073021Z-LtPzSb,django__django-12143,22,26.58984375,24.30078125,385024.0,2015232.0,1.3809313941530776,8.608785074188335
qwen-run-20260923T073021Z-LtPzSb,django__django-12143,23,31.578125,29.0546875,471040.0,2174976.0,1.4225630875804058,7.991093518060366
qwen-run-20260923T073021Z-LtPzSb,django__django-12143,24,31.46484375,29.015625,380928.0,2187264.0,1.1545623836126628,7.783985102420856
qwen-run-20260923T073021Z-LtPzSb,django__django-12143,25,31.19140625,28.8125,372736.0,2121728.0,1.139636819035692,7.62680025046963
qwen-run-20260923T073021Z-LtPzSb,django__django-12143,26,31.1953125,28.828125,368640.0,2113536.0,1.1269722013523666,7.588279489105935
qwen-run-20260923T073021Z-LtPzSb,django__django-12143,27,26.6953125,24.37109375,450560.0,1986560.0,1.6095990635059994,8.706467661691542
qwen-run-20260923T073021Z-LtPzSb,django__django-12143,28,43.53125,41.140625,413696.0,2093056.0,0.9063173007896625,5.491744436468054
qwen-run-20260923T073021Z-LtPzSb,django__django-12143,29,25.65234375,23.3359375,450560.0,1978368.0,1.6750418760469012,9.029998477234658
qwen-run-20260923T073021Z-LtPzSb,django__django-12155,1,4.09765625,3.296875,143360.0,696320.0,3.336510962821735,19.54242135367016
qwen-run-20260923T073021Z-LtPzSb,django__django-12155,2,69.75390625,66.21875,536576.0,3170304.0,0.7336058688469508,5.068040544324354
qwen-run-20260923T073021Z-LtPzSb,django__django-12155,3,24.6484375,22.53515625,569344.0,1646592.0,2.202852614896989,8.573692551505546
qwen-run-20260923T073021Z-LtPzSb,django__django-12155,4,25.65625,23.41796875,659456.0,1687552.0,2.451278928136419,8.724116930572473
qwen-run-20260923T073021Z-LtPzSb,django__django-12155,5,25.34375,23.01171875,774144.0,1671168.0,2.913070283600493,9.201602959309495
qwen-run-20260923T073021Z-LtPzSb,django__django-12155,6,24.69140625,22.3671875,765952.0,1671168.0,2.9583926593893373,9.413067552602437
qwen-run-20260923T073021Z-LtPzSb,django__django-12155,7,55.65625,53.1015625,937984.0,1740800.0,1.607243121841662,4.590117911285795
qwen-run-20260923T073021Z-LtPzSb,django__django-12155,8,26.15234375,23.1328125,610304.0,2555904.0,2.22554144884242,11.545929798356983
qwen-run-20260923T073021Z-LtPzSb,django__django-12155,9,25.2578125,22.828125,626688.0,1921024.0,2.3662233219919577,9.619548407052273
qwen-run-20260923T073021Z-LtPzSb,django__django-12155,10,24.7734375,22.91015625,45056.0,1908736.0,0.17344686218858404,7.521286660359508
qwen-run-20260923T073021Z-LtPzSb,django__django-12155,11,26.8671875,24.5390625,450560.0,1990656.0,1.59930212271009,8.665309683047397
qwen-run-20260923T073021Z-LtPzSb,django__django-12155,12,52.86328125,50.35546875,757760.0,1871872.0,1.3670287445503584,4.743959210818001
qwen-run-20260923T073021Z-LtPzSb,django__django-12155,13,24.6484375,21.53125,622592.0,2646016.0,2.408874801901743,12.646592709984152
qwen-run-20260923T073021Z-LtPzSb,django__django-12155,14,53.1328125,48.83203125,659456.0,3850240.0,1.1836494633142185,8.094397882664314
qwen-run-20260923T073021Z-LtPzSb,django__django-12155,15,43.28515625,40.640625,765952.0,2007040.0,1.6875733237072466,6.109556899196823
qwen-run-20260923T073021Z-LtPzSb,django__django-12155,16,24.56640625,22.09765625,696320.0,1892352.0,2.703132453490221,10.04929241532835
qwen-run-20260923T073021Z-LtPzSb,django__django-12155,17,49.4609375,46.9296875,610304.0,2043904.0,1.1767493287000474,5.117674932870004
qwen-run-20260923T073021Z-LtPzSb,django__django-12155,18,30.625,27.90625,696320.0,2154496.0,2.1683673469387754,8.877551020408163
qwen-run-20260923T073021Z-LtPzSb,django__django-12155,19,41.359375,38.81640625,671744.0,1994752.0,1.5489233094068757,6.148469965999245
qwen-run-20260923T073021Z-LtPzSb,django__django-12155,20,24.80859375,22.56640625,438272.0,1912832.0,1.6847740513304992,9.03794678003464
qwen-run-20260923T073021Z-LtPzSb,django__django-12155,21,24.51953125,22.2109375,516096.0,1904640.0,2.0073283415644414,9.415325792576072
qwen-run-20260923T073021Z-LtPzSb,django__django-12155,22,24.57421875,22.30859375,471040.0,1904640.0,1.8280082657765062,9.219519949133684
qwen-run-20260923T073021Z-LtPzSb,django__django-12155,23,24.8046875,22.4921875,503808.0,1921024.0,1.937007874015748,9.32283464566929
qwen-run-20260923T073021Z-LtPzSb,django__django-12155,24,30.75390625,28.2109375,507904.0,2158592.0,1.5750031754096279,8.268766670900547
qwen-run-20260923T073021Z-LtPzSb,django__django-12155,25,41.28125,38.87109375,524288.0,2002944.0,1.2112036336109009,5.838380015140046
qwen-run-20260923T073021Z-LtPzSb,django__django-12155,26,24.5390625,22.12890625,626688.0,1900544.0,2.4355300859598854,9.821712830308819
qwen-run-20260923T073021Z-LtPzSb,django__django-12155,27,30.859375,28.2734375,569344.0,2142208.0,1.759493670886076,8.379746835443038
qwen-run-20260923T073021Z-LtPzSb,django__django-12155,28,41.015625,38.65234375,503808.0,1974272.0,1.1714285714285715,5.761904761904762
qwen-run-20260923T073021Z-LtPzSb,django__django-12155,29,48.84375,46.453125,466944.0,2039808.0,0.9117082533589251,4.89443378119002
qwen-run-20260923T073021Z-LtPzSb,django__django-12155,30,41.09765625,38.62109375,565248.0,2031616.0,1.3116623895067008,6.026043151791654
qwen-run-20260923T073021Z-LtPzSb,django__django-12155,31,27.046875,24.55078125,589824.0,2027520.0,2.079722703639515,9.228769497400346
qwen-run-20260923T073021Z-LtPzSb,django__django-12155,32,24.75390625,22.359375,602112.0,1908736.0,2.3197096417863343,9.673347009626006
qwen-run-20260923T073021Z-LtPzSb,django__django-12155,33,24.578125,22.31640625,450560.0,1921024.0,1.7482517482517483,9.202161474888747
qwen-run-20260923T073021Z-LtPzSb,django__django-12155,34,41.51953125,39.1640625,446464.0,2023424.0,1.0254962837519992,5.6731583403895005
qwen-run-20260923T073021Z-LtPzSb,django__django-12155,35,54.15234375,51.62890625,405504.0,2240512.0,0.714131140445791,4.6598860275553635
qwen-run-20260923T073021Z-LtPzSb,django__django-12155,36,41.125,38.81640625,430080.0,1990656.0,0.9973404255319149,5.613601823708207
qwen-run-20260923T073021Z-LtPzSb,django__django-12155,37,139.70703125,134.296875,929792.0,4743168.0,0.6346987278065147,3.8725010485111144
qwen-run-20260923T073021Z-LtPzSb,django__django-12155,38,25.19140625,23.13671875,208896.0,1945600.0,0.7908202822142968,8.15630330283765
qwen-run-20260923T073021Z-LtPzSb,django__django-12155,39,31.12109375,28.71875,507904.0,2011136.0,1.556420233463035,7.7193422869336015
qwen-run-20260923T073021Z-LtPzSb,django__django-12193,1,4.359375,3.35546875,135168.0,917504.0,2.956989247311828,23.02867383512545
qwen-run-20260923T073021Z-LtPzSb,django__django-12193,2,73.76953125,67.546875,757760.0,5767168.0,0.9796134498279058,8.435266084193804
qwen-run-20260923T073021Z-LtPzSb,django__django-12193,3,73.51953125,67.4609375,630784.0,5722112.0,0.8182349503214494,8.240794856808884
qwen-run-20260923T073021Z-LtPzSb,django__django-12193,4,29.28125,23.12890625,753664.0,5697536.0,2.454642475987193,21.01120597652081
qwen-run-20260923T073021Z-LtPzSb,django__django-12193,5,29.9609375,23.82421875,733184.0,5701632.0,2.333767926988266,20.482398956975228
qwen-run-20260923T073021Z-LtPzSb,django__django-12193,6,30.1328125,23.97265625,745472.0,5713920.0,2.3593466424682394,20.44334975369458
qwen-run-20260923T073021Z-LtPzSb,django__django-12193,7,29.8046875,23.8984375,471040.0,5722112.0,1.5072083879423328,19.81651376146789
qwen-run-20260923T073021Z-LtPzSb,django__django-12193,8,29.171875,23.12890625,593920.0,5742592.0,1.9416175682913765,20.715050883770754
qwen-run-20260923T073021Z-LtPzSb,django__django-12193,9,54.79296875,47.59375,86016.0,7462912.0,0.1497112711199829,13.138946317815641
qwen-run-20260923T073021Z-LtPzSb,django__django-12193,10,69.51171875,63.28515625,880640.0,5648384.0,1.2082045518404045,8.95757235178421
qwen-run-20260923T073021Z-LtPzSb,django__django-12193,11,58.61328125,54.703125,950272.0,3149824.0,1.546151282905698,6.671109630123293
qwen-run-20260923T073021Z-LtPzSb,django__django-12193,12,25.109375,22.84765625,626688.0,1744896.0,2.3802115743621655,9.007467330429371
qwen-run-20260923T073021Z-LtPzSb,django__django-12193,13,63.828125,59.046875,827392.0,4186112.0,1.2362301101591187,7.490820073439412
qwen-run-20260923T073021Z-LtPzSb,django__django-12193,14,26.9375,24.375,876544.0,1810432.0,3.1032482598607887,9.51276102088167
qwen-run-20260923T073021Z-LtPzSb,django__django-12193,15,25.33984375,22.78515625,929792.0,1748992.0,3.4993063049175275,10.081701865269
qwen-run-20260923T073021Z-LtPzSb,django__django-12193,16,25.85546875,23.5,733184.0,1736704.0,2.704336002417284,9.110137483003475
qwen-run-20260923T073021Z-LtPzSb,django__django-12193,17,25.1796875,22.703125,864256.0,1732608.0,3.2733478125969593,9.835556934533043
qwen-run-20260923T073021Z-LtPzSb,django__django-12193,18,26.3359375,23.90625,798720.0,1748992.0,2.8923168199347375,9.225749035894394
qwen-run-20260923T073021Z-LtPzSb,django__django-12193,19,62.015625,57.21484375,1003520.0,4030464.0,1.5432098765432098,7.7412446460065505
qwen-run-20260923T073021Z-LtPzSb,django__django-12193,20,25.72265625,23.2109375,872448.0,1761280.0,3.234624145785877,9.76461655277145
qwen-run-20260923T073021Z-LtPzSb,django__django-12193,21,25.80078125,23.33984375,847872.0,1732608.0,3.133989401968206,9.538228614685844
qwen-run-20260923T073021Z-LtPzSb,django__django-12193,22,25.203125,22.60546875,962560.0,1761280.0,3.642281463112213,10.306881587104774
qwen-run-20260923T073021Z-LtPzSb,django__django-12193,23,62.109375,57.4921875,856064.0,3985408.0,1.3144654088050314,7.433962264150943
qwen-run-20260923T073021Z-LtPzSb,django__django-12193,24,25.12890625,22.63671875,851968.0,1761280.0,3.2333281517177057,9.917612311518731
qwen-run-20260923T073021Z-LtPzSb,django__django-12193,25,61.8046875,57.1875,802816.0,4038656.0,1.2387814435596005,7.4706105422828974
qwen-run-20260923T073021Z-LtPzSb,django__django-12193,26,24.96875,23.10546875,180224.0,1773568.0,0.688360450563204,7.462453066332916
qwen-run-20260923T073021Z-LtPzSb,django__django-12193,27,62.453125,58.65625,462848.0,3518464.0,0.7067800850637979,6.079559669752315
qwen-run-20260923T073021Z-LtPzSb,django__django-12193,28,25.09765625,22.73046875,729088.0,1753088.0,2.7704280155642023,9.431906614785992
qwen-run-20260923T073021Z-LtPzSb,django__django-12193,29,61.89453125,57.3203125,761856.0,4034560.0,1.1738718838750395,7.390343957084253
qwen-run-20260923T073021Z-LtPzSb,django__django-12193,30,41.9609375,39.39453125,798720.0,1892352.0,1.8153044125861106,6.116179482405511
qwen-run-20260923T073021Z-LtPzSb,django__django-12193,31,25.21484375,22.703125,897024.0,1736704.0,3.3927188226181255,9.961270333075136
qwen-run-20260923T073021Z-LtPzSb,django__django-12209,1,4.22265625,3.40625,167936.0,688128.0,3.7927844588344124,19.33395004625347
qwen-run-20260923T073021Z-LtPzSb,django__django-12209,2,26.203125,24.0625,491520.0,1753088.0,1.7889087656529516,8.169350029815146
qwen-run-20260923T073021Z-LtPzSb,django__django-12209,3,44.84375,38.19921875,552960.0,6414336.0,1.17595818815331,14.817073170731707
qwen-run-20260923T073021Z-LtPzSb,django__django-12209,4,27.66015625,25.296875,712704.0,1765376.0,2.4572800451913572,8.54399096172857
qwen-run-20260923T073021Z-LtPzSb,django__django-12209,5,25.98828125,23.625,765952.0,1712128.0,2.8107620622275666,9.093641966030363
qwen-run-20260923T073021Z-LtPzSb,django__django-12209,6,26.1328125,23.6796875,847872.0,1724416.0,3.094170403587444,9.387144992526158
qwen-run-20260923T073021Z-LtPzSb,django__django-12209,7,25.58203125,23.37109375,634880.0,1683456.0,2.366773553214231,8.642540845930677
qwen-run-20260923T073021Z-LtPzSb,django__django-12209,8,25.7109375,23.60546875,671744.0,1536000.0,2.49164387724096,8.18900030385901
qwen-run-20260923T073021Z-LtPzSb,django__django-12209,9,25.51953125,23.1015625,806912.0,1728512.0,3.015459972447574,9.474973212919027
qwen-run-20260923T073021Z-LtPzSb,django__django-12209,10,26.43359375,23.953125,872448.0,1728512.0,3.1476281956553867,9.383774198315354
qwen-run-20260923T073021Z-LtPzSb,django__django-12209,11,27.48828125,25.14453125,729088.0,1728512.0,2.5294869972999856,8.526360665056131
qwen-run-20260923T073021Z-LtPzSb,django__django-12209,12,25.48046875,23.1875,729088.0,1675264.0,2.728805764218918,8.998926874137666
qwen-run-20260923T073021Z-LtPzSb,django__django-12209,13,25.77734375,24.01953125,147456.0,1695744.0,0.5455372026064556,6.819215032580694
qwen-run-20260923T073021Z-LtPzSb,django__django-12209,14,61.33984375,57.5078125,806912.0,3211264.0,1.2545373495510412,6.247213908170413
qwen-run-20260923T073021Z-LtPzSb,django__django-12209,15,25.30859375,23.0078125,684032.0,1728512.0,2.5775582651643774,9.090909090909092
qwen-run-20260923T073021Z-LtPzSb,django__django-12209,16,57.90625,53.37109375,716800.0,4038656.0,1.1805180787911496,7.8318942255801405
qwen-run-20260923T073021Z-LtPzSb,django__django-12209,17,24.96875,22.58984375,708608.0,1785856.0,2.7065081351689613,9.527534418022528
qwen-run-20260923T073021Z-LtPzSb,django__django-12209,18,57.640625,53.234375,614400.0,4005888.0,1.0165356465166713,7.644348061805367
qwen-run-20260923T073021Z-LtPzSb,django__django-12209,19,26.5546875,24.171875,720896.0,1777664.0,2.588996763754045,8.973227419829362
qwen-run-20260923T073021Z-LtPzSb,django__django-12209,20,25.91015625,23.5625,704512.0,1757184.0,2.5930951304085634,9.060756821950852
qwen-run-20260923T073021Z-LtPzSb,django__django-12209,21,50.57421875,47.08984375,643072.0,3010560.0,1.212636131922453,6.889626940604001
qwen-run-20260923T073021Z-LtPzSb,django__django-12209,22,30.32421875,27.8671875,729088.0,1847296.0,2.2929279917557643,8.10253767873245
qwen-run-20260923T073021Z-LtPzSb,django__django-12209,23,26.390625,23.9140625,847872.0,1748992.0,3.063943161634103,9.384251036116044
qwen-run-20260923T073021Z-LtPzSb,django__django-12209,24,26.5078125,24.09765625,782336.0,1744896.0,2.814618331859711,9.092248747421161
qwen-run-20260923T073021Z-LtPzSb,django__django-12209,25,31.09765625,28.46484375,880640.0,1880064.0,2.700665745509358,8.466273081271197
qwen-run-20260923T073021Z-LtPzSb,django__django-12209,26,26.5625,23.8671875,1044480.0,1781760.0,3.75,10.147058823529411
qwen-run-20260923T073021Z-LtPzSb,django__django-12209,27,57.7578125,53.25390625,704512.0,4018176.0,1.1632625456512917,7.797916948464764
qwen-run-20260923T073021Z-LtPzSb,django__django-12209,28,30.80859375,28.32421875,712704.0,1892352.0,2.206162038798022,8.06390262457208
qwen-run-20260923T073021Z-LtPzSb,django__django-12209,29,26.19140625,23.875,634880.0,1794048.0,2.3117076808351977,8.844146159582401
qwen-run-20260923T073021Z-LtPzSb,django__django-12209,30,57.63671875,52.953125,778240.0,4132864.0,1.2876990850559134,8.126058963063368
qwen-run-20260923T073021Z-LtPzSb,django__django-12209,31,30.88671875,28.25,847872.0,1916928.0,2.617933476666245,8.536739597824713
qwen-run-20260923T073021Z-LtPzSb,django__django-12209,32,26.078125,23.5625,835584.0,1802240.0,3.055721989215099,9.646494907130018
qwen-run-20260923T073021Z-LtPzSb,django__django-12209,33,30.59375,28.0,851968.0,1867776.0,2.6557711950970377,8.478038815117467
qwen-run-20260923T073021Z-LtPzSb,django__django-12209,34,26.0,24.24609375,114688.0,1724416.0,0.4206730769230769,6.745793269230769
qwen-run-20260923T073021Z-LtPzSb,django__django-12209,35,26.06640625,24.07421875,327680.0,1761280.0,1.1988610819721264,7.642739397572306
qwen-run-20260923T073021Z-LtPzSb,django__django-12209,36,30.40625,28.3671875,282624.0,1855488.0,0.8864337101747174,6.706063720452209
qwen-run-20260923T073021Z-LtPzSb,django__django-12209,37,25.89453125,23.78125,446464.0,1769472.0,1.6442902398551817,8.161110273042691
qwen-run-20260923T073021Z-LtPzSb,django__django-12209,38,25.6328125,23.515625,495616.0,1724416.0,1.8439500152392563,8.259676927765925
qwen-run-20260923T073021Z-LtPzSb,django__django-12209,39,26.69140625,24.46484375,552960.0,1781760.0,1.9757061320064393,8.3418703351383
qwen-run-20260923T073021Z-LtPzSb,django__django-12209,40,26.5859375,24.30859375,618496.0,1769472.0,2.2186306200411403,8.565971201880693
qwen-run-20260923T073021Z-LtPzSb,django__django-12209,41,26.26171875,23.9296875,671744.0,1773568.0,2.4393871783430017,8.879964301651048
qwen-run-20260923T073021Z-LtPzSb,django__django-12209,42,24.9921875,22.671875,688128.0,1744896.0,2.62582056892779,9.2841512972804
qwen-run-20260923T073021Z-LtPzSb,django__django-12209,43,26.0546875,23.65234375,761856.0,1757184.0,2.788605697151424,9.22038980509745
qwen-run-20260923T073021Z-LtPzSb,django__django-12209,44,26.13671875,23.8125,655360.0,1781760.0,2.3912718577193246,8.892542220893738
qwen-run-20260923T073021Z-LtPzSb,django__django-12209,45,26.1484375,23.78125,700416.0,1781760.0,2.5545264415894833,9.052883178966239
qwen-run-20260923T073021Z-LtPzSb,django__django-12209,46,25.7421875,23.3984375,700416.0,1757184.0,2.5948406676783002,9.104704097116844
qwen-run-20260923T073021Z-LtPzSb,django__django-12209,47,26.47265625,24.07421875,716800.0,1798144.0,2.5822635384388373,9.060056072008264
qwen-run-20260923T073021Z-LtPzSb,django__django-12209,48,25.40625,23.05859375,716800.0,1744896.0,2.690651906519065,9.240467404674046
qwen-run-20260923T073021Z-LtPzSb,django__django-12209,49,31.8359375,29.30859375,757760.0,1892352.0,2.2699386503067487,7.938650306748467
qwen-run-20260923T073021Z-LtPzSb,django__django-12209,50,26.1015625,23.59765625,839680.0,1785856.0,3.067943729422329,9.592936246632744
qwen-run-20260923T073021Z-LtPzSb,django__django-12209,51,58.11328125,53.06640625,1175552.0,4116480.0,1.9291523828728911,8.684546615581098
qwen-run-20260923T073021Z-LtPzSb,django__django-12209,52,32.01171875,29.21484375,999424.0,1933312.0,2.977425259304454,8.737034777303233
qwen-run-20260923T073021Z-LtPzSb,django__django-12209,53,26.0390625,23.45703125,983040.0,1724416.0,3.6003600360036003,9.915991599159916
qwen-run-20260923T073021Z-LtPzSb,django__django-12209,54,26.08984375,23.51171875,974848.0,1728512.0,3.5634076957628387,9.881718820182662
qwen-run-20260923T073021Z-LtPzSb,django__django-12209,55,25.78125,23.34765625,839680.0,1712128.0,3.106060606060606,9.43939393939394
qwen-run-20260923T073021Z-LtPzSb,django__django-12209,56,25.71484375,23.3046875,770048.0,1757184.0,2.8558408020659276,9.372626462099348
qwen-run-20260923T073021Z-LtPzSb,django__django-12209,57,26.01171875,23.484375,884736.0,1765376.0,3.2437302898333082,9.716173599639585
qwen-run-20260923T073021Z-LtPzSb,django__django-12209,58,25.20703125,22.62109375,966656.0,1744896.0,3.657213699054703,10.25879435921277
qwen-run-20260923T073021Z-LtPzSb,django__django-12209,59,25.22265625,22.5,1089536.0,1765376.0,4.119560167260338,10.794486603685922
qwen-run-20260923T073021Z-LtPzSb,django__django-12209,60,25.3984375,22.6875,1077248.0,1765376.0,4.044909258689634,10.673638880344509
qwen-run-20260923T073021Z-LtPzSb,django__django-12209,61,26.01953125,23.3046875,1097728.0,1748992.0,4.023419906920883,10.4338687884702
qwen-run-20260923T073021Z-LtPzSb,django__django-12209,62,26.12109375,23.54296875,983040.0,1720320.0,3.5890533871691344,9.86989681471512
qwen-run-20260923T073021Z-LtPzSb,django__django-12209,63,26.1640625,23.54296875,974848.0,1773568.0,3.553299492385787,10.017915795759928
qwen-run-20260923T073021Z-LtPzSb,django__django-12209,64,25.64453125,23.8125,163840.0,1757184.0,0.6092916984006093,7.143945163747144
qwen-run-20260923T073021Z-LtPzSb,django__django-12209,65,26.01171875,23.99609375,348160.0,1765376.0,1.2764679381288482,7.748911247935125
qwen-run-20260923T073021Z-LtPzSb,django__django-12209,66,25.67578125,23.6328125,397312.0,1744896.0,1.4757340635934886,7.9567929408185
qwen-run-20260923T073021Z-LtPzSb,django__django-12209,67,25.55859375,23.4609375,450560.0,1748992.0,1.6811860003056702,8.207244383310409
qwen-run-20260923T073021Z-LtPzSb,django__django-12209,68,25.703125,23.5234375,536576.0,1748992.0,1.9908814589665653,8.480243161094226
qwen-run-20260923T073021Z-LtPzSb,django__django-12209,69,31.73046875,29.4453125,524288.0,1871872.0,1.5757724978456236,7.201772744060077
qwen-run-20260923T073021Z-LtPzSb,django__django-12209,70,26.14453125,23.94921875,520192.0,1781760.0,1.897504855819513,8.396832511579262
qwen-run-20260923T073021Z-LtPzSb,django__django-12209,71,31.78515625,29.58984375,516096.0,1785856.0,1.5484822416123878,6.906722379255254
qwen-run-20260923T073021Z-LtPzSb,django__django-12209,72,25.8515625,23.671875,548864.0,1736704.0,2.0247809005741915,8.43155031731641
qwen-run-20260923T073021Z-LtPzSb,django__django-12209,73,57.6796875,53.109375,692224.0,4100096.0,1.1445211973452527,7.923608289313287
qwen-run-20260923T073021Z-LtPzSb,django__django-12209,74,31.80859375,29.21484375,790528.0,1929216.0,2.370133857300749,8.154242908019157
qwen-run-20260923T073021Z-LtPzSb,django__django-12209,75,26.09765625,23.796875,626688.0,1785856.0,2.2900763358778624,8.816045502170335
qwen-run-20260923T073021Z-LtPzSb,django__django-12209,76,54.95703125,50.6953125,602112.0,3866624.0,1.0448503802686757,7.754637856279764
qwen-run-20260923T073021Z-LtPzSb,django__django-12209,77,26.296875,24.1875,671744.0,1540096.0,2.4361259655377303,8.02139037433155
qwen-run-20260923T073021Z-LtPzSb,django__django-12209,78,30.859375,28.45703125,671744.0,1847296.0,2.0759493670886076,7.784810126582278
qwen-run-20260923T073021Z-LtPzSb,django__django-12209,79,26.0546875,23.68359375,720896.0,1765376.0,2.638680659670165,9.100449775112443
qwen-run-20260923T073021Z-LtPzSb,django__django-12209,80,57.5625,55.1640625,815104.0,1699840.0,1.3504343105320304,4.166666666666667
qwen-run-20260923T073021Z-LtPzSb,django__django-12209,81,31.3125,28.1171875,729088.0,2621440.0,2.220558882235529,10.204590818363274
qwen-run-20260923T073021Z-LtPzSb,django__django-12209,82,57.6796875,52.9453125,823296.0,4141056.0,1.3612352702153596,8.208045509955303
qwen-run-20260923T073021Z-LtPzSb,django__django-12209,83,26.06640625,23.5234375,839680.0,1826816.0,3.072081522553574,9.75573205454818
qwen-run-20260923T073021Z-LtPzSb,django__django-12209,84,31.93359375,29.265625,864256.0,1933312.0,2.581039755351682,8.35474006116208
qwen-run-20260923T073021Z-LtPzSb,django__django-12209,85,26.2265625,23.62890625,962560.0,1761280.0,3.5001489425081918,9.904676794757224
qwen-run-20260923T073021Z-LtPzSb,django__django-12209,86,57.55078125,53.39453125,819200.0,3538944.0,1.357496775945157,7.221882848028236
qwen-run-20260923T073021Z-LtPzSb,django__django-12209,87,31.453125,29.47265625,204800.0,1871872.0,0.620963735717834,6.296572280178838
qwen-run-20260923T073021Z-LtPzSb,django__django-12209,88,57.90625,53.34375,655360.0,4128768.0,1.0793308148947653,7.879114948731786
qwen-run-20260923T073021Z-LtPzSb,django__django-12209,89,31.953125,29.3203125,847872.0,1912832.0,2.530562347188264,8.23960880195599
qwen-run-20260923T073021Z-LtPzSb,django__django-12209,90,56.98828125,52.38671875,737280.0,4087808.0,1.2338062924120914,8.074576735896908
qwen-run-20260923T073021Z-LtPzSb,django__django-12209,91,26.03515625,23.6328125,737280.0,1781760.0,2.700675168792198,9.227306826706677
qwen-run-20260923T073021Z-LtPzSb,django__django-12209,92,31.92578125,29.41015625,737280.0,1900544.0,2.2023736693992415,7.879603572739508
qwen-run-20260923T073021Z-LtPzSb,django__django-12209,93,26.31640625,23.8984375,757760.0,1777664.0,2.746029389936173,9.188065904705358
qwen-run-20260923T073021Z-LtPzSb,django__django-12209,94,32.046875,29.55078125,737280.0,1880064.0,2.1940516821062896,7.7888834714773285
qwen-run-20260923T073021Z-LtPzSb,django__django-12209,95,26.296875,23.84375,819200.0,1753088.0,2.9708853238265003,9.328579916815212
qwen-run-20260923T073021Z-LtPzSb,django__django-12209,96,26.42578125,24.1796875,593920.0,1761280.0,2.1433850702143387,8.499630450849963
qwen-run-20260923T073021Z-LtPzSb,django__django-12209,97,30.640625,28.25,638976.0,1867776.0,1.988781234064253,7.802141764405915
qwen-run-20260923T073021Z-LtPzSb,django__django-12209,98,25.99609375,23.7265625,622592.0,1757184.0,2.2839969947407965,8.730277986476334
qwen-run-20260923T073021Z-LtPzSb,django__django-12209,99,50.75390625,47.1796875,724992.0,3022848.0,1.3622719926114062,7.042253521126761
qwen-run-20260923T073021Z-LtPzSb,django__django-12209,100,32.68359375,30.12890625,765952.0,1912832.0,2.234970718298076,7.816421656507709
qwen-run-20260923T073021Z-LtPzSb,django__django-12209,101,26.015625,23.61328125,741376.0,1777664.0,2.7177177177177176,9.234234234234235
qwen-run-20260923T073021Z-LtPzSb,django__django-12209,102,26.5234375,24.23046875,647168.0,1757184.0,2.3269513991163477,8.645066273932253
qwen-run-20260923T073021Z-LtPzSb,django__django-12209,103,30.46484375,28.015625,757760.0,1810432.0,2.372098987049622,8.039492242595205
qwen-run-20260923T073021Z-LtPzSb,django__django-12209,104,25.93359375,23.6953125,630784.0,1716224.0,2.319626449766531,8.630817894261185
qwen-run-20260923T073021Z-LtPzSb,django__django-12209,105,31.91796875,29.4375,741376.0,1859584.0,2.2151511442907843,7.771386611185902
qwen-run-20260923T073021Z-LtPzSb,django__django-12209,106,25.90234375,23.69140625,593920.0,1724416.0,2.186698838787513,8.535665812094706
qwen-run-20260923T073021Z-LtPzSb,django__django-12209,107,25.9765625,23.65625,692224.0,1740800.0,2.5413533834586466,8.93233082706767
qwen-run-20260923T073021Z-LtPzSb,django__django-12209,108,25.984375,23.6796875,704512.0,1712128.0,2.585688514732411,8.869512928442573
qwen-run-20260923T073021Z-LtPzSb,django__django-12209,109,25.91015625,23.6015625,704512.0,1716224.0,2.5930951304085634,8.909995477159656
qwen-run-20260923T073021Z-LtPzSb,django__django-12209,110,25.8828125,23.58203125,688128.0,1724416.0,2.5354663447026864,8.889224268035013
qwen-run-20260923T073021Z-LtPzSb,django__django-12209,111,25.9296875,23.73046875,610304.0,1695744.0,2.244652003615547,8.481470322386262
qwen-run-20260923T073021Z-LtPzSb,django__django-12209,112,26.2109375,23.87109375,704512.0,1748992.0,2.563338301043219,8.926974664679582
qwen-run-20260923T073021Z-LtPzSb,django__django-12209,113,25.953125,24.16015625,110592.0,1769472.0,0.4063816977724263,6.908488862131247
qwen-run-20260923T073021Z-LtPzSb,django__django-12209,114,25.94921875,23.890625,393216.0,1765376.0,1.4451302122535,7.933162727683276
qwen-run-20260923T073021Z-LtPzSb,django__django-12209,115,25.7265625,23.7734375,290816.0,1757184.0,1.0780443364713028,7.591861524445794
qwen-run-20260923T073021Z-LtPzSb,django__django-12209,116,25.94140625,23.953125,339968.0,1744896.0,1.24981177533504,7.664508357175124
qwen-run-20260923T073021Z-LtPzSb,django__django-12209,117,26.015625,23.98828125,409600.0,1716224.0,1.5015015015015014,7.792792792792793
qwen-run-20260923T073021Z-LtPzSb,django__django-12209,118,26.10546875,23.953125,524288.0,1732608.0,1.9153074966332486,8.244800239413436
qwen-run-20260923T073021Z-LtPzSb,django__django-12209,119,25.84765625,23.80859375,421888.0,1716224.0,1.5565966450052895,7.8887713465316605
qwen-run-20260923T073021Z-LtPzSb,django__django-12209,120,26.12890625,23.99609375,507904.0,1728512.0,1.8537898041560772,8.16265510539692
qwen-run-20260923T073021Z-LtPzSb,django__django-12209,121,25.14453125,23.39453125,479232.0,1355776.0,1.8176169022836726,6.959763865154575
qwen-run-20260923T073021Z-LtPzSb,django__django-12209,122,30.2421875,28.0625,454656.0,1830912.0,1.4337380521828984,7.207439938000516
qwen-run-20260923T073021Z-LtPzSb,django__django-12209,123,26.13671875,24.07421875,643072.0,1519616.0,2.3464355103870873,7.8911971304737705
qwen-run-20260923T073021Z-LtPzSb,django__django-12209,124,25.3671875,23.12890625,614400.0,1732608.0,2.309824453341546,8.823529411764707
qwen-run-20260923T073021Z-LtPzSb,django__django-12209,125,24.98828125,22.828125,561152.0,1703936.0,2.141628888541504,8.644677192433953
qwen-run-20260923T073021Z-LtPzSb,django__django-12209,126,152.12109375,146.01171875,745472.0,5660672.0,0.467349716251958,4.016126133066276
qwen-run-20260923T073021Z-LtPzSb,django__django-12209,127,25.13671875,22.78515625,765952.0,1699840.0,2.905982905982906,9.355089355089355
qwen-run-20260923T073021Z-LtPzSb,django__django-12209,128,43.44921875,41.0546875,667648.0,1843200.0,1.4654319877730828,5.5111031196619615
qwen-run-20260923T073021Z-LtPzSb,django__django-12209,129,25.0390625,22.58984375,868352.0,1699840.0,3.3073322932917315,9.781591263650546
qwen-run-20260923T073021Z-LtPzSb,django__django-12209,130,44.0,41.46484375,892928.0,1765376.0,1.9353693181818181,5.76171875
qwen-run-20260923T073021Z-LtPzSb,django__django-12209,131,25.35546875,22.921875,798720.0,1753088.0,3.0041596056077644,9.597904791249423
qwen-run-20260923T073021Z-LtPzSb,django__django-12209,132,25.18359375,22.61328125,929792.0,1765376.0,3.5210175275321856,10.20629750271444
qwen-run-20260923T073021Z-LtPzSb,django__django-12262,1,4.21875,3.19140625,212992.0,864256.0,4.814814814814815,24.35185185185185
qwen-run-20260923T073021Z-LtPzSb,django__django-12262,2,26.859375,24.5078125,434176.0,2031616.0,1.5415939499709133,8.755090168702734
qwen-run-20260923T073021Z-LtPzSb,django__django-12262,3,47.72265625,39.34375,462848.0,8323072.0,0.9249406564623066,17.557501841696
qwen-run-20260923T073021Z-LtPzSb,django__django-12262,4,26.6953125,24.24609375,565248.0,2002944.0,2.019315188762072,9.174714661984197
qwen-run-20260923T073021Z-LtPzSb,django__django-12262,5,25.8203125,23.40234375,548864.0,1986560.0,2.027231467473525,9.364599092284417
qwen-run-20260923T073021Z-LtPzSb,django__django-12262,6,26.58203125,24.02734375,679936.0,1998848.0,2.4393828067597356,9.610580455547392
qwen-run-20260923T073021Z-LtPzSb,django__django-12262,7,25.8359375,23.28125,729088.0,1949696.0,2.691260961596613,9.888116117326883
qwen-run-20260923T073021Z-LtPzSb,django__django-12262,8,26.81640625,24.1953125,761856.0,1986560.0,2.7093954843408596,9.774217042971594
qwen-run-20260923T073021Z-LtPzSb,django__django-12262,9,47.57421875,44.16015625,811008.0,2768896.0,1.6257492404959357,7.176287051482059
qwen-run-20260923T073021Z-LtPzSb,django__django-12262,10,26.5625,23.5078125,1007616.0,2195456.0,3.6176470588235294,11.5
qwen-run-20260923T073021Z-LtPzSb,django__django-12262,11,26.28515625,23.29296875,958464.0,2179072.0,3.4774855104770395,11.38356367959578
qwen-run-20260923T073021Z-LtPzSb,django__django-12262,12,26.6640625,23.65625,958464.0,2195456.0,3.4280691473776734,11.280398476413712
qwen-run-20260923T073021Z-LtPzSb,django__django-12262,13,26.25,24.01953125,118784.0,2220032.0,0.43154761904761907,8.49702380952381
qwen-run-20260923T073021Z-LtPzSb,django__django-12262,14,25.93359375,23.58203125,397312.0,2068480.0,1.4610634131646332,9.067630667269167
qwen-run-20260923T073021Z-LtPzSb,django__django-12262,15,26.92578125,24.421875,544768.0,2080768.0,1.9294936892499637,9.29928913390396
qwen-run-20260923T073021Z-LtPzSb,django__django-12262,16,26.6875,24.01171875,733184.0,2072576.0,2.620023419203747,10.026346604215457
qwen-run-20260923T073021Z-LtPzSb,django__django-12262,17,25.828125,23.25,634880.0,2068480.0,2.3442226255293406,9.98185117967332
qwen-run-20260923T073021Z-LtPzSb,django__django-12262,18,31.7265625,29.0234375,528384.0,2306048.0,1.5882787490765822,8.520068948534844
qwen-run-20260923T073021Z-LtPzSb,django__django-12262,19,26.359375,23.69921875,700416.0,2088960.0,2.5340841730883223,10.091879075281565
qwen-run-20260923T073021Z-LtPzSb,django__django-12262,20,26.78125,24.234375,610304.0,2060288.0,2.173278879813302,9.509918319719953
qwen-run-20260923T073021Z-LtPzSb,django__django-12262,21,26.41015625,23.90234375,577536.0,2052096.0,2.085490312084011,9.4956367401272
qwen-run-20260923T073021Z-LtPzSb,django__django-12262,22,26.234375,23.546875,761856.0,2056192.0,2.769505658129839,10.244192972007147
qwen-run-20260923T073021Z-LtPzSb,django__django-12262,23,27.24609375,24.60546875,692224.0,2076672.0,2.4229390681003586,9.691756272401435
qwen-run-20260923T073021Z-LtPzSb,django__django-12262,24,25.69921875,23.1015625,684032.0,2039808.0,2.5383796929624562,10.107919136646906
qwen-run-20260923T073021Z-LtPzSb,django__django-12262,25,25.58984375,22.984375,700416.0,2031616.0,2.6102885055716682,10.181651656235688
qwen-run-20260923T073021Z-LtPzSb,django__django-12262,26,31.6875,28.78515625,774144.0,2269184.0,2.3298816568047336,9.159270216962526
qwen-run-20260923T073021Z-LtPzSb,django__django-12262,27,26.484375,23.75,811008.0,2056192.0,2.920353982300885,10.32448377581121
qwen-run-20260923T073021Z-LtPzSb,django__django-12262,28,31.34765625,28.40234375,888832.0,2199552.0,2.70404984423676,9.39563862928349
qwen-run-20260923T073021Z-LtPzSb,django__django-12262,29,26.7578125,23.921875,888832.0,2084864.0,3.167883211678832,10.598540145985401
qwen-run-20260923T073021Z-LtPzSb,django__django-12262,30,25.9765625,23.18359375,905216.0,2023424.0,3.3233082706766917,10.75187969924812
qwen-run-20260923T073021Z-LtPzSb,django__django-12262,31,47.90234375,44.0,1404928.0,2686976.0,2.7970317214384735,8.146456821332464
qwen-run-20260923T073021Z-LtPzSb,django__django-12262,32,25.94140625,22.95703125,1097728.0,2031616.0,4.035536816744466,11.50429152236109
qwen-run-20260923T073021Z-LtPzSb,django__django-12262,33,57.9765625,52.546875,1265664.0,4427776.0,2.0819296590755965,9.365314647621615
qwen-run-20260923T073021Z-LtPzSb,django__django-12262,34,27.1796875,24.1796875,1024000.0,2121728.0,3.592986490370796,11.037654498419085
qwen-run-20260923T073021Z-LtPzSb,django__django-12262,35,26.48046875,23.61328125,933888.0,2072576.0,3.363327924472636,10.827555686679451
qwen-run-20260923T073021Z-LtPzSb,django__django-12262,36,26.0390625,23.05078125,1073152.0,2060288.0,3.9303930393039304,11.476147614761476
qwen-run-20260923T073021Z-LtPzSb,django__django-12262,37,25.78515625,22.9375,909312.0,2076672.0,3.3631267989698532,11.043781245265869
qwen-run-20260923T073021Z-LtPzSb,django__django-12262,38,26.01171875,23.08984375,978944.0,2084864.0,3.5891274966211144,11.232917855533865
qwen-run-20260923T073021Z-LtPzSb,django__django-12262,39,25.87890625,23.0390625,884736.0,2093056.0,3.260377358490566,10.973584905660378
qwen-run-20260923T073021Z-LtPzSb,django__django-12262,40,55.28125,50.3359375,966656.0,4218880.0,1.667608818541549,8.945732052006784
qwen-run-20260923T073021Z-LtPzSb,django__django-12262,41,25.4375,23.32421875,139264.0,2076672.0,0.5221130221130221,8.307739557739557
qwen-run-20260923T073021Z-LtPzSb,django__django-12262,42,55.52734375,51.5078125,516096.0,3698688.0,0.8863876187126275,7.238832219486458
qwen-run-20260923T073021Z-LtPzSb,django__django-12262,43,26.40234375,23.6796875,765952.0,2088960.0,2.7666814617546973,10.312176357449326
qwen-run-20260923T073021Z-LtPzSb,django__django-12262,44,25.703125,23.12890625,598016.0,2101248.0,2.2188449848024314,10.015197568389057
qwen-run-20260923T073021Z-LtPzSb,django__django-12262,45,31.38671875,29.671875,688128.0,1110016.0,2.09085252022402,5.463596764156814
qwen-run-20260923T073021Z-LtPzSb,django__django-12262,46,25.69140625,23.07421875,585728.0,2158592.0,2.174243576098525,10.187015356545537
qwen-run-20260923T073021Z-LtPzSb,django__django-12262,47,31.078125,28.44140625,524288.0,2240512.0,1.6088486676721971,8.484162895927602
qwen-run-20260923T073021Z-LtPzSb,django__django-12262,48,26.27734375,23.875,434176.0,2084864.0,1.575739557009068,9.142262524156385
qwen-run-20260923T073021Z-LtPzSb,django__django-12262,49,55.28125,50.54296875,667648.0,4300800.0,1.1517806670435273,8.571226681741097
qwen-run-20260923T073021Z-LtPzSb,django__django-12262,50,26.44921875,24.67578125,651264.0,1208320.0,2.3482498892334958,6.705065721459164
qwen-run-20260923T073021Z-LtPzSb,django__django-12262,51,46.296875,44.4296875,757760.0,1200128.0,1.5609179885251434,4.033074586567668
qwen-run-20260923T073021Z-LtPzSb,django__django-12262,52,30.49609375,27.578125,811008.0,2248704.0,2.5361854745741,9.56833610862047
qwen-run-20260923T073021Z-LtPzSb,django__django-12262,53,25.6796875,23.7734375,782336.0,1216512.0,2.905384849406754,7.423182233039245
qwen-run-20260923T073021Z-LtPzSb,django__django-12262,54,30.5078125,28.63671875,675840.0,1286144.0,2.112676056338028,6.133162612035852
qwen-run-20260923T073021Z-LtPzSb,django__django-12262,55,25.9140625,23.85546875,888832.0,1269760.0,3.2710280373831777,7.94392523364486
qwen-run-20260923T073021Z-LtPzSb,django__django-12262,56,25.15625,23.15625,856064.0,1241088.0,3.2453416149068324,7.950310559006211
qwen-run-20260923T073021Z-LtPzSb,django__django-12262,57,25.21484375,23.3203125,757760.0,1228800.0,2.865995352439969,7.513555383423703
qwen-run-20260923T073021Z-LtPzSb,django__django-12262,58,30.5,27.65234375,737280.0,2248704.0,2.305327868852459,9.336577868852459
qwen-run-20260923T073021Z-LtPzSb,django__django-12262,59,26.26171875,23.5234375,741376.0,2129920.0,2.692250483415142,10.426892756210025
qwen-run-20260923T073021Z-LtPzSb,django__django-12262,60,31.98828125,28.9453125,827392.0,2363392.0,2.4667236536817683,9.51276102088167
qwen-run-20260923T073021Z-LtPzSb,django__django-12262,61,26.55859375,23.77734375,790528.0,2125824.0,2.8386527430504485,10.472128254155022
qwen-run-20260923T073021Z-LtPzSb,django__django-12262,62,26.87890625,24.06640625,831488.0,2117632.0,2.950152594099695,10.463595407644238
qwen-run-20260923T073021Z-LtPzSb,django__django-12262,63,27.02734375,24.0703125,954368.0,2146304.0,3.3675386616563086,10.940887411475646
qwen-run-20260923T073021Z-LtPzSb,django__django-12262,64,26.1640625,23.33203125,839680.0,2129920.0,3.0606151089877573,10.824126604956703
qwen-run-20260923T073021Z-LtPzSb,django__django-12262,65,55.70703125,50.4921875,1101824.0,4366336.0,1.8862632353972373,9.361194867120117
qwen-run-20260923T073021Z-LtPzSb,django__django-12262,66,31.86328125,28.55078125,1110016.0,2363392.0,3.3222998651465,10.395978913816354
qwen-run-20260923T073021Z-LtPzSb,django__django-12262,67,55.09375,50.65625,339968.0,4313088.0,0.5884855360181509,8.054452637549632
qwen-run-20260923T073021Z-LtPzSb,django__django-12262,68,42.51953125,40.609375,692224.0,1310720.0,1.5525953146531926,4.492420762517225
qwen-run-20260923T073021Z-LtPzSb,django__django-12262,69,25.05859375,22.12109375,946176.0,2134016.0,3.6009353078721746,11.722525331254872
qwen-run-20260923T073021Z-LtPzSb,django__django-12273,1,4.01171875,3.26953125,77824.0,700416.0,1.8500486854917235,18.500486854917234
qwen-run-20260923T073021Z-LtPzSb,django__django-12273,2,26.04296875,24.1875,4096.0,1941504.0,0.014999250037498125,7.12464376781161
qwen-run-20260923T073021Z-LtPzSb,django__django-12273,3,25.7265625,23.58984375,303104.0,1937408.0,1.1235955056179776,8.3054965077437
qwen-run-20260923T073021Z-LtPzSb,django__django-12273,4,25.3359375,23.25,315392.0,1871872.0,1.187172371261178,8.233117483811286
qwen-run-20260923T073021Z-LtPzSb,django__django-12273,5,25.5234375,23.58984375,159744.0,1867776.0,0.5968778696051423,7.575757575757576
qwen-run-20260923T073021Z-LtPzSb,django__django-12273,6,25.578125,23.54296875,245760.0,1888256.0,0.916310323762981,7.9566279780085525
qwen-run-20260923T073021Z-LtPzSb,django__django-12273,7,25.65625,23.55859375,323584.0,1875968.0,1.2028014616321558,8.176004872107187
qwen-run-20260923T073021Z-LtPzSb,django__django-12273,8,25.61328125,23.59375,237568.0,1880064.0,0.8845508616745463,7.8847033704438
qwen-run-20260923T073021Z-LtPzSb,django__django-12273,9,25.515625,23.34375,409600.0,1867776.0,1.5309246785058175,8.511941212492346
qwen-run-20260923T073021Z-LtPzSb,django__django-12273,10,25.51171875,23.38671875,344064.0,1884160.0,1.2861736334405145,8.32950543561476
qwen-run-20260923T073021Z-LtPzSb,django__django-12273,11,25.703125,23.609375,303104.0,1892352.0,1.1246200607902737,8.145896656534955
qwen-run-20260923T073021Z-LtPzSb,django__django-12273,12,25.1640625,23.2890625,98304.0,1867776.0,0.3725551071095933,7.451102142191866
qwen-run-20260923T073021Z-LtPzSb,django__django-12273,13,25.66796875,23.6640625,221184.0,1880064.0,0.8217927256125399,7.80703089331913
qwen-run-20260923T073021Z-LtPzSb,django__django-12273,14,25.57421875,23.50390625,274432.0,1896448.0,1.0233694822055903,8.095310829387506
qwen-run-20260923T073021Z-LtPzSb,django__django-12273,15,25.6796875,23.6484375,245760.0,1884160.0,0.912686340127776,7.9099482811073925
qwen-run-20260923T073021Z-LtPzSb,django__django-12273,16,25.28515625,23.27734375,233472.0,1871872.0,0.8805808744013595,7.9406766568824345
qwen-run-20260923T073021Z-LtPzSb,django__django-12273,17,25.71875,23.7109375,212992.0,1892352.0,0.7897934386391251,7.806804374240583
qwen-run-20260923T073021Z-LtPzSb,django__django-12273,18,26.2265625,24.1328125,278528.0,1916928.0,1.012809055704498,7.983318439082514
qwen-run-20260923T073021Z-LtPzSb,django__django-12273,19,40.8203125,38.69140625,221184.0,2011136.0,0.5167464114832536,5.215311004784689
qwen-run-20260923T073021Z-LtPzSb,django__django-12273,20,24.7734375,22.77734375,188416.0,1904640.0,0.7253232418795332,8.05739514348786
qwen-run-20260923T073021Z-LtPzSb,django__django-12273,21,26.38671875,24.23828125,200704.0,2052096.0,0.7253886010362695,8.142116950407106
qwen-run-20260923T073021Z-LtPzSb,django__django-12273,22,40.5078125,38.46875,155648.0,1982464.0,0.36644165863066536,5.0337512054001925
qwen-run-20260923T073021Z-LtPzSb,django__django-12273,23,24.5078125,22.45703125,217088.0,1933312.0,0.8447561364360854,8.367867389225374
qwen-run-20260923T073021Z-LtPzSb,django__django-12273,24,24.76953125,22.828125,155648.0,1880064.0,0.5992745623718656,7.83788046049519
qwen-run-20260923T073021Z-LtPzSb,django__django-12273,25,24.55859375,22.625,155648.0,1871872.0,0.6044218228089709,7.873389533958963
qwen-run-20260923T073021Z-LtPzSb,django__django-12273,26,49.3984375,47.34765625,110592.0,2039808.0,0.21350624703463547,4.1515103590068
qwen-run-20260923T073021Z-LtPzSb,django__django-12273,27,24.328125,22.2578125,262144.0,1908736.0,1.027617212588311,8.509955041746949
qwen-run-20260923T073021Z-LtPzSb,django__django-12273,28,26.52734375,24.37109375,339968.0,1921024.0,1.2222058606979826,8.128405242232366
qwen-run-20260923T073021Z-LtPzSb,django__django-12273,29,33.65234375,31.48046875,278528.0,1998848.0,0.7893209518282066,6.453859547301219
qwen-run-20260923T073021Z-LtPzSb,django__django-12273,30,24.796875,22.68359375,331776.0,1884160.0,1.275992438563327,8.52236925015753
qwen-run-20260923T073021Z-LtPzSb,django__django-12276,1,4.4921875,3.65625,151552.0,724992.0,3.217391304347826,18.608695652173914
qwen-run-20260923T073021Z-LtPzSb,django__django-12276,2,48.49609375,39.625,503808.0,8798208.0,0.9907370116794201,18.29238824003222
qwen-run-20260923T073021Z-LtPzSb,django__django-12276,3,26.75390625,24.04296875,757760.0,2084864.0,2.701124251715579,10.132866111841144
qwen-run-20260923T073021Z-LtPzSb,django__django-12276,4,26.59375,23.65234375,753664.0,2330624.0,2.7027027027027026,11.060517038777908
qwen-run-20260923T073021Z-LtPzSb,django__django-12276,5,26.59765625,23.796875,905216.0,2031616.0,3.245704215009546,10.530180643266265
qwen-run-20260923T073021Z-LtPzSb,django__django-12276,6,26.94921875,23.984375,1056768.0,2052096.0,3.7396724162922164,11.001594433975939
qwen-run-20260923T073021Z-LtPzSb,django__django-12276,7,26.51171875,24.42578125,1114112.0,1073152.0,4.007661706203035,7.867982908501547
qwen-run-20260923T073021Z-LtPzSb,django__django-12276,8,25.8515625,23.79296875,1060864.0,1097728.0,3.913569054094893,7.963130855243276
qwen-run-20260923T073021Z-LtPzSb,django__django-12276,9,25.9609375,23.40234375,675840.0,2007040.0,2.482696358712007,9.855552211856756
qwen-run-20260923T073021Z-LtPzSb,django__django-12276,10,26.1875,23.49609375,819200.0,2002944.0,2.983293556085919,10.27744630071599
qwen-run-20260923T073021Z-LtPzSb,django__django-12276,11,26.97265625,24.22265625,823296.0,2060288.0,2.9109341057204925,10.195510499637944
qwen-run-20260923T073021Z-LtPzSb,django__django-12276,12,26.7421875,24.67578125,966656.0,1200128.0,3.4472684779433247,7.727139935728893
qwen-run-20260923T073021Z-LtPzSb,django__django-12276,13,59.36328125,50.10546875,1163264.0,8544256.0,1.8687898927419886,15.595183259853918
qwen-run-20260923T073021Z-LtPzSb,django__django-12276,14,25.890625,22.98828125,991232.0,2052096.0,3.6511768255884127,11.210018105009052
qwen-run-20260923T073021Z-LtPzSb,django__django-12276,15,25.9375,23.1875,856064.0,2027520.0,3.147590361445783,10.602409638554217
qwen-run-20260923T073021Z-LtPzSb,django__django-12276,16,26.2265625,24.23828125,73728.0,2011136.0,0.2680965147453083,7.581173666964552
qwen-run-20260923T073021Z-LtPzSb,django__django-12276,17,26.328125,24.140625,233472.0,2060288.0,0.8456973293768546,8.308605341246292
qwen-run-20260923T073021Z-LtPzSb,django__django-12276,18,26.09375,23.68359375,499712.0,2027520.0,1.8263473053892216,9.236526946107784
qwen-run-20260923T073021Z-LtPzSb,django__django-12276,19,51.44921875,47.26953125,876544.0,3506176.0,1.62478171740946,8.123908587047302
qwen-run-20260923T073021Z-LtPzSb,django__django-12276,20,26.84765625,24.10546875,819200.0,2056192.0,2.9099374363451185,10.213880401571366
qwen-run-20260923T073021Z-LtPzSb,django__django-12276,21,26.32421875,23.55859375,831488.0,2068480.0,3.012316367413563,10.506009793737944
qwen-run-20260923T073021Z-LtPzSb,django__django-12276,22,46.8515625,43.28125,724992.0,3018752.0,1.4757378689344671,7.620476905119227
qwen-run-20260923T073021Z-LtPzSb,django__django-12276,23,27.15625,24.4609375,749568.0,2076672.0,2.632336018411968,9.925201380897583
qwen-run-20260923T073021Z-LtPzSb,django__django-12276,24,26.5625,23.875,745472.0,2072576.0,2.676470588235294,10.117647058823529
qwen-run-20260923T073021Z-LtPzSb,django__django-12276,25,27.9453125,25.2421875,729088.0,2105344.0,2.488118535085267,9.672910259994408
qwen-run-20260923T073021Z-LtPzSb,django__django-12276,26,27.234375,24.5234375,765952.0,2076672.0,2.6821572002294896,9.954102122776822
qwen-run-20260923T073021Z-LtPzSb,django__django-12276,27,26.07421875,23.43359375,733184.0,2035712.0,2.6816479400749063,10.127340823970037
qwen-run-20260923T073021Z-LtPzSb,django__django-12276,28,26.6171875,23.91796875,786432.0,2043904.0,2.8177282066334017,10.140886410331671
qwen-run-20260923T073021Z-LtPzSb,django__django-12276,29,27.0546875,24.37109375,741376.0,2072576.0,2.613341033785735,9.919145249783424
qwen-run-20260923T073021Z-LtPzSb,django__django-12276,30,26.859375,24.15625,724992.0,2109440.0,2.574171029668412,10.063990692262944
qwen-run-20260923T073021Z-LtPzSb,django__django-12276,31,27.66796875,24.89453125,770048.0,2138112.0,2.65424255259071,10.024001129464915
qwen-run-20260923T073021Z-LtPzSb,django__django-12276,32,26.77734375,23.9921875,823296.0,2097152.0,2.9321663019693656,10.401167031363968
qwen-run-20260923T073021Z-LtPzSb,django__django-12276,33,26.34765625,23.5390625,839680.0,2105344.0,3.039288361749444,10.659747961452927
qwen-run-20260923T073021Z-LtPzSb,django__django-12276,34,31.9296875,28.8203125,1024000.0,2236416.0,3.0584781012967945,9.738194274528995
qwen-run-20260923T073021Z-LtPzSb,django__django-12276,35,32.26171875,29.07421875,987136.0,2355200.0,2.918028817048069,9.880130766436615
qwen-run-20260923T073021Z-LtPzSb,django__django-12276,36,26.8515625,23.89453125,966656.0,2134016.0,3.433226651149258,11.012510910677916
qwen-run-20260923T073021Z-LtPzSb,django__django-12276,37,31.6796875,28.71484375,884736.0,2224128.0,2.6633785450061653,9.35881627620222
qwen-run-20260923T073021Z-LtPzSb,django__django-12276,38,26.796875,24.07421875,757760.0,2097152.0,2.696793002915452,10.160349854227405
qwen-run-20260923T073021Z-LtPzSb,django__django-12276,39,31.7578125,28.890625,757760.0,2248704.0,2.275522755227552,9.028290282902828
qwen-run-20260923T073021Z-LtPzSb,django__django-12276,40,26.73046875,24.0078125,737280.0,2117632.0,2.63042525208242,10.185591115008037
qwen-run-20260923T073021Z-LtPzSb,django__django-12276,41,26.16015625,23.5390625,634880.0,2113536.0,2.3144691652978944,10.01941167687024
qwen-run-20260923T073021Z-LtPzSb,django__django-12276,42,27.640625,25.06640625,589824.0,2109440.0,2.035048049745619,9.313171283210854
qwen-run-20260923T073021Z-LtPzSb,django__django-12276,43,25.99609375,23.3046875,733184.0,2088960.0,2.6897069872276482,10.353117956423741
qwen-run-20260923T073021Z-LtPzSb,django__django-12276,44,28.4453125,25.6953125,720896.0,2162688.0,2.416918429003021,9.667673716012084
qwen-run-20260923T073021Z-LtPzSb,django__django-12276,45,26.4453125,23.7109375,778240.0,2088960.0,2.806499261447563,10.3397341211226
qwen-run-20260923T073021Z-LtPzSb,django__django-12276,46,26.421875,24.4140625,4096.0,2101248.0,0.01478415138971023,7.599053814311058
qwen-run-20260923T073021Z-LtPzSb,django__django-12276,47,26.71875,24.48828125,221184.0,2117632.0,0.7894736842105263,8.347953216374268
qwen-run-20260923T073021Z-LtPzSb,django__django-12276,48,27.125,24.88671875,233472.0,2113536.0,0.820852534562212,8.251728110599078
qwen-run-20260923T073021Z-LtPzSb,django__django-12276,49,27.69921875,25.21875,487424.0,2113536.0,1.6781836130306023,8.955013397264137
qwen-run-20260923T073021Z-LtPzSb,django__django-12276,50,25.91796875,23.453125,520192.0,2064384.0,1.9140919366993219,9.510173323285606
qwen-run-20260923T073021Z-LtPzSb,django__django-12276,51,47.34765625,43.84765625,634880.0,3035136.0,1.278772378516624,7.39212936226384
qwen-run-20260923T073021Z-LtPzSb,django__django-12276,52,26.5234375,23.921875,663552.0,2064384.0,2.385861561119293,9.808541973490428
qwen-run-20260923T073021Z-LtPzSb,django__django-12276,53,27.33984375,24.6875,704512.0,2076672.0,2.4574939277039576,9.701385912273182
qwen-run-20260923T073021Z-LtPzSb,django__django-12276,54,27.1875,24.48046875,765952.0,2072576.0,2.6867816091954024,9.956896551724139
qwen-run-20260923T073021Z-LtPzSb,django__django-12276,55,26.66015625,23.875,888832.0,2031616.0,3.1794871794871793,10.446886446886447
qwen-run-20260923T073021Z-LtPzSb,django__django-12276,56,31.9140625,29.02734375,819200.0,2207744.0,2.4479804161566707,9.045287637698898
qwen-run-20260923T073021Z-LtPzSb,django__django-12276,57,26.63671875,23.85546875,868352.0,2048000.0,3.108960258102361,10.441413697023023
qwen-run-20260923T073021Z-LtPzSb,django__django-12276,58,28.94921875,26.30859375,663552.0,2105344.0,2.185939819187694,9.121576035622724
qwen-run-20260923T073021Z-LtPzSb,django__django-12276,59,26.43359375,23.890625,622592.0,2043904.0,2.2461947687306045,9.620215752918575
qwen-run-20260923T073021Z-LtPzSb,django__django-12276,60,31.51953125,28.8046875,622592.0,2224128.0,1.8837526335357542,8.613211054653613
qwen-run-20260923T073021Z-LtPzSb,django__django-12276,61,26.51953125,23.8046875,774144.0,2072576.0,2.7839151568714096,10.237148328177934
qwen-run-20260923T073021Z-LtPzSb,django__django-12276,62,42.1875,39.34765625,794624.0,2183168.0,1.7962962962962963,6.731481481481482
qwen-run-20260923T073021Z-LtPzSb,django__django-12276,63,25.84765625,23.1015625,811008.0,2068480.0,2.9922925797189057,10.624149916880762
qwen-run-20260923T073021Z-LtPzSb,django__django-12276,64,25.875,23.30859375,634880.0,2056192.0,2.339975845410628,9.918478260869565
qwen-run-20260923T073021Z-LtPzSb,django__django-12304,1,4.3671875,3.5078125,188416.0,712704.0,4.114490161001789,19.677996422182467
qwen-run-20260923T073021Z-LtPzSb,django__django-12304,2,27.17578125,24.80078125,454656.0,2035712.0,1.5955153083225528,8.739399166307317
qwen-run-20260923T073021Z-LtPzSb,django__django-12304,3,49.41015625,43.0703125,786432.0,5861376.0,1.517906553877777,12.831053838248083
qwen-run-20260923T073021Z-LtPzSb,django__django-12304,4,75.171875,62.23828125,892928.0,12668928.0,1.1328206194138433,17.20536271045521
qwen-run-20260923T073021Z-LtPzSb,django__django-12304,5,26.22265625,23.47265625,843776.0,2039808.0,3.068672724564278,10.487114553850738
qwen-run-20260923T073021Z-LtPzSb,django__django-12304,6,27.3671875,24.6171875,778240.0,2105344.0,2.7119611761347415,10.048529831572937
qwen-run-20260923T073021Z-LtPzSb,django__django-12308,1,4.40625,3.3671875,167936.0,921600.0,3.6347517730496453,23.581560283687942
qwen-run-20260923T073021Z-LtPzSb,django__django-12308,2,26.70703125,24.44140625,319488.0,2056192.0,1.1408512505484862,8.48325288869387
qwen-run-20260923T073021Z-LtPzSb,django__django-12308,3,50.55859375,41.10546875,684032.0,9228288.0,1.290272734296531,18.697365371243144
qwen-run-20260923T073021Z-LtPzSb,django__django-12308,4,50.76953125,43.75390625,614400.0,6742016.0,1.1541124874971147,13.818573516965454
qwen-run-20260923T073021Z-LtPzSb,django__django-12308,5,26.890625,24.25,667648.0,2101248.0,2.3678094131319,9.819872167344567
qwen-run-20260923T073021Z-LtPzSb,django__django-12308,6,25.87109375,23.23046875,720896.0,2048000.0,2.6574060093613165,10.20685489959233
qwen-run-20260923T073021Z-LtPzSb,django__django-12308,7,35.79296875,31.94140625,405504.0,3633152.0,1.0804321728691477,10.760667903525047
qwen-run-20260923T073021Z-LtPzSb,django__django-12308,8,51.671875,45.67578125,454656.0,5832704.0,0.8391291200483822,11.604172966434835
qwen-run-20260923T073021Z-LtPzSb,django__django-12308,9,26.62890625,24.04296875,647168.0,2064384.0,2.3177350740795073,9.711016576206543
qwen-run-20260923T073021Z-LtPzSb,django__django-12308,10,26.328125,23.8203125,598016.0,2031616.0,2.166172106824926,9.525222551928783
qwen-run-20260923T073021Z-LtPzSb,django__django-12308,11,26.4609375,24.09765625,471040.0,2007040.0,1.6976675524062592,8.93120755831119
qwen-run-20260923T073021Z-LtPzSb,django__django-12308,12,26.54296875,24.21875,405504.0,2031616.0,1.4569536423841059,8.756438557763062
qwen-run-20260923T073021Z-LtPzSb,django__django-12308,13,25.65234375,23.18359375,544768.0,2043904.0,2.0252779046748897,9.623876960560377
qwen-run-20260923T073021Z-LtPzSb,django__django-12308,14,25.7109375,23.25390625,540672.0,2035712.0,2.0054694621695535,9.556365846247342
qwen-run-20260923T073021Z-LtPzSb,django__django-12308,15,25.95703125,23.56640625,430080.0,2076672.0,1.580135440180587,9.209932279909706
qwen-run-20260923T073021Z-LtPzSb,django__django-12308,16,26.9453125,24.55078125,397312.0,2113536.0,1.406204697013627,8.886633806900551
qwen-run-20260923T073021Z-LtPzSb,django__django-12308,17,25.86328125,23.3515625,569344.0,2064384.0,2.099380758193626,9.711523938982026
qwen-run-20260923T073021Z-LtPzSb,django__django-12308,18,28.0234375,25.3671875,659456.0,2125824.0,2.2442152216336773,9.47867298578199
qwen-run-20260923T073021Z-LtPzSb,django__django-12308,19,27.98046875,25.39453125,585728.0,2125824.0,1.9963702359346642,9.24193773558565
qwen-run-20260923T073021Z-LtPzSb,django__django-12308,20,27.66796875,25.1015625,569344.0,2121728.0,1.9624452915431314,9.275730622617536
qwen-run-20260923T073021Z-LtPzSb,django__django-12308,21,26.1953125,23.8046875,454656.0,2052096.0,1.655234118699672,9.126155681479272
qwen-run-20260923T073021Z-LtPzSb,django__django-12308,22,26.3984375,24.08984375,376832.0,2043904.0,1.361349511689849,8.745190884877182
qwen-run-20260923T073021Z-LtPzSb,django__django-12308,23,27.69921875,25.39453125,352256.0,2064384.0,1.2128049640389227,8.32040614863912
qwen-run-20260923T073021Z-LtPzSb,django__django-12308,24,28.3671875,26.33203125,28672.0,2105344.0,0.09639217846323327,7.174332139906362
qwen-run-20260923T073021Z-LtPzSb,django__django-12308,25,25.51171875,23.29296875,282624.0,2043904.0,1.056499770326137,8.696983616597764
qwen-run-20260923T073021Z-LtPzSb,django__django-12308,26,31.63671875,29.25,323584.0,2179072.0,0.9754290653167058,7.544141252006421
qwen-run-20260923T073021Z-LtPzSb,django__django-12308,27,29.09765625,26.6328125,385024.0,2199552.0,1.2619143509195865,8.470935696066586
qwen-run-20260923T073021Z-LtPzSb,django__django-12308,28,26.17578125,23.8046875,421888.0,2064384.0,1.537084017310849,9.058349500074616
qwen-run-20260923T073021Z-LtPzSb,django__django-12308,29,26.6015625,24.2109375,450560.0,2056192.0,1.6152716593245227,8.986784140969164
qwen-run-20260923T073021Z-LtPzSb,django__django-12308,30,27.11328125,24.6640625,475136.0,2093056.0,1.6712289295490563,9.033280507131538
qwen-run-20260923T073021Z-LtPzSb,django__django-12308,31,26.66796875,24.24609375,475136.0,2064384.0,1.6991357843855281,9.081587813095064
qwen-run-20260923T073021Z-LtPzSb,django__django-12308,32,26.01953125,23.5625,499712.0,2076672.0,1.8315568232998047,9.4430265725867
qwen-run-20260923T073021Z-LtPzSb,django__django-12308,33,32.140625,29.44921875,544768.0,2277376.0,1.6164316966456005,8.373845405930968
qwen-run-20260923T073021Z-LtPzSb,django__django-12308,34,26.4140625,23.97265625,499712.0,2060288.0,1.8041999408459035,9.242827565808932
qwen-run-20260923T073021Z-LtPzSb,django__django-12308,35,25.953125,23.4375,548864.0,2088960.0,2.0168573148705597,9.692956050571945
qwen-run-20260923T073021Z-LtPzSb,django__django-12308,36,32.18359375,29.515625,516096.0,2281472.0,1.5293118096856415,8.289841000121374
qwen-run-20260923T073021Z-LtPzSb,django__django-12308,37,26.57421875,24.0546875,540672.0,2101248.0,1.9403204468616786,9.481111274437747
qwen-run-20260923T073021Z-LtPzSb,django__django-12308,38,26.17578125,23.6953125,520192.0,2080768.0,1.8952395164900762,9.47619758245038
qwen-run-20260923T073021Z-LtPzSb,django__django-12308,39,32.10546875,29.39453125,569344.0,2273280.0,1.6912033094050372,8.443849616741696
qwen-run-20260923T073021Z-LtPzSb,django__django-12308,40,26.46484375,23.92578125,565248.0,2097152.0,2.03690036900369,9.59409594095941
qwen-run-20260923T073021Z-LtPzSb,django__django-12308,41,25.90234375,23.125,589824.0,2322432.0,2.1716181571407027,10.72236465088222
qwen-run-20260923T073021Z-LtPzSb,django__django-12308,42,32.16015625,29.453125,577536.0,2260992.0,1.7126199441272927,8.417344831774566
qwen-run-20260923T073021Z-LtPzSb,django__django-12308,43,26.3671875,23.890625,487424.0,2109440.0,1.762962962962963,9.392592592592592
qwen-run-20260923T073021Z-LtPzSb,django__django-12308,44,25.953125,23.43359375,593920.0,2048000.0,2.1824202287778447,9.708007224563517
qwen-run-20260923T073021Z-LtPzSb,django__django-12308,45,32.16796875,29.4296875,589824.0,2281472.0,1.7486338797814207,8.512446873102611
qwen-run-20260923T073021Z-LtPzSb,django__django-12308,46,26.60546875,24.0546875,606208.0,2068480.0,2.172955513140508,9.587432095140214
qwen-run-20260923T073021Z-LtPzSb,django__django-12308,47,27.359375,24.8125,540672.0,2129920.0,1.8846373500856652,9.308966304968589
qwen-run-20260923T073021Z-LtPzSb,django__django-12308,48,26.515625,24.06640625,503808.0,2064384.0,1.8120212139068945,9.236888626988804
qwen-run-20260923T073021Z-LtPzSb,django__django-12308,49,26.0,23.57421875,466944.0,2076672.0,1.7127403846153846,9.329927884615385
qwen-run-20260923T073021Z-LtPzSb,django__django-12308,50,29.87109375,27.26953125,466944.0,2260992.0,1.490780698313064,8.709297763828953
qwen-run-20260923T073021Z-LtPzSb,django__django-12308,51,26.48046875,23.98828125,520192.0,2093056.0,1.8734326596843192,9.411417613217289
qwen-run-20260923T073021Z-LtPzSb,django__django-12308,52,25.8984375,23.3515625,630784.0,2039808.0,2.3227752639517347,9.834087481146305
qwen-run-20260923T073021Z-LtPzSb,django__django-12308,53,31.875,29.21875,598016.0,2187264.0,1.7892156862745099,8.333333333333334
qwen-run-20260923T073021Z-LtPzSb,django__django-12308,54,26.37109375,23.82421875,577536.0,2093056.0,2.088579469708191,9.657828469856318
qwen-run-20260923T073021Z-LtPzSb,django__django-12308,55,27.58203125,24.94921875,638976.0,2121728.0,2.2093187933720437,9.54539017136383
qwen-run-20260923T073021Z-LtPzSb,django__django-12308,56,26.34375,24.07421875,282624.0,2097152.0,1.0231316725978647,8.615065243179123
qwen-run-20260923T073021Z-LtPzSb,django__django-12308,57,26.609375,24.328125,299008.0,2093056.0,1.0716382853787434,8.573106283029947
qwen-run-20260923T073021Z-LtPzSb,django__django-12308,58,43.8671875,41.54296875,294912.0,2142208.0,0.641139804096171,5.2983081032947466
qwen-run-20260923T073021Z-LtPzSb,django__django-12308,59,25.88671875,23.45703125,495616.0,2052096.0,1.8258638901463708,9.385845782405312
qwen-run-20260923T073021Z-LtPzSb,django__django-12308,60,45.32421875,42.7265625,466944.0,2256896.0,0.98250452469189,5.731276394036025
qwen-run-20260923T073021Z-LtPzSb,django__django-12308,61,45.265625,42.78125,372736.0,2232320.0,0.7852951328960994,5.488436313427684
qwen-run-20260923T073021Z-LtPzSb,django__django-12308,62,27.07421875,24.609375,466944.0,2117632.0,1.6447843024094648,9.10402539316116
qwen-run-20260923T073021Z-LtPzSb,django__django-12308,63,45.5234375,42.875,544768.0,2232320.0,1.141239059550369,5.817744980264287
qwen-run-20260923T073021Z-LtPzSb,django__django-12308,64,26.07421875,23.4765625,626688.0,2097152.0,2.292134831460674,9.962546816479401
qwen-run-20260923T073021Z-LtPzSb,django__django-12308,65,51.5546875,48.70703125,503808.0,2482176.0,0.9319593877860282,5.523564176390362
qwen-run-20260923T073021Z-LtPzSb,django__django-12308,66,25.7734375,23.19921875,638976.0,2060288.0,2.3643528341921796,9.987875113670809
qwen-run-20260923T073021Z-LtPzSb,django__django-12308,67,44.796875,43.296875,532480.0,1040384.0,1.1335891175444717,3.348447854900593
qwen-run-20260923T073021Z-LtPzSb,django__django-12308,68,45.08203125,42.421875,552960.0,2236416.0,1.1697426566155447,5.90070184559397
qwen-run-20260923T073021Z-LtPzSb,django__django-12308,69,25.64453125,23.16015625,552960.0,2052096.0,2.0563594821020565,9.687738004569688
qwen-run-20260923T073021Z-LtPzSb,django__django-12308,70,25.84375,23.41796875,471040.0,2072576.0,1.738210399032648,9.3863361547763
qwen-run-20260923T073021Z-LtPzSb,django__django-12325,1,4.46484375,3.40625,208896.0,901120.0,4.4619422572178475,23.709536307961503
qwen-run-20260923T073021Z-LtPzSb,django__django-12325,2,48.03125,39.71875,540672.0,8175616.0,1.073519843851659,17.30644111906311
qwen-run-20260923T073021Z-LtPzSb,django__django-12325,3,71.3515625,66.59765625,581632.0,4403200.0,0.7774006350596737,6.662651921602978
qwen-run-20260923T073021Z-LtPzSb,django__django-12325,4,30.28515625,27.44921875,671744.0,2301952.0,2.115310202502257,9.364117115955114
qwen-run-20260923T073021Z-LtPzSb,django__django-12325,5,26.140625,23.65625,577536.0,2027520.0,2.1069934249850566,9.503885236102809
qwen-run-20260923T073021Z-LtPzSb,django__django-12325,6,26.52734375,23.90234375,720896.0,2031616.0,2.5916654395523486,9.895449860108968
qwen-run-20260923T073021Z-LtPzSb,django__django-12325,7,71.08203125,66.03515625,647168.0,4644864.0,0.8682749903830301,7.10007144034731
qwen-run-20260923T073021Z-LtPzSb,django__django-12325,8,26.765625,24.0390625,765952.0,2093056.0,2.7291301809690602,10.186806771745475
qwen-run-20260923T073021Z-LtPzSb,django__django-12325,9,26.6171875,24.0546875,655360.0,2031616.0,2.348106838861168,9.62723803933079
qwen-run-20260923T073021Z-LtPzSb,django__django-12325,10,26.484375,23.98828125,589824.0,2027520.0,2.1238938053097347,9.424778761061948
qwen-run-20260923T073021Z-LtPzSb,django__django-12325,11,26.55859375,23.98046875,679936.0,2023424.0,2.4415355199294013,9.707309898514488
qwen-run-20260923T073021Z-LtPzSb,django__django-12325,12,28.796875,26.390625,393216.0,2129920.0,1.3022246337493217,8.355941399891481
qwen-run-20260923T073021Z-LtPzSb,django__django-12325,13,26.41796875,24.08203125,425984.0,2023424.0,1.537779092118882,8.842229779683572
qwen-run-20260923T073021Z-LtPzSb,django__django-12325,14,26.2578125,24.62109375,479232.0,1236992.0,1.7405534067241892,6.233263909550729
qwen-run-20260923T073021Z-LtPzSb,django__django-12325,15,24.20703125,22.71875,495616.0,1064960.0,1.9525576892044538,6.148136194933032
qwen-run-20260923T073021Z-LtPzSb,django__django-12325,16,24.984375,22.58984375,528384.0,1982464.0,2.016885553470919,9.58411507191995
qwen-run-20260923T073021Z-LtPzSb,django__django-12325,17,30.5859375,28.1640625,450560.0,2088960.0,1.40485312899106,7.918263090676883
qwen-run-20260923T073021Z-LtPzSb,django__django-12325,18,53.546875,49.41015625,778240.0,3559424.0,1.3860519404727167,7.725415815582142
qwen-run-20260923T073021Z-LtPzSb,django__django-12325,19,31.1875,28.19140625,774144.0,2367488.0,2.367234468937876,9.606713426853707
qwen-run-20260923T073021Z-LtPzSb,django__django-12325,20,58.57421875,53.87109375,774144.0,4157440.0,1.2604201400466821,8.029343114371457
qwen-run-20260923T073021Z-LtPzSb,django__django-12325,21,26.8671875,23.83203125,811008.0,2371584.0,2.8787438208781624,11.296888630415818
qwen-run-20260923T073021Z-LtPzSb,django__django-12325,22,27.2734375,24.18359375,868352.0,2371584.0,3.0363792609567457,11.329132053852764
qwen-run-20260923T073021Z-LtPzSb,django__django-12325,23,27.359375,24.40234375,757760.0,2342912.0,2.641347801256425,10.80810965162764
qwen-run-20260923T073021Z-LtPzSb,django__django-12325,24,27.046875,24.12109375,749568.0,2318336.0,2.6429809358752165,10.817446562680532
qwen-run-20260923T073021Z-LtPzSb,django__django-12325,25,27.28125,24.46875,606208.0,2342912.0,2.1191294387170676,10.309278350515465
qwen-run-20260923T073021Z-LtPzSb,django__django-12325,26,25.79296875,23.76171875,634880.0,1495040.0,2.347417840375587,7.875208238679388
qwen-run-20260923T073021Z-LtPzSb,django__django-12325,27,30.15625,27.3046875,593920.0,2396160.0,1.878238341968912,9.455958549222798
qwen-run-20260923T073021Z-LtPzSb,django__django-12325,28,25.97265625,23.18359375,577536.0,2347008.0,2.1206196420514365,10.738456910813657
qwen-run-20260923T073021Z-LtPzSb,django__django-12325,29,31.1640625,28.3828125,544768.0,2371584.0,1.6670844823263975,8.924542491852595
qwen-run-20260923T073021Z-LtPzSb,django__django-12325,30,26.76171875,23.8984375,647168.0,2355200.0,2.306232666763976,10.69916800467085
qwen-run-20260923T073021Z-LtPzSb,django__django-12325,31,26.1875,23.33984375,647168.0,2338816.0,2.356801909307876,10.874105011933175
qwen-run-20260923T073021Z-LtPzSb,django__django-12325,32,25.91796875,23.13671875,598016.0,2318336.0,2.2004521477015824,10.730972117558402
qwen-run-20260923T073021Z-LtPzSb,django__django-12325,33,31.3671875,28.62890625,487424.0,2383872.0,1.481942714819427,8.729763387297634
qwen-run-20260923T073021Z-LtPzSb,django__django-12325,34,27.55859375,25.1015625,249856.0,2326528.0,0.8646350106307583,8.91566265060241
qwen-run-20260923T073021Z-LtPzSb,django__django-12325,35,25.515625,22.86328125,466944.0,2314240.0,1.745254133496632,10.394978567054501
qwen-run-20260923T073021Z-LtPzSb,django__django-12325,36,32.4296875,29.65234375,454656.0,2457600.0,1.3370272223560589,8.564201397253674
qwen-run-20260923T073021Z-LtPzSb,django__django-12325,37,51.609375,47.59765625,630784.0,3575808.0,1.1656070239176506,7.7732364517105665
qwen-run-20260923T073021Z-LtPzSb,django__django-12325,38,26.54296875,23.67578125,655360.0,2351104.0,2.35467255334805,10.80206033848418
qwen-run-20260923T073021Z-LtPzSb,django__django-12406,1,4.20703125,3.37109375,176128.0,700416.0,3.992571959145775,19.87000928505107
qwen-run-20260923T073021Z-LtPzSb,django__django-12406,2,26.5078125,24.203125,450560.0,1966080.0,1.6209843796050694,8.69437076333628
qwen-run-20260923T073021Z-LtPzSb,django__django-12406,3,44.51953125,37.6875,643072.0,6520832.0,1.37755549706063,15.346143722032114
qwen-run-20260923T073021Z-LtPzSb,django__django-12406,4,27.78125,25.2890625,593920.0,2019328.0,2.0388076490438696,8.970753655793025
qwen-run-20260923T073021Z-LtPzSb,django__django-12406,5,26.5390625,24.03125,647168.0,1982464.0,2.3255813953488373,9.449514277303503
qwen-run-20260923T073021Z-LtPzSb,django__django-12406,6,26.26171875,23.7734375,638976.0,1970176.0,2.320392681838465,9.474936784173732
qwen-run-20260923T073021Z-LtPzSb,django__django-12406,7,26.2578125,23.8359375,552960.0,1986560.0,2.008330853912526,9.223445403153823
qwen-run-20260923T073021Z-LtPzSb,django__django-12406,8,26.37109375,23.9453125,557056.0,1986560.0,2.0145163679454896,9.198637238927565
qwen-run-20260923T073021Z-LtPzSb,django__django-12406,9,32.31640625,30.859375,401408.0,1126400.0,1.1845763326483743,4.508642572222894
qwen-run-20260923T073021Z-LtPzSb,django__django-12406,10,25.6171875,23.33203125,602112.0,1794048.0,2.241537053979872,8.920402561756633
qwen-run-20260923T073021Z-LtPzSb,django__django-12406,11,25.58203125,23.125,581632.0,1994752.0,2.1682699648801345,9.6045197740113
qwen-run-20260923T073021Z-LtPzSb,django__django-12406,12,26.18359375,23.71484375,647168.0,1941504.0,2.3571535133522303,9.428614053408921
qwen-run-20260923T073021Z-LtPzSb,django__django-12406,13,26.23046875,23.7890625,581632.0,1978368.0,2.114668652271035,9.307520476545049
qwen-run-20260923T073021Z-LtPzSb,django__django-12406,14,26.125,23.609375,626688.0,2011136.0,2.2876794258373208,9.629186602870814
qwen-run-20260923T073021Z-LtPzSb,django__django-12406,15,26.1953125,23.7265625,602112.0,1986560.0,2.1920668058455113,9.424396063226961
qwen-run-20260923T073021Z-LtPzSb,django__django-12406,16,25.984375,23.56640625,557056.0,1978368.0,2.0444978953698136,9.305472038484666
qwen-run-20260923T073021Z-LtPzSb,django__django-12406,17,26.1328125,23.71875,544768.0,1986560.0,1.9880418535127056,9.237668161434977
qwen-run-20260923T073021Z-LtPzSb,django__django-12406,18,26.46484375,23.921875,679936.0,1986560.0,2.4501845018450186,9.608856088560886
qwen-run-20260923T073021Z-LtPzSb,django__django-12406,19,26.34375,23.46875,577536.0,2437120.0,2.090747330960854,10.913404507710558
qwen-run-20260923T073021Z-LtPzSb,django__django-12406,20,26.07421875,23.6640625,561152.0,1966080.0,2.052434456928839,9.243445692883896
qwen-run-20260923T073021Z-LtPzSb,django__django-12406,21,26.609375,24.14453125,585728.0,1998848.0,2.099236641221374,9.263065179095713
qwen-run-20260923T073021Z-LtPzSb,django__django-12406,22,26.234375,23.79296875,593920.0,1966080.0,2.1590232281119714,9.30613460393091
qwen-run-20260923T073021Z-LtPzSb,django__django-12406,23,26.44921875,23.8515625,516096.0,2207744.0,1.8608772707133363,9.821296706542608
qwen-run-20260923T073021Z-LtPzSb,django__django-12406,24,26.25,23.87890625,516096.0,1970176.0,1.875,9.032738095238095
qwen-run-20260923T073021Z-LtPzSb,django__django-12406,25,26.49609375,24.12890625,532480.0,1949696.0,1.9165560961226595,8.934099955771782
qwen-run-20260923T073021Z-LtPzSb,django__django-12406,26,26.63671875,24.23046875,581632.0,1941504.0,2.0824167766534685,9.033582636750257
qwen-run-20260923T073021Z-LtPzSb,django__django-12406,27,26.15234375,23.734375,561152.0,1974272.0,2.046303211351755,9.24570575056012
qwen-run-20260923T073021Z-LtPzSb,django__django-12406,28,26.25390625,23.765625,638976.0,1970176.0,2.3210831721470018,9.477756286266924
qwen-run-20260923T073021Z-LtPzSb,django__django-12406,29,26.19140625,23.83203125,516096.0,1957888.0,1.8791946308724832,9.00820283370619
qwen-run-20260923T073021Z-LtPzSb,django__django-12406,30,26.125,23.9140625,372736.0,1945600.0,1.360645933014354,8.462918660287082
qwen-run-20260923T073021Z-LtPzSb,django__django-12406,31,26.0546875,23.66015625,561152.0,1949696.0,2.0539730134932532,9.1904047976012
qwen-run-20260923T073021Z-LtPzSb,django__django-12406,32,25.94140625,23.53125,290816.0,2236416.0,1.0691160969733473,9.290769462430356
qwen-run-20260923T073021Z-LtPzSb,django__django-12406,33,26.80078125,24.578125,380928.0,1949696.0,1.355487538259729,8.293251712578341
qwen-run-20260923T073021Z-LtPzSb,django__django-12406,34,25.29296875,23.16015625,315392.0,1921024.0,1.1891891891891893,8.432432432432432
qwen-run-20260923T073021Z-LtPzSb,django__django-12406,35,26.828125,24.55859375,425984.0,1953792.0,1.5142690739662201,8.459522422830519
qwen-run-20260923T073021Z-LtPzSb,django__django-12406,36,25.7265625,23.5078125,385024.0,1941504.0,1.4272699665958093,8.624354691770423
qwen-run-20260923T073021Z-LtPzSb,django__django-12406,37,25.57421875,23.26953125,348160.0,2068480.0,1.2983045669772415,9.011761111959677
qwen-run-20260923T073021Z-LtPzSb,django__django-12406,38,61.22265625,59.03125,802816.0,1495040.0,1.2505582849486379,3.5794040706948254
qwen-run-20260923T073021Z-LtPzSb,django__django-12406,39,54.26953125,49.3984375,860160.0,4247552.0,1.511552580436191,8.975743180018714
qwen-run-20260923T073021Z-LtPzSb,django__django-12406,40,59.00390625,53.78125,786432.0,4689920.0,1.2711022840119166,8.851373717312148
qwen-run-20260923T073021Z-LtPzSb,django__django-12406,41,58.66796875,53.5078125,733184.0,4677632.0,1.191823689992676,8.79552566748785
qwen-run-20260923T073021Z-LtPzSb,django__django-12406,42,58.66015625,53.33984375,888832.0,4689920.0,1.44502896717054,9.069720982886063
qwen-run-20260923T073021Z-LtPzSb,django__django-12406,43,26.53125,23.48828125,811008.0,2379776.0,2.9151943462897525,11.469375736160188
qwen-run-20260923T073021Z-LtPzSb,django__django-12406,44,26.26171875,23.22265625,839680.0,2347008.0,3.049233972928752,11.57221478506619
qwen-run-20260923T073021Z-LtPzSb,django__django-12406,45,26.45703125,23.421875,851968.0,2330624.0,3.071017274472169,11.472021260888823
qwen-run-20260923T073021Z-LtPzSb,django__django-12406,46,27.66796875,24.3984375,1040384.0,2387968.0,3.5860511082874487,11.81702668360864
qwen-run-20260923T073021Z-LtPzSb,django__django-12406,47,26.5703125,23.4140625,987136.0,2322432.0,3.543075566009997,11.878859159070862
qwen-run-20260923T073021Z-LtPzSb,django__django-12406,48,26.4921875,23.33203125,950272.0,2363392.0,3.420819817163079,11.928634621055735
qwen-run-20260923T073021Z-LtPzSb,django__django-12406,49,26.6171875,23.49609375,921600.0,2351104.0,3.3020252421485177,11.72585852656296
qwen-run-20260923T073021Z-LtPzSb,django__django-12406,50,26.453125,23.25,999424.0,2359296.0,3.603071470761961,12.108682811577083
qwen-run-20260923T073021Z-LtPzSb,django__django-12406,51,156.02734375,148.6796875,1351680.0,6352896.0,0.8261773026562852,4.709210625140826
qwen-run-20260923T073021Z-LtPzSb,django__django-12406,52,27.33203125,24.98046875,98304.0,2367488.0,0.34300414463341433,8.60368729455481
qwen-run-20260923T073021Z-LtPzSb,django__django-12406,53,26.0390625,23.52734375,278528.0,2355200.0,1.02010201020102,9.645964596459645
qwen-run-20260923T073021Z-LtPzSb,django__django-12406,54,31.03515625,28.19140625,593920.0,2387968.0,1.8250471994965387,9.162995594713657
qwen-run-20260923T073021Z-LtPzSb,django__django-12406,55,26.015625,23.19140625,622592.0,2338816.0,2.2822822822822824,10.855855855855856
qwen-run-20260923T073021Z-LtPzSb,django__django-12406,56,31.296875,28.3046875,684032.0,2453504.0,2.0843734398402396,9.560659011482775
qwen-run-20260923T073021Z-LtPzSb,django__django-12406,57,26.6640625,23.87890625,585728.0,2334720.0,2.0949311456196895,10.445355991796074
qwen-run-20260923T073021Z-LtPzSb,django__django-12406,58,26.02734375,23.23046875,589824.0,2342912.0,2.161188653759568,10.74591025063785
qwen-run-20260923T073021Z-LtPzSb,django__django-12406,59,31.29296875,28.48828125,495616.0,2445312.0,1.5104231681438023,8.962676320059918
qwen-run-20260923T073021Z-LtPzSb,django__django-12406,60,26.546875,23.88671875,450560.0,2338816.0,1.618599175985874,10.020600353148911
qwen-run-20260923T073021Z-LtPzSb,django__django-12406,61,26.046875,23.31640625,516096.0,2347008.0,1.889622075584883,10.482903419316136
qwen-run-20260923T073021Z-LtPzSb,django__django-12406,62,31.53125,28.70703125,507904.0,2453504.0,1.5361744301288405,8.956888007928642
qwen-run-20260923T073021Z-LtPzSb,django__django-12406,63,26.55859375,23.84375,499712.0,2347008.0,1.7943815266951022,10.222091484041771
qwen-run-20260923T073021Z-LtPzSb,django__django-12406,64,44.41015625,41.55078125,577536.0,2420736.0,1.2402146186999736,6.438560999208374
qwen-run-20260923T073021Z-LtPzSb,django__django-12406,65,58.3203125,53.30078125,724992.0,4538368.0,1.1855324849296718,8.606831882116543
qwen-run-20260923T073021Z-LtPzSb,django__django-12406,66,26.0,23.1015625,688128.0,2351104.0,2.5240384615384617,11.147836538461538
qwen-run-20260923T073021Z-LtPzSb,django__django-12419,1,4.1953125,3.40234375,135168.0,696320.0,3.0726256983240225,18.901303538175046
qwen-run-20260923T073021Z-LtPzSb,django__django-12419,2,57.01171875,46.328125,430080.0,10772480.0,0.7194244604316546,18.739294278862623
qwen-run-20260923T073021Z-LtPzSb,django__django-12419,3,26.46875,24.890625,614400.0,1040384.0,2.2136953955135774,5.962219598583235
qwen-run-20260923T073021Z-LtPzSb,django__django-12419,4,26.19921875,23.67578125,655360.0,1990656.0,2.385567317727747,9.63172804532578
qwen-run-20260923T073021Z-LtPzSb,django__django-12419,5,26.875,24.28125,712704.0,2007040.0,2.5290697674418605,9.651162790697674
qwen-run-20260923T073021Z-LtPzSb,django__django-12419,6,74.68359375,60.16796875,860160.0,14360576.0,1.09838380668445,19.436162979235316
qwen-run-20260923T073021Z-LtPzSb,django__django-12419,7,197.5,191.73046875,770048.0,5279744.0,0.37183544303797467,2.9212816455696204
qwen-run-20260923T073021Z-LtPzSb,django__django-12419,8,26.98828125,24.8046875,286720.0,2002944.0,1.0131712259371835,8.09089593284122
qwen-run-20260923T073021Z-LtPzSb,django__django-12419,9,26.71484375,24.35546875,491520.0,1982464.0,1.754642491592338,8.831700541014769
qwen-run-20260923T073021Z-LtPzSb,django__django-12419,10,66.07421875,55.2109375,540672.0,10850304.0,0.7803724504877327,16.441028672775644
qwen-run-20260923T073021Z-LtPzSb,django__django-12419,11,27.0234375,24.3828125,634880.0,2134016.0,2.2405319456490314,9.771610291991905
qwen-run-20260923T073021Z-LtPzSb,django__django-12419,12,26.953125,24.37890625,708608.0,1990656.0,2.5072463768115942,9.55072463768116
qwen-run-20260923T073021Z-LtPzSb,django__django-12419,13,27.02734375,24.37109375,753664.0,2031616.0,2.659343835814424,9.828009828009828
qwen-run-20260923T073021Z-LtPzSb,django__django-12419,14,26.58984375,24.0078125,688128.0,2019328.0,2.46804759806082,9.710592037608345
qwen-run-20260923T073021Z-LtPzSb,django__django-12419,15,25.7734375,23.15625,741376.0,2002944.0,2.7432555319793877,10.15459230069718
qwen-run-20260923T073021Z-LtPzSb,django__django-12419,16,31.36328125,28.55859375,819200.0,2121728.0,2.490970232905717,8.942583136131523
qwen-run-20260923T073021Z-LtPzSb,django__django-12419,17,25.69921875,23.03515625,692224.0,2101248.0,2.568779449764402,10.366317069463443
qwen-run-20260923T073021Z-LtPzSb,django__django-12419,18,55.8515625,50.98046875,1040384.0,4067328.0,1.776472233878864,8.721499510421038
qwen-run-20260923T073021Z-LtPzSb,django__django-12419,19,26.11328125,23.24609375,901120.0,2105344.0,3.2909498878085266,10.979805534779358
qwen-run-20260923T073021Z-LtPzSb,django__django-12419,20,55.7890625,51.06640625,716800.0,4235264.0,1.2253185828315363,8.465200952247585
qwen-run-20260923T073021Z-LtPzSb,django__django-12419,21,25.83984375,23.36328125,540672.0,2056192.0,1.9954648526077097,9.584278155706727
qwen-run-20260923T073021Z-LtPzSb,django__django-12419,22,40.33203125,37.17578125,598016.0,2711552.0,1.414043583535109,7.825665859564165
qwen-run-20260923T073021Z-LtPzSb,django__django-12419,23,25.875,23.4140625,548864.0,2031616.0,2.0229468599033815,9.51086956521739
qwen-run-20260923T073021Z-LtPzSb,django__django-12419,24,55.046875,50.515625,565248.0,4186112.0,0.9792790235594664,8.231620777746238
qwen-run-20260923T073021Z-LtPzSb,django__django-12419,25,42.45703125,39.8515625,606208.0,2125824.0,1.3616708068819579,6.136719109393688
qwen-run-20260923T073021Z-LtPzSb,django__django-12419,26,25.47265625,23.140625,430080.0,2015232.0,1.6101824873485662,9.155037570924705
qwen-run-20260923T073021Z-LtPzSb,django__django-12663,1,4.30078125,3.37890625,229376.0,737280.0,5.0862851952770205,21.435059037238872
qwen-run-20260923T073021Z-LtPzSb,django__django-12663,2,26.91015625,24.52734375,466944.0,2031616.0,1.6548120191609812,8.854695892001741
qwen-run-20260923T073021Z-LtPzSb,django__django-12663,3,26.65234375,24.1796875,319488.0,2273280.0,1.143192144218086,9.277443939616004
qwen-run-20260923T073021Z-LtPzSb,django__django-12663,4,26.63671875,24.3125,438272.0,1998848.0,1.5691450359290218,8.725619592315589
qwen-run-20260923T073021Z-LtPzSb,django__django-12663,5,26.40625,24.03125,503808.0,1986560.0,1.819526627218935,8.994082840236686
qwen-run-20260923T073021Z-LtPzSb,django__django-12663,6,26.7734375,24.29296875,499712.0,2101248.0,1.7799824919754887,9.264662970528159
qwen-run-20260923T073021Z-LtPzSb,django__django-12663,7,26.9296875,25.4296875,569344.0,1003520.0,2.0162460110240787,5.57006092254134
qwen-run-20260923T073021Z-LtPzSb,django__django-12663,8,26.71875,25.1484375,593920.0,1052672.0,2.1198830409356724,5.87719298245614
qwen-run-20260923T073021Z-LtPzSb,django__django-12663,9,26.046875,23.4296875,618496.0,2125824.0,2.2645470905818836,10.047990401919616
qwen-run-20260923T073021Z-LtPzSb,django__django-12663,10,26.7578125,24.40234375,499712.0,1970176.0,1.781021897810219,8.802919708029197
qwen-run-20260923T073021Z-LtPzSb,django__django-12663,11,49.87109375,46.80859375,356352.0,2854912.0,0.6814443487115219,6.140831832067048
qwen-run-20260923T073021Z-LtPzSb,django__django-12663,12,49.84765625,42.3515625,425984.0,7434240.0,0.814983151790612,15.038006425828696
qwen-run-20260923T073021Z-LtPzSb,django__django-12663,13,26.41015625,23.9921875,491520.0,2043904.0,1.7748853719863926,9.155450377163142
qwen-run-20260923T073021Z-LtPzSb,django__django-12663,14,26.515625,24.18359375,458752.0,1986560.0,1.6499705362404242,8.794932233352975
qwen-run-20260923T073021Z-LtPzSb,django__django-12663,15,26.30859375,24.015625,380928.0,2023424.0,1.3808463251670378,8.715664439495175
qwen-run-20260923T073021Z-LtPzSb,django__django-12663,16,26.25,23.97265625,421888.0,1966080.0,1.5327380952380953,8.675595238095237
qwen-run-20260923T073021Z-LtPzSb,django__django-12663,17,26.49609375,24.0859375,491520.0,2035712.0,1.7691287041132242,9.09627008698216
qwen-run-20260923T073021Z-LtPzSb,django__django-12663,18,26.41015625,24.14453125,393216.0,1982464.0,1.419908297589114,8.578612631267564
qwen-run-20260923T073021Z-LtPzSb,django__django-12663,19,26.5390625,24.07421875,303104.0,2281472.0,1.0891963497203414,9.287606711804534
qwen-run-20260923T073021Z-LtPzSb,django__django-12663,20,25.58984375,23.390625,339968.0,1966080.0,1.2669821401312777,8.594107769806136
qwen-run-20260923T073021Z-LtPzSb,django__django-12663,21,57.046875,52.54296875,430080.0,4292608.0,0.7189811010682005,7.895097233634621
qwen-run-20260923T073021Z-LtPzSb,django__django-12663,22,26.05078125,23.5078125,684032.0,1982464.0,2.5041235567551356,9.761583445793972
qwen-run-20260923T073021Z-LtPzSb,django__django-12663,23,60.33203125,57.8125,704512.0,1937408.0,1.1136290061508578,4.176108773065717
qwen-run-20260923T073021Z-LtPzSb,django__django-12663,24,25.8828125,22.76171875,516096.0,2756608.0,1.9015997585270148,12.058557198913372
qwen-run-20260923T073021Z-LtPzSb,django__django-12663,25,25.90234375,23.23828125,684032.0,2109440.0,2.5184738350173426,10.285024883124716
qwen-run-20260923T073021Z-LtPzSb,django__django-12663,26,26.06640625,23.3828125,675840.0,2138112.0,2.472650981567511,10.295219541435635
qwen-run-20260923T073021Z-LtPzSb,django__django-12663,27,59.546875,54.5859375,561152.0,4640768.0,0.8987142482288113,8.331146680661243
qwen-run-20260923T073021Z-LtPzSb,django__django-12663,28,25.97265625,23.31640625,614400.0,2170880.0,2.2559783426079107,10.22710181982253
qwen-run-20260923T073021Z-LtPzSb,django__django-12663,29,60.21484375,54.95703125,741376.0,4771840.0,1.174180992539734,8.731754784301005
qwen-run-20260923T073021Z-LtPzSb,django__django-12663,30,28.015625,25.2109375,729088.0,2211840.0,2.481873954266592,10.011154489682097
qwen-run-20260923T073021Z-LtPzSb,django__django-12663,31,51.0625,47.03515625,626688.0,3596288.0,1.1704406364749083,7.887086903304773
qwen-run-20260923T073021Z-LtPzSb,django__django-12663,32,27.85546875,25.125,675840.0,2187264.0,2.3138409760201935,9.802271771140093
qwen-run-20260923T073021Z-LtPzSb,django__django-12663,33,26.71875,23.984375,712704.0,2154496.0,2.543859649122807,10.23391812865497
qwen-run-20260923T073021Z-LtPzSb,django__django-12663,34,27.46875,24.85546875,573440.0,2166784.0,1.9908987485779295,9.513651877133105
qwen-run-20260923T073021Z-LtPzSb,django__django-12663,35,26.9609375,24.4375,483328.0,2162688.0,1.7096493769921761,9.35960591133005
qwen-run-20260923T073021Z-LtPzSb,django__django-12663,36,27.53125,25.03125,442368.0,2179072.0,1.532349602724177,9.080590238365494
qwen-run-20260923T073021Z-LtPzSb,django__django-12663,37,27.12890625,24.51953125,552960.0,2183168.0,1.9438444924406046,9.618430525557955
qwen-run-20260923T073021Z-LtPzSb,django__django-12663,38,25.72265625,23.15625,536576.0,2154496.0,1.9893697798025816,9.977220956719817
qwen-run-20260923T073021Z-LtPzSb,django__django-12663,39,32.0078125,29.3984375,475136.0,2260992.0,1.4156700024408104,8.152306565779838
qwen-run-20260923T073021Z-LtPzSb,django__django-12663,40,25.7109375,23.203125,495616.0,2134016.0,1.8383470069887573,9.7538742023701
qwen-run-20260923T073021Z-LtPzSb,django__django-12663,41,31.70703125,29.0,540672.0,2297856.0,1.6262165824812123,8.537637058026364
qwen-run-20260923T073021Z-LtPzSb,django__django-12663,42,26.77734375,24.265625,475136.0,2158592.0,1.6921954777534647,9.380014587892049
qwen-run-20260923T073021Z-LtPzSb,django__django-12663,43,27.33984375,24.7421875,577536.0,2146304.0,2.0145735105015,9.501357336762394
qwen-run-20260923T073021Z-LtPzSb,django__django-12663,44,26.97265625,24.37890625,598016.0,2121728.0,2.114409847936278,9.616220130340333
qwen-run-20260923T073021Z-LtPzSb,django__django-12663,45,26.0859375,23.51953125,565248.0,2125824.0,2.0664869721473496,9.838274932614555
qwen-run-20260923T073021Z-LtPzSb,django__django-12663,46,27.09765625,24.8984375,131072.0,2174976.0,0.46129450771226754,8.115900245062708
qwen-run-20260923T073021Z-LtPzSb,django__django-12663,47,26.0234375,23.609375,409600.0,2121728.0,1.5010507355148603,9.276493545481838
qwen-run-20260923T073021Z-LtPzSb,django__django-12663,48,32.19140625,29.46484375,462848.0,2396160.0,1.371192816405776,8.469845892488776
qwen-run-20260923T073021Z-LtPzSb,django__django-12663,49,27.26953125,24.703125,516096.0,2174976.0,1.8048990116029222,9.411259131929523
qwen-run-20260923T073021Z-LtPzSb,django__django-12663,50,27.421875,25.0,421888.0,2117632.0,1.4672364672364673,8.831908831908832
qwen-run-20260923T073021Z-LtPzSb,django__django-12663,51,32.33203125,30.44140625,581632.0,1400832.0,1.7155974386855142,5.847529298054851
qwen-run-20260923T073021Z-LtPzSb,django__django-12663,52,26.19140625,23.6015625,524288.0,2191360.0,1.9090231170768084,9.88814317673378
qwen-run-20260923T073021Z-LtPzSb,django__django-12663,53,26.21484375,23.4921875,716800.0,2138112.0,2.6076590672030995,10.38593354194606
qwen-run-20260923T073021Z-LtPzSb,django__django-12663,54,30.04296875,27.25390625,544768.0,2379776.0,1.729293979976596,9.28357820829541
qwen-run-20260923T073021Z-LtPzSb,django__django-12663,55,26.8359375,24.3359375,466944.0,2154496.0,1.6593886462882097,9.315866084425036
qwen-run-20260923T073021Z-LtPzSb,django__django-12663,56,27.3984375,25.71484375,462848.0,1302528.0,1.6110635871114913,6.144853150841175
qwen-run-20260923T073021Z-LtPzSb,django__django-12663,57,30.640625,27.8984375,495616.0,2379776.0,1.5425803161652218,8.949515553289139
qwen-run-20260923T073021Z-LtPzSb,django__django-12663,58,26.953125,24.390625,548864.0,2138112.0,1.9420289855072463,9.507246376811594
qwen-run-20260923T073021Z-LtPzSb,django__django-12663,59,26.21875,23.65234375,585728.0,2105344.0,2.130512514898689,9.788438617401669
qwen-run-20260923T073021Z-LtPzSb,django__django-12663,60,32.16796875,29.35546875,565248.0,2383872.0,1.6757741347905282,8.743169398907105
qwen-run-20260923T073021Z-LtPzSb,django__django-12663,61,27.13671875,24.49609375,626688.0,2142208.0,2.2023895206563986,9.730819058586441
qwen-run-20260923T073021Z-LtPzSb,django__django-12663,62,25.2734375,22.65625,602112.0,2142208.0,2.2720247295208655,10.35548686244204
qwen-run-20260923T073021Z-LtPzSb,django__django-12663,63,32.03515625,29.328125,475136.0,2363392.0,1.4144616510181685,8.4501890013413
qwen-run-20260923T073021Z-LtPzSb,django__django-12663,64,26.8828125,24.29296875,548864.0,2166784.0,1.947108398721302,9.63382737576286
qwen-run-20260923T073021Z-LtPzSb,django__django-12663,65,27.140625,24.47265625,634880.0,2162688.0,2.230857800805987,9.830166954519287
qwen-run-20260923T073021Z-LtPzSb,django__django-12663,66,26.3671875,23.7265625,634880.0,2134016.0,2.2962962962962963,10.014814814814814
qwen-run-20260923T073021Z-LtPzSb,django__django-12663,67,31.0625,28.19140625,622592.0,2387968.0,1.9114688128772637,9.242957746478874
qwen-run-20260923T073021Z-LtPzSb,django__django-12663,68,27.09765625,24.40625,671744.0,2150400.0,2.364134352025371,9.93224736917976
qwen-run-20260923T073021Z-LtPzSb,django__django-12663,69,26.23828125,23.4921875,692224.0,2187264.0,2.5160041685276164,10.465981837129672
qwen-run-20260923T073021Z-LtPzSb,django__django-12663,70,26.1953125,23.53125,643072.0,2150400.0,2.341186996719356,10.169997017596183
qwen-run-20260923T073021Z-LtPzSb,django__django-12663,71,26.1015625,23.54296875,540672.0,2142208.0,1.9754564501646215,9.802454354983539
qwen-run-20260923T073021Z-LtPzSb,django__django-12663,72,27.00390625,24.90234375,659456.0,1544192.0,2.328945465065818,7.782438883263417
qwen-run-20260923T073021Z-LtPzSb,django__django-12663,73,26.71875,24.14453125,516096.0,2183168.0,1.8421052631578947,9.634502923976608
qwen-run-20260923T073021Z-LtPzSb,django__django-12663,74,26.74609375,24.203125,483328.0,2183168.0,1.7233825032861108,9.507813641010662
qwen-run-20260923T073021Z-LtPzSb,django__django-12663,75,27.3203125,24.734375,552960.0,2158592.0,1.9302259079210753,9.46525593365742
qwen-run-20260923T073021Z-LtPzSb,django__django-12663,76,26.890625,24.43359375,413696.0,2162688.0,1.4671702498547357,9.137129575828007
qwen-run-20260923T073021Z-LtPzSb,django__django-12663,77,27.28125,24.74609375,491520.0,2166784.0,1.7182130584192439,9.292668957617412
qwen-run-20260923T073021Z-LtPzSb,django__django-12663,78,51.3671875,47.48046875,458752.0,3616768.0,0.8517110266159695,7.566539923954372
qwen-run-20260923T073021Z-LtPzSb,django__django-12663,79,27.11328125,24.47265625,606208.0,2162688.0,2.1322575997694857,9.73923065840657
qwen-run-20260923T073021Z-LtPzSb,django__django-12663,80,27.61328125,25.04296875,638976.0,2056192.0,2.206818503324374,9.308247276842552
qwen-run-20260923T073021Z-LtPzSb,django__django-12663,81,26.46484375,23.84765625,577536.0,2166784.0,2.081180811808118,9.88929889298893
qwen-run-20260923T073021Z-LtPzSb,django__django-12663,82,51.1015625,47.10546875,610304.0,3579904.0,1.138969576517352,7.819905213270142
qwen-run-20260923T073021Z-LtPzSb,django__django-12663,83,27.3046875,24.51171875,757760.0,2170880.0,2.6466380543633763,10.228898426323319
qwen-run-20260923T073021Z-LtPzSb,django__django-12663,84,26.87890625,24.25390625,561152.0,2191360.0,1.9909896817323063,9.766022380467955
qwen-run-20260923T073021Z-LtPzSb,django__django-12663,85,26.03125,23.37890625,593920.0,2187264.0,2.175870348139256,10.1890756302521
qwen-run-20260923T073021Z-LtPzSb,django__django-12663,86,32.0625,29.1484375,700416.0,2355200.0,2.0833333333333335,9.08869395711501
qwen-run-20260923T073021Z-LtPzSb,django__django-12663,87,27.2109375,24.5859375,561152.0,2191360.0,1.9666953775480907,9.646856158484065
qwen-run-20260923T073021Z-LtPzSb,django__django-12663,88,26.13671875,23.515625,540672.0,2207744.0,1.9727992826184426,10.028396353310416
qwen-run-20260923T073021Z-LtPzSb,django__django-12663,89,32.02734375,29.23046875,598016.0,2334720.0,1.7807049640200023,8.732772289303574
qwen-run-20260923T073021Z-LtPzSb,django__django-12663,90,27.13671875,24.5078125,544768.0,2211840.0,1.914495465668634,9.687634950338275
qwen-run-20260923T073021Z-LtPzSb,django__django-12663,91,26.15625,23.51953125,573440.0,2191360.0,2.090800477897252,10.080645161290322
qwen-run-20260923T073021Z-LtPzSb,django__django-12663,92,32.109375,29.4140625,524288.0,2301952.0,1.5571776155717763,8.394160583941606
qwen-run-20260923T073021Z-LtPzSb,django__django-12663,93,26.91796875,24.37890625,483328.0,2179072.0,1.7123784646640545,9.432593237556233
qwen-run-20260923T073021Z-LtPzSb,django__django-12663,94,25.95703125,23.8359375,524288.0,1699840.0,1.926260346124906,8.17155756207675
qwen-run-20260923T073021Z-LtPzSb,django__django-12663,95,32.0859375,29.33203125,548864.0,2338816.0,1.6313610908205503,8.58290723155588
qwen-run-20260923T073021Z-LtPzSb,django__django-12663,96,27.33984375,24.76953125,512000.0,2183168.0,1.7859694242034576,9.401343049007002
qwen-run-20260923T073021Z-LtPzSb,django__django-12663,97,51.6328125,47.36328125,851968.0,3624960.0,1.5736117415645332,8.269027084279013
qwen-run-20260923T073021Z-LtPzSb,django__django-12663,98,27.44140625,24.55859375,811008.0,2211840.0,2.8185053380782916,10.505338078291816
qwen-run-20260923T073021Z-LtPzSb,django__django-12663,99,27.296875,25.296875,753664.0,1343488.0,2.633085289066972,7.3268460217515745
qwen-run-20260923T073021Z-LtPzSb,django__django-12663,100,25.01953125,22.28515625,692224.0,2174976.0,2.6385636221701794,10.92896174863388
qwen-run-20260923T073021Z-LtPzSb,django__django-12663,101,31.74609375,28.6484375,962560.0,2285568.0,2.8915959148517287,9.757598129691154
qwen-run-20260923T073021Z-LtPzSb,django__django-12663,102,26.015625,22.9765625,1007616.0,2179072.0,3.6936936936936937,11.681681681681681
qwen-run-20260923T073021Z-LtPzSb,django__django-12663,103,31.75390625,28.62890625,913408.0,2363392.0,2.743264854225612,9.841308894082912
qwen-run-20260923T073021Z-LtPzSb,django__django-12663,104,44.77734375,41.703125,917504.0,2306048.0,1.9541132338829277,6.865567477972608
qwen-run-20260923T073021Z-LtPzSb,django__django-12663,105,25.984375,23.03515625,933888.0,2158592.0,3.427540589296452,11.34996993385448
qwen-run-20260923T073021Z-LtPzSb,django__django-12708,1,4.296875,3.30859375,135168.0,901120.0,3.0,23.0
qwen-run-20260923T073021Z-LtPzSb,django__django-12708,2,49.48046875,41.85546875,77824.0,7917568.0,0.14999605273545433,15.410120786295098
qwen-run-20260923T073021Z-LtPzSb,django__django-12708,3,49.421875,40.33203125,299008.0,9232384.0,0.576983876067025,18.392349035725577
qwen-run-20260923T073021Z-LtPzSb,django__django-12708,4,50.1953125,45.0546875,405504.0,4984832.0,0.7704280155642024,10.24124513618677
qwen-run-20260923T073021Z-LtPzSb,django__django-12708,5,25.61328125,23.36328125,385024.0,1974272.0,1.433582430989782,8.78450510904377
qwen-run-20260923T073021Z-LtPzSb,django__django-12708,6,25.4921875,23.1484375,479232.0,1978368.0,1.792828685258964,9.193993257738278
qwen-run-20260923T073021Z-LtPzSb,django__django-12708,7,25.796875,23.3125,630784.0,1974272.0,2.3319200484554816,9.6305269533616
qwen-run-20260923T073021Z-LtPzSb,django__django-12708,8,25.51953125,23.32421875,360448.0,1941504.0,1.3470075003826727,8.602479718352978
qwen-run-20260923T073021Z-LtPzSb,django__django-12708,9,49.8125,40.828125,393216.0,9027584.0,0.7528230865746549,18.03638644918444
qwen-run-20260923T073021Z-LtPzSb,django__django-12708,10,25.484375,23.140625,479232.0,1978368.0,1.7933782955242183,9.196811771919068
qwen-run-20260923T073021Z-LtPzSb,django__django-12708,11,26.0,23.5859375,565248.0,1966080.0,2.0733173076923075,9.28485576923077
qwen-run-20260923T073021Z-LtPzSb,django__django-12708,12,52.11328125,42.50390625,634880.0,9441280.0,1.1618319466306875,18.439397346525748
qwen-run-20260923T073021Z-LtPzSb,django__django-12708,13,25.46484375,22.9609375,593920.0,2031616.0,2.224267525694125,9.83279644117196
qwen-run-20260923T073021Z-LtPzSb,django__django-12708,14,25.4140625,22.88671875,675840.0,1974272.0,2.5361205041500154,9.944666461727635
qwen-run-20260923T073021Z-LtPzSb,django__django-12708,15,25.67578125,23.09765625,696320.0,2007040.0,2.5863380495968356,10.04107713372889
qwen-run-20260923T073021Z-LtPzSb,django__django-12708,16,24.7578125,22.2734375,577536.0,2027520.0,2.2246765541180182,10.034711265383402
qwen-run-20260923T073021Z-LtPzSb,django__django-12708,17,24.5703125,22.20703125,528384.0,1949696.0,2.0508744038155804,9.618441971383147
qwen-run-20260923T073021Z-LtPzSb,django__django-12708,18,24.80859375,22.47265625,479232.0,1970176.0,1.8422295701464337,9.415840025192884
qwen-run-20260923T073021Z-LtPzSb,django__django-12708,19,25.76171875,23.4140625,471040.0,1990656.0,1.7437452615617892,9.112964366944656
qwen-run-20260923T073021Z-LtPzSb,django__django-12708,20,25.5703125,23.2890625,425984.0,1966080.0,1.5887564925145128,8.921478765658417
qwen-run-20260923T073021Z-LtPzSb,django__django-12708,21,25.9140625,23.4375,581632.0,2015232.0,2.140488393126319,9.556828459451312
qwen-run-20260923T073021Z-LtPzSb,django__django-12708,22,26.4453125,23.88671875,651264.0,2031616.0,2.348596750369276,9.67503692762186
qwen-run-20260923T073021Z-LtPzSb,django__django-12708,23,26.09765625,23.57421875,610304.0,2035712.0,2.230205059122886,9.669211195928753
qwen-run-20260923T073021Z-LtPzSb,django__django-12708,24,26.34765625,23.734375,659456.0,2080768.0,2.386953298739807,9.918458117123796
qwen-run-20260923T073021Z-LtPzSb,django__django-12708,25,25.9609375,23.4609375,602112.0,2019328.0,2.211856755943425,9.629852542882936
qwen-run-20260923T073021Z-LtPzSb,django__django-12708,26,25.09375,22.62109375,598016.0,1994752.0,2.272727272727273,9.853673723536737
qwen-run-20260923T073021Z-LtPzSb,django__django-12708,27,25.98046875,23.98828125,73728.0,2015232.0,0.2706359945872801,7.668019846639603
qwen-run-20260923T073021Z-LtPzSb,django__django-12708,28,25.45703125,23.29296875,241664.0,2027520.0,0.9053245358293693,8.500843946601197
qwen-run-20260923T073021Z-LtPzSb,django__django-12708,29,24.7265625,22.625,200704.0,2002944.0,0.7740916271721959,8.499210110584519
qwen-run-20260923T073021Z-LtPzSb,django__django-12708,30,57.76171875,52.9296875,466944.0,4599808.0,0.7709474538445932,8.365456143910192
qwen-run-20260923T073021Z-LtPzSb,django__django-12708,31,25.375,22.921875,593920.0,1978368.0,2.232142857142857,9.667487684729064
qwen-run-20260923T073021Z-LtPzSb,django__django-12708,32,57.62109375,52.9765625,491520.0,4378624.0,0.8135041692088671,8.060470476577859
qwen-run-20260923T073021Z-LtPzSb,django__django-12708,33,26.67578125,24.140625,565248.0,2093056.0,2.0207936740371943,9.503587640943037
qwen-run-20260923T073021Z-LtPzSb,django__django-12708,34,57.8203125,52.96484375,737280.0,4354048.0,1.2160518848804216,8.3975138494798
qwen-run-20260923T073021Z-LtPzSb,django__django-12708,35,26.71484375,24.0234375,679936.0,2142208.0,2.4272554467027345,10.074572305892675
qwen-run-20260923T073021Z-LtPzSb,django__django-12708,36,25.48046875,23.0,569344.0,2031616.0,2.1309213552046606,9.73478460830906
qwen-run-20260923T073021Z-LtPzSb,django__django-12708,37,27.984375,25.42578125,512000.0,2170880.0,1.7448352875488553,9.142936906756002
qwen-run-20260923T073021Z-LtPzSb,django__django-12708,38,25.73828125,23.19140625,614400.0,2056192.0,2.2765214751859157,9.895280012141448
qwen-run-20260923T073021Z-LtPzSb,django__django-12708,39,26.078125,23.57421875,552960.0,2072576.0,2.0221689634511684,9.601557819053326
qwen-run-20260923T073021Z-LtPzSb,django__django-12708,40,25.31640625,22.69921875,688128.0,2056192.0,2.5921925628760993,10.337910816232062
qwen-run-20260923T073021Z-LtPzSb,django__django-12708,41,31.6328125,29.52734375,839680.0,1368064.0,2.5314892566065694,6.655964435663127
qwen-run-20260923T073021Z-LtPzSb,django__django-12708,42,24.96875,22.19921875,782336.0,2121728.0,2.98811013767209,11.091989987484355
qwen-run-20260923T073021Z-LtPzSb,django__django-12708,43,46.796875,44.0078125,778240.0,2146304.0,1.5859766277128549,5.959933222036728
qwen-run-20260923T073021Z-LtPzSb,django__django-12708,44,28.3984375,25.63671875,782336.0,2113536.0,2.6272352132049517,9.724896836313617
qwen-run-20260923T073021Z-LtPzSb,django__django-12708,45,26.0703125,23.2578125,925696.0,2023424.0,3.386275097392868,10.788133053640994
qwen-run-20260923T073021Z-LtPzSb,django__django-12708,46,57.8671875,52.6953125,1093632.0,4329472.0,1.802349129202106,8.937491562035913
qwen-run-20260923T073021Z-LtPzSb,django__django-12708,47,28.96484375,25.96875,1032192.0,2109440.0,3.3985165205664196,10.343897505057317
qwen-run-20260923T073021Z-LtPzSb,django__django-12708,48,26.1171875,23.2734375,958464.0,2023424.0,3.499850433742148,10.888423571642237
qwen-run-20260923T073021Z-LtPzSb,django__django-12708,49,27.87890625,25.08984375,827392.0,2097152.0,2.8303208631077483,10.004203446826399
qwen-run-20260923T073021Z-LtPzSb,django__django-12708,50,25.66015625,23.11328125,663552.0,2007040.0,2.466128786725529,9.925407215710154
qwen-run-20260923T073021Z-LtPzSb,django__django-12708,51,27.62109375,24.96875,765952.0,2015232.0,2.644604723518597,9.602602177909771
qwen-run-20260923T073021Z-LtPzSb,django__django-12708,52,25.51171875,23.375,237568.0,2002944.0,0.8880722707089267,8.375440208237636
qwen-run-20260923T073021Z-LtPzSb,django__django-12708,53,57.08203125,53.3203125,389120.0,3555328.0,0.6501060699377267,6.590022582631903
qwen-run-20260923T073021Z-LtPzSb,django__django-12708,54,24.96875,22.75390625,311296.0,2011136.0,1.1889862327909888,8.87046307884856
qwen-run-20260923T073021Z-LtPzSb,django__django-12708,55,31.21484375,28.7578125,368640.0,2207744.0,1.1262670504317358,7.87135527468402
qwen-run-20260923T073021Z-LtPzSb,django__django-12708,56,25.53125,23.2265625,425984.0,1990656.0,1.591187270501836,9.026927784577722
qwen-run-20260923T073021Z-LtPzSb,django__django-12708,57,27.9609375,26.34375,434176.0,1261568.0,1.4808605755797708,5.783738474434199
qwen-run-20260923T073021Z-LtPzSb,django__django-12708,58,25.46484375,22.9921875,573440.0,2019328.0,2.147568645497776,9.7100782328578
qwen-run-20260923T073021Z-LtPzSb,django__django-12708,59,27.15234375,24.52734375,647168.0,2105344.0,2.2730542368004603,9.667673716012084
qwen-run-20260923T073021Z-LtPzSb,django__django-12708,60,25.58984375,23.10546875,569344.0,2035712.0,2.1218134635933446,9.708441459319188
qwen-run-20260923T073021Z-LtPzSb,django__django-12708,61,57.6640625,53.03125,495616.0,4362240.0,0.819672131147541,8.03414171521474
qwen-run-20260923T073021Z-LtPzSb,django__django-12708,62,25.125,22.72265625,520192.0,1998848.0,1.974502487562189,9.561567164179104
qwen-run-20260923T073021Z-LtPzSb,django__django-12708,63,26.23046875,23.6328125,692224.0,2031616.0,2.516753536857781,9.903201787043932
qwen-run-20260923T073021Z-LtPzSb,django__django-12708,64,26.03515625,23.41015625,741376.0,2011136.0,2.7156789197299327,10.08252063015754
qwen-run-20260923T073021Z-LtPzSb,django__django-12708,65,57.50390625,52.7265625,684032.0,4325376.0,1.134433802051491,8.307859520413015
qwen-run-20260923T073021Z-LtPzSb,django__django-12708,66,27.28125,24.48828125,811008.0,2117632.0,2.8350515463917527,10.237686139747995
qwen-run-20260923T073021Z-LtPzSb,django__django-12708,67,25.6875,22.93359375,864256.0,2023424.0,3.2086374695863746,10.72080291970803
qwen-run-20260923T073021Z-LtPzSb,django__django-12708,68,31.01953125,28.22265625,647168.0,2285568.0,1.9896738446039541,9.016496662888805
qwen-run-20260923T073021Z-LtPzSb,django__django-12708,69,26.44140625,23.94921875,573440.0,2039808.0,2.0682523267838677,9.425321317772196
qwen-run-20260923T073021Z-LtPzSb,django__django-12708,70,31.3359375,28.44140625,712704.0,2322432.0,2.169035153328347,9.237097980553479
qwen-run-20260923T073021Z-LtPzSb,django__django-12708,71,25.27734375,22.625,737280.0,2043904.0,2.7816411682892905,10.492968629269047
qwen-run-20260923T073021Z-LtPzSb,django__django-12708,72,30.43359375,27.6875,733184.0,2146304.0,2.297522782697985,9.023231934283148
qwen-run-20260923T073021Z-LtPzSb,django__django-12708,73,25.23828125,23.49609375,868352.0,958464.0,3.281225816437084,6.9029561987308465
qwen-run-20260923T073021Z-LtPzSb,django__django-12708,74,30.70703125,27.8046875,876544.0,2166784.0,2.7222999618369164,9.4517236992749
qwen-run-20260923T073021Z-LtPzSb,django__django-12708,75,24.41015625,21.8359375,634880.0,2064384.0,2.48039686349816,10.545687309969596
qwen-run-20260923T073021Z-LtPzSb,django__django-12713,1,4.19140625,3.16015625,176128.0,905216.0,4.007455731593662,24.60391425908667
qwen-run-20260923T073021Z-LtPzSb,django__django-12713,2,47.9140625,46.5703125,528384.0,880640.0,1.051687591716941,2.80450024457851
qwen-run-20260923T073021Z-LtPzSb,django__django-12713,3,74.9296875,70.15234375,671744.0,4337664.0,0.8549681993535606,6.375768950057346
qwen-run-20260923T073021Z-LtPzSb,django__django-12713,4,74.30078125,66.109375,704512.0,7884800.0,0.9042637085326745,11.024656958098943
qwen-run-20260923T073021Z-LtPzSb,django__django-12713,5,31.875,23.31640625,266240.0,8708096.0,0.7965686274509803,26.850490196078432
qwen-run-20260923T073021Z-LtPzSb,django__django-12713,6,26.1640625,23.73046875,495616.0,2056192.0,1.806509405792774,9.301283965362796
qwen-run-20260923T073021Z-LtPzSb,django__django-12713,7,26.29296875,24.22265625,135168.0,2035712.0,0.49026890506611204,7.874015748031496
qwen-run-20260923T073021Z-LtPzSb,django__django-12713,8,27.80078125,25.4453125,413696.0,2056192.0,1.4191372769425319,8.47267106927076
qwen-run-20260923T073021Z-LtPzSb,django__django-12713,9,27.3984375,25.0546875,389120.0,2068480.0,1.354433989164528,8.554319931565441
qwen-run-20260923T073021Z-LtPzSb,django__django-12713,10,26.1328125,23.80078125,417792.0,2027520.0,1.5246636771300448,8.923766816143498
qwen-run-20260923T073021Z-LtPzSb,django__django-12713,11,25.65625,23.36328125,364544.0,2039808.0,1.3550548112058465,8.93727161997564
qwen-run-20260923T073021Z-LtPzSb,django__django-12713,12,42.23046875,39.69921875,503808.0,2150400.0,1.13773008972343,5.99389510683563
qwen-run-20260923T073021Z-LtPzSb,django__django-12713,13,44.203125,41.87109375,299008.0,2146304.0,0.6451042771297278,5.275715800636267
qwen-run-20260923T073021Z-LtPzSb,django__django-12713,14,42.56640625,40.28515625,249856.0,2142208.0,0.5597870973662475,5.35927319445719
qwen-run-20260923T073021Z-LtPzSb,django__django-12713,15,25.10546875,22.890625,323584.0,1998848.0,1.2291893573984751,8.822156527151082
qwen-run-20260923T073021Z-LtPzSb,django__django-12741,1,4.15625,3.22265625,69632.0,909312.0,1.5977443609022557,22.462406015037594
qwen-run-20260923T073021Z-LtPzSb,django__django-12741,2,74.3984375,63.65234375,122880.0,11145216.0,0.15751338863803424,14.443977738107739
qwen-run-20260923T073021Z-LtPzSb,django__django-12741,3,26.87890625,24.6484375,360448.0,1978368.0,1.278883883156518,8.29821246911786
qwen-run-20260923T073021Z-LtPzSb,django__django-12741,4,197.31640625,187.6484375,266240.0,9871360.0,0.1286797458080098,4.899728782689604
qwen-run-20260923T073021Z-LtPzSb,django__django-12741,5,26.5234375,24.203125,356352.0,2076672.0,1.281296023564065,8.748159057437407
qwen-run-20260923T073021Z-LtPzSb,django__django-12741,6,27.78515625,25.28515625,610304.0,2011136.0,2.0947560804161394,8.997610009841136
qwen-run-20260923T073021Z-LtPzSb,django__django-12741,7,27.2578125,24.5703125,671744.0,2146304.0,2.3502436228145602,9.859558612783033
qwen-run-20260923T073021Z-LtPzSb,django__django-12741,8,26.8671875,24.24609375,720896.0,2027520.0,2.558883396336144,9.75574294853155
qwen-run-20260923T073021Z-LtPzSb,django__django-12741,9,26.6953125,24.078125,729088.0,2015232.0,2.60462393912789,9.803921568627452
qwen-run-20260923T073021Z-LtPzSb,django__django-12741,10,26.6640625,24.7109375,704512.0,1343488.0,2.519777322004102,7.32493407559332
qwen-run-20260923T073021Z-LtPzSb,django__django-12741,11,42.984375,40.390625,630784.0,2088960.0,1.3994910941475827,6.0341693929480185
qwen-run-20260923T073021Z-LtPzSb,django__django-12741,12,25.8203125,23.46875,679936.0,1785856.0,2.5113464447806355,9.107413010590015
qwen-run-20260923T073021Z-LtPzSb,django__django-12754,1,4.34765625,3.37109375,118784.0,905216.0,2.605570530098832,22.461814914645103
qwen-run-20260923T073021Z-LtPzSb,django__django-12754,2,26.66796875,24.30078125,442368.0,2039808.0,1.5819540061520434,8.876519701186465
qwen-run-20260923T073021Z-LtPzSb,django__django-12754,3,25.47265625,22.984375,544768.0,2064384.0,2.0395644839748504,9.768440423247968
qwen-run-20260923T073021Z-LtPzSb,django__django-12754,4,47.75390625,38.83203125,487424.0,8867840.0,0.9734151329243353,18.683026584867076
qwen-run-20260923T073021Z-LtPzSb,django__django-12754,5,26.828125,24.33984375,565248.0,2043904.0,2.0093185789167154,9.274898078043098
qwen-run-20260923T073021Z-LtPzSb,django__django-12754,6,26.4375,23.94921875,622592.0,1986560.0,2.2458628841607564,9.41193853427896
qwen-run-20260923T073021Z-LtPzSb,django__django-12754,7,26.25390625,23.828125,557056.0,1986560.0,2.02350840648713,9.239696473739027
qwen-run-20260923T073021Z-LtPzSb,django__django-12754,8,27.453125,24.9375,577536.0,2060288.0,2.006260671599317,9.163346613545817
qwen-run-20260923T073021Z-LtPzSb,django__django-12754,9,26.828125,24.328125,577536.0,2043904.0,2.0529994175888175,9.3185789167152
qwen-run-20260923T073021Z-LtPzSb,django__django-12754,10,26.46875,24.015625,532480.0,2039808.0,1.9185360094451003,9.268004722550177
qwen-run-20260923T073021Z-LtPzSb,django__django-12754,11,26.515625,23.9921875,610304.0,2035712.0,2.195050088391279,9.516794342958162
qwen-run-20260923T073021Z-LtPzSb,django__django-12754,12,26.42578125,23.96875,548864.0,2027520.0,1.9807834441980783,9.297856614929787
qwen-run-20260923T073021Z-LtPzSb,django__django-12754,13,26.3828125,24.03125,479232.0,1986560.0,1.732306781166716,8.913236600533017
qwen-run-20260923T073021Z-LtPzSb,django__django-12754,14,26.734375,24.21484375,618496.0,2023424.0,2.206312098188194,9.424313267095267
qwen-run-20260923T073021Z-LtPzSb,django__django-12754,15,26.609375,24.078125,622592.0,2031616.0,2.231356429829712,9.512624779800353
qwen-run-20260923T073021Z-LtPzSb,django__django-12754,16,33.5703125,29.28125,880640.0,3616768.0,2.501745403770072,12.77635559692809
qwen-run-20260923T073021Z-LtPzSb,django__django-12754,17,61.3828125,56.27734375,299008.0,5054464.0,0.4645539009800178,8.317423953162784
qwen-run-20260923T073021Z-LtPzSb,django__django-12754,18,26.87109375,24.62109375,278528.0,2080768.0,0.9885157726413722,8.373310074138683
qwen-run-20260923T073021Z-LtPzSb,django__django-12754,19,25.45703125,23.125,421888.0,2023424.0,1.580481816786865,9.160656743900567
qwen-run-20260923T073021Z-LtPzSb,django__django-12754,20,31.5078125,29.05859375,401408.0,2166784.0,1.2149764443342426,7.773369699975205
qwen-run-20260923T073021Z-LtPzSb,django__django-12754,21,25.57421875,23.2109375,446464.0,2031616.0,1.6648846800061097,9.240873682602718
qwen-run-20260923T073021Z-LtPzSb,django__django-12754,22,61.984375,59.83984375,679936.0,1568768.0,1.046130577262415,3.4597932946811194
qwen-run-20260923T073021Z-LtPzSb,django__django-12754,23,26.515625,23.83203125,700416.0,2113536.0,2.519151443724219,10.120801414260459
qwen-run-20260923T073021Z-LtPzSb,django__django-12754,24,53.21484375,48.06640625,819200.0,4579328.0,1.4681054099684356,9.67481465169199
qwen-run-20260923T073021Z-LtPzSb,django__django-12754,25,26.05078125,23.328125,614400.0,2240512.0,2.249212775528565,10.451342030289398
qwen-run-20260923T073021Z-LtPzSb,django__django-12754,26,55.3046875,50.4765625,720896.0,4341760.0,1.2431134341008616,8.730046616753778
qwen-run-20260923T073021Z-LtPzSb,django__django-12754,27,25.93359375,23.2578125,565248.0,2240512.0,2.078626299141437,10.317818948636843
qwen-run-20260923T073021Z-LtPzSb,django__django-12754,28,60.39453125,54.9609375,692224.0,5005312.0,1.093072893085829,8.996830735398746
qwen-run-20260923T073021Z-LtPzSb,django__django-12754,29,25.828125,23.078125,634880.0,2248704.0,2.3442226255293406,10.647307924984876
qwen-run-20260923T073021Z-LtPzSb,django__django-12754,30,61.06640625,58.99609375,794624.0,1376256.0,1.2409646261114309,3.3902641847374144
qwen-run-20260923T073021Z-LtPzSb,django__django-12754,31,26.44921875,24.0,782336.0,1785856.0,2.8208536405257716,9.26007975188303
qwen-run-20260923T073021Z-LtPzSb,django__django-12754,32,58.3046875,55.38671875,712704.0,2347008.0,1.1657510384563847,5.004689803028273
qwen-run-20260923T073021Z-LtPzSb,django__django-12754,33,58.6640625,55.7578125,716800.0,2330624.0,1.165268344653083,4.954055133839392
qwen-run-20260923T073021Z-LtPzSb,django__django-12754,34,27.60546875,24.265625,131072.0,3371008.0,0.45280882977218057,12.098485920475449
qwen-run-20260923T073021Z-LtPzSb,django__django-12754,35,25.828125,24.03125,389120.0,1495040.0,1.4367816091954022,6.957047791893527
qwen-run-20260923T073021Z-LtPzSb,django__django-12754,36,24.44921875,21.9140625,417792.0,2240512.0,1.6296532992490813,10.369068541300527
qwen-run-20260923T073021Z-LtPzSb,django__django-12754,37,61.19140625,55.57421875,585728.0,5304320.0,0.9128630705394191,9.17969996808171
qwen-run-20260923T073021Z-LtPzSb,django__django-12754,38,26.078125,23.30859375,610304.0,2293760.0,2.231875374475734,10.620131815458357
qwen-run-20260923T073021Z-LtPzSb,django__django-12754,39,60.73828125,55.265625,462848.0,5275648.0,0.7267348382532639,9.01022573798958
qwen-run-20260923T073021Z-LtPzSb,django__django-12754,40,25.73828125,23.078125,499712.0,2289664.0,1.8515707998178783,10.335407497344058
qwen-run-20260923T073021Z-LtPzSb,django__django-12754,41,60.8203125,55.171875,675840.0,5246976.0,1.0597302504816957,9.28709055876686
qwen-run-20260923T073021Z-LtPzSb,django__django-12754,42,25.890625,23.08203125,638976.0,2306048.0,2.3536511768255886,10.847917923958962
qwen-run-20260923T073021Z-LtPzSb,django__django-12754,43,61.234375,58.89453125,643072.0,1810432.0,1.0015310028068385,3.821127838734371
qwen-run-20260923T073021Z-LtPzSb,django__django-12754,44,27.94140625,24.3828125,602112.0,3129344.0,2.055081783866909,12.735915000699007
qwen-run-20260923T073021Z-LtPzSb,django__django-12754,45,26.84765625,24.125,524288.0,2330624.0,1.862359959260876,10.141131965662739
qwen-run-20260923T073021Z-LtPzSb,django__django-12754,46,26.35546875,24.3359375,614400.0,1503232.0,2.223210315695865,7.662664888098414
qwen-run-20260923T073021Z-LtPzSb,django__django-12754,47,59.8125,56.84765625,708608.0,2400256.0,1.1298328108672937,4.956896551724138
qwen-run-20260923T073021Z-LtPzSb,django__django-12754,48,25.1640625,21.625,610304.0,3100672.0,2.3129462899720585,14.063955293387147
qwen-run-20260923T073021Z-LtPzSb,django__django-12754,49,59.4453125,56.44921875,757760.0,2383872.0,1.2156656590879222,5.040084110921278
qwen-run-20260923T073021Z-LtPzSb,django__django-12754,50,26.52734375,22.7578125,696320.0,3256320.0,2.503313208658519,14.209983802091003
qwen-run-20260923T073021Z-LtPzSb,django__django-12754,51,27.00390625,24.07421875,757760.0,2314240.0,2.6761174598582382,10.849124837263128
qwen-run-20260923T073021Z-LtPzSb,django__django-12754,52,27.03515625,24.28125,602112.0,2285568.0,2.1239705244906806,10.186389250108366
qwen-run-20260923T073021Z-LtPzSb,django__django-12754,53,26.2421875,23.47265625,602112.0,2301952.0,2.188151235486752,10.553736231021137
qwen-run-20260923T073021Z-LtPzSb,django__django-12754,54,27.52734375,24.64453125,708608.0,2314240.0,2.4549453668227614,10.472541507024266
qwen-run-20260923T073021Z-LtPzSb,django__django-12754,55,26.51953125,23.5859375,671744.0,2404352.0,2.415672411253498,11.062012078362056
qwen-run-20260923T073021Z-LtPzSb,django__django-12754,56,27.26953125,24.8828125,143360.0,2359296.0,0.5013608365563673,8.752327746741155
qwen-run-20260923T073021Z-LtPzSb,django__django-12754,57,26.75,24.28515625,294912.0,2289664.0,1.0514018691588785,9.214369158878505
qwen-run-20260923T073021Z-LtPzSb,django__django-12754,58,26.72265625,24.140625,397312.0,2310144.0,1.4179213565268236,9.662330068703406
qwen-run-20260923T073021Z-LtPzSb,django__django-12754,59,26.59375,23.99609375,442368.0,2281472.0,1.5863689776733254,9.767920094007051
qwen-run-20260923T073021Z-LtPzSb,django__django-12754,60,26.91015625,24.40625,327680.0,2297856.0,1.1612715923936712,9.304688634054289
qwen-run-20260923T073021Z-LtPzSb,django__django-12754,61,25.93359375,23.36328125,409600.0,2285568.0,1.5062509414068384,9.911131194456997
qwen-run-20260923T073021Z-LtPzSb,django__django-12754,62,25.8515625,23.35546875,376832.0,2240512.0,1.390148080991236,9.655485040797824
qwen-run-20260923T073021Z-LtPzSb,django__django-12754,63,60.984375,55.5625,585728.0,5099520.0,0.9159620804509352,8.890596976684602
qwen-run-20260923T073021Z-LtPzSb,django__django-12754,64,26.50390625,23.70703125,610304.0,2322432.0,2.196020633750921,10.552689756816507
qwen-run-20260923T073021Z-LtPzSb,django__django-12754,65,27.46875,24.734375,544768.0,2322432.0,1.891353811149033,9.954493742889648
qwen-run-20260923T073021Z-LtPzSb,django__django-12754,66,27.06640625,24.2578125,618496.0,2326528.0,2.1792466445374514,10.376677731274354
qwen-run-20260923T073021Z-LtPzSb,django__django-12754,67,27.0625,24.4140625,524288.0,2252800.0,1.8475750577367205,9.786374133949192
qwen-run-20260923T073021Z-LtPzSb,django__django-12754,68,26.07421875,23.29296875,520192.0,2396160.0,1.902621722846442,10.666666666666666
qwen-run-20260923T073021Z-LtPzSb,django__django-12754,69,26.125,23.55859375,413696.0,2277376.0,1.5101674641148326,9.823564593301436
qwen-run-20260923T073021Z-LtPzSb,django__django-12754,70,60.375,54.8984375,626688.0,5115904.0,0.9899068322981367,9.070910973084887
qwen-run-20260923T073021Z-LtPzSb,django__django-12754,71,26.76953125,23.9765625,618496.0,2310144.0,2.2034145629651247,10.43338683788122
qwen-run-20260923T073021Z-LtPzSb,django__django-12754,72,26.7890625,23.93359375,610304.0,2383872.0,2.1726450860309128,10.659084281131525
qwen-run-20260923T073021Z-LtPzSb,django__django-12754,73,26.73046875,24.0390625,512000.0,2310144.0,1.8266842028350139,10.068683326026596
qwen-run-20260923T073021Z-LtPzSb,django__django-12754,74,26.17578125,23.34375,565248.0,2404352.0,2.059394120280555,10.819280704372481
qwen-run-20260923T073021Z-LtPzSb,django__django-12754,75,60.6015625,55.0,729088.0,5144576.0,1.1473507799406988,9.243264148511022
qwen-run-20260923T073021Z-LtPzSb,django__django-12754,76,27.0390625,24.11328125,720896.0,2347008.0,2.542617740537417,10.820572088991621
qwen-run-20260923T073021Z-LtPzSb,django__django-12754,77,26.15625,23.40234375,598016.0,2289664.0,2.1804062126642774,10.528673835125447
qwen-run-20260923T073021Z-LtPzSb,django__django-12754,78,60.3359375,57.34765625,602112.0,2531328.0,0.9517027062022531,4.952738573093358
qwen-run-20260923T073021Z-LtPzSb,django__django-12754,79,26.140625,24.078125,663552.0,1499136.0,2.42080095636581,7.890017931858936
qwen-run-20260923T073021Z-LtPzSb,django__django-12754,80,26.14453125,23.98828125,737280.0,1523712.0,2.689376961004034,8.24742268041237
qwen-run-20260923T073021Z-LtPzSb,django__django-12754,81,25.1875,22.24609375,712704.0,2371584.0,2.698511166253102,11.678039702233251
qwen-run-20260923T073021Z-LtPzSb,django__django-12754,82,60.62890625,55.3828125,364544.0,5136384.0,0.5734166612975968,8.652792990142387
qwen-run-20260923T073021Z-LtPzSb,django__django-12754,83,27.625,24.77734375,630784.0,2355200.0,2.177601809954751,10.308257918552036
qwen-run-20260923T073021Z-LtPzSb,django__django-12754,84,26.15625,23.3125,667648.0,2314240.0,2.434289127837515,10.872162485065711
qwen-run-20260923T073021Z-LtPzSb,django__django-12754,85,60.5625,54.9140625,618496.0,5304320.0,0.9739422084623323,9.326625386996904
qwen-run-20260923T073021Z-LtPzSb,django__django-12754,86,26.1484375,23.34375,602112.0,2338816.0,2.195996414699731,10.726023304451747
qwen-run-20260923T073021Z-LtPzSb,django__django-12754,87,60.34375,54.93359375,520192.0,5152768.0,0.8221128948731228,8.965561885033662
qwen-run-20260923T073021Z-LtPzSb,django__django-12754,88,26.98046875,24.19921875,573440.0,2342912.0,2.0269292022585783,10.308382800057911
qwen-run-20260923T073021Z-LtPzSb,django__django-12754,89,61.26171875,55.5625,659456.0,5316608.0,1.0265893005164828,9.303067015239431
qwen-run-20260923T073021Z-LtPzSb,django__django-12754,90,26.84375,23.9921875,622592.0,2367488.0,2.2118742724097786,10.622817229336437
qwen-run-20260923T073021Z-LtPzSb,django__django-12754,91,60.89453125,55.3203125,532480.0,5312512.0,0.8339213548014626,9.15389056385913
qwen-run-20260923T073021Z-LtPzSb,django__django-12754,92,26.86328125,24.05078125,622592.0,2326528.0,2.210266104405991,10.469681547186273
qwen-run-20260923T073021Z-LtPzSb,django__django-12754,93,60.66015625,55.1484375,663552.0,5115904.0,1.043209479039217,9.08622577113787
qwen-run-20260923T073021Z-LtPzSb,django__django-12754,94,27.08203125,24.26171875,602112.0,2355200.0,2.120294244915621,10.413962209721621
qwen-run-20260923T073021Z-LtPzSb,django__django-12754,95,60.42578125,54.94140625,651264.0,5099520.0,1.027862175964833,9.07621695002909
qwen-run-20260923T073021Z-LtPzSb,django__django-12754,96,27.203125,24.31640625,704512.0,2322432.0,2.469844916714532,10.611717403790925
qwen-run-20260923T073021Z-LtPzSb,django__django-12754,97,26.51953125,24.4296875,733184.0,1458176.0,2.636618058624245,7.8803947562233025
qwen-run-20260923T073021Z-LtPzSb,django__django-12754,98,25.83203125,24.01171875,614400.0,1294336.0,2.2682594888855285,7.046726145471042
qwen-run-20260923T073021Z-LtPzSb,django__django-12754,99,25.61328125,23.01171875,425984.0,2301952.0,1.586091200244014,10.15708403233186
qwen-run-20260923T073021Z-LtPzSb,django__django-12754,100,60.765625,55.17578125,745472.0,5115904.0,1.169966572383646,9.199022885060426
qwen-run-20260923T073021Z-LtPzSb,django__django-12754,101,27.0625,24.18359375,692224.0,2326528.0,2.439376443418014,10.637990762124712
qwen-run-20260923T073021Z-LtPzSb,django__django-12754,102,60.36328125,55.15234375,352256.0,5111808.0,0.5565262408593801,8.632627968679222
qwen-run-20260923T073021Z-LtPzSb,django__django-12754,103,27.51171875,24.80078125,548864.0,2293760.0,1.9025983245775948,9.853755501916797
qwen-run-20260923T073021Z-LtPzSb,django__django-12754,104,26.2734375,23.59375,548864.0,2260992.0,1.992268807612251,10.199226880761225
qwen-run-20260923T073021Z-LtPzSb,django__django-12754,105,60.98046875,55.35546875,598016.0,5300224.0,0.9352379732240087,9.224264941387483
qwen-run-20260923T073021Z-LtPzSb,django__django-12754,106,26.8984375,23.984375,712704.0,2342912.0,2.5268661051408654,10.833575370316584
qwen-run-20260923T073021Z-LtPzSb,django__django-12754,107,60.62890625,55.08203125,528384.0,5287936.0,0.8311320146897752,9.14889504542233
qwen-run-20260923T073021Z-LtPzSb,django__django-12754,108,26.86328125,24.04296875,647168.0,2310144.0,2.297513450632543,10.498763995928456
qwen-run-20260923T073021Z-LtPzSb,django__django-12754,109,60.4921875,55.03515625,598016.0,5124096.0,0.9427870334495674,9.02105127211675
qwen-run-20260923T073021Z-LtPzSb,django__django-12754,110,27.28125,24.515625,524288.0,2375680.0,1.8327605956471935,10.137457044673539
qwen-run-20260923T073021Z-LtPzSb,django__django-12754,111,26.22265625,23.4375,598016.0,2322432.0,2.1748845523610902,10.621182779681215
qwen-run-20260923T073021Z-LtPzSb,django__django-12754,112,61.04296875,55.28515625,696320.0,5341184.0,1.0878607538235106,9.43239265374032
qwen-run-20260923T073021Z-LtPzSb,django__django-12754,113,27.69140625,24.60546875,798720.0,2437120.0,2.7507405840033856,11.144025955706024
qwen-run-20260923T073021Z-LtPzSb,django__django-12754,114,26.421875,23.62109375,618496.0,2318336.0,2.232406859846245,10.600236546422236
qwen-run-20260923T073021Z-LtPzSb,django__django-12754,115,26.10546875,23.34765625,585728.0,2306048.0,2.1397575938949576,10.564117911117762
qwen-run-20260923T073021Z-LtPzSb,django__django-12754,116,26.0546875,23.3359375,565248.0,2285568.0,2.0689655172413794,10.434782608695652
qwen-run-20260923T073021Z-LtPzSb,django__django-12754,117,26.0546875,23.43359375,450560.0,2297856.0,1.6491754122938531,10.059970014992503
qwen-run-20260923T073021Z-LtPzSb,django__django-12754,118,25.85546875,23.20703125,503808.0,2273280.0,1.8582867502643905,10.243239159993957
qwen-run-20260923T073021Z-LtPzSb,django__django-12754,119,25.87890625,23.29296875,413696.0,2297856.0,1.5245283018867926,9.992452830188679
qwen-run-20260923T073021Z-LtPzSb,django__django-12754,120,25.77734375,23.18359375,458752.0,2260992.0,1.697226852553417,10.062130625852403
qwen-run-20260923T073021Z-LtPzSb,django__django-12754,121,26.06640625,23.50390625,413696.0,2273280.0,1.5135621159898096,9.830660872171437
qwen-run-20260923T073021Z-LtPzSb,django__django-12754,122,26.359375,23.56640625,626688.0,2301952.0,2.2673384706579727,10.595732068761114
qwen-run-20260923T073021Z-LtPzSb,django__django-12754,123,27.00390625,24.26171875,557056.0,2318336.0,1.9673079704903804,10.154780847678287
qwen-run-20260923T073021Z-LtPzSb,django__django-12754,124,26.84765625,24.12109375,524288.0,2334720.0,1.862359959260876,10.155681652844464
qwen-run-20260923T073021Z-LtPzSb,django__django-12754,125,26.28515625,23.609375,495616.0,2310144.0,1.7981869519988112,10.17981869519988
qwen-run-20260923T073021Z-LtPzSb,django__django-12754,126,26.12109375,23.2421875,675840.0,2342912.0,2.46747420367878,11.021384776431884
qwen-run-20260923T073021Z-LtPzSb,django__django-12754,127,25.8515625,23.6875,4096.0,2265088.0,0.015110305228165609,8.371109096403748
qwen-run-20260923T073021Z-LtPzSb,django__django-12754,128,25.8125,23.3828125,311296.0,2236416.0,1.1501210653753027,9.412832929782082
qwen-run-20260923T073021Z-LtPzSb,django__django-12754,129,25.72265625,23.1953125,389120.0,2260992.0,1.442672741078208,9.825360668185269
qwen-run-20260923T073021Z-LtPzSb,django__django-12754,130,25.91796875,23.3828125,393216.0,2265088.0,1.4468726450640543,9.781461944235117
qwen-run-20260923T073021Z-LtPzSb,django__django-12754,131,26.01953125,23.3671875,483328.0,2297856.0,1.771505779912926,10.193664614922683
qwen-run-20260923T073021Z-LtPzSb,django__django-12754,132,26.0078125,23.37109375,507904.0,2256896.0,1.8624211474917394,10.138179633523581
qwen-run-20260923T073021Z-LtPzSb,django__django-12754,133,26.22265625,23.59765625,458752.0,2293760.0,1.6684045881126173,10.010427528675704
qwen-run-20260923T073021Z-LtPzSb,django__django-12754,134,27.8515625,25.12890625,507904.0,2347008.0,1.7391304347826086,9.775596072931275
qwen-run-20260923T073021Z-LtPzSb,django__django-12754,135,26.87109375,24.25390625,417792.0,2326528.0,1.4827736589620584,9.739787759848815
qwen-run-20260923T073021Z-LtPzSb,django__django-12754,136,26.51953125,23.89453125,434176.0,2318336.0,1.5613492414199441,9.898365002209456
qwen-run-20260923T073021Z-LtPzSb,django__django-12774,1,4.1640625,3.3671875,143360.0,692224.0,3.283302063789869,19.136960600375236
qwen-run-20260923T073021Z-LtPzSb,django__django-12774,2,27.03515625,24.6953125,495616.0,1957888.0,1.7483022684583154,8.65481866782257
qwen-run-20260923T073021Z-LtPzSb,django__django-12774,3,47.9296875,39.76171875,770048.0,7794688.0,1.5321923390383048,17.04156479217604
qwen-run-20260923T073021Z-LtPzSb,django__django-12774,4,47.71484375,39.4296875,815104.0,7872512.0,1.6291444944740074,17.363896848137536
qwen-run-20260923T073021Z-LtPzSb,django__django-12774,5,26.8828125,24.23828125,839680.0,1933312.0,2.978785236849753,9.83725661145016
qwen-run-20260923T073021Z-LtPzSb,django__django-12774,6,47.609375,42.1015625,798720.0,4976640.0,1.5999343616672137,11.568756153593698
qwen-run-20260923T073021Z-LtPzSb,django__django-12774,7,26.90234375,24.10546875,991232.0,1941504.0,3.513866705386961,10.396399012632497
qwen-run-20260923T073021Z-LtPzSb,django__django-12774,8,26.50390625,24.1171875,598016.0,1904640.0,2.1518054532056006,9.005158437730287
qwen-run-20260923T073021Z-LtPzSb,django__django-12774,9,47.43359375,43.96875,36864.0,3596288.0,0.07411677509676357,7.304619945647699
qwen-run-20260923T073021Z-LtPzSb,django__django-12774,10,25.90625,23.7265625,368640.0,1916928.0,1.3570566948130278,8.413751507840772
qwen-run-20260923T073021Z-LtPzSb,django__django-12774,11,47.6328125,41.6796875,565248.0,5677056.0,1.1317041167787436,12.497949811382647
qwen-run-20260923T073021Z-LtPzSb,django__django-12774,12,27.04296875,24.66015625,1421312.0,1077248.0,5.012277914199046,8.811209013433482
qwen-run-20260923T073021Z-LtPzSb,django__django-12774,13,26.3046875,23.82421875,692224.0,1908736.0,2.5096525096525095,9.42975942975943
qwen-run-20260923T073021Z-LtPzSb,django__django-12774,14,27.125,24.5390625,774144.0,1937408.0,2.721774193548387,9.533410138248849
qwen-run-20260923T073021Z-LtPzSb,django__django-12774,15,25.8125,23.2421875,778240.0,1916928.0,2.875302663438257,9.957627118644067
qwen-run-20260923T073021Z-LtPzSb,django__django-12774,16,25.89453125,23.2421875,856064.0,1925120.0,3.152813395685624,10.242872228088702
qwen-run-20260923T073021Z-LtPzSb,django__django-12774,17,25.9375,23.35546875,798720.0,1908736.0,2.9367469879518073,9.954819277108435
qwen-run-20260923T073021Z-LtPzSb,django__django-12774,18,25.875,23.27734375,815104.0,1908736.0,3.0042270531400965,10.03925120772947
qwen-run-20260923T073021Z-LtPzSb,django__django-12774,19,58.28125,52.87890625,1339392.0,4325376.0,2.1916890080428955,9.269436997319035
qwen-run-20260923T073021Z-LtPzSb,django__django-12774,20,26.109375,23.109375,1212416.0,1933312.0,4.428485936564932,11.490125673249551
qwen-run-20260923T073021Z-LtPzSb,django__django-12774,21,58.57421875,53.56640625,987136.0,4263936.0,1.6072024008002668,8.549516505501835
qwen-run-20260923T073021Z-LtPzSb,django__django-12774,22,25.85546875,23.0546875,991232.0,1945600.0,3.6561414110892883,10.832452032029007
qwen-run-20260923T073021Z-LtPzSb,django__django-12774,23,57.703125,52.59375,1044480.0,4313088.0,1.7262388302193339,8.854589764419172
qwen-run-20260923T073021Z-LtPzSb,django__django-12774,24,25.7890625,23.15234375,868352.0,1896448.0,3.2111481369282036,10.224174492578006
qwen-run-20260923T073021Z-LtPzSb,django__django-12774,25,28.171875,25.48046875,864256.0,1957888.0,2.925679423183583,9.553521907931225
qwen-run-20260923T073021Z-LtPzSb,django__django-12774,26,27.73828125,24.8203125,1040384.0,2019328.0,3.5769609914096607,10.519645120405576
qwen-run-20260923T073021Z-LtPzSb,django__django-12774,27,26.88671875,24.43359375,1212416.0,1359872.0,4.300450385006537,9.123928519540899
qwen-run-20260923T073021Z-LtPzSb,django__django-12774,28,27.3125,24.52734375,921600.0,1998848.0,3.2179633867276887,10.197368421052632
qwen-run-20260923T073021Z-LtPzSb,django__django-12774,29,25.75390625,22.9609375,966656.0,1961984.0,3.5795540725011374,10.844835431518277
qwen-run-20260923T073021Z-LtPzSb,django__django-12774,30,57.2734375,52.26953125,1081344.0,4165632.0,1.8005729095621335,8.736870822534442
qwen-run-20260923T073021Z-LtPzSb,django__django-12774,31,26.6015625,23.9296875,892928.0,1908736.0,3.2011747430249633,10.044052863436123
qwen-run-20260923T073021Z-LtPzSb,django__django-12774,32,26.40234375,24.21875,368640.0,1921024.0,1.3315579227696406,8.270454209202544
qwen-run-20260923T073021Z-LtPzSb,django__django-12774,33,26.78125,24.59375,352256.0,1941504.0,1.2543757292882147,8.168028004667445
qwen-run-20260923T073021Z-LtPzSb,django__django-12774,34,25.6875,23.4609375,430080.0,1904640.0,1.5967153284671534,8.667883211678832
qwen-run-20260923T073021Z-LtPzSb,django__django-12774,35,25.58984375,24.2734375,454656.0,925696.0,1.6943978018623111,5.144252785834224
qwen-run-20260923T073021Z-LtPzSb,django__django-12774,36,25.609375,23.23046875,561152.0,1933312.0,2.0896888346552775,9.289200732153752
qwen-run-20260923T073021Z-LtPzSb,django__django-12774,37,27.51953125,25.05859375,602112.0,1978368.0,2.0865862313697656,8.94251242015614
qwen-run-20260923T073021Z-LtPzSb,django__django-12774,38,32.66015625,30.09375,565248.0,2125824.0,1.6505202726946537,7.857911733046286
qwen-run-20260923T073021Z-LtPzSb,django__django-12774,39,26.3515625,23.83984375,688128.0,1945600.0,2.490364660539579,9.531574266231841
qwen-run-20260923T073021Z-LtPzSb,django__django-12774,40,58.5625,56.24609375,917504.0,1511424.0,1.4941302027748133,3.9554429028815368
qwen-run-20260923T073021Z-LtPzSb,django__django-12774,41,44.67578125,43.12109375,655360.0,974848.0,1.3989682609075806,3.479933549007607
qwen-run-20260923T073021Z-LtPzSb,django__django-12774,42,25.44140625,22.8984375,761856.0,1904640.0,2.8558268079226163,9.995393827729156
qwen-run-20260923T073021Z-LtPzSb,django__django-12858,1,4.18359375,3.40625,106496.0,708608.0,2.4276377217553686,18.58076563958917
qwen-run-20260923T073021Z-LtPzSb,django__django-12858,2,73.43359375,66.5,286720.0,6983680.0,0.37236023192723017,9.441991595297623
qwen-run-20260923T073021Z-LtPzSb,django__django-12858,3,26.734375,24.14453125,647168.0,2068480.0,2.3085914669783754,9.687317358270018
qwen-run-20260923T073021Z-LtPzSb,django__django-12858,4,26.2890625,24.4375,786432.0,1155072.0,2.8528974739970283,7.043090638930163
qwen-run-20260923T073021Z-LtPzSb,django__django-12858,5,24.99609375,23.26171875,655360.0,1163264.0,2.5003906860446943,6.938584153774027
qwen-run-20260923T073021Z-LtPzSb,django__django-12858,6,25.0234375,22.6015625,561152.0,1978368.0,2.1386200437090226,9.678426475179519
qwen-run-20260923T073021Z-LtPzSb,django__django-12858,7,73.08203125,69.16015625,565248.0,3547136.0,0.7376129135710086,5.36640119728473
qwen-run-20260923T073021Z-LtPzSb,django__django-12858,8,26.30859375,23.69921875,741376.0,1994752.0,2.6874536005939125,9.91833704528582
qwen-run-20260923T073021Z-LtPzSb,django__django-12858,9,27.83203125,26.15234375,737280.0,1024000.0,2.526315789473684,6.035087719298246
qwen-run-20260923T073021Z-LtPzSb,django__django-12858,10,25.453125,22.8984375,737280.0,1941504.0,2.7624309392265194,10.03683241252302
qwen-run-20260923T073021Z-LtPzSb,django__django-12858,11,28.390625,25.8046875,667648.0,2043904.0,2.242707760044029,9.10842047330765
qwen-run-20260923T073021Z-LtPzSb,django__django-12858,12,26.30859375,23.73046875,724992.0,1978368.0,2.6280623608017817,9.799554565701559
qwen-run-20260923T073021Z-LtPzSb,django__django-12858,13,28.66015625,25.8828125,851968.0,2060288.0,2.8349461632819954,9.690609240834128
qwen-run-20260923T073021Z-LtPzSb,django__django-12858,14,26.12109375,23.546875,688128.0,2011136.0,2.512337371018394,9.854942425601914
qwen-run-20260923T073021Z-LtPzSb,django__django-12858,15,25.984375,23.4921875,671744.0,1941504.0,2.465423932651834,9.591100420926038
qwen-run-20260923T073021Z-LtPzSb,django__django-12858,16,26.265625,23.625,790528.0,1978368.0,2.870315288518739,10.053539559785841
qwen-run-20260923T073021Z-LtPzSb,django__django-12858,17,25.390625,22.9375,593920.0,1978368.0,2.230769230769231,9.661538461538461
qwen-run-20260923T073021Z-LtPzSb,django__django-12858,18,54.1328125,50.0859375,757760.0,3485696.0,1.3349689709914851,7.475826237552316
qwen-run-20260923T073021Z-LtPzSb,django__django-12858,19,25.96484375,23.3046875,774144.0,2015232.0,2.843387994584023,10.245223409056717
qwen-run-20260923T073021Z-LtPzSb,django__django-12858,20,56.9375,52.6875,827392.0,3629056.0,1.3858397365532382,7.4643249176728865
qwen-run-20260923T073021Z-LtPzSb,django__django-12858,21,27.140625,24.42578125,790528.0,2056192.0,2.7777777777777777,10.00287852619459
qwen-run-20260923T073021Z-LtPzSb,django__django-12858,22,25.890625,23.3125,724992.0,1978368.0,2.670488835244418,9.957754978877489
qwen-run-20260923T073021Z-LtPzSb,django__django-12858,23,31.15234375,28.49609375,659456.0,2125824.0,2.018808777429467,8.526645768025078
qwen-run-20260923T073021Z-LtPzSb,django__django-12858,24,51.65625,49.26953125,110592.0,2392064.0,0.20417422867513613,4.620387174833636
qwen-run-20260923T073021Z-LtPzSb,django__django-12858,25,25.515625,23.26171875,376832.0,1986560.0,1.408450704225352,8.833435394978567
qwen-run-20260923T073021Z-LtPzSb,django__django-12858,26,31.37109375,28.8515625,524288.0,2117632.0,1.593823932262483,8.031378408666418
qwen-run-20260923T073021Z-LtPzSb,django__django-12858,27,26.58984375,24.0078125,688128.0,2019328.0,2.46804759806082,9.710592037608345
qwen-run-20260923T073021Z-LtPzSb,django__django-12858,28,25.8828125,23.37109375,647168.0,1986560.0,2.384545728946574,9.704195593118019
qwen-run-20260923T073021Z-LtPzSb,django__django-12858,29,31.15625,28.5234375,630784.0,2129920.0,1.9307923771313942,8.450351053159478
qwen-run-20260923T073021Z-LtPzSb,django__django-12858,30,26.39453125,23.734375,806912.0,1982464.0,2.9154950421784815,10.078437176261655
qwen-run-20260923T073021Z-LtPzSb,django__django-12858,31,26.4765625,23.8984375,729088.0,1974272.0,2.626143405134258,9.737385659486574
qwen-run-20260923T073021Z-LtPzSb,django__django-12858,32,25.61328125,23.0625,724992.0,1949696.0,2.6994052157999087,9.958822632301358
qwen-run-20260923T073021Z-LtPzSb,django__django-12858,33,30.6875,28.1875,598016.0,2023424.0,1.8584521384928716,8.146639511201629
qwen-run-20260923T073021Z-LtPzSb,django__django-12858,34,26.35546875,23.890625,618496.0,1966080.0,2.238031717800504,9.35230472802727
qwen-run-20260923T073021Z-LtPzSb,django__django-12858,35,52.20703125,48.734375,712704.0,2928640.0,1.3019079685746353,6.651702207257763
qwen-run-20260923T073021Z-LtPzSb,django__django-12858,36,25.60546875,23.171875,552960.0,1998848.0,2.059496567505721,9.50419527078566
qwen-run-20260923T073021Z-LtPzSb,django__django-12858,37,30.74609375,28.26953125,528384.0,2068480.0,1.6389277093126668,8.05488502096303
qwen-run-20260923T073021Z-LtPzSb,django__django-12858,38,26.56640625,24.03125,684032.0,1974272.0,2.4555212468754597,9.5427143067196
qwen-run-20260923T073021Z-LtPzSb,django__django-12858,39,25.6640625,23.45703125,602112.0,1712128.0,2.2374429223744294,8.599695585996956
qwen-run-20260923T073021Z-LtPzSb,django__django-12858,40,30.9140625,28.37890625,610304.0,2048000.0,1.882739449077584,8.200657063431892
qwen-run-20260923T073021Z-LtPzSb,django__django-12858,41,26.5546875,24.125,557056.0,1990656.0,2.000588408355399,9.149749926448955
qwen-run-20260923T073021Z-LtPzSb,django__django-12858,42,26.4375,24.05859375,499712.0,1994752.0,1.8026004728132388,8.99822695035461
qwen-run-20260923T073021Z-LtPzSb,django__django-12858,43,25.66796875,23.19921875,626688.0,1961984.0,2.328412722568863,9.618018566428246
qwen-run-20260923T073021Z-LtPzSb,django__django-12858,44,30.8125,28.3203125,573440.0,2039808.0,1.7748478701825559,8.088235294117647
qwen-run-20260923T073021Z-LtPzSb,django__django-12858,45,26.33984375,23.86328125,626688.0,1970176.0,2.2690197241583863,9.402343170695536
qwen-run-20260923T073021Z-LtPzSb,django__django-12858,46,55.9765625,52.23828125,749568.0,3170304.0,1.2770411723656665,6.678297278436846
qwen-run-20260923T073021Z-LtPzSb,django__django-12858,47,26.43359375,23.76953125,798720.0,1994752.0,2.8816314467267623,10.078321264962318
qwen-run-20260923T073021Z-LtPzSb,django__django-12858,48,25.62890625,22.98046875,835584.0,1941504.0,3.1092821216278006,10.33379058070416
qwen-run-20260923T073021Z-LtPzSb,django__django-12858,49,30.71875,28.1171875,741376.0,1986560.0,2.3016276703967447,8.468972533062056
qwen-run-20260923T073021Z-LtPzSb,django__django-12858,50,26.40625,24.3359375,856064.0,1314816.0,3.091715976331361,7.840236686390533
qwen-run-20260923T073021Z-LtPzSb,django__django-12858,51,55.421875,52.0,126976.0,3461120.0,0.21849450239639132,6.174231745136735
qwen-run-20260923T073021Z-LtPzSb,django__django-12858,52,44.6328125,42.1328125,516096.0,2105344.0,1.1027481183266234,5.601260283563802
qwen-run-20260923T073021Z-LtPzSb,django__django-12858,53,25.48046875,22.9765625,675840.0,1949696.0,2.5295109612141653,9.826766825080485
qwen-run-20260923T073021Z-LtPzSb,django__django-12965,1,3.8984375,3.171875,81920.0,679936.0,2.004008016032064,18.637274549098198
qwen-run-20260923T073021Z-LtPzSb,django__django-12965,2,25.66796875,23.56640625,356352.0,1847296.0,1.3239993912646477,8.18749048851012
qwen-run-20260923T073021Z-LtPzSb,django__django-12965,3,47.03125,38.4765625,569344.0,8400896.0,1.154485049833887,18.18936877076412
qwen-run-20260923T073021Z-LtPzSb,django__django-12965,4,24.72265625,22.30078125,712704.0,1826816.0,2.749249486490757,9.79617633117396
qwen-run-20260923T073021Z-LtPzSb,django__django-12965,5,25.64453125,23.2578125,675840.0,1826816.0,2.5133282559025134,9.306930693069306
qwen-run-20260923T073021Z-LtPzSb,django__django-12965,6,25.6953125,23.27734375,733184.0,1802240.0,2.7211918516266342,9.410155062328975
qwen-run-20260923T073021Z-LtPzSb,django__django-12965,7,26.0078125,23.46484375,868352.0,1798144.0,3.1841393811955543,9.777711024331632
qwen-run-20260923T073021Z-LtPzSb,django__django-12965,8,25.91796875,23.51171875,708608.0,1814528.0,2.607385079125848,9.284099472494349
qwen-run-20260923T073021Z-LtPzSb,django__django-12965,9,27.125,24.62890625,786432.0,1830912.0,2.7649769585253456,9.202188940092165
qwen-run-20260923T073021Z-LtPzSb,django__django-12965,10,25.171875,23.421875,49152.0,1785856.0,0.186219739292365,6.952203600248293
qwen-run-20260923T073021Z-LtPzSb,django__django-12965,11,24.4296875,22.55078125,200704.0,1769472.0,0.7834985609210106,7.69107771026543
qwen-run-20260923T073021Z-LtPzSb,django__django-12965,12,25.23828125,23.27734375,262144.0,1794048.0,0.9905587370376103,7.769695093638756
qwen-run-20260923T073021Z-LtPzSb,django__django-12965,13,25.65234375,23.58203125,356352.0,1814528.0,1.3248058474189128,8.070656311862342
qwen-run-20260923T073021Z-LtPzSb,django__django-12965,14,41.03125,38.93359375,286720.0,1912832.0,0.6664127951256664,5.112338156892612
qwen-run-20260923T073021Z-LtPzSb,django__django-12965,15,24.55859375,22.54296875,294912.0,1818624.0,1.1452202958485764,8.207412120248131
qwen-run-20260923T073021Z-LtPzSb,django__django-13012,1,4.09765625,3.3046875,118784.0,712704.0,2.7645376549094376,19.35176358436606
qwen-run-20260923T073021Z-LtPzSb,django__django-13012,2,26.2421875,24.02734375,385024.0,1937408.0,1.3992259601071748,8.440011908306044
qwen-run-20260923T073021Z-LtPzSb,django__django-13012,3,40.77734375,35.26953125,389120.0,5386240.0,0.9100488552543347,13.507040904301178
qwen-run-20260923T073021Z-LtPzSb,django__django-13012,4,40.76171875,35.2109375,454656.0,5365760.0,1.063727839003354,13.617632965979876
qwen-run-20260923T073021Z-LtPzSb,django__django-13012,5,25.6796875,23.42578125,442368.0,1921024.0,1.6428354122299968,8.77700030422878
qwen-run-20260923T073021Z-LtPzSb,django__django-13012,6,26.15234375,23.79296875,581632.0,1892352.0,2.1209858103061987,9.021657953696788
qwen-run-20260923T073021Z-LtPzSb,django__django-13012,7,26.0625,23.65625,614400.0,1908736.0,2.2482014388489207,9.232613908872901
qwen-run-20260923T073021Z-LtPzSb,django__django-13012,8,25.84375,23.48828125,581632.0,1888256.0,2.146311970979444,9.114268440145104
qwen-run-20260923T073021Z-LtPzSb,django__django-13012,9,26.02734375,23.4765625,765952.0,1908736.0,2.8065435989794385,9.800390214618039
qwen-run-20260923T073021Z-LtPzSb,django__django-13012,10,25.7890625,23.52734375,471040.0,1900544.0,1.7418963950318085,8.770069675855801
qwen-run-20260923T073021Z-LtPzSb,django__django-13012,11,25.640625,23.27734375,573440.0,1904640.0,2.1328458257160268,9.216940889701402
qwen-run-20260923T073021Z-LtPzSb,django__django-13012,12,49.87890625,42.265625,450560.0,7532544.0,0.8614613517111755,15.263528858955283
qwen-run-20260923T073021Z-LtPzSb,django__django-13012,13,25.14453125,22.8515625,503808.0,1900544.0,1.910828025477707,9.119154885816375
qwen-run-20260923T073021Z-LtPzSb,django__django-13012,14,25.2578125,22.85546875,614400.0,1904640.0,2.3198267862666255,9.511289823693165
qwen-run-20260923T073021Z-LtPzSb,django__django-13012,15,26.4140625,24.78125,577536.0,1134592.0,2.085181898846495,6.181603076013014
qwen-run-20260923T073021Z-LtPzSb,django__django-13012,16,25.0390625,22.7421875,507904.0,1900544.0,1.9344773790951637,9.173166926677068
qwen-run-20260923T073021Z-LtPzSb,django__django-13012,17,25.56640625,23.29296875,483328.0,1900544.0,1.8029029793735676,8.892284186401833
qwen-run-20260923T073021Z-LtPzSb,django__django-13012,18,25.44921875,23.265625,389120.0,1900544.0,1.4581734458940905,8.580199539524175
qwen-run-20260923T073021Z-LtPzSb,django__django-13012,19,25.5,23.26953125,421888.0,1916928.0,1.5778186274509804,8.746936274509803
qwen-run-20260923T073021Z-LtPzSb,django__django-13012,20,26.48828125,24.28515625,348160.0,1961984.0,1.2535024332694293,8.317357321928919
qwen-run-20260923T073021Z-LtPzSb,django__django-13012,21,26.078125,23.9140625,344064.0,1925120.0,1.2582384661473935,8.29838226482924
qwen-run-20260923T073021Z-LtPzSb,django__django-13012,22,25.73046875,23.40234375,483328.0,1957888.0,1.7914073174434493,9.048125094883861
qwen-run-20260923T073021Z-LtPzSb,django__django-13012,23,27.74609375,25.40625,491520.0,1961984.0,1.689427002674926,8.433056455019006
qwen-run-20260923T073021Z-LtPzSb,django__django-13012,24,25.91015625,23.51953125,577536.0,1929216.0,2.125734961555857,9.226594301221168
qwen-run-20260923T073021Z-LtPzSb,django__django-13012,25,26.3203125,24.58984375,643072.0,1171456.0,2.3300682695161767,6.574651231819531
qwen-run-20260923T073021Z-LtPzSb,django__django-13012,26,24.12890625,21.68359375,647168.0,1916928.0,2.557875991581674,10.13436943500081
qwen-run-20260923T073021Z-LtPzSb,django__django-13012,27,25.83203125,24.0625,700416.0,1155072.0,2.5858158173295025,6.850143656434296
qwen-run-20260923T073021Z-LtPzSb,django__django-13012,28,25.98046875,24.08203125,823296.0,1167360.0,3.0221019395579614,7.307171853856563
qwen-run-20260923T073021Z-LtPzSb,django__django-13012,29,25.0703125,23.203125,786432.0,1171456.0,2.991586163913992,7.447803053910875
qwen-run-20260923T073021Z-LtPzSb,django__django-13012,30,24.19921875,21.78515625,626688.0,1904640.0,2.469733656174334,9.975786924939467
qwen-run-20260923T073021Z-LtPzSb,django__django-13012,31,24.9609375,23.3984375,647168.0,991232.0,2.4726134585289516,6.259780907668231
qwen-run-20260923T073021Z-LtPzSb,django__django-13012,32,24.6328125,22.27734375,589824.0,1880064.0,2.283539486203616,9.56232159847764
qwen-run-20260923T073021Z-LtPzSb,django__django-13012,33,30.91015625,28.34375,671744.0,2019328.0,2.0725388601036268,8.302792872488311
qwen-run-20260923T073021Z-LtPzSb,django__django-13012,34,25.83984375,23.41796875,626688.0,1912832.0,2.312925170068027,9.372637944066515
qwen-run-20260923T073021Z-LtPzSb,django__django-13012,35,26.46484375,23.87109375,782336.0,1937408.0,2.819188191881919,9.800738007380074
qwen-run-20260923T073021Z-LtPzSb,django__django-13012,36,26.81640625,24.265625,724992.0,1949696.0,2.5782957028404954,9.512017479970867
qwen-run-20260923T073021Z-LtPzSb,django__django-13012,37,25.7421875,23.77734375,757760.0,1302528.0,2.8072837632776935,7.632776934749621
qwen-run-20260923T073021Z-LtPzSb,django__django-13012,38,24.65234375,22.1875,679936.0,1904640.0,2.630327998732372,9.998415465061004
qwen-run-20260923T073021Z-LtPzSb,django__django-13012,39,30.80859375,28.24609375,659456.0,2027520.0,2.0413338404970203,8.317484468112083
qwen-run-20260923T073021Z-LtPzSb,django__django-13012,40,25.7265625,23.2578125,655360.0,1933312.0,2.429395687822654,9.596112966899483
qwen-run-20260923T073021Z-LtPzSb,django__django-13012,41,25.609375,23.78125,8192.0,1908736.0,0.03050640634533252,7.13849908480781
qwen-run-20260923T073021Z-LtPzSb,django__django-13012,42,26.16015625,24.04296875,282624.0,1937408.0,1.030312080035837,8.093176048977154
qwen-run-20260923T073021Z-LtPzSb,django__django-13012,43,25.66015625,23.46484375,380928.0,1921024.0,1.4157405997868777,8.555335667529304
qwen-run-20260923T073021Z-LtPzSb,django__django-13012,44,25.59375,23.44140625,348160.0,1908736.0,1.2973137973137974,8.40964590964591
qwen-run-20260923T073021Z-LtPzSb,django__django-13012,45,43.53515625,42.2578125,376832.0,962560.0,0.8254822790489008,2.934051144010767
qwen-run-20260923T073021Z-LtPzSb,django__django-13012,46,24.55078125,22.40625,344064.0,1904640.0,1.3365155131264916,8.735083532219571
qwen-run-20260923T073021Z-LtPzSb,django__django-13012,47,45.9453125,43.796875,229376.0,2023424.0,0.4761095051861928,4.676075497364394
qwen-run-20260923T073021Z-LtPzSb,django__django-13012,48,25.52734375,23.421875,286720.0,1921024.0,1.0711553175210407,8.247895944912012
qwen-run-20260923T073021Z-LtPzSb,django__django-13012,49,26.078125,23.953125,290816.0,1937408.0,1.0635110844817255,8.148591971240263
qwen-run-20260923T073021Z-LtPzSb,django__django-13012,50,49.4140625,47.18359375,311296.0,2027520.0,0.6007905138339921,4.513833992094861
qwen-run-20260923T073021Z-LtPzSb,django__django-13012,51,24.8984375,22.75390625,327680.0,1921024.0,1.255098839033574,8.6131157828679
qwen-run-20260923T073021Z-LtPzSb,django__django-13012,52,134.11328125,125.31640625,917504.0,8306688.0,0.6524335187720269,6.559286983368771
qwen-run-20260923T073021Z-LtPzSb,django__django-13012,53,25.73828125,22.8984375,970752.0,2007040.0,3.596903930793747,11.033540749734406
qwen-run-20260923T073021Z-LtPzSb,django__django-13012,54,26.8515625,23.98046875,1011712.0,1998848.0,3.593249927262147,10.692464358452138
qwen-run-20260923T073021Z-LtPzSb,django__django-13012,55,50.48046875,47.61328125,987136.0,2019328.0,1.8648920529288864,5.679795713069721
qwen-run-20260923T073021Z-LtPzSb,django__django-13012,56,25.890625,22.8984375,1171456.0,1966080.0,4.315027157513579,11.55703077851539
qwen-run-20260923T073021Z-LtPzSb,django__django-13012,57,81.34765625,79.00390625,1339392.0,1118208.0,1.5702280912364945,2.881152460984394
qwen-run-20260923T073021Z-LtPzSb,django__django-13012,58,27.03125,23.890625,1302528.0,1990656.0,4.595375722543353,11.61849710982659
qwen-run-20260923T073021Z-LtPzSb,django__django-13023,1,4.23828125,3.21484375,163840.0,909312.0,3.686635944700461,24.147465437788018
qwen-run-20260923T073021Z-LtPzSb,django__django-13023,2,26.61328125,24.3125,393216.0,2019328.0,1.4090708938793484,8.64523704682225
qwen-run-20260923T073021Z-LtPzSb,django__django-13023,3,47.94921875,39.12109375,528384.0,8728576.0,1.0509164969450102,18.41140529531568
qwen-run-20260923T073021Z-LtPzSb,django__django-13023,4,47.09765625,38.32421875,479232.0,8720384.0,0.9703906444389152,18.62818279837439
qwen-run-20260923T073021Z-LtPzSb,django__django-13023,5,26.25,23.88671875,462848.0,2015232.0,1.681547619047619,9.00297619047619
qwen-run-20260923T073021Z-LtPzSb,django__django-13023,6,26.2890625,23.92578125,503808.0,1974272.0,1.8276374442793462,8.98959881129272
qwen-run-20260923T073021Z-LtPzSb,django__django-13023,7,26.359375,23.9609375,479232.0,2035712.0,1.7338470657972733,9.09899229401304
qwen-run-20260923T073021Z-LtPzSb,django__django-13023,8,26.3359375,24.0,454656.0,1994752.0,1.6463957282705428,8.869771581133195
qwen-run-20260923T073021Z-LtPzSb,django__django-13023,9,26.1953125,23.91796875,405504.0,1982464.0,1.4762898896510588,8.693707127945125
qwen-run-20260923T073021Z-LtPzSb,django__django-13023,10,25.546875,23.4453125,253952.0,1949696.0,0.9480122324159022,8.226299694189603
qwen-run-20260923T073021Z-LtPzSb,django__django-13023,11,75.72265625,71.48828125,413696.0,4026368.0,0.5210214083053908,5.591952540624194
qwen-run-20260923T073021Z-LtPzSb,django__django-13023,12,28.67578125,23.42578125,462848.0,5042176.0,1.5392998229124097,18.308132407029014
qwen-run-20260923T073021Z-LtPzSb,django__django-13023,13,26.05859375,23.6328125,548864.0,1994752.0,2.0086943486733624,9.30894918303103
qwen-run-20260923T073021Z-LtPzSb,django__django-13023,14,26.0546875,24.08203125,61440.0,2007040.0,0.22488755622188905,7.571214392803598
qwen-run-20260923T073021Z-LtPzSb,django__django-13023,15,26.00390625,23.75390625,389120.0,1970176.0,1.427069250413099,8.652546191978368
qwen-run-20260923T073021Z-LtPzSb,django__django-13023,16,26.1796875,23.890625,417792.0,1982464.0,1.521933751119069,8.743658609370337
qwen-run-20260923T073021Z-LtPzSb,django__django-13023,17,26.24609375,24.03125,344064.0,1978368.0,1.2501860395892246,8.438755767227265
qwen-run-20260923T073021Z-LtPzSb,django__django-13023,18,25.1015625,22.64453125,397312.0,2179072.0,1.5094926859632742,9.788359788359788
qwen-run-20260923T073021Z-LtPzSb,django__django-13023,19,31.109375,28.7421875,421888.0,2060288.0,1.2933199397287796,7.609241587142139
qwen-run-20260923T073021Z-LtPzSb,django__django-13023,20,25.30859375,23.09765625,360448.0,1957888.0,1.3582342954159592,8.735916036425374
qwen-run-20260923T073021Z-LtPzSb,django__django-13023,21,52.6875,49.05859375,581632.0,3223552.0,1.0527876631079478,6.887603795966785
qwen-run-20260923T073021Z-LtPzSb,django__django-13023,22,25.4765625,22.9140625,585728.0,2101248.0,2.1925789635081263,10.058264336093224
qwen-run-20260923T073021Z-LtPzSb,django__django-13023,23,51.98828125,48.25,712704.0,3207168.0,1.3073859794124276,7.190622886768352
qwen-run-20260923T073021Z-LtPzSb,django__django-13023,24,25.55078125,22.9609375,610304.0,2105344.0,2.277939153034704,10.136064821892678
qwen-run-20260923T073021Z-LtPzSb,django__django-13023,25,38.40234375,35.38671875,761856.0,2400256.0,1.8919743667989015,7.852710812735225
qwen-run-20260923T073021Z-LtPzSb,django__django-13023,26,25.62890625,22.9609375,708608.0,2088960.0,2.6367931717725956,10.409998475842098
qwen-run-20260923T073021Z-LtPzSb,django__django-13023,27,38.2890625,35.24609375,798720.0,2392064.0,1.9893899204244032,7.947357682105693
qwen-run-20260923T073021Z-LtPzSb,django__django-13023,28,24.95703125,22.04296875,708608.0,2347008.0,2.7077789951479105,11.676318672718736
qwen-run-20260923T073021Z-LtPzSb,django__django-13023,29,75.2421875,67.78125,798720.0,7024640.0,1.0123559339632437,9.915896583947669
qwen-run-20260923T073021Z-LtPzSb,django__django-13023,30,30.05078125,24.9765625,708608.0,4612096.0,2.2487976082152605,16.88548030677239
qwen-run-20260923T073021Z-LtPzSb,django__django-13023,31,24.77734375,22.1875,622592.0,2093056.0,2.396342424720164,10.452467286772821
qwen-run-20260923T073021Z-LtPzSb,django__django-13023,32,26.3828125,23.6796875,671744.0,2162688.0,2.428190701806337,10.245780278353568
qwen-run-20260923T073021Z-LtPzSb,django__django-13023,33,25.6484375,23.07421875,602112.0,2097152.0,2.2388059701492535,10.036551934206518
qwen-run-20260923T073021Z-LtPzSb,django__django-13023,34,31.3046875,28.5703125,655360.0,2211840.0,1.9965061142999752,8.73471425006239
qwen-run-20260923T073021Z-LtPzSb,django__django-13023,35,25.41015625,22.98046875,483328.0,2064384.0,1.813989239046887,9.561875480399692
qwen-run-20260923T073021Z-LtPzSb,django__django-13023,36,38.24609375,35.3515625,651264.0,2383872.0,1.6239403533857624,7.568174854458176
qwen-run-20260923T073021Z-LtPzSb,django__django-13023,37,26.22265625,23.859375,380928.0,2097152.0,1.3853716669149412,9.012364069715478
qwen-run-20260923T073021Z-LtPzSb,django__django-13023,38,25.60546875,23.12890625,438272.0,2158592.0,1.6323417238749047,9.672006102212052
qwen-run-20260923T073021Z-LtPzSb,django__django-13023,39,32.02734375,29.46875,462848.0,2220032.0,1.3782168557141115,7.988779119404805
qwen-run-20260923T073021Z-LtPzSb,django__django-13023,40,25.64453125,23.2734375,405504.0,2080768.0,1.507996953541508,9.246001523229246
qwen-run-20260923T073021Z-LtPzSb,django__django-13023,41,31.2109375,28.6484375,499712.0,2187264.0,1.5269086357947435,8.21026282853567
qwen-run-20260923T073021Z-LtPzSb,django__django-13023,42,26.484375,24.078125,360448.0,2162688.0,1.2979351032448379,9.085545722713864
qwen-run-20260923T073021Z-LtPzSb,django__django-13023,43,26.09765625,23.81640625,319488.0,2072576.0,1.1674898967220475,8.741206406226613
qwen-run-20260923T073021Z-LtPzSb,django__django-13023,44,26.08984375,23.7890625,303104.0,2109440.0,1.1079502919598743,8.818685431950891
qwen-run-20260923T073021Z-LtPzSb,django__django-13023,45,26.38671875,24.15625,262144.0,2076672.0,0.9474463360473723,8.45299777942265
qwen-run-20260923T073021Z-LtPzSb,django__django-13023,46,25.421875,23.05078125,405504.0,2080768.0,1.5212046711739398,9.326982175783652
qwen-run-20260923T073021Z-LtPzSb,django__django-13023,47,51.90625,48.34375,565248.0,3170304.0,1.0385310054184227,6.8633353401565325
qwen-run-20260923T073021Z-LtPzSb,django__django-13023,48,26.19921875,23.64453125,569344.0,2109440.0,2.0724616072759803,9.751006411212167
qwen-run-20260923T073021Z-LtPzSb,django__django-13023,49,26.09375,23.68359375,446464.0,2080768.0,1.6317365269461077,9.236526946107784
qwen-run-20260923T073021Z-LtPzSb,django__django-13023,50,26.78125,25.21875,471040.0,1167360.0,1.677362893815636,5.834305717619603
qwen-run-20260923T073021Z-LtPzSb,django__django-13023,51,25.01953125,22.52734375,507904.0,2105344.0,1.9359875097580015,9.96096799375488
qwen-run-20260923T073021Z-LtPzSb,django__django-13023,52,51.18359375,47.86328125,647168.0,2834432.0,1.2058307257879874,6.4870640311379075
qwen-run-20260923T073021Z-LtPzSb,django__django-13023,53,25.08984375,22.4765625,659456.0,2080768.0,2.506616845710727,10.41569360112097
qwen-run-20260923T073021Z-LtPzSb,django__django-13023,54,26.74609375,24.05859375,663552.0,2154496.0,2.3659997079012705,10.048196290346137
qwen-run-20260923T073021Z-LtPzSb,django__django-13023,55,26.484375,24.703125,733184.0,1134592.0,2.640117994100295,6.725663716814159
qwen-run-20260923T073021Z-LtPzSb,django__django-13023,56,25.41796875,23.42578125,782336.0,1306624.0,2.9353004456738896,7.837713231904103
qwen-run-20260923T073021Z-LtPzSb,django__django-13023,57,30.3046875,28.390625,839680.0,1167360.0,2.642433616911575,6.316060840422789
qwen-run-20260923T073021Z-LtPzSb,django__django-13023,58,26.1328125,24.00390625,761856.0,1470464.0,2.780269058295964,8.146487294469358
qwen-run-20260923T073021Z-LtPzSb,django__django-13023,59,26.7109375,23.859375,778240.0,2211840.0,2.778590231061714,10.675636150921322
qwen-run-20260923T073021Z-LtPzSb,django__django-13023,60,26.40234375,23.65625,753664.0,2125824.0,2.7222961976623763,10.400946885633969
qwen-run-20260923T073021Z-LtPzSb,django__django-13023,61,25.73828125,23.0078125,745472.0,2117632.0,2.7621793898922444,10.608590074366369
qwen-run-20260923T073021Z-LtPzSb,django__django-13023,62,31.35546875,28.53515625,745472.0,2211840.0,2.2673477015074126,8.994643079606329
qwen-run-20260923T073021Z-LtPzSb,django__django-13023,63,26.515625,23.75,770048.0,2129920.0,2.769593400117855,10.43017088980554
qwen-run-20260923T073021Z-LtPzSb,django__django-13023,64,51.76171875,47.97265625,790528.0,3182592.0,1.4564938495207909,7.3202022488868765
qwen-run-20260923T073021Z-LtPzSb,django__django-13023,65,25.73828125,22.8515625,892928.0,2134016.0,3.3085445439368644,11.21566246774928
qwen-run-20260923T073021Z-LtPzSb,django__django-13023,66,38.0546875,35.04296875,753664.0,2404352.0,1.8887292137138165,7.91418599876822
qwen-run-20260923T073021Z-LtPzSb,django__django-13023,67,42.0,40.06640625,835584.0,1191936.0,1.8973214285714286,4.603794642857143
qwen-run-20260923T073021Z-LtPzSb,django__django-13023,68,25.19140625,22.26171875,966656.0,2105344.0,3.65948209024655,11.629710032563189
qwen-run-20260923T073021Z-LtPzSb,django__django-13028,1,3.9375,3.1875,65536.0,720896.0,1.5873015873015872,19.047619047619047
qwen-run-20260923T073021Z-LtPzSb,django__django-13028,2,26.12109375,23.953125,339968.0,1933312.0,1.2412142963959922,8.299685957828622
qwen-run-20260923T073021Z-LtPzSb,django__django-13028,3,50.6171875,41.43359375,266240.0,9363456.0,0.5016206204661213,18.143231980243865
qwen-run-20260923T073021Z-LtPzSb,django__django-13028,4,26.31640625,24.16796875,339968.0,1912832.0,1.2320023749443372,8.163871159269705
qwen-run-20260923T073021Z-LtPzSb,django__django-13028,5,50.84765625,42.2109375,299008.0,8757248.0,0.5608051010217407,16.9854805254667
qwen-run-20260923T073021Z-LtPzSb,django__django-13028,6,26.09765625,23.8046875,491520.0,1912832.0,1.796138302649304,8.786109863792845
qwen-run-20260923T073021Z-LtPzSb,django__django-13028,7,26.24609375,23.96875,491520.0,1896448.0,1.785980056556035,8.676886441434737
qwen-run-20260923T073021Z-LtPzSb,django__django-13028,8,50.62890625,46.35546875,110592.0,4370432.0,0.20831725947071986,8.44070673559139
qwen-run-20260923T073021Z-LtPzSb,django__django-13028,9,26.03125,23.7890625,409600.0,1941504.0,1.5006002400960383,8.61344537815126
qwen-run-20260923T073021Z-LtPzSb,django__django-13028,10,26.2578125,23.92578125,528384.0,1916928.0,1.9190717048497472,8.881285331746504
qwen-run-20260923T073021Z-LtPzSb,django__django-13028,11,25.7421875,23.4296875,483328.0,1941504.0,1.7905918057663126,8.98330804248862
qwen-run-20260923T073021Z-LtPzSb,django__django-13028,12,26.64453125,24.37109375,442368.0,1941504.0,1.583345550505791,8.532473244392317
qwen-run-20260923T073021Z-LtPzSb,django__django-13028,13,131.33984375,129.90234375,786432.0,720896.0,0.5710376825387383,1.0944888915325819
qwen-run-20260923T073021Z-LtPzSb,django__django-13028,14,25.53515625,23.0546875,679936.0,1921024.0,2.5393911580235584,9.713936056294937
qwen-run-20260923T073021Z-LtPzSb,django__django-13028,15,25.796875,23.39453125,614400.0,1904640.0,2.2713506965475467,9.312537855844942
qwen-run-20260923T073021Z-LtPzSb,django__django-13028,16,25.9921875,23.62109375,552960.0,1933312.0,2.0288548241659154,9.122332431620078
qwen-run-20260923T073021Z-LtPzSb,django__django-13028,17,26.51171875,24.0703125,598016.0,1961984.0,2.151171357006041,9.20878149403271
qwen-run-20260923T073021Z-LtPzSb,django__django-13028,18,25.75390625,23.328125,638976.0,1904640.0,2.3661459123312603,9.419080843318671
qwen-run-20260923T073021Z-LtPzSb,django__django-13028,19,44.4296875,41.9609375,557056.0,2031616.0,1.195709512924213,5.55653244241252
qwen-run-20260923T073021Z-LtPzSb,django__django-13028,20,25.359375,23.0078125,557056.0,1908736.0,2.094886013555145,9.272951324707332
qwen-run-20260923T073021Z-LtPzSb,django__django-13033,1,4.34375,3.59375,73728.0,712704.0,1.618705035971223,17.26618705035971
qwen-run-20260923T073021Z-LtPzSb,django__django-13033,2,26.796875,24.38671875,507904.0,2019328.0,1.8075801749271136,8.994169096209912
qwen-run-20260923T073021Z-LtPzSb,django__django-13033,3,41.96484375,35.4609375,471040.0,6348800.0,1.0704644885041423,15.498464116168668
qwen-run-20260923T073021Z-LtPzSb,django__django-13033,4,42.01171875,35.3515625,462848.0,6520832.0,1.0506741050674104,15.853091585309159
qwen-run-20260923T073021Z-LtPzSb,django__django-13033,5,41.6640625,35.75,417792.0,5783552.0,0.956309769360585,14.194637164822801
qwen-run-20260923T073021Z-LtPzSb,django__django-13033,6,25.64453125,23.30859375,483328.0,1966080.0,1.7974105102817974,9.108910891089108
qwen-run-20260923T073021Z-LtPzSb,django__django-13033,7,25.484375,23.0078125,544768.0,2052096.0,2.03862660944206,9.717964438994482
qwen-run-20260923T073021Z-LtPzSb,django__django-13033,8,25.9140625,23.578125,471040.0,1978368.0,1.73349412119385,9.01416943020802
qwen-run-20260923T073021Z-LtPzSb,django__django-13033,9,25.49609375,23.21484375,454656.0,1937408.0,1.700628159950973,8.947449057760073
qwen-run-20260923T073021Z-LtPzSb,django__django-13033,10,75.11328125,67.83984375,548864.0,7077888.0,0.6968641114982579,9.683290862759375
qwen-run-20260923T073021Z-LtPzSb,django__django-13033,11,26.125,23.75,471040.0,2019328.0,1.7194976076555024,9.090909090909092
qwen-run-20260923T073021Z-LtPzSb,django__django-13033,12,26.21484375,23.91015625,462848.0,1953792.0,1.68380271196543,8.791536283713306
qwen-run-20260923T073021Z-LtPzSb,django__django-13033,13,26.5859375,24.24609375,483328.0,1970176.0,1.7337643255950632,8.801057890096974
qwen-run-20260923T073021Z-LtPzSb,django__django-13033,14,25.88671875,24.02734375,16384.0,1933312.0,0.06035913686434284,7.182737286856798
qwen-run-20260923T073021Z-LtPzSb,django__django-13033,15,26.296875,24.12109375,323584.0,1957888.0,1.1734997029114675,8.273915626856803
qwen-run-20260923T073021Z-LtPzSb,django__django-13033,16,26.10546875,23.8828125,372736.0,1957888.0,1.3616639233877001,8.514140356127488
qwen-run-20260923T073021Z-LtPzSb,django__django-13033,17,26.16796875,23.625,475136.0,2191360.0,1.7316017316017316,9.717868338557993
qwen-run-20260923T073021Z-LtPzSb,django__django-13033,18,25.98046875,23.7265625,413696.0,1949696.0,1.518568636295294,8.67538715982559
qwen-run-20260923T073021Z-LtPzSb,django__django-13033,19,26.22265625,24.8828125,413696.0,991232.0,1.5045434232086996,5.109489051094891
qwen-run-20260923T073021Z-LtPzSb,django__django-13033,20,25.39453125,23.25,331776.0,1916928.0,1.2459621596677435,8.444854637748039
qwen-run-20260923T073021Z-LtPzSb,django__django-13033,21,25.296875,23.0390625,344064.0,2023424.0,1.2970969734403952,8.925262507720815
qwen-run-20260923T073021Z-LtPzSb,django__django-13033,22,28.359375,26.12890625,266240.0,2072576.0,0.8953168044077136,7.865013774104683
qwen-run-20260923T073021Z-LtPzSb,django__django-13033,23,25.84765625,23.70703125,303104.0,1941504.0,1.118331570197975,8.281698654979598
qwen-run-20260923T073021Z-LtPzSb,django__django-13033,24,25.328125,23.12890625,356352.0,1949696.0,1.3417643429981494,8.682911782850093
qwen-run-20260923T073021Z-LtPzSb,django__django-13033,25,30.31640625,28.0703125,319488.0,2035712.0,1.0050251256281406,7.408839067130525
qwen-run-20260923T073021Z-LtPzSb,django__django-13033,26,25.30859375,23.12109375,258048.0,2035712.0,0.972372279672789,8.643309152647014
qwen-run-20260923T073021Z-LtPzSb,django__django-13033,27,30.48046875,28.16796875,368640.0,2056192.0,1.1534025374855825,7.586825579905165
qwen-run-20260923T073021Z-LtPzSb,django__django-13033,28,25.41796875,23.29296875,286720.0,1941504.0,1.0757645612417397,8.360227447364377
qwen-run-20260923T073021Z-LtPzSb,django__django-13033,29,30.15234375,27.96484375,278528.0,2015232.0,0.8809431273481021,7.254825754631429
qwen-run-20260923T073021Z-LtPzSb,django__django-13033,30,36.984375,34.41015625,499712.0,2199552.0,1.2885509083227715,6.9602872834811995
qwen-run-20260923T073021Z-LtPzSb,django__django-13033,31,57.05859375,52.85546875,647168.0,3760128.0,1.0816731703977545,7.366331211063189
qwen-run-20260923T073021Z-LtPzSb,django__django-13033,32,25.6015625,23.09375,589824.0,2039808.0,2.197131522734208,9.795544705523344
qwen-run-20260923T073021Z-LtPzSb,django__django-13033,33,30.48828125,28.16015625,421888.0,2019328.0,1.319666880204997,7.636130685458039
qwen-run-20260923T073021Z-LtPzSb,django__django-13033,34,25.25390625,22.9921875,434176.0,1937408.0,1.639597834493426,8.955916473317865
qwen-run-20260923T073021Z-LtPzSb,django__django-13033,35,30.47265625,28.16796875,372736.0,2043904.0,1.1665171131906167,7.563132931675426
qwen-run-20260923T073021Z-LtPzSb,django__django-13033,36,25.3828125,23.07421875,458752.0,1961984.0,1.7236072637734687,9.09510618651893
qwen-run-20260923T073021Z-LtPzSb,django__django-13033,37,30.17578125,27.80078125,430080.0,2060288.0,1.3592233009708738,7.8705501618122975
qwen-run-20260923T073021Z-LtPzSb,django__django-13033,38,52.765625,49.23046875,471040.0,3235840.0,0.8513473497186852,6.6997334912644355
qwen-run-20260923T073021Z-LtPzSb,django__django-13033,39,30.4609375,28.046875,475136.0,2056192.0,1.4875609130546295,7.925109002308284
qwen-run-20260923T073021Z-LtPzSb,django__django-13033,40,52.84765625,49.30078125,503808.0,3215360.0,0.9091581048118855,6.711508611131643
qwen-run-20260923T073021Z-LtPzSb,django__django-13033,41,54.25,50.58203125,450560.0,3395584.0,0.7920506912442397,6.761232718894009
qwen-run-20260923T073021Z-LtPzSb,django__django-13033,42,26.55078125,24.62109375,4096.0,2019328.0,0.014712373105781962,7.267912314256289
qwen-run-20260923T073021Z-LtPzSb,django__django-13033,43,25.55859375,23.3984375,299008.0,1966080.0,1.1156961638392175,8.451780528809415
qwen-run-20260923T073021Z-LtPzSb,django__django-13033,44,25.2890625,23.0625,344064.0,1990656.0,1.2974976830398517,8.804448563484709
qwen-run-20260923T073021Z-LtPzSb,django__django-13033,45,25.4765625,23.32421875,270336.0,1986560.0,1.0119595216191353,8.448328733517325
qwen-run-20260923T073021Z-LtPzSb,django__django-13033,46,30.3203125,28.08203125,331776.0,2015232.0,1.0435454779695954,7.382118010821953
qwen-run-20260923T073021Z-LtPzSb,django__django-13033,47,25.67578125,23.41015625,417792.0,1957888.0,1.5518028297581012,8.823976875095086
qwen-run-20260923T073021Z-LtPzSb,django__django-13033,48,30.43359375,28.15234375,327680.0,2064384.0,1.0268258246694904,7.49582852008728
qwen-run-20260923T073021Z-LtPzSb,django__django-13033,49,47.52734375,44.62890625,290816.0,2748416.0,0.5835456562833895,6.098463055806691
qwen-run-20260923T073021Z-LtPzSb,django__django-13033,50,47.515625,44.4453125,458752.0,2760704.0,0.9207497533706018,6.461690233475831
qwen-run-20260923T073021Z-LtPzSb,django__django-13033,51,47.5,44.4296875,462848.0,2756608.0,0.9292763157894737,6.463815789473684
qwen-run-20260923T073021Z-LtPzSb,django__django-13033,52,25.30078125,22.90625,401408.0,2109440.0,1.5130461633472287,9.464258144202564
qwen-run-20260923T073021Z-LtPzSb,django__django-13033,53,47.484375,44.41015625,462848.0,2760704.0,0.9295820993747943,6.474169134583745
qwen-run-20260923T073021Z-LtPzSb,django__django-13033,54,55.9921875,52.0703125,491520.0,3620864.0,0.8371703641691084,7.0043253802148735
qwen-run-20260923T073021Z-LtPzSb,django__django-13033,55,25.43359375,23.1015625,450560.0,1994752.0,1.689448625403164,9.169098448778989
qwen-run-20260923T073021Z-LtPzSb,django__django-13033,56,55.42578125,51.51953125,528384.0,3567616.0,0.9091549792092466,7.047713017125942
qwen-run-20260923T073021Z-LtPzSb,django__django-13033,57,52.71484375,49.25,360448.0,3272704.0,0.6520933679140423,6.572804742497222
qwen-run-20260923T073021Z-LtPzSb,django__django-13033,58,25.26171875,22.7734375,520192.0,2088960.0,1.9638162981289624,9.850007731560229
qwen-run-20260923T073021Z-LtPzSb,django__django-13033,59,29.98046875,27.74609375,335872.0,2007040.0,1.0684039087947883,7.452768729641694
qwen-run-20260923T073021Z-LtPzSb,django__django-13033,60,25.2890625,23.1015625,331776.0,1961984.0,1.2511584800741427,8.649984553599012
qwen-run-20260923T073021Z-LtPzSb,django__django-13033,61,30.26171875,27.86328125,376832.0,2138112.0,1.1875564734736026,7.925648638182523
qwen-run-20260923T073021Z-LtPzSb,django__django-13033,62,30.21875,28.015625,278528.0,2031616.0,0.8790072388831437,7.290589451913133
qwen-run-20260923T073021Z-LtPzSb,django__django-13033,63,25.1796875,23.00390625,323584.0,1957888.0,1.2255662426310892,8.641017685386286
qwen-run-20260923T073021Z-LtPzSb,django__django-13033,64,25.24609375,23.03125,344064.0,1978368.0,1.2997060188766827,8.773015627417609
qwen-run-20260923T073021Z-LtPzSb,django__django-13033,65,30.26953125,27.90625,421888.0,2056192.0,1.3292037682281586,7.807459026971222
qwen-run-20260923T073021Z-LtPzSb,django__django-13033,66,30.296875,27.9609375,397312.0,2052096.0,1.2506446621970089,7.710159876224858
qwen-run-20260923T073021Z-LtPzSb,django__django-13033,67,30.20703125,27.8359375,393216.0,2093056.0,1.2414328203801888,7.8494762705289025
qwen-run-20260923T073021Z-LtPzSb,django__django-13033,68,25.515625,23.33203125,323584.0,1966080.0,1.2094304960195958,8.55786895284752
qwen-run-20260923T073021Z-LtPzSb,django__django-13033,69,29.6875,27.66796875,57344.0,2060288.0,0.18421052631578946,6.802631578947368
qwen-run-20260923T073021Z-LtPzSb,django__django-13033,70,25.421875,23.27734375,270336.0,1978368.0,1.014136447449293,8.43577135832821
qwen-run-20260923T073021Z-LtPzSb,django__django-13033,71,30.56640625,28.25,356352.0,2072576.0,1.1118210862619808,7.578274760383387
qwen-run-20260923T073021Z-LtPzSb,django__django-13033,72,36.9375,34.4765625,335872.0,2244608.0,0.8671742808798646,6.66243654822335
qwen-run-20260923T073021Z-LtPzSb,django__django-13033,73,25.390625,23.09375,405504.0,2002944.0,1.523076923076923,9.046153846153846
qwen-run-20260923T073021Z-LtPzSb,django__django-13033,74,30.45703125,28.06640625,413696.0,2093056.0,1.2953700141079902,7.849172758753367
qwen-run-20260923T073021Z-LtPzSb,django__django-13033,75,25.203125,22.98828125,356352.0,1966080.0,1.3484190948543087,8.787972721636702
qwen-run-20260923T073021Z-LtPzSb,django__django-13033,76,30.234375,27.86328125,434176.0,2052096.0,1.3695090439276485,7.8423772609819125
qwen-run-20260923T073021Z-LtPzSb,django__django-13033,77,36.984375,34.55078125,331776.0,2220032.0,0.8555133079847909,6.580059146599071
qwen-run-20260923T073021Z-LtPzSb,django__django-13033,78,25.2578125,22.93359375,352256.0,2084864.0,1.3300340241261985,9.201979585524281
qwen-run-20260923T073021Z-LtPzSb,django__django-13033,79,30.43359375,27.9296875,491520.0,2134016.0,1.5402387370042356,8.227441920164292
qwen-run-20260923T073021Z-LtPzSb,django__django-13033,80,30.3359375,27.92578125,479232.0,2048000.0,1.5065670873036312,7.944887973216585
qwen-run-20260923T073021Z-LtPzSb,django__django-13033,81,29.5546875,27.31640625,323584.0,2023424.0,1.0441448585778483,7.573354480570975
qwen-run-20260923T073021Z-LtPzSb,django__django-13033,82,25.12890625,23.7734375,417792.0,1003520.0,1.5855743820923365,5.394061868490596
qwen-run-20260923T073021Z-LtPzSb,django__django-13033,83,29.890625,27.55859375,389120.0,2056192.0,1.2415054887611081,7.801881860951386
qwen-run-20260923T073021Z-LtPzSb,django__django-13033,84,25.34375,23.109375,380928.0,1961984.0,1.433415536374846,8.816276202219482
qwen-run-20260923T073021Z-LtPzSb,django__django-13033,85,30.203125,27.9140625,348160.0,2052096.0,1.099327470253492,7.578892912571133
qwen-run-20260923T073021Z-LtPzSb,django__django-13033,86,30.15234375,28.82421875,393216.0,999424.0,1.2436844150796735,4.4047156367405105
qwen-run-20260923T073021Z-LtPzSb,django__django-13033,87,52.21875,50.015625,499712.0,1810432.0,0.9126271693596649,4.21903052064632
qwen-run-20260923T073021Z-LtPzSb,django__django-13033,88,53.55859375,49.83984375,458752.0,3440640.0,0.8168623732769309,6.943330172853913
qwen-run-20260923T073021Z-LtPzSb,django__django-13033,89,54.69921875,50.796875,495616.0,3596288.0,0.8641005498821681,7.134185531671784
qwen-run-20260923T073021Z-LtPzSb,django__django-13033,90,54.6953125,50.828125,487424.0,3567616.0,0.8498785887730325,7.070418511641194
qwen-run-20260923T073021Z-LtPzSb,django__django-13033,91,56.2578125,52.28125,544768.0,3624960.0,0.9234828496042217,7.068462713512012
qwen-run-20260923T073021Z-LtPzSb,django__django-13033,92,25.29296875,23.515625,720896.0,1142784.0,2.718146718146718,7.027027027027027
qwen-run-20260923T073021Z-LtPzSb,django__django-13033,93,53.125,49.30078125,548864.0,3461120.0,0.9852941176470589,7.198529411764706
qwen-run-20260923T073021Z-LtPzSb,django__django-13033,94,56.21875,52.5234375,331776.0,3543040.0,0.5628126737076153,6.573096164535853
qwen-run-20260923T073021Z-LtPzSb,django__django-13033,95,25.9375,23.51953125,466944.0,2068480.0,1.716867469879518,9.322289156626505
qwen-run-20260923T073021Z-LtPzSb,django__django-13033,96,25.55859375,23.05078125,614400.0,2015232.0,2.2925263640531868,9.81201283814764
qwen-run-20260923T073021Z-LtPzSb,django__django-13033,97,25.20703125,22.921875,413696.0,1982464.0,1.5651634898496822,9.06555090655509
qwen-run-20260923T073021Z-LtPzSb,django__django-13033,98,30.31640625,27.859375,483328.0,2093056.0,1.5204226259502642,8.10462569256539
qwen-run-20260923T073021Z-LtPzSb,django__django-13033,99,26.18359375,24.68359375,561152.0,1011712.0,2.0438609577800984,5.7287781590332685
qwen-run-20260923T073021Z-LtPzSb,django__django-13033,100,26.5703125,24.10546875,532480.0,2052096.0,1.9112025874742722,9.276683328432814
qwen-run-20260923T073021Z-LtPzSb,django__django-13033,101,25.97265625,24.35546875,516096.0,1179648.0,1.895021807790645,6.226500225597834
qwen-run-20260923T073021Z-LtPzSb,django__django-13033,102,29.62109375,28.00390625,524288.0,1171456.0,1.6879862851114336,5.4595806409072924
qwen-run-20260923T073021Z-LtPzSb,django__django-13033,103,25.01953125,22.6328125,475136.0,2027520.0,1.8110850897736144,9.539422326307573
qwen-run-20260923T073021Z-LtPzSb,django__django-13033,104,25.46484375,23.01171875,585728.0,1986560.0,2.193587973615585,9.633379352661452
qwen-run-20260923T073021Z-LtPzSb,django__django-13033,105,29.22265625,26.65625,598016.0,2093056.0,1.9516107472263067,8.78224836251838
qwen-run-20260923T073021Z-LtPzSb,django__django-13033,106,24.73046875,22.23046875,614400.0,2007040.0,2.36929395040278,10.108987521718527
qwen-run-20260923T073021Z-LtPzSb,django__django-13033,107,24.1328125,21.69921875,573440.0,1978368.0,2.2661055357720947,10.084169634185821
qwen-run-20260923T073021Z-LtPzSb,django__django-13033,108,25.47265625,22.97265625,602112.0,2019328.0,2.2542554822879928,9.814445637172213
qwen-run-20260923T073021Z-LtPzSb,django__django-13033,109,24.296875,21.80078125,602112.0,2015232.0,2.3633440514469455,10.27331189710611
qwen-run-20260923T073021Z-LtPzSb,django__django-13033,110,29.30859375,26.8203125,524288.0,2084864.0,1.7059842729574837,8.489937358389977
qwen-run-20260923T073021Z-LtPzSb,django__django-13033,111,26.1484375,23.73046875,516096.0,2019328.0,1.8822826411711981,9.24708694353152
qwen-run-20260923T073021Z-LtPzSb,django__django-13033,112,25.64453125,24.1484375,430080.0,1138688.0,1.5993907083015995,5.833968012185834
qwen-run-20260923T073021Z-LtPzSb,django__django-13033,113,25.01953125,22.55859375,602112.0,1978368.0,2.2950819672131146,9.836065573770492
qwen-run-20260923T073021Z-LtPzSb,django__django-13033,114,25.2265625,22.72265625,606208.0,2019328.0,2.2917311861257357,9.92567358315268
qwen-run-20260923T073021Z-LtPzSb,django__django-13033,115,30.234375,27.67578125,565248.0,2117632.0,1.7829457364341086,8.462532299741602
qwen-run-20260923T073021Z-LtPzSb,django__django-13033,116,25.96484375,23.4609375,589824.0,2035712.0,2.166390853016398,9.643448172107718
qwen-run-20260923T073021Z-LtPzSb,django__django-13033,117,26.05859375,23.53515625,598016.0,2048000.0,2.1885774246739618,9.683705591365612
qwen-run-20260923T073021Z-LtPzSb,django__django-13033,118,25.203125,22.80078125,536576.0,1982464.0,2.0303781773093617,9.531928084314941
qwen-run-20260923T073021Z-LtPzSb,django__django-13033,119,25.40625,23.03515625,487424.0,1998848.0,1.8296432964329643,9.332718327183272
qwen-run-20260923T073021Z-LtPzSb,django__django-13033,120,30.63671875,28.109375,528384.0,2121728.0,1.6447787836287135,8.249394364401377
qwen-run-20260923T073021Z-LtPzSb,django__django-13033,121,25.8671875,23.44921875,532480.0,2002944.0,1.9631531259438235,9.347629115070976
qwen-run-20260923T073021Z-LtPzSb,django__django-13033,122,25.25,22.828125,552960.0,1986560.0,2.088490099009901,9.591584158415841
qwen-run-20260923T073021Z-LtPzSb,django__django-13033,123,25.36328125,22.86328125,585728.0,2035712.0,2.20237178499923,9.856768827968581
qwen-run-20260923T073021Z-LtPzSb,django__django-13033,124,30.2578125,28.1796875,57344.0,2121728.0,0.18073844564936742,6.868060934675961
qwen-run-20260923T073021Z-LtPzSb,django__django-13033,125,26.05859375,23.8359375,303104.0,2027520.0,1.1092789686703644,8.529455853695099
qwen-run-20260923T073021Z-LtPzSb,django__django-13033,126,25.21484375,23.00390625,307200.0,2011136.0,1.1618900077459333,8.76839659178931
qwen-run-20260923T073021Z-LtPzSb,django__django-13033,127,25.421875,23.25,266240.0,2011136.0,0.9987707437000615,8.543331284572833
qwen-run-20260923T073021Z-LtPzSb,django__django-13033,128,25.37890625,23.26171875,237568.0,1982464.0,0.8927197167923657,8.342311836232106
qwen-run-20260923T073021Z-LtPzSb,django__django-13033,129,26.44921875,24.22265625,327680.0,2007040.0,1.1815093782306898,8.418254319893665
qwen-run-20260923T073021Z-LtPzSb,django__django-13033,130,25.4296875,23.21875,311296.0,2007040.0,1.1674347158218126,8.69431643625192
qwen-run-20260923T073021Z-LtPzSb,django__django-13033,131,30.55078125,28.19921875,368640.0,2097152.0,1.1507479861910241,7.697225418744406
qwen-run-20260923T073021Z-LtPzSb,django__django-13033,132,25.97265625,23.8046875,454656.0,1818624.0,1.6694239735298542,8.34711986764927
qwen-run-20260923T073021Z-LtPzSb,django__django-13033,133,25.296875,23.03515625,339968.0,2031616.0,1.2816553428042001,8.940704138357011
qwen-run-20260923T073021Z-LtPzSb,django__django-13033,134,26.64453125,24.33203125,364544.0,2060288.0,1.3047940184723648,8.679079313883594
qwen-run-20260923T073021Z-LtPzSb,django__django-13033,135,25.64453125,23.37109375,368640.0,2015232.0,1.3709063214013708,8.865194211728864
qwen-run-20260923T073021Z-LtPzSb,django__django-13033,136,30.3828125,28.0234375,348160.0,2125824.0,1.0928259192594498,7.765492414502443
qwen-run-20260923T073021Z-LtPzSb,django__django-13033,137,26.03515625,23.79296875,327680.0,2023424.0,1.2003000750187547,8.612153038259565
qwen-run-20260923T073021Z-LtPzSb,django__django-13033,138,25.1640625,22.90234375,380928.0,1990656.0,1.443651040049674,8.987891959018938
qwen-run-20260923T073021Z-LtPzSb,django__django-13033,139,25.53515625,23.27734375,348160.0,2019328.0,1.300290653204834,8.841976441792871
qwen-run-20260923T073021Z-LtPzSb,django__django-13033,140,30.58984375,28.21484375,376832.0,2113536.0,1.1748180309028222,7.764014812922999
qwen-run-20260923T073021Z-LtPzSb,django__django-13033,141,26.03125,23.7890625,327680.0,2023424.0,1.2004801920768307,8.61344537815126
qwen-run-20260923T073021Z-LtPzSb,django__django-13033,142,31.5703125,29.1640625,380928.0,2142208.0,1.1507052709725316,7.621875773323435
qwen-run-20260923T073021Z-LtPzSb,django__django-13033,143,24.9296875,22.65234375,372736.0,2015232.0,1.4258853024130367,9.135067376997807
qwen-run-20260923T073021Z-LtPzSb,django__django-13033,144,30.18359375,27.88671875,323584.0,2084864.0,1.0223890254950174,7.609680341659117
qwen-run-20260923T073021Z-LtPzSb,django__django-13033,145,25.97265625,23.69921875,385024.0,1998848.0,1.4137464280342908,8.753195969318694
qwen-run-20260923T073021Z-LtPzSb,django__django-13033,146,25.48828125,23.26171875,327680.0,2007040.0,1.2260536398467432,8.735632183908047
qwen-run-20260923T073021Z-LtPzSb,django__django-13033,147,30.48046875,28.98828125,491520.0,1073152.0,1.5378700499807767,4.895552992438805
qwen-run-20260923T073021Z-LtPzSb,django__django-13033,148,25.12890625,22.9296875,319488.0,1986560.0,1.2124980568941397,8.751748795274366
qwen-run-20260923T073021Z-LtPzSb,django__django-13033,149,25.1484375,22.984375,290816.0,1978368.0,1.1028269648959304,8.60515688101895
qwen-run-20260923T073021Z-LtPzSb,django__django-13033,150,25.49609375,23.2109375,401408.0,1994752.0,1.5014554925693273,8.962770032174046
qwen-run-20260923T073021Z-LtPzSb,django__django-13033,151,30.7890625,28.46875,315392.0,2117632.0,0.9769094138543517,7.536158335447856
qwen-run-20260923T073021Z-LtPzSb,django__django-13033,152,26.01953125,23.76171875,348160.0,2019328.0,1.2760846719711756,8.677375769403993
qwen-run-20260923T073021Z-LtPzSb,django__django-13033,153,31.46875,28.99609375,430080.0,2162688.0,1.3033763654419066,7.857497517378351
qwen-run-20260923T073021Z-LtPzSb,django__django-13033,154,24.15234375,22.45703125,544768.0,1232896.0,2.151059356299531,7.019246320556364
qwen-run-20260923T073021Z-LtPzSb,django__django-13033,155,30.0625,27.85546875,126976.0,2187264.0,0.4028066528066528,7.341476091476092
qwen-run-20260923T073021Z-LtPzSb,django__django-13033,156,25.99609375,23.6875,385024.0,2035712.0,1.4124718256949662,8.88054094665665
qwen-run-20260923T073021Z-LtPzSb,django__django-13033,157,25.85546875,23.6171875,311296.0,2035712.0,1.148209699350355,8.656896812207282
qwen-run-20260923T073021Z-LtPzSb,django__django-13033,158,25.83984375,23.4921875,442368.0,2019328.0,1.6326530612244898,9.0854119425548
qwen-run-20260923T073021Z-LtPzSb,django__django-13033,159,26.5078125,25.04296875,512000.0,1024000.0,1.8420277040966697,5.526083112290009
qwen-run-20260923T073021Z-LtPzSb,django__django-13033,160,26.2578125,24.03515625,294912.0,2035712.0,1.0711097887533472,8.464742636120203
qwen-run-20260923T073021Z-LtPzSb,django__django-13033,161,26.94921875,24.7109375,323584.0,2023424.0,1.1450934918104072,8.305551529207131
qwen-run-20260923T073021Z-LtPzSb,django__django-13033,162,25.58203125,23.28125,380928.0,2031616.0,1.4200641319285388,8.993739502214078
qwen-run-20260923T073021Z-LtPzSb,django__django-13033,163,30.37109375,28.87109375,479232.0,1093632.0,1.504823151125402,4.938906752411576
qwen-run-20260923T073021Z-LtPzSb,django__django-13033,164,25.57421875,23.1875,454656.0,2048000.0,1.6954330227585153,9.332518710859937
qwen-run-20260923T073021Z-LtPzSb,django__django-13033,165,25.42578125,23.171875,360448.0,2002944.0,1.3519741895836535,8.864648947611
qwen-run-20260923T073021Z-LtPzSb,django__django-13033,166,43.34765625,41.015625,335872.0,2109440.0,0.738938451833829,5.379832387131657
qwen-run-20260923T073021Z-LtPzSb,django__django-13033,167,25.00390625,23.6484375,352256.0,1069056.0,1.3435400718637713,5.421027964380565
qwen-run-20260923T073021Z-LtPzSb,django__django-13089,1,4.13671875,3.390625,90112.0,692224.0,2.0774315391879132,18.035882908404155
qwen-run-20260923T073021Z-LtPzSb,django__django-13089,2,47.41796875,39.19140625,16384.0,8609792.0,0.03295164346321773,17.349040283384134
qwen-run-20260923T073021Z-LtPzSb,django__django-13089,3,26.05859375,23.91796875,262144.0,1982464.0,0.9593764053365312,8.21466047069405
qwen-run-20260923T073021Z-LtPzSb,django__django-13089,4,25.94140625,23.73828125,331776.0,1978368.0,1.2196958289414246,8.492696882999548
qwen-run-20260923T073021Z-LtPzSb,django__django-13089,5,26.05859375,23.97265625,262144.0,1925120.0,0.9593764053365312,8.004796882026683
qwen-run-20260923T073021Z-LtPzSb,django__django-13089,6,25.140625,22.953125,356352.0,1937408.0,1.3517712865133624,8.70105655686762
qwen-run-20260923T073021Z-LtPzSb,django__django-13089,7,26.4921875,24.34765625,274432.0,1974272.0,0.9879091713358891,8.094957239752285
qwen-run-20260923T073021Z-LtPzSb,django__django-13089,8,25.0078125,22.86328125,307200.0,1941504.0,1.1715089034676665,8.575445173383319
qwen-run-20260923T073021Z-LtPzSb,django__django-13089,9,26.7265625,24.46875,299008.0,2068480.0,1.0669394913767904,8.447822274188834
qwen-run-20260923T073021Z-LtPzSb,django__django-13089,10,25.83203125,23.6328125,307200.0,1998848.0,1.1341297444427643,8.513533948283683
qwen-run-20260923T073021Z-LtPzSb,django__django-13089,11,44.26953125,42.0,315392.0,2064384.0,0.679431747992588,5.1266213712168005
qwen-run-20260923T073021Z-LtPzSb,django__django-13089,12,24.8515625,22.828125,192512.0,1929216.0,0.7387613957874882,8.142093681232318
qwen-run-20260923T073021Z-LtPzSb,django__django-13109,1,4.11328125,3.1015625,172032.0,888832.0,3.988603988603989,24.596391263057928
qwen-run-20260923T073021Z-LtPzSb,django__django-13109,2,26.125,23.78125,479232.0,1978368.0,1.749401913875598,8.971291866028707
qwen-run-20260923T073021Z-LtPzSb,django__django-13109,3,26.08984375,23.7578125,487424.0,1957888.0,1.7817038478814193,8.9384638418925
qwen-run-20260923T073021Z-LtPzSb,django__django-13109,4,25.75,23.3515625,577536.0,1937408.0,2.1389563106796117,9.314320388349515
qwen-run-20260923T073021Z-LtPzSb,django__django-13109,5,25.80078125,23.3125,679936.0,1929216.0,2.5132475397426193,9.644208932626798
qwen-run-20260923T073021Z-LtPzSb,django__django-13109,6,25.8984375,23.56640625,499712.0,1945600.0,1.8401206636500753,9.004524886877828
qwen-run-20260923T073021Z-LtPzSb,django__django-13109,7,25.18359375,22.703125,659456.0,1941504.0,2.49728555917481,9.849542422832325
qwen-run-20260923T073021Z-LtPzSb,django__django-13109,8,55.36328125,51.2890625,167936.0,4104192.0,0.28928243843928597,7.359063007126226
qwen-run-20260923T073021Z-LtPzSb,django__django-13109,9,25.0390625,22.82421875,352256.0,1970176.0,1.3416536661466458,8.845553822152887
qwen-run-20260923T073021Z-LtPzSb,django__django-13109,10,59.53125,56.97265625,638976.0,2043904.0,1.0236220472440944,4.297900262467191
qwen-run-20260923T073021Z-LtPzSb,django__django-13109,11,25.0234375,21.59375,679936.0,2916352.0,2.5913206369029034,13.705900718076803
qwen-run-20260923T073021Z-LtPzSb,django__django-13109,12,58.15234375,52.88671875,888832.0,4632576.0,1.4576476120104789,9.05488009672869
qwen-run-20260923T073021Z-LtPzSb,django__django-13109,13,25.6171875,22.7734375,671744.0,2310144.0,2.5007624275693807,11.100945410186032
qwen-run-20260923T073021Z-LtPzSb,django__django-13109,14,58.9453125,53.4921875,839680.0,4878336.0,1.3585155732273029,9.25115970841617
qwen-run-20260923T073021Z-LtPzSb,django__django-13109,15,25.6875,22.22265625,667648.0,2965504.0,2.4787104622871046,13.488442822384428
qwen-run-20260923T073021Z-LtPzSb,django__django-13109,16,57.4765625,52.515625,643072.0,4558848.0,1.0670110099225227,8.631235557972
qwen-run-20260923T073021Z-LtPzSb,django__django-13109,17,26.56640625,23.859375,675840.0,2162688.0,2.4261138067931185,10.189677988531098
qwen-run-20260923T073021Z-LtPzSb,django__django-13109,18,57.5625,52.546875,679936.0,4579328.0,1.1264929424538546,8.713355048859935
qwen-run-20260923T073021Z-LtPzSb,django__django-13109,19,43.99609375,41.12890625,745472.0,2260992.0,1.6159105034182721,6.5169137885110535
qwen-run-20260923T073021Z-LtPzSb,django__django-13109,20,25.40625,22.72265625,692224.0,2121728.0,2.59840098400984,10.562730627306273
qwen-run-20260923T073021Z-LtPzSb,django__django-13109,21,46.73828125,43.91796875,700416.0,2256896.0,1.4291684078562474,6.0342666109486
qwen-run-20260923T073021Z-LtPzSb,django__django-13109,22,45.19921875,42.51953125,548864.0,2260992.0,1.1580675827499785,5.928614640048397
qwen-run-20260923T073021Z-LtPzSb,django__django-13109,23,125.50390625,122.48828125,1056768.0,2105344.0,0.8030128544305767,2.4028136574434313
qwen-run-20260923T073021Z-LtPzSb,django__django-13109,24,40.71484375,36.7578125,884736.0,3264512.0,2.0723400172695,9.71889091432409
qwen-run-20260923T073021Z-LtPzSb,django__django-13109,25,26.60546875,23.5390625,1040384.0,2174976.0,3.729261488768169,11.525473498752019
qwen-run-20260923T073021Z-LtPzSb,django__django-13109,26,73.0859375,65.54296875,1110016.0,6799360.0,1.4484233030464992,10.320684126135756
qwen-run-20260923T073021Z-LtPzSb,django__django-13109,27,27.015625,23.8125,1159168.0,2199552.0,4.09196067090804,11.856564488143436
qwen-run-20260923T073021Z-LtPzSb,django__django-13109,28,27.62890625,24.37109375,1191936.0,2224128.0,4.114237240209246,11.79131910080588
qwen-run-20260923T073021Z-LtPzSb,django__django-13109,29,26.88671875,24.8125,4096.0,2170880.0,0.01452854859799506,7.714659305535377
qwen-run-20260923T073021Z-LtPzSb,django__django-13109,30,26.73828125,24.2890625,397312.0,2170880.0,1.4170927684441197,9.159970781592403
qwen-run-20260923T073021Z-LtPzSb,django__django-13109,31,26.2890625,23.765625,483328.0,2162688.0,1.7533432392273403,9.598811292719168
qwen-run-20260923T073021Z-LtPzSb,django__django-13109,32,25.48828125,23.12890625,348160.0,2125824.0,1.3026819923371646,9.256704980842912
qwen-run-20260923T073021Z-LtPzSb,django__django-13109,33,26.625,24.21484375,348160.0,2179072.0,1.2470657276995305,9.052230046948356
qwen-run-20260923T073021Z-LtPzSb,django__django-13109,34,26.1875,23.76953125,368640.0,2166784.0,1.3424821002386635,9.233293556085918
qwen-run-20260923T073021Z-LtPzSb,django__django-13109,35,43.96484375,41.51953125,327680.0,2236416.0,0.7107952021323856,5.561972456685917
qwen-run-20260923T073021Z-LtPzSb,django__django-13109,36,25.33984375,22.84765625,479232.0,2134016.0,1.8036072144288577,9.835054724834285
qwen-run-20260923T073021Z-LtPzSb,django__django-13109,37,27.09375,24.59375,458752.0,2162688.0,1.6147635524798154,9.22722029988466
qwen-run-20260923T073021Z-LtPzSb,django__django-13109,38,44.140625,41.4453125,561152.0,2265088.0,1.2123893805309736,6.106194690265487
qwen-run-20260923T073021Z-LtPzSb,django__django-13109,39,25.23828125,22.69140625,536576.0,2134016.0,2.0275499148738585,10.091317133570655
qwen-run-20260923T073021Z-LtPzSb,django__django-13109,40,46.06640625,43.4296875,491520.0,2273280.0,1.0175527855507505,5.723734418722971
qwen-run-20260923T073021Z-LtPzSb,django__django-13109,41,25.2265625,22.60546875,593920.0,2154496.0,2.2452771755961596,10.390213688448435
qwen-run-20260923T073021Z-LtPzSb,django__django-13109,42,73.23046875,65.8984375,1118208.0,6569984.0,1.4562329972795647,10.01226862964741
qwen-run-20260923T073021Z-LtPzSb,django__django-13109,43,26.1796875,23.10546875,1036288.0,2187264.0,3.7749925395404356,11.74276335422262
qwen-run-20260923T073021Z-LtPzSb,django__django-13109,44,47.8046875,44.765625,876544.0,2310144.0,1.7486517404804707,6.357247916326197
qwen-run-20260923T073021Z-LtPzSb,django__django-13109,45,25.38671875,22.5625,798720.0,2162688.0,3.000461609478381,11.124788428989076
qwen-run-20260923T073021Z-LtPzSb,django__django-13109,46,25.33203125,22.6171875,716800.0,2129920.0,2.698535080956052,10.71703932151118
qwen-run-20260923T073021Z-LtPzSb,django__django-13109,47,25.18359375,22.55859375,606208.0,2146304.0,2.2956413835892664,10.423452768729641
qwen-run-20260923T073021Z-LtPzSb,django__django-13109,48,24.94921875,22.40625,544768.0,2121728.0,2.08235478315328,10.192578675434476
qwen-run-20260923T073021Z-LtPzSb,django__django-13109,49,24.80859375,22.22265625,585728.0,2125824.0,2.2516139190678635,10.423555345614863
qwen-run-20260923T073021Z-LtPzSb,django__django-13112,1,4.1015625,3.11328125,122880.0,913408.0,2.857142857142857,24.095238095238095
qwen-run-20260923T073021Z-LtPzSb,django__django-13112,2,45.76953125,38.08984375,86016.0,7966720.0,0.17922676453016984,16.779039003157806
qwen-run-20260923T073021Z-LtPzSb,django__django-13112,3,45.40234375,37.6171875,303104.0,7860224.0,0.6366686741805042,17.14703604921277
qwen-run-20260923T073021Z-LtPzSb,django__django-13112,4,45.53515625,37.52734375,413696.0,7983104.0,0.8664321866689543,17.58599982842927
qwen-run-20260923T073021Z-LtPzSb,django__django-13112,5,46.8671875,38.6484375,544768.0,8073216.0,1.1085180863477246,17.536256042673777
qwen-run-20260923T073021Z-LtPzSb,django__django-13112,6,46.8046875,39.40234375,393216.0,7368704.0,0.801201802704056,15.815389751293607
qwen-run-20260923T073021Z-LtPzSb,django__django-13112,7,46.69921875,38.69921875,335872.0,8052736.0,0.6859054788791301,17.130907570054372
qwen-run-20260923T073021Z-LtPzSb,django__django-13112,8,162.640625,158.41015625,299008.0,4136960.0,0.17532904217504083,2.601114420213277
qwen-run-20260923T073021Z-LtPzSb,django__django-13112,9,25.046875,22.82421875,339968.0,1990656.0,1.294447910168434,8.873986275733001
qwen-run-20260923T073021Z-LtPzSb,django__django-13112,10,25.81640625,23.6171875,368640.0,1937408.0,1.3617793917385383,8.51868663943108
qwen-run-20260923T073021Z-LtPzSb,django__django-13112,11,25.8515625,24.42578125,540672.0,954368.0,1.9945602901178603,5.515261408280447
qwen-run-20260923T073021Z-LtPzSb,django__django-13112,12,25.390625,23.90625,573440.0,983040.0,2.1538461538461537,5.846153846153846
qwen-run-20260923T073021Z-LtPzSb,django__django-13112,13,25.171875,23.546875,634880.0,1069056.0,2.4053382991930476,6.455617628801987
qwen-run-20260923T073021Z-LtPzSb,django__django-13112,14,24.9921875,22.6484375,536576.0,1921024.0,2.0475148483901218,9.377930603313535
qwen-run-20260923T073021Z-LtPzSb,django__django-13112,15,25.578125,23.3359375,434176.0,1916928.0,1.6188149053146,8.766035430665852
qwen-run-20260923T073021Z-LtPzSb,django__django-13112,16,25.7421875,23.578125,335872.0,1933312.0,1.244309559939302,8.406676783004553
qwen-run-20260923T073021Z-LtPzSb,django__django-13112,17,25.8515625,23.62109375,417792.0,1921024.0,1.5412511332728922,8.627984285282563
qwen-run-20260923T073021Z-LtPzSb,django__django-13112,18,26.36328125,23.9921875,520192.0,1966080.0,1.8817602607793746,8.993925025929768
qwen-run-20260923T073021Z-LtPzSb,django__django-13112,19,25.73046875,23.39453125,491520.0,1957888.0,1.8217701533323212,9.078487930772734
qwen-run-20260923T073021Z-LtPzSb,django__django-13112,20,25.5390625,23.484375,212992.0,1941504.0,0.7953502600183542,8.045273784031814
qwen-run-20260923T073021Z-LtPzSb,django__django-13112,21,25.6484375,23.5390625,274432.0,1937408.0,1.0204081632653061,8.224185196466646
qwen-run-20260923T073021Z-LtPzSb,django__django-13112,22,25.9921875,23.79296875,323584.0,1982464.0,1.1872557859933874,8.461076044484521
qwen-run-20260923T073021Z-LtPzSb,django__django-13112,23,25.76953125,23.421875,487424.0,1974272.0,1.8038502349552827,9.110201606790966
qwen-run-20260923T073021Z-LtPzSb,django__django-13112,24,25.703125,23.48046875,331776.0,1998848.0,1.2310030395136777,8.64741641337386
qwen-run-20260923T073021Z-LtPzSb,django__django-13112,25,25.70703125,23.59375,245760.0,1970176.0,0.911715544750038,8.22063516182951
qwen-run-20260923T073021Z-LtPzSb,django__django-13112,26,25.6015625,23.3515625,389120.0,1970176.0,1.4494964906927068,8.788526090936832
qwen-run-20260923T073021Z-LtPzSb,django__django-13112,27,25.05859375,22.8359375,364544.0,1966080.0,1.387373343725643,8.869836321122369
qwen-run-20260923T073021Z-LtPzSb,django__django-13112,28,24.75,22.375,507904.0,1982464.0,1.957070707070707,9.595959595959595
qwen-run-20260923T073021Z-LtPzSb,django__django-13112,29,25.703125,23.42578125,409600.0,1978368.0,1.5197568389057752,8.860182370820668
qwen-run-20260923T073021Z-LtPzSb,django__django-13112,30,25.7109375,23.41796875,446464.0,1957888.0,1.6560316013369796,8.91826192646612
qwen-run-20260923T073021Z-LtPzSb,django__django-13112,31,25.4140625,23.1171875,471040.0,1937408.0,1.7675991392560713,9.037811251152782
qwen-run-20260923T073021Z-LtPzSb,django__django-13112,32,25.51953125,23.2890625,389120.0,1949696.0,1.4541558242767487,8.740241849073932
qwen-run-20260923T073021Z-LtPzSb,django__django-13112,33,25.90625,23.58203125,454656.0,1982464.0,1.6737032569360675,8.971652593486128
qwen-run-20260923T073021Z-LtPzSb,django__django-13112,34,25.6328125,23.36328125,430080.0,1949696.0,1.6001219140505942,8.854007924413288
qwen-run-20260923T073021Z-LtPzSb,django__django-13112,35,25.4375,23.1953125,409600.0,1941504.0,1.5356265356265357,8.814496314496315
qwen-run-20260923T073021Z-LtPzSb,django__django-13112,36,25.6328125,23.296875,491520.0,1957888.0,1.828710758914965,9.113075281926243
qwen-run-20260923T073021Z-LtPzSb,django__django-13112,37,25.80078125,23.3203125,614400.0,1986560.0,2.2710068130204393,9.613928841786525
qwen-run-20260923T073021Z-LtPzSb,django__django-13112,38,25.56640625,23.14453125,577536.0,1961984.0,2.1543162719633306,9.472880061115355
qwen-run-20260923T073021Z-LtPzSb,django__django-13112,39,25.48828125,23.19140625,450560.0,1957888.0,1.685823754789272,9.011494252873563
qwen-run-20260923T073021Z-LtPzSb,django__django-13112,40,25.65234375,23.32421875,475136.0,1966080.0,1.7664077965585503,9.075681437490482
qwen-run-20260923T073021Z-LtPzSb,django__django-13112,41,25.6171875,23.39453125,389120.0,1941504.0,1.4486123818237266,8.676425739554743
qwen-run-20260923T073021Z-LtPzSb,django__django-13112,42,24.78515625,22.55859375,405504.0,1929216.0,1.5602836879432624,8.983451536643026
qwen-run-20260923T073021Z-LtPzSb,django__django-13121,1,4.43359375,3.41796875,172032.0,892928.0,3.700440528634361,22.90748898678414
qwen-run-20260923T073021Z-LtPzSb,django__django-13121,2,48.1796875,39.3984375,462848.0,8744960.0,0.9161666936922328,18.226041835576456
qwen-run-20260923T073021Z-LtPzSb,django__django-13121,3,48.3515625,43.1875,589824.0,4825088.0,1.16335433834222,10.680239133947326
qwen-run-20260923T073021Z-LtPzSb,django__django-13121,4,43.8125,34.7265625,557056.0,8970240.0,1.2125534950071326,20.738231098430813
qwen-run-20260923T073021Z-LtPzSb,django__django-13121,5,26.79296875,24.1484375,704512.0,2068480.0,2.507654176993731,9.870243475725324
qwen-run-20260923T073021Z-LtPzSb,django__django-13121,6,27.03125,24.62890625,438272.0,2080768.0,1.546242774566474,8.88728323699422
qwen-run-20260923T073021Z-LtPzSb,django__django-13121,7,26.30078125,23.8984375,524288.0,1994752.0,1.9010842120897073,9.134115550274766
qwen-run-20260923T073021Z-LtPzSb,django__django-13121,8,26.2578125,23.765625,552960.0,2060288.0,2.008330853912526,9.49122285034216
qwen-run-20260923T073021Z-LtPzSb,django__django-13121,9,25.453125,23.04296875,532480.0,1994752.0,1.9950890116635973,9.468999386126457
qwen-run-20260923T073021Z-LtPzSb,django__django-13121,10,75.14453125,67.53515625,757760.0,7221248.0,0.9616884129542028,10.12631907262047
qwen-run-20260923T073021Z-LtPzSb,django__django-13121,11,26.66796875,24.04296875,700416.0,2052096.0,2.5047605097407355,9.843269371612715
qwen-run-20260923T073021Z-LtPzSb,django__django-13121,12,75.5625,64.19140625,466944.0,11456512.0,0.5893300248138957,15.048593879239041
qwen-run-20260923T073021Z-LtPzSb,django__django-13121,13,26.7734375,24.25,602112.0,2043904.0,2.1447330026262037,9.425153195214474
qwen-run-20260923T073021Z-LtPzSb,django__django-13121,14,26.98828125,24.4609375,638976.0,2011136.0,2.2579244463742945,9.364596902590824
qwen-run-20260923T073021Z-LtPzSb,django__django-13121,15,27.0859375,24.47265625,647168.0,2093056.0,2.2786270550908565,9.648110758580906
qwen-run-20260923T073021Z-LtPzSb,django__django-13121,16,26.26171875,23.765625,602112.0,2015232.0,2.186523873270861,9.504685408299865
qwen-run-20260923T073021Z-LtPzSb,django__django-13121,17,75.55078125,69.65625,0.0,6180864.0,0.0,7.8020784861175745
qwen-run-20260923T073021Z-LtPzSb,django__django-13121,18,26.62890625,24.3359375,229376.0,2174976.0,0.8214757224585595,8.610825876485258
qwen-run-20260923T073021Z-LtPzSb,django__django-13121,19,26.55859375,24.2265625,421888.0,2023424.0,1.5149286659802912,8.780703044565378
qwen-run-20260923T073021Z-LtPzSb,django__django-13121,20,26.73828125,24.39453125,421888.0,2035712.0,1.5047479912344777,8.765522279035793
qwen-run-20260923T073021Z-LtPzSb,django__django-13121,21,26.1015625,23.7734375,405504.0,2035712.0,1.481592337623466,8.919485184076624
qwen-run-20260923T073021Z-LtPzSb,django__django-13121,22,26.765625,24.35546875,446464.0,2080768.0,1.5907764156450672,9.004670169293638
qwen-run-20260923T073021Z-LtPzSb,django__django-13121,23,26.34765625,24.125,282624.0,2048000.0,1.0229799851742032,8.43587842846553
qwen-run-20260923T073021Z-LtPzSb,django__django-13121,24,26.29296875,23.8984375,319488.0,2191360.0,1.1588174119744465,9.107116327440202
qwen-run-20260923T073021Z-LtPzSb,django__django-13121,25,26.375,24.1015625,344064.0,2039808.0,1.2440758293838863,8.619668246445498
qwen-run-20260923T073021Z-LtPzSb,django__django-13121,26,26.28125,23.9921875,376832.0,2023424.0,1.3674197384066586,8.70986920332937
qwen-run-20260923T073021Z-LtPzSb,django__django-13121,27,26.25390625,24.015625,319488.0,2027520.0,1.1605415860735009,8.525517036155334
qwen-run-20260923T073021Z-LtPzSb,django__django-13121,28,28.234375,25.98046875,315392.0,2048000.0,1.0653016048699502,7.98284449363586
qwen-run-20260923T073021Z-LtPzSb,django__django-13121,29,25.35546875,23.05078125,430080.0,1986560.0,1.6176244030195654,9.089508550300415
qwen-run-20260923T073021Z-LtPzSb,django__django-13121,30,77.08203125,72.33203125,602112.0,4378624.0,0.7449450159631075,6.162266254497542
qwen-run-20260923T073021Z-LtPzSb,django__django-13121,31,76.79296875,71.796875,524288.0,4714496.0,0.6511012767689099,6.505926038964342
qwen-run-20260923T073021Z-LtPzSb,django__django-13121,32,28.8125,22.98828125,352256.0,5754880.0,1.165943600867679,20.214208242950107
qwen-run-20260923T073021Z-LtPzSb,django__django-13121,33,30.27734375,27.73046875,237568.0,2433024.0,0.7482905431557219,8.411817829957425
qwen-run-20260923T073021Z-LtPzSb,django__django-13121,34,26.1953125,24.10546875,151552.0,2039808.0,0.551744706233224,7.977930211750671
qwen-run-20260923T073021Z-LtPzSb,django__django-13121,35,26.6328125,24.3828125,315392.0,2043904.0,1.1293634496919918,8.448225286007627
qwen-run-20260923T073021Z-LtPzSb,django__django-13121,36,25.36328125,23.06640625,397312.0,2011136.0,1.4939165254889881,9.055906360696135
qwen-run-20260923T073021Z-LtPzSb,django__django-13121,37,60.484375,56.1171875,557056.0,4022272.0,0.8783260139498837,7.220356497029192
qwen-run-20260923T073021Z-LtPzSb,django__django-13121,38,25.5,22.76171875,688128.0,2183168.0,2.573529411764706,10.738357843137255
qwen-run-20260923T073021Z-LtPzSb,django__django-13121,39,57.49609375,54.640625,749568.0,2244608.0,1.2432909844418778,4.966369997961818
qwen-run-20260923T073021Z-LtPzSb,django__django-13121,40,42.87890625,39.9921875,376832.0,2650112.0,0.838116060854514,6.732258358385716
qwen-run-20260923T073021Z-LtPzSb,django__django-13121,41,25.703125,23.4296875,303104.0,2080768.0,1.1246200607902737,8.844984802431611
