call_index,step,action,call_s,outcome,returncode,orig_elapsed_s,orig_outcome,orig_returncode,usage_at_call_start_bytes,max_usage_bytes,demote_flush_s,demote_reclaim_s,demote_s,flushed_files,demote_limit_attempts,usage_before_demote_bytes,demoted_bytes,residual_bytes,residual_kmem_bytes,residual_user_bytes,swap_bytes,boundary_s,call_pgmajfault,call_pgpgin,call_blkio_read_bytes,task_id,mode
1,1,1,0.327725486,returned,1,0.213120422,returned,1.0,835584,39358464,0.000191817,0.01750403,0.017695847,0.0,4.0,4468736.0,3633152.0,835584.0,720896.0,114688.0,61440.0,0.020453223,39,10718,53903360,astropy__astropy-12907,lazy
2,1,2,0.329128058,returned,0,0.205208617,returned,0.0,2531328,39247872,0.000477752,0.063997558,0.06447531,1.0,3.0,30449664.0,27918336.0,2531328.0,2314240.0,217088.0,94208.0,0.065168604,39,10722,53428224,astropy__astropy-12907,lazy
3,2,1,0.254983311,returned,0,0.183657595,returned,0.0,2633728,39759872,0.000436664,0.073044078,0.073480742,1.0,2.0,29835264.0,27201536.0,2633728.0,2293760.0,339968.0,94208.0,0.074131997,35,9660,45957120,astropy__astropy-12907,lazy
4,3,1,0.256442268,returned,0,0.18882784,returned,0.0,1245184,39673856,0.0003749,0.094481295,0.094856195,1.0,7.0,25874432.0,24629248.0,1245184.0,823296.0,421888.0,94208.0,0.095510746,35,9624,45408256,astropy__astropy-12907,lazy
5,4,1,1.452217748,returned,0,1.172191907,returned,0.0,2281472,293629952,0.000810291,0.064737349,0.06554764,2.0,4.0,25710592.0,23429120.0,2281472.0,1822720.0,458752.0,94208.0,0.066180582,107,43595,200318976,astropy__astropy-12907,lazy
6,5,1,0.261346499,returned,0,0.184537611,returned,0.0,5582848,39403520,0.074129744,0.20775711,0.281886854,284.0,2.0,113041408.0,107458560.0,5582848.0,5033984.0,548864.0,94208.0,0.282594413,35,9562,45359104,astropy__astropy-12907,lazy
7,6,1,0.261130646,returned,0,0.192555287,returned,0.0,2158592,39374848,0.008611678,0.057039566,0.065651244,285.0,3.0,25497600.0,23339008.0,2158592.0,1671168.0,487424.0,94208.0,0.06631383,35,9585,45326336,astropy__astropy-12907,lazy
8,7,1,0.973520369,returned,0,0.699670702,returned,0.0,2076672,287039488,0.009490888,0.057905482,0.06739637,286.0,3.0,25579520.0,23502848.0,2076672.0,1671168.0,405504.0,94208.0,0.068034531,107,39623,198221824,astropy__astropy-12907,lazy
9,8,1,0.270992727,returned,0,0.188549929,returned,0.0,4734976,41832448,0.006886208,0.204757954,0.211644162,286.0,3.0,105771008.0,101036032.0,4734976.0,4513792.0,221184.0,94208.0,0.212337446,41,13359,75227136,astropy__astropy-12907,lazy
10,9,1,0.252788768,returned,0,0.186530087,returned,0.0,2027520,39071744,0.006708137,0.067797748,0.074505885,287.0,3.0,40198144.0,38170624.0,2027520.0,1753088.0,274432.0,94208.0,0.075138656,35,9624,45735936,astropy__astropy-12907,lazy
11,10,1,0.259037239,Submitted,0,0.18331158,Submitted,,1880064,39444480,0.006558216,0.040310794,0.04686901,287.0,3.0,25198592.0,23318528.0,1880064.0,1654784.0,225280.0,94208.0,0.047530934,35,9659,45907968,astropy__astropy-12907,lazy
1,1,1,0.327667829,returned,1,0.213120422,returned,1.0,4431872,40726528,,,,,,,,,,,,0.001305761,35,10250,49651712,astropy__astropy-12907,regular
2,1,2,0.204347357,returned,0,0.205208617,returned,0.0,32342016,46542848,,,,,,,,,,,,0.000232193,0,4111,0,astropy__astropy-12907,regular
3,2,1,0.180939384,returned,0,0.183657595,returned,0.0,33116160,46477312,,,,,,,,,,,,0.000203209,1,4042,114688,astropy__astropy-12907,regular
4,3,1,0.183320758,returned,0,0.18882784,returned,0.0,32653312,46419968,,,,,,,,,,,,0.000204562,0,4065,0,astropy__astropy-12907,regular
5,4,1,1.375387449,returned,0,1.172191907,returned,0.0,32579584,304631808,,,,,,,,,,,,0.000185466,73,38665,153845760,astropy__astropy-12907,regular
6,5,1,0.1815585,returned,0,0.184537611,returned,0.0,120000512,133398528,,,,,,,,,,,,0.000251038,0,4065,0,astropy__astropy-12907,regular
7,6,1,0.186639059,returned,0,0.192555287,returned,0.0,119308288,133459968,,,,,,,,,,,,0.000177941,0,4050,8192,astropy__astropy-12907,regular
8,7,1,0.710251138,returned,0,0.699670702,returned,0.0,119726080,300134400,,,,,,,,,,,,0.000162503,0,15339,0,astropy__astropy-12907,regular
9,8,1,0.196508712,returned,0,0.188549929,returned,0.0,119627776,135028736,,,,,,,,,,,,0.000189804,6,7647,28082176,astropy__astropy-12907,regular
10,9,1,0.180125971,returned,0,0.186530087,returned,0.0,133459968,147324928,,,,,,,,,,,,0.000180166,0,3963,0,astropy__astropy-12907,regular
11,10,1,0.182189442,Submitted,0,0.18331158,Submitted,,133357568,147345408,,,,,,,,,,,,0.000172882,0,4025,0,astropy__astropy-12907,regular
1,1,1,0.301743166,returned,0,0.198930666,returned,0.0,835584,40202240,8.7666e-05,0.016179323,0.016266989,0.0,3.0,4100096.0,3264512.0,835584.0,720896.0,114688.0,61440.0,0.01870856,39,10782,53878784,astropy__astropy-13033,lazy
2,2,1,0.261114622,returned,1,0.187859836,returned,1.0,2654208,40361984,0.000458659,0.060429066,0.060887725,1.0,3.0,30425088.0,27770880.0,2654208.0,2637824.0,16384.0,98304.0,0.061525582,36,10035,48750592,astropy__astropy-13033,lazy
3,3,1,0.25930163,returned,0,0.180818632,returned,0.0,2301952,40222720,0.000386942,0.051422209,0.051809151,1.0,3.0,26992640.0,24690688.0,2301952.0,1953792.0,348160.0,98304.0,0.052466856,36,9850,48005120,astropy__astropy-13033,lazy
4,4,1,0.263594204,returned,0,0.181726306,returned,0.0,2289664,40165376,0.000376082,0.035982285,0.036358367,1.0,3.0,26763264.0,24473600.0,2289664.0,1966080.0,323584.0,98304.0,0.037015921,37,9968,48029696,astropy__astropy-13033,lazy
5,5,1,0.25667071,returned,0,0.18434304,returned,0.0,2240512,40181760,0.000346696,0.0515444,0.051891096,1.0,3.0,27258880.0,25018368.0,2240512.0,1978368.0,262144.0,98304.0,0.052559331,36,9926,47955968,astropy__astropy-13033,lazy
6,6,1,0.255654432,returned,0,0.181956482,returned,0.0,2248704,40259584,0.0003328,0.047131768,0.047464568,1.0,4.0,26812416.0,24563712.0,2248704.0,1953792.0,294912.0,98304.0,0.048092586,36,9931,48037888,astropy__astropy-13033,lazy
7,7,1,0.25982501,returned,0,0.178783746,returned,0.0,2244608,40243200,0.000335395,0.054467694,0.054803089,1.0,2.0,26865664.0,24621056.0,2244608.0,1961984.0,282624.0,98304.0,0.055465552,36,9848,48005120,astropy__astropy-13033,lazy
8,8,1,0.259271699,returned,0,0.182423481,returned,0.0,2375680,40108032,0.000328892,0.029926543,0.030255435,1.0,3.0,26701824.0,24326144.0,2375680.0,2064384.0,311296.0,98304.0,0.030898673,36,9989,48005120,astropy__astropy-13033,lazy
9,9,1,0.254825067,returned,0,0.179871632,returned,0.0,2224128,40124416,0.00033284,0.042894248,0.043227088,1.0,3.0,26718208.0,24494080.0,2224128.0,1961984.0,262144.0,98304.0,0.043836491,34,9644,46637056,astropy__astropy-13033,lazy
10,10,1,0.305476627,returned,1,0.209969352,returned,1.0,2240512,40206336,0.000661742,0.03113445,0.031796192,2.0,3.0,26001408.0,23760896.0,2240512.0,1949696.0,290816.0,98304.0,0.032429661,37,12616,61538304,astropy__astropy-13033,lazy
11,11,1,0.254788898,returned,0,0.180134772,returned,0.0,2555904,40124416,0.000397463,0.072996072,0.073393535,2.0,3.0,33550336.0,30994432.0,2555904.0,2252800.0,303104.0,98304.0,0.074015562,35,9728,46743552,astropy__astropy-13033,lazy
12,12,1,1.18070269,returned,1,0.921501024,returned,1.0,2187264,282132480,0.000462646,0.059140467,0.059603113,2.0,3.0,26091520.0,23904256.0,2187264.0,1970176.0,217088.0,98304.0,0.060220402,106,40956,193306624,astropy__astropy-13033,lazy
13,15,1,0.262561513,returned,1,0.186179808,returned,1.0,5566464,40443904,0.054093855,0.163267083,0.217360938,208.0,2.0,107565056.0,101998592.0,5566464.0,5095424.0,471040.0,98304.0,0.218092013,40,10204,49446912,astropy__astropy-13033,lazy
14,16,1,0.256734651,returned,0,0.181870131,returned,0.0,2408448,40259584,0.006900892,0.0448653,0.051766192,209.0,2.0,27844608.0,25436160.0,2408448.0,2002944.0,405504.0,98304.0,0.052412066,36,9959,47996928,astropy__astropy-13033,lazy
15,17,1,0.256748873,returned,0,0.178215077,returned,0.0,2371584,39903232,0.007879817,0.054250813,0.06213063,209.0,3.0,26890240.0,24518656.0,2371584.0,1998848.0,372736.0,98304.0,0.062718134,35,9739,46768128,astropy__astropy-13033,lazy
16,18,1,0.302330172,returned,0,0.202937116,returned,0.0,2224128,40202240,0.00535945,0.031066863,0.036426313,210.0,3.0,26066944.0,23842816.0,2224128.0,1957888.0,266240.0,98304.0,0.037060065,37,12635,61554688,astropy__astropy-13033,lazy
17,19,1,0.2586774,returned,1,0.177861664,returned,1.0,2445312,39788544,0.005141807,0.088836997,0.093978804,211.0,4.0,33579008.0,31133696.0,2445312.0,2101248.0,344064.0,98304.0,0.094676687,36,9815,47013888,astropy__astropy-13033,lazy
18,20,1,0.258554622,returned,0,0.183887958,returned,0.0,2367488,40378368,0.005102914,0.045123419,0.050226333,211.0,4.0,26447872.0,24080384.0,2367488.0,2064384.0,303104.0,98304.0,0.050870023,36,9924,47988736,astropy__astropy-13033,lazy
19,21,1,0.260850275,returned,1,0.18436421,returned,1.0,2363392,40378368,0.005087956,0.055768128,0.060856084,211.0,3.0,26886144.0,24522752.0,2363392.0,1978368.0,385024.0,98304.0,0.061490096,40,10137,49438720,astropy__astropy-13033,lazy
20,22,1,0.258367252,returned,0,0.180131333,returned,0.0,2465792,40275968,0.005289007,0.041232854,0.046521861,212.0,3.0,27852800.0,25387008.0,2465792.0,2019328.0,446464.0,98304.0,0.047213883,35,9738,46735360,astropy__astropy-13033,lazy
21,23,1,0.295273373,returned,1,0.206037981,returned,1.0,2334720,40210432,0.00513307,0.053089581,0.058222651,212.0,3.0,26218496.0,23883776.0,2334720.0,1966080.0,368640.0,98304.0,0.058861583,37,12559,61530112,astropy__astropy-13033,lazy
22,24,1,0.258007339,returned,0,0.182863947,returned,0.0,2625536,40235008,0.005222049,0.065888494,0.071110543,212.0,3.0,33615872.0,30990336.0,2625536.0,2260992.0,364544.0,98304.0,0.071760604,35,9740,46792704,astropy__astropy-13033,lazy
23,25,1,0.297324653,returned,1,0.202809184,returned,1.0,2371584,40456192,0.005151606,0.052777269,0.057928875,212.0,3.0,26300416.0,23928832.0,2371584.0,1990656.0,380928.0,98304.0,0.058614664,37,12615,61464576,astropy__astropy-13033,lazy
24,26,1,0.260884263,returned,0,0.185199485,returned,0.0,2658304,40435712,0.005081021,0.060517332,0.065598353,212.0,4.0,33730560.0,31072256.0,2658304.0,2236416.0,421888.0,98304.0,0.066220944,35,9729,46768128,astropy__astropy-13033,lazy
25,27,1,0.298727071,returned,0,0.205104476,returned,0.0,2379776,40378368,0.005156465,0.055369824,0.060526289,212.0,3.0,26398720.0,24018944.0,2379776.0,1990656.0,389120.0,98304.0,0.061182363,37,12550,61399040,astropy__astropy-13033,lazy
26,28,1,0.256175642,returned,0,0.181308396,returned,0.0,2691072,40255488,0.00514302,0.073441091,0.078584111,212.0,3.0,33816576.0,31125504.0,2691072.0,2203648.0,487424.0,98304.0,0.079250354,36,9802,47226880,astropy__astropy-13033,lazy
27,29,1,0.259192606,returned,1,0.185165565,returned,1.0,2555904,40169472,0.005136297,0.055273882,0.060410179,212.0,3.0,26865664.0,24309760.0,2555904.0,2105344.0,450560.0,98304.0,0.061049942,40,10173,49405952,astropy__astropy-13033,lazy
28,30,1,0.258611194,returned,0,0.18296105,returned,0.0,2428928,40251392,0.005431026,0.052499231,0.057930257,213.0,3.0,27725824.0,25296896.0,2428928.0,2027520.0,401408.0,98304.0,0.05858073,35,9729,46751744,astropy__astropy-13033,lazy
29,31,1,0.298488519,returned,0,0.20597894,returned,0.0,2269184,40382464,0.005203013,0.033738348,0.038941361,213.0,3.0,26337280.0,24068096.0,2269184.0,1986560.0,282624.0,98304.0,0.039594589,37,12566,61480960,astropy__astropy-13033,lazy
30,32,1,0.264809054,returned,0,0.187233515,returned,0.0,2277376,40087552,0.00514867,0.076154074,0.081302744,213.0,3.0,33792000.0,31514624.0,2277376.0,2273280.0,4096.0,98304.0,0.081957395,36,10000,48783360,astropy__astropy-13033,lazy
31,33,1,0.255263879,returned,0,0.180426098,returned,0.0,2244608,40386560,0.005620365,0.048000823,0.053621188,213.0,3.0,26894336.0,24649728.0,2244608.0,1982464.0,262144.0,98304.0,0.054256063,35,9797,46743552,astropy__astropy-13033,lazy
32,34,1,0.304403301,returned,1,0.200278668,returned,1.0,2322432,40136704,0.00510576,0.051257327,0.056363087,213.0,3.0,26402816.0,24080384.0,2322432.0,1974272.0,348160.0,98304.0,0.056994895,37,12548,61579264,astropy__astropy-13033,lazy
33,35,1,0.257436438,returned,0,0.179814123,returned,0.0,2588672,40165376,0.005133221,0.039371095,0.044504316,213.0,3.0,33669120.0,31080448.0,2588672.0,2273280.0,315392.0,98304.0,0.045159197,35,9729,46718976,astropy__astropy-13033,lazy
34,36,1,0.298776886,returned,0,0.212342203,returned,0.0,2260992,40431616,0.005105017,0.039822061,0.044927078,213.0,3.0,26271744.0,24010752.0,2260992.0,1990656.0,270336.0,98304.0,0.045563554,37,12548,61554688,astropy__astropy-13033,lazy
35,37,1,0.255726417,returned,0,0.182776987,returned,0.0,2629632,40259584,0.005156415,0.040245833,0.045402248,213.0,3.0,33845248.0,31215616.0,2629632.0,2277376.0,352256.0,98304.0,0.046043785,36,9968,48029696,astropy__astropy-13033,lazy
36,38,1,0.827792418,returned,1,0.58078738,returned,1.0,2248704,275865600,0.005091356,0.039735585,0.044826941,213.0,3.0,26853376.0,24604672.0,2248704.0,1982464.0,266240.0,98304.0,0.045467535,106,36907,191922176,astropy__astropy-13033,lazy
37,39,1,0.275494953,returned,0,0.182701204,returned,0.0,1142784,43147264,0.005487196,0.218067619,0.223554815,213.0,5.0,103063552.0,101920768.0,1142784.0,937984.0,204800.0,98304.0,0.224205689,40,13505,76496896,astropy__astropy-13033,lazy
38,40,1,0.259396492,returned,0,0.176062327,returned,0.0,1662976,40071168,0.005491985,0.13828493,0.143776915,214.0,4.0,41537536.0,39874560.0,1662976.0,1335296.0,327680.0,98304.0,0.144419022,35,9592,45867008,astropy__astropy-13033,lazy
39,41,1,0.251520821,Submitted,0,0.18053082,Submitted,,1671168,39890944,0.005214831,0.126075417,0.131290248,214.0,4.0,26083328.0,24412160.0,1671168.0,1314816.0,356352.0,98304.0,0.131919881,35,9625,45654016,astropy__astropy-13033,lazy
1,1,1,0.303992318,returned,0,0.198930666,returned,0.0,4378624,41127936,,,,,,,,,,,,0.000209335,35,10204,49078272,astropy__astropy-13033,regular
2,2,1,0.184057494,returned,1,0.187859836,returned,1.0,31588352,45686784,,,,,,,,,,,,0.000177184,0,3982,8192,astropy__astropy-13033,regular
3,3,1,0.186003193,returned,0,0.180818632,returned,0.0,31870976,46034944,,,,,,,,,,,,0.000165318,0,3979,32768,astropy__astropy-13033,regular
4,4,1,0.184815072,returned,0,0.181726306,returned,0.0,31817728,45879296,,,,,,,,,,,,0.000199053,1,4158,98304,astropy__astropy-13033,regular
5,5,1,0.182984504,returned,0,0.18434304,returned,0.0,32202752,46030848,,,,,,,,,,,,0.000169146,0,3969,0,astropy__astropy-13033,regular
6,6,1,0.1913622,returned,0,0.181956482,returned,0.0,31981568,46354432,,,,,,,,,,,,0.00017123,0,3977,0,astropy__astropy-13033,regular
7,7,1,0.180755062,returned,0,0.178783746,returned,0.0,32485376,46231552,,,,,,,,,,,,0.000176259,0,3977,0,astropy__astropy-13033,regular
8,8,1,0.185925191,returned,0,0.182423481,returned,0.0,32452608,45699072,,,,,,,,,,,,0.000164788,0,4020,0,astropy__astropy-13033,regular
9,9,1,0.182602699,returned,0,0.179871632,returned,0.0,31801344,45998080,,,,,,,,,,,,0.00018199,0,3946,0,astropy__astropy-13033,regular
10,10,1,0.224687112,returned,1,0.209969352,returned,1.0,31911936,46161920,,,,,,,,,,,,0.000170057,3,6917,14991360,astropy__astropy-13033,regular
11,11,1,0.184034272,returned,0,0.180134772,returned,0.0,39649280,53985280,,,,,,,,,,,,0.000201757,1,4011,81920,astropy__astropy-13033,regular
12,12,1,1.074765704,returned,1,0.921501024,returned,1.0,40099840,292806656,,,,,,,,,,,,0.000159378,69,33572,130686976,astropy__astropy-13033,regular
13,15,1,0.185441529,returned,1,0.186179808,returned,1.0,112869376,126459904,,,,,,,,,,,,0.000429381,4,4153,647168,astropy__astropy-13033,regular
14,16,1,0.191567773,returned,0,0.181870131,returned,0.0,112848896,126070784,,,,,,,,,,,,0.000191778,0,4024,0,astropy__astropy-13033,regular
15,17,1,0.183348763,returned,0,0.178215077,returned,0.0,112078848,126234624,,,,,,,,,,,,0.000185085,0,4020,0,astropy__astropy-13033,regular
16,18,1,0.208389432,returned,0,0.202937116,returned,0.0,112394240,126562304,,,,,,,,,,,,0.000155851,0,5037,8192,astropy__astropy-13033,regular
17,19,1,0.185112786,returned,1,0.177861664,returned,1.0,112373760,126676992,,,,,,,,,,,,0.000174816,0,4032,0,astropy__astropy-13033,regular
18,20,1,0.180331276,returned,0,0.183887958,returned,0.0,112545792,126668800,,,,,,,,,,,,0.000153246,0,4079,0,astropy__astropy-13033,regular
19,21,1,0.183716254,returned,1,0.18436421,returned,1.0,112574464,126640128,,,,,,,,,,,,0.000207928,0,4077,0,astropy__astropy-13033,regular
20,22,1,0.186789364,returned,0,0.180131333,returned,0.0,112648192,126480384,,,,,,,,,,,,0.00018244,0,4065,0,astropy__astropy-13033,regular
21,23,1,0.211317642,returned,1,0.206037981,returned,1.0,112431104,126341120,,,,,,,,,,,,0.000194674,0,5033,0,astropy__astropy-13033,regular
22,24,1,0.180922905,returned,0,0.182863947,returned,0.0,112250880,126468096,,,,,,,,,,,,0.000166471,0,4013,0,astropy__astropy-13033,regular
23,25,1,0.209128125,returned,1,0.202809184,returned,1.0,112504832,126660608,,,,,,,,,,,,0.000154418,0,5033,0,astropy__astropy-13033,regular
24,26,1,0.184031597,returned,0,0.185199485,returned,0.0,112414720,126660608,,,,,,,,,,,,0.000226493,0,4077,0,astropy__astropy-13033,regular
25,27,1,0.208250382,returned,0,0.205104476,returned,0.0,112627712,126738432,,,,,,,,,,,,0.000156552,0,5030,8192,astropy__astropy-13033,regular
26,28,1,0.183464424,returned,0,0.181308396,returned,0.0,112541696,126894080,,,,,,,,,,,,0.000167413,0,4090,0,astropy__astropy-13033,regular
27,29,1,0.191563626,returned,1,0.185165565,returned,1.0,112959488,126746624,,,,,,,,,,,,0.000174796,0,4124,0,astropy__astropy-13033,regular
28,30,1,0.18168665,returned,0,0.18296105,returned,0.0,112697344,126488576,,,,,,,,,,,,0.000169878,0,4069,0,astropy__astropy-13033,regular
29,31,1,0.209591686,returned,0,0.20597894,returned,0.0,112476160,126455808,,,,,,,,,,,,0.000158616,0,5037,0,astropy__astropy-13033,regular
30,32,1,0.182840885,returned,0,0.187233515,returned,0.0,112402432,126550016,,,,,,,,,,,,0.000156071,0,4015,0,astropy__astropy-13033,regular
31,33,1,0.184597393,returned,0,0.180426098,returned,0.0,112418816,126349312,,,,,,,,,,,,0.000180487,0,4010,8192,astropy__astropy-13033,regular
32,34,1,0.207290475,returned,1,0.200278668,returned,1.0,112181248,126107648,,,,,,,,,,,,0.00016617,0,5086,0,astropy__astropy-13033,regular
33,35,1,0.187808206,returned,0,0.179814123,returned,0.0,112160768,126373888,,,,,,,,,,,,0.000177992,0,4068,0,astropy__astropy-13033,regular
34,36,1,0.2107782,returned,0,0.212342203,returned,0.0,112570368,126517248,,,,,,,,,,,,0.00016053,0,5027,8192,astropy__astropy-13033,regular
35,37,1,0.185913792,returned,0,0.182776987,returned,0.0,112377856,126738432,,,,,,,,,,,,0.000158787,0,4033,0,astropy__astropy-13033,regular
36,38,1,0.598788513,returned,1,0.58078738,returned,1.0,112742400,286863360,,,,,,,,,,,,0.000176075,0,13411,8192,astropy__astropy-13033,regular
37,39,1,0.197784935,returned,0,0.182701204,returned,0.0,113639424,128438272,,,,,,,,,,,,0.000204135,5,7664,28409856,astropy__astropy-13033,regular
38,40,1,0.185119895,returned,0,0.176062327,returned,0.0,127168512,141242368,,,,,,,,,,,,0.000179543,0,3956,0,astropy__astropy-13033,regular
39,41,1,0.187396603,Submitted,0,0.18053082,Submitted,,127102976,141291520,,,,,,,,,,,,0.00017974,0,4023,0,astropy__astropy-13033,regular
1,1,1,0.301018721,returned,0,0.199379362,returned,0.0,913408,40456192,0.000115629,0.012709866,0.012825495,0.0,2.0,4075520.0,3162112.0,913408.0,876544.0,36864.0,94208.0,0.029150026,41,10785,53501952,astropy__astropy-13236,lazy
2,2,1,0.47011602,returned,0,0.222120533,returned,0.0,2580480,48435200,0.000713231,0.055405401,0.056118632,1.0,3.0,29892608.0,27312128.0,2580480.0,2347008.0,233472.0,94208.0,0.056917255,40,14492,82944000,astropy__astropy-13236,lazy
3,3,1,0.26120778,returned,0,0.174236194,returned,0.0,4960256,40370176,0.000635674,0.069958638,0.070594312,1.0,3.0,47202304.0,42242048.0,4960256.0,4726784.0,233472.0,94208.0,0.071312482,36,10044,49233920,astropy__astropy-13236,lazy
4,4,1,0.267506496,returned,0,0.177788069,returned,0.0,2236416,40554496,0.000356065,0.029136632,0.029492697,1.0,3.0,27201536.0,24965120.0,2236416.0,1921024.0,315392.0,94208.0,0.03014918,38,10122,49627136,astropy__astropy-13236,lazy
5,5,1,0.255776361,returned,0,0.175308684,returned,0.0,1298432,40206336,0.000336899,0.061012993,0.061349892,1.0,4.0,27639808.0,26341376.0,1298432.0,999424.0,299008.0,94208.0,0.061996716,35,9744,46628864,astropy__astropy-13236,lazy
6,6,1,0.248599666,returned,0,0.182227911,returned,0.0,1581056,38273024,0.000138563,0.084649827,0.08478839,1.0,4.0,26075136.0,24494080.0,1581056.0,1159168.0,421888.0,94208.0,0.085438461,38,9547,45211648,astropy__astropy-13236,lazy
7,7,1,0.249567826,returned,0,0.181015887,returned,0.0,1515520,38006784,0.000998863,0.086349896,0.087348759,2.0,3.0,25473024.0,23957504.0,1515520.0,1196032.0,319488.0,94208.0,0.087965357,38,9534,44802048,astropy__astropy-13236,lazy
8,8,1,0.263131443,returned,0,0.187883971,returned,0.0,2162688,41906176,0.000421709,0.057076096,0.057497805,2.0,3.0,25128960.0,22966272.0,2162688.0,1839104.0,323584.0,94208.0,0.058225312,42,13365,73129984,astropy__astropy-13236,lazy
9,9,1,0.259570438,returned,0,0.181135058,returned,0.0,2314240,40747008,0.000721246,0.060568521,0.061289767,3.0,3.0,39391232.0,37076992.0,2314240.0,2048000.0,266240.0,94208.0,0.061922415,35,9827,47325184,astropy__astropy-13236,lazy
10,10,1,0.282040627,returned,0,0.19219053,returned,0.0,1572864,46002176,0.000462376,0.141860787,0.142323163,3.0,5.0,26652672.0,25079808.0,1572864.0,1155072.0,417792.0,94208.0,0.142945362,46,14704,79683584,astropy__astropy-13236,lazy
11,11,1,0.256075929,returned,0,0.180829466,returned,0.0,2355200,40370176,0.001405001,0.074001487,0.075406488,4.0,3.0,43331584.0,40976384.0,2355200.0,2064384.0,290816.0,94208.0,0.076090574,35,9820,47316992,astropy__astropy-13236,lazy
12,12,1,0.282465947,returned,1,0.186467602,returned,1.0,2109440,45789184,0.000494827,0.046629507,0.047124334,4.0,3.0,26292224.0,24182784.0,2109440.0,1916928.0,192512.0,94208.0,0.047771681,46,14504,81977344,astropy__astropy-13236,lazy
13,13,1,0.612424071,returned,0,0.386557489,returned,0.0,1323008,100044800,0.001125773,0.124507456,0.125633229,4.0,4.0,44019712.0,42696704.0,1323008.0,1064960.0,258048.0,94208.0,0.126280245,288,27845,177807360,astropy__astropy-13236,lazy
14,14,1,0.286320819,returned,0,0.195891553,returned,0.0,1708032,47558656,0.000688644,0.184267237,0.184955881,4.0,3.0,97751040.0,96043008.0,1708032.0,1331200.0,376832.0,94208.0,0.185659483,46,14971,82157568,astropy__astropy-13236,lazy
15,15,1,0.262217296,returned,0,0.179647231,returned,0.0,3092480,40419328,0.000648789,0.072875944,0.073524733,4.0,3.0,44965888.0,41873408.0,3092480.0,2756608.0,335872.0,94208.0,0.074215562,36,9979,48783360,astropy__astropy-13236,lazy
16,16,1,0.274328027,returned,0,0.18902686,returned,0.0,2396160,44400640,0.00052838,0.04834627,0.04887465,4.0,3.0,27459584.0,25063424.0,2396160.0,1945600.0,450560.0,94208.0,0.049498281,43,13922,77488128,astropy__astropy-13236,lazy
17,17,1,0.257125968,Submitted,0,0.181525904,Submitted,,2494464,40538112,0.000560542,0.044972969,0.045533511,4.0,3.0,42106880.0,39612416.0,2494464.0,2048000.0,446464.0,94208.0,0.046172041,35,9760,47259648,astropy__astropy-13236,lazy
1,1,1,0.302846385,returned,0,0.199379362,returned,0.0,4222976,40902656,,,,,,,,,,,,0.000214196,37,10268,48742400,astropy__astropy-13236,regular
2,2,1,0.354954261,returned,0,0.222120533,returned,0.0,31322112,49872896,,,,,,,,,,,,0.000178608,1,7929,29433856,astropy__astropy-13236,regular
3,3,1,0.188338934,returned,0,0.174236194,returned,0.0,48766976,63012864,,,,,,,,,,,,0.000167878,0,4068,0,astropy__astropy-13236,regular
4,4,1,0.182490464,returned,0,0.177788069,returned,0.0,48869376,62803968,,,,,,,,,,,,0.000176084,2,4108,557056,astropy__astropy-13236,regular
5,5,1,0.183158915,returned,0,0.175308684,returned,0.0,49229824,63594496,,,,,,,,,,,,0.000156507,1,3968,73728,astropy__astropy-13236,regular
6,6,1,0.189075019,returned,0,0.182227911,returned,0.0,49385472,63647744,,,,,,,,,,,,0.000172707,0,4078,0,astropy__astropy-13236,regular
7,7,1,0.186820347,returned,0,0.181015887,returned,0.0,49606656,63545344,,,,,,,,,,,,0.000157047,0,3972,0,astropy__astropy-13236,regular
8,8,1,0.204584704,returned,0,0.187883971,returned,0.0,49582080,66670592,,,,,,,,,,,,0.000175813,6,7873,28434432,astropy__astropy-13236,regular
9,9,1,0.189952812,returned,0,0.181135058,returned,0.0,64237568,78209024,,,,,,,,,,,,0.000166235,0,3962,0,astropy__astropy-13236,regular
10,10,1,0.201182735,returned,0,0.19219053,returned,0.0,64208896,78147584,,,,,,,,,,,,0.000177626,2,5421,4038656,astropy__astropy-13236,regular
11,11,1,0.190793284,returned,0,0.180829466,returned,0.0,66850816,81059840,,,,,,,,,,,,0.000189529,0,4031,0,astropy__astropy-13236,regular
12,12,1,0.194108971,returned,1,0.186467602,returned,1.0,66617344,80834560,,,,,,,,,,,,0.000172126,0,4476,0,astropy__astropy-13236,regular
13,13,1,0.493149972,returned,0,0.386557489,returned,0.0,66985984,105152512,,,,,,,,,,,,0.000176625,136,14188,66469888,astropy__astropy-13236,regular
14,14,1,0.207938429,returned,0,0.195891553,returned,0.0,103079936,117256192,,,,,,,,,,,,0.000176194,0,4992,57344,astropy__astropy-13236,regular
15,15,1,0.188311633,returned,0,0.179647231,returned,0.0,103473152,117010432,,,,,,,,,,,,0.000176184,0,3997,0,astropy__astropy-13236,regular
16,16,1,0.190344995,returned,0,0.18902686,returned,0.0,102899712,117051392,,,,,,,,,,,,0.00016871,0,4443,0,astropy__astropy-13236,regular
17,17,1,0.186704509,Submitted,0,0.181525904,Submitted,,103100416,116277248,,,,,,,,,,,,0.00017915,0,4022,0,astropy__astropy-13236,regular
1,1,1,0.318267878,returned,0,0.201629741,returned,0.0,798720,40800256,5.1356e-05,0.016705386,0.016756742,0.0,3.0,4681728.0,3883008.0,798720.0,704512.0,94208.0,73728.0,0.018887103,40,10918,54902784,astropy__astropy-13398,lazy
2,2,1,0.257202086,returned,0,0.178639915,returned,0.0,3002368,40640512,0.000392768,0.0545418,0.054934568,1.0,3.0,30961664.0,27959296.0,3002368.0,2666496.0,335872.0,94208.0,0.055574779,35,9822,47808512,astropy__astropy-13398,lazy
3,3,1,0.259642463,returned,0,0.179257414,returned,0.0,2359296,40738816,0.000135096,0.030758745,0.030893841,1.0,3.0,26787840.0,24428544.0,2359296.0,1957888.0,401408.0,98304.0,0.031540094,34,9790,47554560,astropy__astropy-13398,lazy
4,4,1,0.262611893,returned,0,0.179032256,returned,0.0,2215936,40591360,0.000122462,0.030278536,0.030400998,1.0,3.0,26640384.0,24424448.0,2215936.0,1945600.0,270336.0,98304.0,0.031026521,35,9795,47538176,astropy__astropy-13398,lazy
5,5,1,0.467812987,returned,0,0.224816822,returned,0.0,2437120,49438720,0.000422299,0.049163833,0.049586132,1.0,3.0,26570752.0,24133632.0,2437120.0,1941504.0,495616.0,98304.0,0.050274013,41,14523,83083264,astropy__astropy-13398,lazy
6,6,1,0.258373979,returned,0,0.175815693,returned,0.0,5361664,40640512,0.000352602,0.104172165,0.104524767,1.0,2.0,47767552.0,42405888.0,5361664.0,5029888.0,331776.0,98304.0,0.105182892,35,9806,47628288,astropy__astropy-13398,lazy
7,7,1,0.468538991,returned,0,0.229716357,returned,0.0,2355200,49586176,0.000360903,0.049132804,0.049493707,1.0,3.0,26656768.0,24301568.0,2355200.0,1945600.0,409600.0,98304.0,0.050136984,41,14547,83271680,astropy__astropy-13398,lazy
8,8,1,0.303251074,returned,0,0.190625976,returned,0.0,2007040,41115648,0.000386982,0.100815279,0.101202261,1.0,5.0,47824896.0,45817856.0,2007040.0,1634304.0,372736.0,98304.0,0.101923125,37,10321,51806208,astropy__astropy-13398,lazy
9,9,1,0.25659655,returned,0,0.184060366,returned,0.0,3444736,40570880,0.000141087,0.034625363,0.03476645,1.0,3.0,29696000.0,26251264.0,3444736.0,3018752.0,425984.0,98304.0,0.03541177,35,9797,47587328,astropy__astropy-13398,lazy
10,10,1,0.468998329,returned,0,0.225679046,returned,0.0,2297856,49577984,0.000357867,0.043274499,0.043632366,1.0,3.0,26533888.0,24236032.0,2297856.0,1949696.0,348160.0,98304.0,0.044288217,41,14553,83312640,astropy__astropy-13398,lazy
11,11,1,0.26401088,returned,0,0.180860379,returned,0.0,5251072,40615936,0.000358057,0.052675288,0.053033345,1.0,4.0,48177152.0,42926080.0,5251072.0,5111808.0,139264.0,98304.0,0.053676903,35,9958,48283648,astropy__astropy-13398,lazy
12,12,1,0.467387682,returned,0,0.220983714,returned,0.0,2392064,49397760,0.000307722,0.030405176,0.030712898,1.0,3.0,26787840.0,24395776.0,2392064.0,1957888.0,434176.0,98304.0,0.031360104,40,14548,83247104,astropy__astropy-13398,lazy
13,13,1,0.251194352,returned,0,0.175372398,returned,0.0,3178496,41213952,0.000315888,0.213215299,0.213531187,1.0,4.0,47812608.0,44634112.0,3178496.0,2592768.0,585728.0,98304.0,0.214163924,36,9649,46137344,astropy__astropy-13398,lazy
14,14,1,0.466413328,returned,0,0.230490042,returned,0.0,4009984,48541696,0.000137751,0.03712409,0.037261841,1.0,3.0,27668480.0,23658496.0,4009984.0,3387392.0,622592.0,98304.0,0.037919064,41,14291,81100800,astropy__astropy-13398,lazy
15,15,1,0.468133483,returned,0,0.22900117,returned,0.0,5533696,49762304,0.000129856,0.071127134,0.07125699,1.0,3.0,47083520.0,41549824.0,5533696.0,5111808.0,421888.0,98304.0,0.071896651,41,14557,83320832,astropy__astropy-13398,lazy
16,16,1,0.461227553,returned,0,0.218409542,returned,0.0,5455872,49487872,0.000355143,0.068430151,0.068785294,1.0,3.0,47927296.0,42471424.0,5455872.0,5029888.0,425984.0,98304.0,0.069455872,41,14568,83320832,astropy__astropy-13398,lazy
17,17,1,0.476663105,returned,0,0.225439483,returned,0.0,5541888,49913856,0.00032888,0.049368298,0.049697178,1.0,3.0,47910912.0,42369024.0,5541888.0,5120000.0,421888.0,98304.0,0.050345519,41,14759,83296256,astropy__astropy-13398,lazy
18,18,1,0.256401874,returned,0,0.179254359,returned,0.0,5365760,40693760,0.000373033,0.068612768,0.068985801,1.0,3.0,48377856.0,43012096.0,5365760.0,4902912.0,462848.0,98304.0,0.069639353,35,9866,47652864,astropy__astropy-13398,lazy
19,19,1,0.257497179,returned,0,0.177975609,returned,0.0,2392064,40820736,0.000370879,0.028200504,0.028571383,1.0,2.0,26685440.0,24293376.0,2392064.0,1945600.0,446464.0,98304.0,0.029210477,35,9800,47685632,astropy__astropy-13398,lazy
20,20,1,0.263856632,returned,0,0.179009635,returned,0.0,2306048,40689664,0.000347414,0.0286439,0.028991314,1.0,3.0,26783744.0,24477696.0,2306048.0,1953792.0,352256.0,98304.0,0.029621812,39,10080,49463296,astropy__astropy-13398,lazy
21,21,1,0.265284441,returned,0,0.180468195,returned,0.0,2277376,40656896,0.000592246,0.032777519,0.033369765,3.0,3.0,27668480.0,25391104.0,2277376.0,1986560.0,290816.0,98304.0,0.033994361,35,9840,47620096,astropy__astropy-13398,lazy
22,22,1,0.270238805,returned,0,0.181389909,returned,0.0,2355200,43298816,0.00045104,0.054058956,0.054509996,3.0,2.0,26648576.0,24293376.0,2355200.0,1961984.0,393216.0,98304.0,0.055132559,41,13632,77430784,astropy__astropy-13398,lazy
23,23,1,0.255675647,returned,0,0.17668533,returned,0.0,2383872,40460288,0.000722962,0.060000892,0.060723854,4.0,3.0,41783296.0,39399424.0,2383872.0,2068480.0,315392.0,98304.0,0.061338943,35,9793,47611904,astropy__astropy-13398,lazy
24,24,1,0.260625322,returned,0,0.185545631,returned,0.0,2199552,40660992,0.000486757,0.027851337,0.028338094,4.0,3.0,26464256.0,24264704.0,2199552.0,1949696.0,249856.0,98304.0,0.028983109,40,10204,49594368,astropy__astropy-13398,lazy
25,25,1,0.556696792,returned,0,0.344093009,returned,0.0,2244608,90804224,0.000555687,0.029804286,0.030359973,4.0,2.0,27758592.0,25513984.0,2244608.0,1998848.0,245760.0,98304.0,0.030974311,282,23953,159719424,astropy__astropy-13398,lazy
26,26,1,0.255079784,returned,0,0.180970974,returned,0.0,4005888,42242048,0.001161097,0.16375363,0.164914727,5.0,6.0,88707072.0,84701184.0,4005888.0,3670016.0,335872.0,98304.0,0.165651155,35,9539,45481984,astropy__astropy-13398,lazy
27,27,1,0.25550192,returned,0,0.186062464,returned,0.0,4968448,40738816,0.000281731,0.045329869,0.0456116,5.0,4.0,28282880.0,23314432.0,4968448.0,4489216.0,479232.0,98304.0,0.046279318,34,9745,47333376,astropy__astropy-13398,lazy
28,28,1,0.270634986,returned,0,0.18349696,returned,0.0,2347008,43360256,0.000834152,0.028762804,0.029596956,5.0,3.0,26505216.0,24158208.0,2347008.0,1953792.0,393216.0,98304.0,0.030235859,41,13632,77398016,astropy__astropy-13398,lazy
29,29,1,0.251676742,returned,0,0.180787907,returned,0.0,1773568,39706624,0.00051269,0.086539957,0.087052647,5.0,5.0,41852928.0,40079360.0,1773568.0,1220608.0,552960.0,98304.0,0.087679493,35,9535,45006848,astropy__astropy-13398,lazy
30,30,1,0.257639525,returned,1,0.181890523,returned,1.0,2437120,40714240,0.000294908,0.038820166,0.039115074,5.0,3.0,25468928.0,23031808.0,2437120.0,1978368.0,458752.0,98304.0,0.039783017,35,9859,47677440,astropy__astropy-13398,lazy
31,31,1,0.258689095,returned,0,0.181301971,returned,0.0,2306048,40644608,0.000616506,0.028660811,0.029277317,5.0,2.0,26705920.0,24399872.0,2306048.0,1970176.0,335872.0,98304.0,0.029917528,35,9840,47448064,astropy__astropy-13398,lazy
32,32,1,0.257242781,Submitted,0,0.175506872,Submitted,,2297856,40587264,0.000524351,0.02956923,0.030093581,5.0,2.0,26497024.0,24199168.0,2297856.0,1961984.0,335872.0,98304.0,0.030730065,35,9839,47497216,astropy__astropy-13398,lazy
1,1,1,0.3148839,returned,0,0.201629741,returned,0.0,4407296,41132032,,,,,,,,,,,,0.000165331,36,10235,49381376,astropy__astropy-13398,regular
2,2,1,0.183717413,returned,0,0.178639915,returned,0.0,31707136,45772800,,,,,,,,,,,,0.000179778,1,4052,81920,astropy__astropy-13398,regular
3,3,1,0.179851041,returned,0,0.179257414,returned,0.0,31801344,46006272,,,,,,,,,,,,0.000165392,0,3963,16384,astropy__astropy-13398,regular
4,4,1,0.179350498,returned,0,0.179032256,returned,0.0,31780864,46006272,,,,,,,,,,,,0.000155222,0,3960,16384,astropy__astropy-13398,regular
5,5,1,0.360160501,returned,0,0.224816822,returned,0.0,31969280,50806784,,,,,,,,,,,,0.000151295,2,8040,29540352,astropy__astropy-13398,regular
6,6,1,0.180505023,returned,0,0.175815693,returned,0.0,49369088,63238144,,,,,,,,,,,,0.000161184,0,4026,0,astropy__astropy-13398,regular
7,7,1,0.230444761,returned,0,0.229716357,returned,0.0,49033216,63283200,,,,,,,,,,,,0.000180109,0,4395,0,astropy__astropy-13398,regular
8,8,1,0.200247029,returned,0,0.190625976,returned,0.0,49897472,63057920,,,,,,,,,,,,0.00019122,0,3976,0,astropy__astropy-13398,regular
9,9,1,0.183387582,returned,0,0.184060366,returned,0.0,49225728,63156224,,,,,,,,,,,,0.000171954,0,4027,0,astropy__astropy-13398,regular
10,10,1,0.230196991,returned,0,0.225679046,returned,0.0,48939008,63025152,,,,,,,,,,,,0.000171443,0,4327,0,astropy__astropy-13398,regular
11,11,1,0.181081549,returned,0,0.180860379,returned,0.0,49586176,62992384,,,,,,,,,,,,0.000157196,0,3962,0,astropy__astropy-13398,regular
12,12,1,0.223059858,returned,0,0.220983714,returned,0.0,49057792,63143936,,,,,,,,,,,,0.000152488,0,4251,0,astropy__astropy-13398,regular
13,13,1,0.181718699,returned,0,0.175372398,returned,0.0,49819648,63287296,,,,,,,,,,,,0.000203142,0,4050,0,astropy__astropy-13398,regular
14,14,1,0.228543556,returned,0,0.230490042,returned,0.0,49250304,62967808,,,,,,,,,,,,0.000156595,0,4330,0,astropy__astropy-13398,regular
15,15,1,0.229444262,returned,0,0.22900117,returned,0.0,49668096,63238144,,,,,,,,,,,,0.000172254,0,4398,0,astropy__astropy-13398,regular
16,16,1,0.222894402,returned,0,0.218409542,returned,0.0,49647616,63066112,,,,,,,,,,,,0.000169799,0,4335,0,astropy__astropy-13398,regular
17,17,1,0.236344431,returned,0,0.225439483,returned,0.0,49762304,63053824,,,,,,,,,,,,0.000169932,0,4529,0,astropy__astropy-13398,regular
18,18,1,0.182373084,returned,0,0.179254359,returned,0.0,50204672,63254528,,,,,,,,,,,,0.000175822,0,3962,0,astropy__astropy-13398,regular
19,19,1,0.185975754,returned,0,0.177975609,returned,0.0,49180672,63225856,,,,,,,,,,,,0.000170002,0,3966,0,astropy__astropy-13398,regular
20,20,1,0.187111897,returned,0,0.179009635,returned,0.0,49303552,63078400,,,,,,,,,,,,0.000172236,3,4080,425984,astropy__astropy-13398,regular
21,21,1,0.17866198,returned,0,0.180468195,returned,0.0,49664000,63356928,,,,,,,,,,,,0.000172005,0,3984,0,astropy__astropy-13398,regular
22,22,1,0.19995715,returned,0,0.181389909,returned,0.0,49573888,65228800,,,,,,,,,,,,0.000159342,6,7716,28622848,astropy__astropy-13398,regular
23,23,1,0.17979785,returned,0,0.17668533,returned,0.0,64077824,77877248,,,,,,,,,,,,0.00015336,0,4028,0,astropy__astropy-13398,regular
24,24,1,0.183055147,returned,0,0.185545631,returned,0.0,63766528,77934592,,,,,,,,,,,,0.000175964,0,4130,8192,astropy__astropy-13398,regular
25,25,1,0.420616056,returned,0,0.344093009,returned,0.0,64155648,95961088,,,,,,,,,,,,0.000170103,132,10547,50634752,astropy__astropy-13398,regular
26,26,1,0.180429423,returned,0,0.180970974,returned,0.0,92139520,106233856,,,,,,,,,,,,0.000162999,1,3984,139264,astropy__astropy-13398,regular
27,27,1,0.176095743,returned,0,0.186062464,returned,0.0,92200960,106156032,,,,,,,,,,,,0.000167207,0,3956,0,astropy__astropy-13398,regular
28,28,1,0.187308168,returned,0,0.18349696,returned,0.0,92278784,106344448,,,,,,,,,,,,0.000154784,0,4220,0,astropy__astropy-13398,regular
29,29,1,0.179420081,returned,0,0.180787907,returned,0.0,92569600,106762240,,,,,,,,,,,,0.00016885,0,4025,0,astropy__astropy-13398,regular
30,30,1,0.187134178,returned,1,0.181890523,returned,1.0,92598272,106061824,,,,,,,,,,,,0.000162318,1,4094,270336,astropy__astropy-13398,regular
31,31,1,0.181853325,returned,0,0.181301971,returned,0.0,92348416,106463232,,,,,,,,,,,,0.000162849,0,3955,0,astropy__astropy-13398,regular
32,32,1,0.18304096,Submitted,0,0.175506872,Submitted,,92291072,106450944,,,,,,,,,,,,0.000170563,0,3963,0,astropy__astropy-13398,regular
1,1,1,0.312199944,returned,0,0.196109213,returned,0.0,770048,40665088,6.9e-05,0.017443491,0.017512491,0.0,3.0,4419584.0,3649536.0,770048.0,700416.0,69632.0,94208.0,0.021254242,41,10963,54927360,astropy__astropy-13453,lazy
2,2,1,0.259391506,returned,0,0.180672507,returned,0.0,2965504,41140224,0.000417047,0.068616408,0.069033455,1.0,3.0,31252480.0,28286976.0,2965504.0,2699264.0,266240.0,94208.0,0.069685386,35,9931,48136192,astropy__astropy-13453,lazy
3,3,1,0.311780438,returned,0,0.189706878,returned,0.0,2580480,40984576,0.000150073,0.051394736,0.051544809,1.0,3.0,27246592.0,24666112.0,2580480.0,1998848.0,581632.0,94208.0,0.052171482,40,10996,55779328,astropy__astropy-13453,lazy
4,4,1,0.263726377,returned,0,0.177604386,returned,0.0,3493888,41091072,0.000482561,0.056015397,0.056497958,1.0,3.0,32083968.0,28590080.0,3493888.0,2748416.0,745472.0,94208.0,0.057132265,36,10004,49070080,astropy__astropy-13453,lazy
5,5,1,0.259144018,returned,0,0.179227146,returned,0.0,2621440,41160704,0.000375008,0.065166287,0.065541295,1.0,4.0,27926528.0,25305088.0,2621440.0,1900544.0,720896.0,94208.0,0.066135977,38,10140,48447488,astropy__astropy-13453,lazy
6,6,1,0.257661427,returned,0,0.178496985,returned,0.0,2678784,41103360,0.000129254,0.063644244,0.063773498,1.0,3.0,28028928.0,25350144.0,2678784.0,2007040.0,671744.0,94208.0,0.064377659,36,10036,48807936,astropy__astropy-13453,lazy
7,7,1,0.255783451,returned,1,0.175515256,returned,1.0,1839104,40206336,0.000455361,0.096256266,0.096711627,1.0,5.0,27820032.0,25980928.0,1839104.0,1175552.0,663552.0,94208.0,0.09733205,36,9788,47316992,astropy__astropy-13453,lazy
8,8,1,0.26288393,returned,0,0.178319304,returned,0.0,2703360,41193472,0.000141607,0.050381848,0.050523455,1.0,3.0,27021312.0,24317952.0,2703360.0,2007040.0,696320.0,94208.0,0.05112909,37,10117,48889856,astropy__astropy-13453,lazy
9,9,1,0.263012053,returned,0,0.181825449,returned,0.0,2748416,40927232,0.00041829,0.046364756,0.046783046,1.0,3.0,28209152.0,25460736.0,2748416.0,2027520.0,720896.0,94208.0,0.047440869,39,10276,49111040,astropy__astropy-13453,lazy
10,10,1,0.263478634,returned,0,0.180302217,returned,0.0,2531328,40419328,0.000407119,0.042450288,0.042857407,1.0,3.0,27922432.0,25391104.0,2531328.0,2011136.0,520192.0,94208.0,0.043483932,36,9975,49004544,astropy__astropy-13453,lazy
11,11,1,0.256592247,returned,1,0.183135852,returned,1.0,2191360,40722432,0.00039176,0.060364695,0.060756455,1.0,3.0,27172864.0,24981504.0,2191360.0,1953792.0,237568.0,94208.0,0.061433535,38,10132,49012736,astropy__astropy-13453,lazy
12,12,1,0.261542387,returned,0,0.178462402,returned,0.0,2387968,40955904,0.000341853,0.047713324,0.048055177,1.0,3.0,27639808.0,25251840.0,2387968.0,1974272.0,413696.0,94208.0,0.048689709,36,9984,48979968,astropy__astropy-13453,lazy
13,13,1,0.258528313,returned,0,0.183252925,returned,0.0,2383872,40701952,0.000349086,0.04401818,0.044367266,1.0,4.0,27750400.0,25366528.0,2383872.0,1953792.0,430080.0,94208.0,0.045012349,38,10168,48922624,astropy__astropy-13453,lazy
14,14,1,0.260391114,returned,0,0.179757445,returned,0.0,2412544,40632320,0.000314371,0.039319661,0.039634032,1.0,3.0,27705344.0,25292800.0,2412544.0,2019328.0,393216.0,94208.0,0.04024536,36,10049,49020928,astropy__astropy-13453,lazy
15,15,1,0.259354957,returned,0,0.180758875,returned,0.0,2371584,40636416,0.000311526,0.043456284,0.04376781,1.0,3.0,27463680.0,25092096.0,2371584.0,2019328.0,352256.0,94208.0,0.044384007,41,10385,48775168,astropy__astropy-13453,lazy
16,16,1,0.258659739,returned,0,0.176967367,returned,0.0,2310144,40419328,0.000360758,0.046953746,0.047314504,1.0,3.0,28119040.0,25808896.0,2310144.0,1990656.0,319488.0,94208.0,0.047910064,36,10023,48807936,astropy__astropy-13453,lazy
17,17,1,0.257976226,returned,0,0.178272264,returned,0.0,2301952,40960000,0.000329589,0.04840816,0.048737749,1.0,3.0,27222016.0,24920064.0,2301952.0,1949696.0,352256.0,94208.0,0.049346654,37,10112,49192960,astropy__astropy-13453,lazy
18,18,1,0.256583699,returned,1,0.179976225,returned,1.0,2379776,40828928,0.000348535,0.043491741,0.043840276,1.0,3.0,28102656.0,25722880.0,2379776.0,1986560.0,393216.0,94208.0,0.044453828,36,10016,49045504,astropy__astropy-13453,lazy
19,19,1,0.263361807,returned,0,0.179307958,returned,0.0,2482176,40833024,0.000322927,0.038007915,0.038330842,1.0,3.0,27676672.0,25194496.0,2482176.0,1990656.0,491520.0,94208.0,0.038931391,36,9991,49012736,astropy__astropy-13453,lazy
20,20,1,0.259764516,returned,0,0.18099361,returned,0.0,2531328,40992768,0.000320943,0.04442848,0.044749423,1.0,3.0,27594752.0,25063424.0,2531328.0,1994752.0,536576.0,94208.0,0.045363037,36,10057,49045504,astropy__astropy-13453,lazy
21,21,1,0.261300121,returned,1,0.175026477,returned,1.0,2482176,40824832,0.000342994,0.032046573,0.032389567,1.0,3.0,27697152.0,25214976.0,2482176.0,1986560.0,495616.0,94208.0,0.033026024,38,10137,49012736,astropy__astropy-13453,lazy
22,22,1,0.257624835,returned,0,0.181428863,returned,0.0,2494464,41000960,0.000320473,0.047139636,0.047460109,1.0,3.0,27910144.0,25415680.0,2494464.0,1994752.0,499712.0,94208.0,0.048091365,36,10010,49020928,astropy__astropy-13453,lazy
23,23,1,0.261710613,returned,1,0.177722025,returned,1.0,2461696,40603648,0.00035136,0.042465252,0.042816612,1.0,3.0,27746304.0,25284608.0,2461696.0,2011136.0,450560.0,94208.0,0.043441938,36,10055,49020928,astropy__astropy-13453,lazy
24,24,1,0.258684773,returned,1,0.174719945,returned,1.0,2064384,40767488,0.000325612,0.046363507,0.046689119,1.0,3.0,27492352.0,25427968.0,2064384.0,1978368.0,86016.0,94208.0,0.047286502,38,10211,49537024,astropy__astropy-13453,lazy
25,25,1,2.026336607,returned,0,1.641510466,returned,0.0,2244608,53493760,0.000359479,0.039545571,0.03990505,1.0,3.0,27983872.0,25739264.0,2244608.0,1990656.0,253952.0,94208.0,0.040517808,39,62194,83927040,astropy__astropy-13453,lazy
26,26,1,0.263185061,returned,0,0.181376446,returned,0.0,5709824,41607168,0.000382683,0.100771182,0.101153865,1.0,3.0,50798592.0,45088768.0,5709824.0,5185536.0,524288.0,94208.0,0.101882722,36,10182,49913856,astropy__astropy-13453,lazy
27,27,1,0.257432763,returned,0,0.182876094,returned,0.0,2920448,40968192,0.00041245,0.054221006,0.054633456,1.0,3.0,28295168.0,25374720.0,2920448.0,1986560.0,933888.0,94208.0,0.055255532,35,9870,47931392,astropy__astropy-13453,lazy
28,28,1,0.292596291,returned,0,0.190280267,returned,0.0,2904064,38866944,0.000165002,0.071792625,0.071957627,1.0,3.0,27746304.0,24842240.0,2904064.0,1961984.0,942080.0,94208.0,0.072600391,38,10213,49332224,astropy__astropy-13453,lazy
29,29,1,0.258877003,returned,0,0.182048494,returned,0.0,3579904,41226240,0.000173067,0.037974133,0.0381472,1.0,3.0,28790784.0,25210880.0,3579904.0,2736128.0,843776.0,94208.0,0.03877181,35,9914,47996928,astropy__astropy-13453,lazy
30,30,1,0.295745707,returned,0,0.192565616,returned,0.0,2826240,41455616,0.000361002,0.048981258,0.04934226,1.0,3.0,27328512.0,24502272.0,2826240.0,1982464.0,843776.0,94208.0,0.049944227,37,10477,52543488,astropy__astropy-13453,lazy
31,31,1,0.25952275,returned,0,0.180601308,returned,0.0,3489792,41443328,0.00037054,0.049381945,0.049752485,1.0,2.0,30441472.0,26951680.0,3489792.0,2678784.0,811008.0,94208.0,0.050351616,35,9853,47972352,astropy__astropy-13453,lazy
32,32,1,0.251887286,returned,0,0.181051451,returned,0.0,2011136,39739392,0.000332848,0.071034111,0.071366959,1.0,5.0,27516928.0,25505792.0,2011136.0,1208320.0,802816.0,94208.0,0.071974204,36,9709,46866432,astropy__astropy-13453,lazy
33,33,1,0.254674209,returned,1,0.181537411,returned,1.0,2695168,40652800,0.000160053,0.068825824,0.068985877,1.0,3.0,26697728.0,24002560.0,2695168.0,2007040.0,688128.0,94208.0,0.069626906,38,9937,47366144,astropy__astropy-13453,lazy
34,34,1,0.255857878,returned,0,0.179263834,returned,0.0,2949120,41234432,0.000152017,0.063450103,0.06360212,1.0,3.0,27717632.0,24768512.0,2949120.0,2023424.0,925696.0,94208.0,0.064217301,38,10099,48578560,astropy__astropy-13453,lazy
35,35,1,0.259873728,returned,0,0.183760173,returned,0.0,2916352,41213952,0.000166214,0.054941009,0.055107223,1.0,3.0,27947008.0,25030656.0,2916352.0,2048000.0,868352.0,94208.0,0.055723967,39,10233,49192960,astropy__astropy-13453,lazy
36,36,1,0.256831329,returned,1,0.184405728,returned,1.0,2674688,41013248,0.000403321,0.048520317,0.048923638,1.0,3.0,28323840.0,25649152.0,2674688.0,2027520.0,647168.0,94208.0,0.049538648,38,10160,49225728,astropy__astropy-13453,lazy
37,37,1,0.261860818,returned,0,0.186579897,returned,0.0,2560000,40902656,0.000309214,0.044635898,0.044945112,1.0,3.0,28155904.0,25595904.0,2560000.0,2015232.0,544768.0,94208.0,0.045574369,36,10088,49225728,astropy__astropy-13453,lazy
38,38,1,0.25861846,returned,0,0.179026828,returned,0.0,2494464,41148416,0.00036589,0.045800777,0.046166667,1.0,3.0,27758592.0,25264128.0,2494464.0,2015232.0,479232.0,94208.0,0.04677295,38,10266,49299456,astropy__astropy-13453,lazy
39,39,1,0.264717025,returned,0,0.174634285,returned,0.0,2465792,41226240,0.000320024,0.042075468,0.042395492,1.0,3.0,28139520.0,25673728.0,2465792.0,2007040.0,458752.0,94208.0,0.042995373,36,10026,49299456,astropy__astropy-13453,lazy
40,40,1,0.266540886,returned,0,0.178158412,returned,0.0,2486272,41021440,0.000307189,0.038603578,0.038910767,1.0,3.0,27897856.0,25411584.0,2486272.0,1994752.0,491520.0,94208.0,0.039504257,36,10026,49299456,astropy__astropy-13453,lazy
41,41,1,0.260598666,returned,1,0.178313186,returned,1.0,2482176,40951808,0.00036038,0.047563983,0.047924363,1.0,3.0,27869184.0,25387008.0,2482176.0,1990656.0,491520.0,94208.0,0.048547728,40,10302,49332224,astropy__astropy-13453,lazy
42,42,1,0.260700829,returned,1,0.183413926,returned,1.0,2514944,40919040,0.000331466,0.058679332,0.059010798,1.0,3.0,28221440.0,25706496.0,2514944.0,2039808.0,475136.0,94208.0,0.059636138,38,10201,49332224,astropy__astropy-13453,lazy
43,43,1,0.260540295,returned,1,0.177716618,returned,1.0,2445312,40935424,0.000321295,0.031743477,0.032064772,1.0,3.0,28065792.0,25579520.0,2486272.0,2027520.0,458752.0,94208.0,0.032684632,38,10191,49299456,astropy__astropy-13453,lazy
44,44,1,0.258904956,returned,0,0.179840361,returned,0.0,2465792,40857600,0.000309414,0.031360964,0.031670378,1.0,3.0,28213248.0,25747456.0,2465792.0,1994752.0,471040.0,94208.0,0.032284397,37,10143,49422336,astropy__astropy-13453,lazy
45,45,1,0.25686948,returned,0,0.182600473,returned,0.0,2379776,40857600,0.000320394,0.037108808,0.037429202,1.0,3.0,28012544.0,25632768.0,2379776.0,2019328.0,360448.0,94208.0,0.03805325,40,10462,51175424,astropy__astropy-13453,lazy
46,46,1,0.258905592,returned,0,0.18216621,returned,0.0,2494464,41361408,0.000308242,0.057044799,0.057353041,1.0,3.0,28897280.0,26402816.0,2494464.0,2027520.0,466944.0,94208.0,0.057963973,38,10213,49209344,astropy__astropy-13453,lazy
47,47,1,0.250412925,returned,0,0.177004741,returned,0.0,2338816,39903232,0.00032358,0.089443301,0.089766881,1.0,3.0,28319744.0,25980928.0,2338816.0,1683456.0,655360.0,94208.0,0.090393352,35,9580,45539328,astropy__astropy-13453,lazy
48,48,1,0.258999389,returned,0,0.181073699,returned,0.0,2588672,40996864,0.000150734,0.042778149,0.042928883,1.0,3.0,26001408.0,23412736.0,2588672.0,1974272.0,614400.0,94208.0,0.043620177,40,10206,49586176,astropy__astropy-13453,lazy
49,49,1,0.263399059,returned,1,0.1835813,returned,1.0,2424832,40996864,0.000874179,0.051075067,0.051949246,2.0,3.0,28278784.0,25853952.0,2424832.0,2035712.0,389120.0,94208.0,0.052589223,38,10030,49463296,astropy__astropy-13453,lazy
50,50,1,0.260834942,returned,0,0.185888438,returned,0.0,2478080,40820736,0.000448957,0.057096817,0.057545774,2.0,3.0,27734016.0,25255936.0,2478080.0,2007040.0,471040.0,94208.0,0.058153921,40,10161,49889280,astropy__astropy-13453,lazy
51,51,1,0.259974278,returned,0,0.182679193,returned,0.0,2297856,41070592,0.000801853,0.049621303,0.050423156,3.0,3.0,28184576.0,25886720.0,2297856.0,2060288.0,237568.0,94208.0,0.051017517,36,10069,49324032,astropy__astropy-13453,lazy
52,52,1,0.267234023,returned,0,0.185532362,returned,0.0,2449408,43462656,0.000423419,0.032172085,0.032595504,3.0,3.0,27754496.0,25305088.0,2449408.0,2011136.0,438272.0,94208.0,0.033189083,41,13702,77799424,astropy__astropy-13453,lazy
53,53,1,0.254872293,returned,0,0.183093114,returned,0.0,2555904,40902656,0.000751048,0.058241496,0.058992544,4.0,3.0,42033152.0,39477248.0,2555904.0,2105344.0,450560.0,94208.0,0.059640717,35,9833,47824896,astropy__astropy-13453,lazy
54,54,1,0.250948239,Submitted,0,0.180918723,Submitted,,2523136,41148416,0.000486398,0.048530546,0.049016944,4.0,3.0,26984448.0,24461312.0,2523136.0,1966080.0,557056.0,94208.0,0.049617837,35,9883,47726592,astropy__astropy-13453,lazy
1,1,1,0.31029651,returned,0,0.196109213,returned,0.0,4497408,40972288,,,,,,,,,,,,0.000196913,37,10237,48603136,astropy__astropy-13453,regular
2,2,1,0.190087022,returned,0,0.180672507,returned,0.0,31563776,45412352,,,,,,,,,,,,0.000173528,1,3979,114688,astropy__astropy-13453,regular
3,3,1,0.204751504,returned,0,0.189706878,returned,0.0,31281152,45617152,,,,,,,,,,,,0.000172887,1,4410,1540096,astropy__astropy-13453,regular
4,4,1,0.180666744,returned,0,0.177604386,returned,0.0,32452608,46338048,,,,,,,,,,,,0.000170893,0,3984,0,astropy__astropy-13453,regular
5,5,1,0.186533803,returned,0,0.179227146,returned,0.0,32190464,46444544,,,,,,,,,,,,0.000156105,0,4101,0,astropy__astropy-13453,regular
6,6,1,0.182875127,returned,0,0.178496985,returned,0.0,32337920,46399488,,,,,,,,,,,,0.000164691,0,3998,0,astropy__astropy-13453,regular
7,7,1,0.184300743,returned,1,0.175515256,returned,1.0,32260096,46206976,,,,,,,,,,,,0.000181102,0,3970,0,astropy__astropy-13453,regular
8,8,1,0.184673055,returned,0,0.178319304,returned,0.0,32116736,46366720,,,,,,,,,,,,0.000163269,0,4152,0,astropy__astropy-13453,regular
9,9,1,0.188188676,returned,0,0.181825449,returned,0.0,32456704,46108672,,,,,,,,,,,,0.000167948,0,4218,0,astropy__astropy-13453,regular
10,10,1,0.179815827,returned,0,0.180302217,returned,0.0,32641024,46575616,,,,,,,,,,,,0.000165482,0,3972,0,astropy__astropy-13453,regular
11,11,1,0.184574189,returned,1,0.183135852,returned,1.0,32378880,46489600,,,,,,,,,,,,0.000156665,0,4149,0,astropy__astropy-13453,regular
12,12,1,0.187603447,returned,0,0.178462402,returned,0.0,32579584,46837760,,,,,,,,,,,,0.000168698,0,3982,0,astropy__astropy-13453,regular
13,13,1,0.183091085,returned,0,0.183252925,returned,0.0,32825344,47005696,,,,,,,,,,,,0.000170812,0,4090,0,astropy__astropy-13453,regular
14,14,1,0.18526382,returned,0,0.179757445,returned,0.0,32882688,46985216,,,,,,,,,,,,0.00017457,0,4048,0,astropy__astropy-13453,regular
15,15,1,0.183090117,returned,0,0.180758875,returned,0.0,32780288,46948352,,,,,,,,,,,,0.000172546,1,4324,90112,astropy__astropy-13453,regular
16,16,1,0.186043511,returned,0,0.176967367,returned,0.0,33103872,46841856,,,,,,,,,,,,0.000167266,0,3974,0,astropy__astropy-13453,regular
17,17,1,0.193383376,returned,0,0.178272264,returned,0.0,32636928,46821376,,,,,,,,,,,,0.000171233,1,4159,139264,astropy__astropy-13453,regular
18,18,1,0.18772709,returned,1,0.179976225,returned,1.0,33009664,47312896,,,,,,,,,,,,0.000187143,0,4054,0,astropy__astropy-13453,regular
19,19,1,0.189052777,returned,0,0.179307958,returned,0.0,33144832,46182400,,,,,,,,,,,,0.00016423,0,4052,0,astropy__astropy-13453,regular
20,20,1,0.185888585,returned,0,0.18099361,returned,0.0,32215040,46718976,,,,,,,,,,,,0.000212211,0,3991,0,astropy__astropy-13453,regular
21,21,1,0.186427988,returned,1,0.175026477,returned,1.0,32649216,46858240,,,,,,,,,,,,0.000174228,0,4103,0,astropy__astropy-13453,regular
22,22,1,0.185808554,returned,0,0.181428863,returned,0.0,32899072,46796800,,,,,,,,,,,,0.000166735,0,4059,0,astropy__astropy-13453,regular
23,23,1,0.188979874,returned,1,0.177722025,returned,1.0,32477184,46845952,,,,,,,,,,,,0.000188676,0,4050,0,astropy__astropy-13453,regular
24,24,1,0.186125226,returned,1,0.174719945,returned,1.0,32473088,46739456,,,,,,,,,,,,0.000156896,0,4107,0,astropy__astropy-13453,regular
25,25,1,1.914119191,returned,0,1.641510466,returned,0.0,32702464,55001088,,,,,,,,,,,,0.000162066,0,55342,27910144,astropy__astropy-13453,regular
26,26,1,0.187270068,returned,0,0.181376446,returned,0.0,52178944,63811584,,,,,,,,,,,,0.000172516,0,3990,0,astropy__astropy-13453,regular
27,27,1,0.182639372,returned,0,0.182876094,returned,0.0,49733632,63614976,,,,,,,,,,,,0.000177345,0,3996,0,astropy__astropy-13453,regular
28,28,1,0.20013031,returned,0,0.190280267,returned,0.0,49381376,63127552,,,,,,,,,,,,0.000178206,0,4103,0,astropy__astropy-13453,regular
29,29,1,0.184497375,returned,0,0.182048494,returned,0.0,49627136,63582208,,,,,,,,,,,,0.000259751,0,4028,0,astropy__astropy-13453,regular
30,30,1,0.195778229,returned,0,0.192565616,returned,0.0,49647616,63889408,,,,,,,,,,,,0.000175982,0,3987,0,astropy__astropy-13453,regular
31,31,1,0.18386841,returned,0,0.180601308,returned,0.0,49799168,63836160,,,,,,,,,,,,0.000172596,0,3966,0,astropy__astropy-13453,regular
32,32,1,0.186906544,returned,0,0.181051451,returned,0.0,49627136,63729664,,,,,,,,,,,,0.000173558,0,3976,0,astropy__astropy-13453,regular
33,33,1,0.184068352,returned,1,0.181537411,returned,1.0,49524736,63619072,,,,,,,,,,,,0.000177636,0,4084,0,astropy__astropy-13453,regular
34,34,1,0.184765892,returned,0,0.179263834,returned,0.0,49946624,63631360,,,,,,,,,,,,0.000193185,0,4078,0,astropy__astropy-13453,regular
35,35,1,0.187990677,returned,0,0.183760173,returned,0.0,49561600,63295488,,,,,,,,,,,,0.00017468,0,4203,0,astropy__astropy-13453,regular
36,36,1,0.184175325,returned,1,0.184405728,returned,1.0,49532928,63188992,,,,,,,,,,,,0.00017454,0,4155,0,astropy__astropy-13453,regular
37,37,1,0.18305641,returned,0,0.186579897,returned,0.0,49397760,63225856,,,,,,,,,,,,0.000165673,0,4056,0,astropy__astropy-13453,regular
38,38,1,0.185390333,returned,0,0.179026828,returned,0.0,49090560,63328256,,,,,,,,,,,,0.000159682,0,4118,0,astropy__astropy-13453,regular
39,39,1,0.185993754,returned,0,0.174634285,returned,0.0,49315840,63496192,,,,,,,,,,,,0.000178266,0,3995,0,astropy__astropy-13453,regular
40,40,1,0.180601931,returned,0,0.178158412,returned,0.0,49451008,63496192,,,,,,,,,,,,0.000179979,0,3995,0,astropy__astropy-13453,regular
41,41,1,0.18294586,returned,1,0.178313186,returned,1.0,49438720,63787008,,,,,,,,,,,,0.000176523,0,4175,0,astropy__astropy-13453,regular
42,42,1,0.18402603,returned,1,0.183413926,returned,1.0,49639424,63598592,,,,,,,,,,,,0.000164782,0,4120,0,astropy__astropy-13453,regular
43,43,1,0.183045308,returned,1,0.177716618,returned,1.0,49651712,63639552,,,,,,,,,,,,0.000168949,0,4160,0,astropy__astropy-13453,regular
44,44,1,0.179751908,returned,0,0.179840361,returned,0.0,49917952,63586304,,,,,,,,,,,,0.000170913,0,4106,0,astropy__astropy-13453,regular
45,45,1,0.188241334,returned,0,0.182600473,returned,0.0,49586176,63717376,,,,,,,,,,,,0.000175992,2,4152,303104,astropy__astropy-13453,regular
46,46,1,0.186725539,returned,0,0.18216621,returned,0.0,49807360,63598592,,,,,,,,,,,,0.000176704,0,4161,0,astropy__astropy-13453,regular
47,47,1,0.182900635,returned,0,0.177004741,returned,0.0,49815552,63676416,,,,,,,,,,,,0.00017461,1,4031,270336,astropy__astropy-13453,regular
48,48,1,0.187862991,returned,0,0.181073699,returned,0.0,49586176,63860736,,,,,,,,,,,,0.00016953,2,4099,344064,astropy__astropy-13453,regular
49,49,1,0.180933919,returned,1,0.1835813,returned,1.0,49889280,64049152,,,,,,,,,,,,0.000165432,0,3984,0,astropy__astropy-13453,regular
50,50,1,0.195139453,returned,0,0.185888438,returned,0.0,49815552,64262144,,,,,,,,,,,,0.000174439,2,4202,622592,astropy__astropy-13453,regular
51,51,1,0.183845438,returned,0,0.182679193,returned,0.0,50647040,64634880,,,,,,,,,,,,0.000166364,0,4000,0,astropy__astropy-13453,regular
52,52,1,0.194670017,returned,0,0.185532362,returned,0.0,50692096,70647808,,,,,,,,,,,,0.000162887,6,7730,28622848,astropy__astropy-13453,regular
53,53,1,0.182263788,returned,0,0.183093114,returned,0.0,64729088,78876672,,,,,,,,,,,,0.000176763,0,3965,0,astropy__astropy-13453,regular
54,54,1,0.187113372,Submitted,0,0.180918723,Submitted,,64684032,78917632,,,,,,,,,,,,0.000168117,0,3963,0,astropy__astropy-13453,regular
1,1,1,0.302080933,returned,0,0.200048723,returned,0.0,720896,40882176,5.7288e-05,0.014916963,0.014974251,0.0,3.0,4157440.0,3436544.0,720896.0,712704.0,8192.0,94208.0,0.017171363,39,10911,54902784,astropy__astropy-13579,lazy
2,2,1,0.260863076,returned,0,0.176890817,returned,0.0,3014656,40902656,0.000427915,0.059685187,0.060113102,1.0,3.0,31035392.0,28020736.0,3014656.0,2621440.0,393216.0,94208.0,0.06077639,35,9849,48128000,astropy__astropy-13579,lazy
3,3,1,0.263580286,returned,0,0.179257938,returned,0.0,2486272,40931328,0.000162306,0.077962982,0.078125288,1.0,3.0,27074560.0,24588288.0,2486272.0,1994752.0,491520.0,94208.0,0.078762335,35,9839,48054272,astropy__astropy-13579,lazy
4,4,1,0.256384353,returned,0,0.178675976,returned,0.0,2445312,40902656,0.000442171,0.047752517,0.048194688,1.0,3.0,27119616.0,24674304.0,2445312.0,1974272.0,471040.0,94208.0,0.048824583,35,9859,47898624,astropy__astropy-13579,lazy
5,5,1,1.30164073,returned,1,1.035348961,returned,1.0,2453504,289910784,0.000884834,0.033591915,0.034476749,2.0,3.0,26976256.0,24391680.0,2584576.0,2174976.0,409600.0,94208.0,0.035095693,106,42419,200040448,astropy__astropy-13579,lazy
6,6,1,0.256569412,returned,0,0.184715604,returned,0.0,5787648,41185280,0.063242608,0.106469954,0.169712562,252.0,2.0,112189440.0,106401792.0,5787648.0,5206016.0,581632.0,98304.0,0.170457734,35,9928,47882240,astropy__astropy-13579,lazy
7,7,1,0.895335638,returned,0,0.623969108,returned,0.0,2662400,282583040,0.007549449,0.038049167,0.045598616,252.0,3.0,27344896.0,24682496.0,2662400.0,2019328.0,643072.0,98304.0,0.046237897,106,38476,197615616,astropy__astropy-13579,lazy
8,8,1,0.26280989,returned,1,0.183131037,returned,1.0,5320704,41091072,0.006322457,0.110883069,0.117205526,252.0,3.0,106061824.0,100741120.0,5320704.0,4980736.0,339968.0,98304.0,0.11789697,41,10212,50102272,astropy__astropy-13579,lazy
9,9,1,0.305009732,returned,2,0.210470921,returned,2.0,2596864,41058304,0.008898317,0.036418315,0.045316632,254.0,3.0,28237824.0,25640960.0,2596864.0,2080768.0,516096.0,98304.0,0.045947533,37,12837,62644224,astropy__astropy-13579,lazy
10,10,1,0.299224178,returned,2,0.205181805,returned,2.0,2813952,40980480,0.006533336,0.06286539,0.069398726,254.0,3.0,34897920.0,32083968.0,2813952.0,2310144.0,503808.0,98304.0,0.070012804,37,12779,62652416,astropy__astropy-13579,lazy
11,11,1,0.262536473,returned,0,0.179687866,returned,0.0,2809856,40902656,0.005755248,0.059546378,0.065301626,254.0,3.0,34844672.0,32034816.0,2809856.0,2351104.0,458752.0,98304.0,0.065960529,35,9917,47808512,astropy__astropy-13579,lazy
12,12,1,0.301349998,returned,1,0.200984225,returned,1.0,2412544,41050112,0.006393261,0.037663705,0.044056966,255.0,3.0,26910720.0,24498176.0,2412544.0,2031616.0,380928.0,98304.0,0.044683488,37,12812,62898176,astropy__astropy-13579,lazy
13,13,1,0.260786572,returned,0,0.180841379,returned,0.0,2830336,40968192,0.005749066,0.054006828,0.059755894,255.0,3.0,34574336.0,31744000.0,2830336.0,2306048.0,524288.0,98304.0,0.060408756,36,10044,49160192,astropy__astropy-13579,lazy
14,14,1,0.260545206,returned,0,0.178943745,returned,0.0,2605056,41082880,0.005892907,0.045499488,0.051392395,255.0,3.0,27820032.0,25214976.0,2605056.0,2052096.0,552960.0,98304.0,0.052069203,35,9840,47661056,astropy__astropy-13579,lazy
15,15,1,0.298449466,returned,0,0.203427933,returned,0.0,2519040,40939520,0.005944514,0.046047733,0.051992247,255.0,3.0,27267072.0,24748032.0,2519040.0,2035712.0,483328.0,98304.0,0.052632014,37,12767,62636032,astropy__astropy-13579,lazy
16,16,1,0.260722221,returned,0,0.180062309,returned,0.0,2891776,40988672,0.005959483,0.059705148,0.065664631,256.0,3.0,34725888.0,31834112.0,2891776.0,2322432.0,569344.0,98304.0,0.066273469,36,10060,49061888,astropy__astropy-13579,lazy
17,17,1,0.886578164,returned,0,0.632313048,returned,0.0,2523136,281976832,0.005885834,0.048710986,0.05459682,256.0,3.0,27623424.0,25100288.0,2523136.0,2031616.0,491520.0,98304.0,0.055201471,106,38452,197566464,astropy__astropy-13579,lazy
18,18,1,0.272725743,returned,0,0.183902267,returned,0.0,4759552,43376640,0.006171088,0.131919321,0.138090409,256.0,5.0,105971712.0,101212160.0,4759552.0,4509696.0,249856.0,98304.0,0.138799574,41,13697,77717504,astropy__astropy-13579,lazy
19,19,1,0.258319917,returned,0,0.181665059,returned,0.0,2494464,41299968,0.006117837,0.065686502,0.071804339,257.0,4.0,42008576.0,39514112.0,2494464.0,2146304.0,348160.0,98304.0,0.072405801,35,9909,47915008,astropy__astropy-13579,lazy
20,20,1,0.255675815,Submitted,0,0.178729225,Submitted,,2535424,40796160,0.005881021,0.033816213,0.039697234,257.0,3.0,27074560.0,24539136.0,2535424.0,2031616.0,503808.0,98304.0,0.040308474,35,9898,47931392,astropy__astropy-13579,lazy
1,1,1,0.302634869,returned,0,0.200048723,returned,0.0,4558848,41766912,,,,,,,,,,,,0.000158829,35,10146,49192960,astropy__astropy-13579,regular
2,2,1,0.188931353,returned,0,0.176890817,returned,0.0,31637504,45596672,,,,,,,,,,,,0.00017558,1,3977,81920,astropy__astropy-13579,regular
3,3,1,0.185297949,returned,0,0.179257938,returned,0.0,31608832,45903872,,,,,,,,,,,,0.000155783,0,3968,24576,astropy__astropy-13579,regular
4,4,1,0.183554127,returned,0,0.178675976,returned,0.0,31883264,46051328,,,,,,,,,,,,0.000150955,0,4008,0,astropy__astropy-13579,regular
5,5,1,1.235620394,returned,1,1.035348961,returned,1.0,32022528,298418176,,,,,,,,,,,,0.00015967,72,37222,151060480,astropy__astropy-13579,regular
6,6,1,0.186598715,returned,0,0.184715604,returned,0.0,116879360,130760704,,,,,,,,,,,,0.000157246,0,4083,0,astropy__astropy-13579,regular
7,7,1,0.649330023,returned,0,0.623969108,returned,0.0,116736000,293396480,,,,,,,,,,,,0.000154841,0,14262,0,astropy__astropy-13579,regular
8,8,1,0.1911937,returned,1,0.183131037,returned,1.0,117309440,130613248,,,,,,,,,,,,0.000174769,4,4168,647168,astropy__astropy-13579,regular
9,9,1,0.216786601,returned,2,0.210470921,returned,2.0,117010432,130854912,,,,,,,,,,,,0.000178336,0,5191,0,astropy__astropy-13579,regular
10,10,1,0.210774875,returned,2,0.205181805,returned,2.0,116908032,130641920,,,,,,,,,,,,0.00018589,0,5197,0,astropy__astropy-13579,regular
11,11,1,0.185183552,returned,0,0.179687866,returned,0.0,116563968,130752512,,,,,,,,,,,,0.000175009,0,4078,0,astropy__astropy-13579,regular
12,12,1,0.21178837,returned,1,0.200984225,returned,1.0,116719616,129748992,,,,,,,,,,,,0.000169679,0,5056,172032,astropy__astropy-13579,regular
13,13,1,0.18509735,returned,0,0.180841379,returned,0.0,115519488,130174976,,,,,,,,,,,,0.000179188,0,3980,0,astropy__astropy-13579,regular
14,14,1,0.191669,returned,0,0.178943745,returned,0.0,115896320,130301952,,,,,,,,,,,,0.000199637,0,4007,8192,astropy__astropy-13579,regular
15,15,1,0.21076957,returned,0,0.203427933,returned,0.0,116273152,129974272,,,,,,,,,,,,0.000167156,0,5112,8192,astropy__astropy-13579,regular
16,16,1,0.189005266,returned,0,0.180062309,returned,0.0,115814400,129953792,,,,,,,,,,,,0.000175992,0,4041,0,astropy__astropy-13579,regular
17,17,1,0.646378745,returned,0,0.632313048,returned,0.0,115761152,294334464,,,,,,,,,,,,0.000175271,0,14262,8192,astropy__astropy-13579,regular
18,18,1,0.201975055,returned,0,0.183902267,returned,0.0,117239808,132440064,,,,,,,,,,,,0.000178206,6,7710,28540928,astropy__astropy-13579,regular
19,19,1,0.183059653,returned,0,0.181665059,returned,0.0,131203072,145305600,,,,,,,,,,,,0.000155133,0,3955,0,astropy__astropy-13579,regular
20,20,1,0.185801358,Submitted,0,0.178729225,Submitted,,131162112,145190912,,,,,,,,,,,,0.000176133,0,4030,0,astropy__astropy-13579,regular
1,1,1,0.309910574,returned,0,0.198752406,returned,0.0,1064960,40947712,9.7845e-05,0.016206354,0.016304199,0.0,3.0,4829184.0,3764224.0,1064960.0,913408.0,151552.0,61440.0,0.019483132,39,10874,55074816,astropy__astropy-13977,lazy
2,2,1,0.262550484,returned,0,0.177819776,returned,0.0,2899968,40878080,0.000405504,0.043054801,0.043460305,1.0,3.0,30945280.0,28045312.0,2899968.0,2469888.0,430080.0,94208.0,0.044086477,36,10132,49512448,astropy__astropy-13977,lazy
3,3,1,0.26414725,returned,0,0.181442948,returned,0.0,2572288,40955904,0.000148951,0.074856127,0.075005078,1.0,3.0,27865088.0,25292800.0,2572288.0,1978368.0,593920.0,94208.0,0.075625909,38,10152,49897472,astropy__astropy-13977,lazy
4,4,1,0.267310093,returned,0,0.172432839,returned,0.0,2744320,41095168,0.000146195,0.067386245,0.06753244,1.0,3.0,28135424.0,25391104.0,2744320.0,2011136.0,733184.0,94208.0,0.068139274,38,10067,49790976,astropy__astropy-13977,lazy
5,5,1,0.26315587,returned,1,0.179817464,returned,1.0,2736128,41385984,0.000134524,0.052944616,0.05307914,1.0,3.0,28274688.0,25538560.0,2736128.0,2056192.0,679936.0,94208.0,0.05370999,36,10091,49274880,astropy__astropy-13977,lazy
6,6,1,2.032848571,returned,0,1.689500038,returned,0.0,2813952,52936704,0.00016966,0.048713851,0.048883511,1.0,3.0,28069888.0,25255936.0,2813952.0,2052096.0,761856.0,94208.0,0.049498119,39,63630,84246528,astropy__astropy-13977,lazy
7,7,1,0.260217087,returned,0,0.182184937,returned,0.0,5959680,41672704,0.000139793,0.126949603,0.127089396,1.0,3.0,49643520.0,43683840.0,5959680.0,4870144.0,1089536.0,94208.0,0.127898088,35,9830,47792128,astropy__astropy-13977,lazy
8,8,1,0.260031358,returned,0,0.179318708,returned,0.0,3276800,41660416,0.000474323,0.075301041,0.075775364,1.0,3.0,27639808.0,24363008.0,3276800.0,2002944.0,1273856.0,94208.0,0.076390812,35,9851,47710208,astropy__astropy-13977,lazy
9,9,1,0.767923661,returned,0,0.560801017,returned,0.0,3293184,262295552,0.000920332,0.040782491,0.041702823,2.0,3.0,27713536.0,24420352.0,3293184.0,2011136.0,1282048.0,94208.0,0.042310135,88,33539,172163072,astropy__astropy-13977,lazy
10,10,1,0.265650444,returned,0,0.186746455,returned,0.0,4026368,41738240,0.020033427,0.132852088,0.152885515,81.0,3.0,94240768.0,90214400.0,4026368.0,2891776.0,1134592.0,94208.0,0.153683657,40,10545,50077696,astropy__astropy-13977,lazy
11,11,1,0.25879481,returned,0,0.179229918,returned,0.0,3366912,41664512,0.003498635,0.064479492,0.067978127,83.0,3.0,29446144.0,26079232.0,3366912.0,2064384.0,1302528.0,94208.0,0.06856879,36,10082,48988160,astropy__astropy-13977,lazy
12,12,1,0.269910742,returned,0,0.189006602,returned,0.0,3387392,42139648,0.003005026,0.054189335,0.057194361,83.0,3.0,28676096.0,25288704.0,3387392.0,2048000.0,1339392.0,94208.0,0.057786205,40,10448,50012160,astropy__astropy-13977,lazy
13,13,1,0.25957037,returned,0,0.182267625,returned,0.0,3530752,41914368,0.003202889,0.044899499,0.048102388,84.0,3.0,29683712.0,26152960.0,3530752.0,2113536.0,1417216.0,94208.0,0.048734668,36,10011,49119232,astropy__astropy-13977,lazy
14,14,1,0.269385341,returned,0,0.183811736,returned,0.0,3596288,42012672,0.002711032,0.062056542,0.064767574,84.0,3.0,28823552.0,25227264.0,3596288.0,2105344.0,1490944.0,94208.0,0.065369758,40,10298,50003968,astropy__astropy-13977,lazy
15,15,1,0.262465763,returned,0,0.177860799,returned,0.0,3604480,41828352,0.003214167,0.058946688,0.062160855,85.0,3.0,29564928.0,25960448.0,3604480.0,2138112.0,1466368.0,94208.0,0.062749996,36,10017,49119232,astropy__astropy-13977,lazy
16,16,1,0.262974737,returned,0,0.179765859,returned,0.0,3506176,42061824,0.002777765,0.062196302,0.064974067,85.0,3.0,28688384.0,25182208.0,3506176.0,2101248.0,1404928.0,94208.0,0.06556511,35,9865,47849472,astropy__astropy-13977,lazy
17,17,1,0.302092111,returned,0,0.209098499,returned,0.0,3366912,41701376,0.0028814,0.053771745,0.056653145,86.0,3.0,28106752.0,24739840.0,3366912.0,2019328.0,1347584.0,94208.0,0.057254969,37,12829,62947328,astropy__astropy-13977,lazy
18,18,1,0.259903489,returned,0,0.181438319,returned,0.0,3694592,41619456,0.002607163,0.072229049,0.074836212,86.0,3.0,35426304.0,31731712.0,3694592.0,2383872.0,1310720.0,94208.0,0.075446573,36,10001,49078272,astropy__astropy-13977,lazy
19,19,1,0.259883923,returned,0,0.183095007,returned,0.0,3084288,41426944,0.002724044,0.067925198,0.070649242,86.0,3.0,28454912.0,25370624.0,3084288.0,2080768.0,1003520.0,94208.0,0.071262627,35,9852,47800320,astropy__astropy-13977,lazy
20,20,1,0.587824772,returned,1,0.386940821,returned,1.0,2314240,251932672,0.002934461,0.052499006,0.055433467,87.0,3.0,27508736.0,25194496.0,2314240.0,2043904.0,270336.0,94208.0,0.056045109,88,30843,172294144,astropy__astropy-13977,lazy
21,21,1,0.261451785,returned,0,0.184151991,returned,0.0,3997696,40669184,0.002878174,0.127637929,0.130516103,87.0,3.0,92094464.0,88096768.0,3997696.0,3809280.0,188416.0,94208.0,0.131195844,35,9871,47702016,astropy__astropy-13977,lazy
22,22,1,0.589086951,returned,1,0.383771941,returned,1.0,2351104,250011648,0.002623002,0.051883316,0.054506318,87.0,3.0,26742784.0,24391680.0,2351104.0,2023424.0,327680.0,94208.0,0.055112527,88,30630,172081152,astropy__astropy-13977,lazy
23,23,1,0.259289959,returned,0,0.1795562,returned,0.0,4149248,40718336,0.002372902,0.176296748,0.17866965,87.0,3.0,92168192.0,88018944.0,4149248.0,3825664.0,323584.0,94208.0,0.179278274,35,9867,47882240,astropy__astropy-13977,lazy
24,24,1,0.301664535,returned,1,0.198677111,returned,1.0,2473984,41017344,0.002719233,0.055316711,0.058035944,88.0,3.0,26939392.0,24465408.0,2473984.0,2052096.0,421888.0,94208.0,0.05862929,37,12707,62734336,astropy__astropy-13977,lazy
25,25,1,0.27910657,returned,0,0.183416668,returned,0.0,2928640,44625920,0.002456539,0.066616217,0.069072756,88.0,3.0,34713600.0,31784960.0,2928640.0,2338816.0,589824.0,94208.0,0.069712239,41,13919,78217216,astropy__astropy-13977,lazy
26,26,1,0.25760703,returned,0,0.183249415,returned,0.0,2887680,41414656,0.00288206,0.071683816,0.074565876,89.0,3.0,42930176.0,40042496.0,2887680.0,2129920.0,757760.0,94208.0,0.075204626,35,9874,47710208,astropy__astropy-13977,lazy
27,27,1,0.275882388,returned,0,0.189608391,returned,0.0,2875392,45772800,0.002460667,0.044345843,0.04680651,89.0,3.0,27443200.0,24567808.0,2875392.0,2052096.0,823296.0,94208.0,0.047461531,44,14133,79437824,astropy__astropy-13977,lazy
28,28,1,0.28518034,returned,0,0.191459065,returned,0.0,3043328,51326976,0.002716217,0.086824896,0.089541113,90.0,3.0,43741184.0,40697856.0,3043328.0,2158592.0,884736.0,94208.0,0.090173031,45,15704,90644480,astropy__astropy-13977,lazy
29,29,1,0.263935269,returned,0,0.178717204,returned,0.0,3080192,41295872,0.003705698,0.125976001,0.129681699,92.0,3.0,49512448.0,46432256.0,3080192.0,2215936.0,864256.0,94208.0,0.13033198,35,9920,47988736,astropy__astropy-13977,lazy
30,30,1,0.268112408,returned,1,0.184785457,returned,1.0,2867200,41209856,0.002646867,0.072849919,0.075496786,92.0,3.0,27410432.0,24543232.0,2867200.0,2052096.0,815104.0,94208.0,0.076126599,40,11448,58589184,astropy__astropy-13977,lazy
31,31,1,0.375046654,returned,0,0.261358381,returned,0.0,2846720,132304896,0.002688586,0.075873544,0.07856213,93.0,3.0,33013760.0,30167040.0,2846720.0,2093056.0,753664.0,94208.0,0.079191954,48,35328,162914304,astropy__astropy-13977,lazy
32,32,1,0.301471583,returned,1,0.205086217,returned,1.0,2940928,41467904,0.00265856,0.209902346,0.212560906,95.0,3.0,131170304.0,128229376.0,2940928.0,2232320.0,708608.0,94208.0,0.213200808,37,12713,62603264,astropy__astropy-13977,lazy
33,33,1,0.263498232,returned,0,0.183381016,returned,0.0,3190784,41586688,0.002630086,0.065551676,0.068181762,95.0,3.0,34885632.0,31694848.0,3190784.0,2351104.0,839680.0,94208.0,0.068814842,39,10203,49913856,astropy__astropy-13977,lazy
34,34,1,0.260474235,returned,0,0.18394382,returned,0.0,2883584,41390080,0.00290866,0.068244679,0.071153339,96.0,3.0,28626944.0,25743360.0,2883584.0,2088960.0,794624.0,94208.0,0.071752776,35,9874,47693824,astropy__astropy-13977,lazy
35,35,1,0.298710811,returned,0,0.20188621,returned,0.0,2936832,41086976,0.002873052,0.074527844,0.077400896,97.0,3.0,27439104.0,24502272.0,2936832.0,2097152.0,839680.0,94208.0,0.078023867,37,12853,62480384,astropy__astropy-13977,lazy
36,36,1,0.286712167,returned,0,0.188750519,returned,0.0,2981888,51101696,0.002759829,0.085603549,0.088363378,97.0,3.0,34869248.0,31887360.0,2981888.0,2375680.0,606208.0,94208.0,0.089008221,46,15770,90505216,astropy__astropy-13977,lazy
37,37,1,0.266909105,returned,0,0.181329346,returned,0.0,3010560,41340928,0.003192695,0.10136169,0.104554385,98.0,3.0,48930816.0,45920256.0,3010560.0,2228224.0,782336.0,94208.0,0.105233174,35,9777,47439872,astropy__astropy-13977,lazy
38,38,1,0.256916398,Submitted,0,0.182366177,Submitted,,3022848,41168896,0.002720806,0.070889456,0.073610262,98.0,3.0,27504640.0,24481792.0,3022848.0,2105344.0,917504.0,94208.0,0.074236883,35,9855,47521792,astropy__astropy-13977,lazy
1,1,1,0.31328488,returned,0,0.198752406,returned,0.0,4304896,40857600,,,,,,,,,,,,0.000189967,35,10150,49446912,astropy__astropy-13977,regular
2,2,1,0.19187297,returned,0,0.177819776,returned,0.0,31236096,45826048,,,,,,,,,,,,0.000171142,0,4016,172032,astropy__astropy-13977,regular
3,3,1,0.185259794,returned,0,0.181442948,returned,0.0,32239616,46428160,,,,,,,,,,,,0.000156896,2,4074,303104,astropy__astropy-13977,regular
4,4,1,0.186119448,returned,0,0.172432839,returned,0.0,32423936,46149632,,,,,,,,,,,,0.000176863,0,3974,0,astropy__astropy-13977,regular
5,5,1,0.18597708,returned,1,0.179817464,returned,1.0,32083968,46067712,,,,,,,,,,,,0.000160361,0,3992,0,astropy__astropy-13977,regular
6,6,1,1.964038746,returned,0,1.689500038,returned,0.0,32055296,56201216,,,,,,,,,,,,0.000157587,0,56921,29679616,astropy__astropy-13977,regular
7,7,1,0.190087343,returned,0,0.182184937,returned,0.0,52178944,63397888,,,,,,,,,,,,0.000164249,1,3975,73728,astropy__astropy-13977,regular
8,8,1,0.183987694,returned,0,0.179318708,returned,0.0,49405952,63512576,,,,,,,,,,,,0.000170161,0,4082,0,astropy__astropy-13977,regular
9,9,1,0.686644724,returned,0,0.560801017,returned,0.0,49532928,276307968,,,,,,,,,,,,0.000178697,54,27434,121839616,astropy__astropy-13977,regular
10,10,1,0.195552335,returned,0,0.186746455,returned,0.0,114163712,128192512,,,,,,,,,,,,0.000170622,2,4455,352256,astropy__astropy-13977,regular
11,11,1,0.185589506,returned,0,0.179229918,returned,0.0,114679808,128327680,,,,,,,,,,,,0.000160192,0,4061,0,astropy__astropy-13977,regular
12,12,1,0.188564957,returned,0,0.189006602,returned,0.0,114462720,128241664,,,,,,,,,,,,0.000156435,0,4320,0,astropy__astropy-13977,regular
13,13,1,0.182501482,returned,0,0.182267625,returned,0.0,114679808,128770048,,,,,,,,,,,,0.000157608,0,4098,0,astropy__astropy-13977,regular
14,14,1,0.187880807,returned,0,0.183811736,returned,0.0,114700288,128565248,,,,,,,,,,,,0.000172795,0,4172,0,astropy__astropy-13977,regular
15,15,1,0.188419582,returned,0,0.177860799,returned,0.0,114909184,128716800,,,,,,,,,,,,0.000156626,0,3992,0,astropy__astropy-13977,regular
16,16,1,0.182939013,returned,0,0.179765859,returned,0.0,114417664,128253952,,,,,,,,,,,,0.000172145,0,4012,0,astropy__astropy-13977,regular
17,17,1,0.208451769,returned,0,0.209098499,returned,0.0,114401280,128585728,,,,,,,,,,,,0.000153388,0,5148,32768,astropy__astropy-13977,regular
18,18,1,0.186293757,returned,0,0.181438319,returned,0.0,114360320,128589824,,,,,,,,,,,,0.000156044,0,3982,0,astropy__astropy-13977,regular
19,19,1,0.183681305,returned,0,0.183095007,returned,0.0,114438144,128131072,,,,,,,,,,,,0.000166192,0,4078,0,astropy__astropy-13977,regular
20,20,1,0.400327866,returned,1,0.386940821,returned,1.0,114388992,273031168,,,,,,,,,,,,0.000154962,0,9733,24576,astropy__astropy-13977,regular
21,21,1,0.188531163,returned,0,0.184151991,returned,0.0,115556352,129228800,,,,,,,,,,,,0.000181131,0,4006,8192,astropy__astropy-13977,regular
22,22,1,0.392204357,returned,1,0.383771941,returned,1.0,114966528,272396288,,,,,,,,,,,,0.000179087,0,9601,0,astropy__astropy-13977,regular
23,23,1,0.186345163,returned,0,0.1795562,returned,0.0,115920896,129466368,,,,,,,,,,,,0.000173486,0,3999,0,astropy__astropy-13977,regular
24,24,1,0.212644882,returned,1,0.198677111,returned,1.0,115675136,129323008,,,,,,,,,,,,0.00015991,0,5011,0,astropy__astropy-13977,regular
25,25,1,0.200797717,returned,0,0.183416668,returned,0.0,115036160,131739648,,,,,,,,,,,,0.000167014,6,7858,29057024,astropy__astropy-13977,regular
26,26,1,0.186033347,returned,0,0.183249415,returned,0.0,129953792,143917056,,,,,,,,,,,,0.000163868,0,4036,0,astropy__astropy-13977,regular
27,27,1,0.1883571,returned,0,0.189608391,returned,0.0,129818624,143953920,,,,,,,,,,,,0.000149572,0,4402,0,astropy__astropy-13977,regular
28,28,1,0.197116446,returned,0,0.191459065,returned,0.0,130379776,143998976,,,,,,,,,,,,0.000291814,4,6152,12582912,astropy__astropy-13977,regular
29,29,1,0.184001643,returned,0,0.178717204,returned,0.0,136912896,150597632,,,,,,,,,,,,0.00016505,0,4039,0,astropy__astropy-13977,regular
30,30,1,0.186319775,returned,1,0.184785457,returned,1.0,136417280,150233088,,,,,,,,,,,,0.000178306,0,4261,0,astropy__astropy-13977,regular
31,31,1,0.283393718,returned,0,0.261358381,returned,0.0,136720384,219881472,,,,,,,,,,,,0.000166704,0,24201,72073216,astropy__astropy-13977,regular
32,32,1,0.211549448,returned,1,0.205086217,returned,1.0,218480640,232132608,,,,,,,,,,,,0.000156334,0,5048,0,astropy__astropy-13977,regular
33,33,1,0.184171687,returned,0,0.183381016,returned,0.0,217853952,232013824,,,,,,,,,,,,0.000179267,0,4016,0,astropy__astropy-13977,regular
34,34,1,0.184631461,returned,0,0.18394382,returned,0.0,218124288,232153088,,,,,,,,,,,,0.000156404,0,4003,0,astropy__astropy-13977,regular
35,35,1,0.211698554,returned,0,0.20188621,returned,0.0,218161152,232337408,,,,,,,,,,,,0.000153158,0,5257,0,astropy__astropy-13977,regular
36,36,1,0.198056894,returned,0,0.188750519,returned,0.0,218267648,231907328,,,,,,,,,,,,0.000168447,0,4724,57344,astropy__astropy-13977,regular
37,37,1,0.18458339,returned,0,0.181329346,returned,0.0,218005504,231694336,,,,,,,,,,,,0.000151706,0,3962,0,astropy__astropy-13977,regular
38,38,1,0.18463668,Submitted,0,0.182366177,Submitted,,217575424,231763968,,,,,,,,,,,,0.000149471,0,4031,0,astropy__astropy-13977,regular
1,2,1,0.268175252,returned,0,0.183180929,returned,0.0,1101824,40144896,7.4289e-05,0.018960352,0.019034641,0.0,3.0,4673536.0,3571712.0,1101824.0,917504.0,184320.0,57344.0,0.021493385,37,9989,48979968,astropy__astropy-14096,lazy
2,3,1,0.296159241,returned,0,0.18697706,returned,0.0,2240512,39993344,0.000422355,0.036392267,0.036814622,1.0,3.0,27435008.0,25194496.0,2240512.0,1921024.0,319488.0,94208.0,0.037465958,39,10504,52191232,astropy__astropy-14096,lazy
3,4,1,0.264889076,returned,0,0.179283982,returned,0.0,2736128,40255488,0.000463423,0.067865685,0.068329108,1.0,3.0,29405184.0,26669056.0,2736128.0,2301952.0,434176.0,94208.0,0.06899409,36,9958,48250880,astropy__astropy-14096,lazy
4,5,1,0.25916538,returned,0,0.176767795,returned,0.0,2301952,40198144,0.000391588,0.050490667,0.050882255,1.0,3.0,27107328.0,24805376.0,2301952.0,1843200.0,458752.0,94208.0,0.051546395,38,9916,48496640,astropy__astropy-14096,lazy
5,6,1,0.255578488,returned,0,0.178896757,returned,0.0,2293760,39186432,0.000375797,0.051696277,0.052072074,1.0,4.0,27385856.0,25092096.0,2293760.0,1859584.0,434176.0,94208.0,0.052712049,37,9800,47120384,astropy__astropy-14096,lazy
6,7,1,0.300466028,returned,1,0.20164405,returned,1.0,1921024,39956480,0.000136638,0.043661471,0.043798109,1.0,3.0,26308608.0,24387584.0,1921024.0,1859584.0,61440.0,94208.0,0.044418857,37,12641,61718528,astropy__astropy-14096,lazy
7,8,1,1.298895766,returned,0,1.041760514,returned,0.0,2371584,289226752,0.000722981,0.061049444,0.061772425,2.0,3.0,33431552.0,31059968.0,2371584.0,2121728.0,249856.0,94208.0,0.062399296,105,42458,194150400,astropy__astropy-14096,lazy
8,9,1,0.256075414,returned,0,0.180017364,returned,0.0,5677056,40181760,0.0590767,0.226068217,0.285144917,241.0,2.0,109162496.0,103485440.0,5677056.0,5201920.0,475136.0,94208.0,0.285907542,36,9865,47775744,astropy__astropy-14096,lazy
9,10,1,0.257531925,returned,0,0.186390175,returned,0.0,2478080,40255488,0.007041376,0.05321216,0.060253536,241.0,3.0,27082752.0,24604672.0,2478080.0,1863680.0,614400.0,94208.0,0.060914149,38,9995,48496640,astropy__astropy-14096,lazy
10,11,1,0.258239377,returned,0,0.181454545,returned,0.0,2351104,40210432,0.005589934,0.050663401,0.056253335,241.0,3.0,27402240.0,25051136.0,2351104.0,1863680.0,487424.0,94208.0,0.056877679,38,10045,47742976,astropy__astropy-14096,lazy
11,12,1,0.253998771,returned,0,0.181185224,returned,0.0,2355200,39903232,0.00798603,0.0346951,0.04268113,241.0,3.0,27299840.0,24944640.0,2355200.0,1867776.0,487424.0,94208.0,0.043321935,36,9806,47480832,astropy__astropy-14096,lazy
12,13,1,0.258261789,returned,0,0.179054305,returned,0.0,2498560,39702528,0.005554276,0.029066625,0.034620901,241.0,3.0,26808320.0,24309760.0,2498560.0,1978368.0,520192.0,94208.0,0.035248612,38,9936,48267264,astropy__astropy-14096,lazy
13,14,1,0.252846925,returned,1,0.173880373,returned,1.0,2379776,39813120,0.00555641,0.044896806,0.050453216,241.0,3.0,27090944.0,24711168.0,2379776.0,1875968.0,503808.0,94208.0,0.051086267,36,9859,47144960,astropy__astropy-14096,lazy
14,15,1,0.441925843,returned,0,0.218381257,returned,0.0,2383872,47853568,0.005347127,0.047221589,0.052568716,241.0,3.0,26558464.0,24174592.0,2383872.0,1855488.0,528384.0,94208.0,0.053216113,40,14195,81092608,astropy__astropy-14096,lazy
15,16,1,0.256428171,returned,0,0.176739806,returned,0.0,1466368,39686144,0.005341956,0.107951603,0.113293559,241.0,4.0,46944256.0,45477888.0,1466368.0,950272.0,516096.0,94208.0,0.113944975,36,9796,46989312,astropy__astropy-14096,lazy
16,17,1,0.260040786,returned,0,0.177343651,returned,0.0,2568192,39886848,0.005319233,0.02947276,0.034791993,241.0,3.0,26738688.0,24170496.0,2568192.0,2072576.0,495616.0,94208.0,0.03540707,38,9940,48177152,astropy__astropy-14096,lazy
17,18,1,0.255177569,returned,1,0.182839577,returned,1.0,2400256,40046592,0.00568398,0.03099394,0.03667792,241.0,3.0,27127808.0,24727552.0,2400256.0,1896448.0,503808.0,94208.0,0.037299038,38,9993,47431680,astropy__astropy-14096,lazy
18,19,1,0.896354511,returned,0,0.642890615,returned,0.0,2478080,279449600,0.0054452,0.037659546,0.043104746,241.0,3.0,27033600.0,24555520.0,2478080.0,1867776.0,610304.0,94208.0,0.043711909,105,37987,191725568,astropy__astropy-14096,lazy
19,20,1,0.255751268,returned,1,0.182583384,returned,1.0,4247552,40013824,0.006075015,0.140673071,0.146748086,242.0,3.0,102920192.0,97992704.0,4927488.0,4550656.0,376832.0,94208.0,0.14786694,36,9897,47587328,astropy__astropy-14096,lazy
20,21,1,0.256596418,returned,1,0.181174255,returned,1.0,2387968,40075264,0.005613317,0.038503412,0.044116729,242.0,3.0,26910720.0,24522752.0,2387968.0,1871872.0,516096.0,94208.0,0.044745292,36,9862,47398912,astropy__astropy-14096,lazy
21,22,1,0.449016218,returned,0,0.217320463,returned,0.0,2473984,48300032,0.005520623,0.032110038,0.037630661,242.0,3.0,26869760.0,24395776.0,2473984.0,1892352.0,581632.0,94208.0,0.038265636,40,14326,81633280,astropy__astropy-14096,lazy
22,23,1,0.255062503,returned,0,0.180254429,returned,0.0,2854912,40701952,0.005458145,0.153533559,0.158991704,242.0,3.0,47128576.0,44273664.0,2854912.0,2285568.0,569344.0,94208.0,0.159754849,36,9668,45907968,astropy__astropy-14096,lazy
23,24,1,0.253552402,returned,0,0.180996674,returned,0.0,3063808,40550400,0.005319274,0.206368364,0.211687638,242.0,4.0,27512832.0,24449024.0,3063808.0,2433024.0,630784.0,94208.0,0.21230541,38,9681,46448640,astropy__astropy-14096,lazy
24,25,1,0.898383968,returned,1,0.644660052,returned,1.0,3911680,280891392,0.005227542,0.049031682,0.054259224,242.0,3.0,27693056.0,23781376.0,3911680.0,3211264.0,700416.0,94208.0,0.054869242,105,37890,191905792,astropy__astropy-14096,lazy
25,26,1,0.901955004,returned,1,0.642623349,returned,1.0,5152768,280375296,0.006016134,0.089317969,0.095334103,243.0,3.0,103161856.0,98009088.0,5152768.0,4788224.0,364544.0,94208.0,0.09602388,105,37900,191889408,astropy__astropy-14096,lazy
26,27,1,0.260199626,returned,0,0.179588406,returned,0.0,4759552,40103936,0.005936585,0.129063529,0.135000114,244.0,3.0,103313408.0,98553856.0,4759552.0,4702208.0,57344.0,94208.0,0.13564207,38,10072,49201152,astropy__astropy-14096,lazy
27,29,1,0.898423081,returned,0,0.659017316,returned,0.0,2228224,282697728,0.005728579,0.048472241,0.05420082,244.0,3.0,27250688.0,25022464.0,2228224.0,1925120.0,303104.0,94208.0,0.054799033,105,38037,192323584,astropy__astropy-14096,lazy
28,30,1,0.896514642,returned,0,0.641516721,returned,0.0,4882432,282529792,0.006064651,0.091691635,0.097756286,245.0,3.0,103174144.0,98291712.0,4882432.0,4714496.0,167936.0,94208.0,0.098463534,105,37980,192348160,astropy__astropy-14096,lazy
29,31,1,0.902495931,returned,0,0.641245814,returned,0.0,4907008,280420352,0.005906514,0.162140762,0.168047276,246.0,3.0,103190528.0,98283520.0,4907008.0,4702208.0,204800.0,94208.0,0.168727333,105,37969,192094208,astropy__astropy-14096,lazy
30,32,1,0.25972717,returned,2,0.176354422,returned,2.0,5038080,40382464,0.006210836,0.157221262,0.163432098,247.0,3.0,103239680.0,98201600.0,5038080.0,4808704.0,229376.0,94208.0,0.164116853,38,9934,48513024,astropy__astropy-14096,lazy
31,33,1,0.885777715,returned,1,0.623578843,returned,1.0,2375680,280092672,0.005654981,0.043242058,0.048897039,247.0,3.0,27459584.0,25083904.0,2375680.0,1921024.0,454656.0,94208.0,0.049639072,105,37864,191946752,astropy__astropy-14096,lazy
32,34,1,0.300096566,returned,0,0.201836425,returned,0.0,5181440,40079360,0.005885904,0.087814513,0.093700417,248.0,3.0,103063552.0,97882112.0,5181440.0,4874240.0,307200.0,94208.0,0.094343035,38,12766,61300736,astropy__astropy-14096,lazy
33,35,1,0.897684177,returned,0,0.645875308,returned,0.0,2535424,280981504,0.00597357,0.037346093,0.043319663,250.0,3.0,33816576.0,31281152.0,2535424.0,2150400.0,385024.0,94208.0,0.043939537,105,38253,191651840,astropy__astropy-14096,lazy
34,36,1,0.88798714,returned,1,0.63143178,returned,1.0,5038080,281448448,0.006075632,0.120536772,0.126612404,251.0,3.0,102920192.0,97882112.0,5038080.0,4747264.0,290816.0,94208.0,0.127252868,105,39354,191832064,astropy__astropy-14096,lazy
35,37,1,0.885485489,returned,1,0.638922601,returned,1.0,4943872,278355968,0.006120266,0.085581282,0.091701548,252.0,3.0,102944768.0,98000896.0,4943872.0,4685824.0,258048.0,94208.0,0.092544663,105,39285,191791104,astropy__astropy-14096,lazy
36,38,1,0.272290901,returned,0,0.192481084,returned,0.0,5013504,39886848,0.006040448,0.088633502,0.09467395,253.0,3.0,103235584.0,98222080.0,5013504.0,4788224.0,225280.0,94208.0,0.095343647,43,11013,50257920,astropy__astropy-14096,lazy
37,39,1,0.297012272,returned,1,0.207741473,returned,1.0,2437120,39981056,0.006423597,0.039205047,0.045628644,254.0,3.0,30203904.0,27766784.0,2437120.0,1998848.0,438272.0,94208.0,0.046264147,38,12628,61054976,astropy__astropy-14096,lazy
38,40,1,0.298303185,returned,1,0.205205196,returned,1.0,2637824,40357888,0.006049876,0.039434407,0.045484283,255.0,3.0,33730560.0,31092736.0,2637824.0,2211840.0,425984.0,94208.0,0.046140774,38,12706,60989440,astropy__astropy-14096,lazy
39,41,1,0.259561208,returned,0,0.186520661,returned,0.0,2637824,40091648,0.005970266,0.057558625,0.063528891,255.0,3.0,33976320.0,31338496.0,2637824.0,2187264.0,450560.0,94208.0,0.064151841,38,10503,48119808,astropy__astropy-14096,lazy
40,42,1,1.122012715,returned,1,0.889270109,returned,1.0,2961408,96436224,0.005840022,0.031845172,0.037685194,255.0,3.0,28229632.0,25268224.0,2961408.0,2519040.0,442368.0,94208.0,0.038291301,72,28589,107290624,astropy__astropy-14096,lazy
41,43,1,0.267451598,returned,2,0.229551156,returned,2.0,5664768,40128512,0.013149131,0.063865803,0.077014934,294.0,3.0,60612608.0,54931456.0,5681152.0,5447680.0,233472.0,94208.0,0.077760914,40,10293,49537024,astropy__astropy-14096,lazy
42,44,1,0.300595968,returned,1,0.206246589,returned,1.0,2240512,40046592,0.008427218,0.031915675,0.040342893,295.0,3.0,27815936.0,25575424.0,2240512.0,1933312.0,307200.0,94208.0,0.040969729,38,12666,61407232,astropy__astropy-14096,lazy
43,45,1,0.892836888,returned,1,0.628637835,returned,1.0,2547712,280899584,0.008398815,0.037223366,0.045622181,296.0,4.0,33673216.0,31125504.0,2547712.0,2154496.0,393216.0,94208.0,0.04628721,105,39409,191938560,astropy__astropy-14096,lazy
44,46,1,0.296191958,returned,0,0.23222741,returned,0.0,3874816,39936000,0.007700964,0.088350077,0.096051041,296.0,4.0,103362560.0,99487744.0,3874816.0,3600384.0,274432.0,94208.0,0.09674147,38,12608,61284352,astropy__astropy-14096,lazy
45,47,1,0.886762291,returned,1,0.635066328,returned,1.0,2547712,281042944,0.00732661,0.036430548,0.043757158,297.0,3.0,33566720.0,31019008.0,2547712.0,2179072.0,368640.0,94208.0,0.044447756,105,39304,191963136,astropy__astropy-14096,lazy
46,48,1,0.256801368,returned,0,0.177877839,returned,0.0,5046272,40247296,0.00758707,0.087803269,0.095390339,298.0,3.0,102879232.0,97832960.0,5046272.0,4771840.0,274432.0,94208.0,0.096080737,35,9714,46407680,astropy__astropy-14096,lazy
47,49,1,0.259275963,returned,0,0.181018972,returned,0.0,2322432,39739392,0.007231752,0.030514621,0.037746373,299.0,3.0,26095616.0,23773184.0,2322432.0,1916928.0,405504.0,94208.0,0.038357432,37,9964,46571520,astropy__astropy-14096,lazy
48,50,1,0.259917935,returned,0,0.180894206,returned,0.0,2297856,40378368,0.007356175,0.029463304,0.036819479,300.0,3.0,26664960.0,24367104.0,2297856.0,2031616.0,266240.0,94208.0,0.037427913,39,10103,48291840,astropy__astropy-14096,lazy
49,51,1,0.259325396,returned,0,0.182063316,returned,0.0,2187264,39985152,0.007263241,0.030550548,0.037813789,300.0,3.0,27578368.0,25391104.0,2187264.0,1912832.0,274432.0,94208.0,0.038463642,39,10097,48799744,astropy__astropy-14096,lazy
50,52,1,0.259772437,returned,0,0.184906239,returned,0.0,2297856,39940096,0.007260094,0.044250757,0.051510851,300.0,3.0,27467776.0,25169920.0,2297856.0,1912832.0,385024.0,94208.0,0.052143581,41,10252,48898048,astropy__astropy-14096,lazy
51,53,1,0.257938804,returned,2,0.187666983,returned,2.0,2342912,40075264,0.007599824,0.031981931,0.039581755,301.0,4.0,27910144.0,25567232.0,2342912.0,1929216.0,413696.0,94208.0,0.040188596,40,10182,49061888,astropy__astropy-14096,lazy
52,54,1,0.29829257,returned,1,0.205194671,returned,1.0,2506752,39911424,0.007184833,0.029289067,0.0364739,301.0,3.0,27652096.0,25145344.0,2506752.0,2072576.0,434176.0,94208.0,0.03722946,38,12688,61382656,astropy__astropy-14096,lazy
53,55,1,0.299534912,returned,1,0.204885514,returned,1.0,2580480,40153088,0.006955642,0.035834558,0.0427902,301.0,3.0,33583104.0,31002624.0,2580480.0,2162688.0,417792.0,94208.0,0.043434211,38,12612,61358080,astropy__astropy-14096,lazy
54,56,1,0.298734363,returned,0,0.208141282,returned,0.0,2568192,40558592,0.007137007,0.037210636,0.044347643,301.0,3.0,33771520.0,31203328.0,2568192.0,2174976.0,393216.0,94208.0,0.044984108,38,12902,61644800,astropy__astropy-14096,lazy
55,57,1,0.253529029,returned,0,0.178186468,returned,0.0,2895872,40222720,0.00754921,0.056940417,0.064489627,301.0,3.0,34312192.0,31416320.0,2895872.0,2228224.0,667648.0,94208.0,0.065143736,35,9621,46252032,astropy__astropy-14096,lazy
56,58,1,0.253373918,Submitted,0,0.179666873,Submitted,,2555904,40235008,0.007142116,0.047472883,0.054614999,301.0,3.0,26206208.0,23650304.0,2555904.0,1880064.0,675840.0,94208.0,0.055304073,35,9684,46252032,astropy__astropy-14096,lazy
1,2,1,0.259634626,returned,0,0.183180929,returned,0.0,4395008,40935424,,,,,,,,,,,,0.000169008,33,9374,43925504,astropy__astropy-14096,regular
2,3,1,0.216146605,returned,0,0.18697706,returned,0.0,27930624,42246144,,,,,,,,,,,,0.000171793,3,4651,3981312,astropy__astropy-14096,regular
3,4,1,0.185327947,returned,0,0.179283982,returned,0.0,30769152,44908544,,,,,,,,,,,,0.000169378,0,4080,188416,astropy__astropy-14096,regular
4,5,1,0.186892033,returned,0,0.176767795,returned,0.0,30883840,45191168,,,,,,,,,,,,0.000155162,2,4063,303104,astropy__astropy-14096,regular
5,6,1,0.184667609,returned,0,0.178896757,returned,0.0,30982144,44789760,,,,,,,,,,,,0.000165541,0,3966,0,astropy__astropy-14096,regular
6,7,1,0.225620652,returned,1,0.20164405,returned,1.0,30740480,44978176,,,,,,,,,,,,0.00015971,3,6883,15179776,astropy__astropy-14096,regular
7,8,1,1.205268544,returned,0,1.041760514,returned,0.0,38498304,295510016,,,,,,,,,,,,0.000154551,68,33906,131932160,astropy__astropy-14096,regular
8,9,1,0.187414766,returned,0,0.180017364,returned,0.0,113266688,126824448,,,,,,,,,,,,0.000169238,0,4002,0,astropy__astropy-14096,regular
9,10,1,0.182228347,returned,0,0.186390175,returned,0.0,112836608,127258624,,,,,,,,,,,,0.000199455,0,3971,0,astropy__astropy-14096,regular
10,11,1,0.183690022,returned,0,0.181454545,returned,0.0,112914432,126947328,,,,,,,,,,,,0.000177364,0,4165,0,astropy__astropy-14096,regular
11,12,1,0.185860297,returned,0,0.181185224,returned,0.0,113033216,126996480,,,,,,,,,,,,0.000172304,0,3998,0,astropy__astropy-14096,regular
12,13,1,0.178961033,returned,0,0.179054305,returned,0.0,112848896,127180800,,,,,,,,,,,,0.000176392,0,3973,0,astropy__astropy-14096,regular
13,14,1,0.185875886,returned,1,0.173880373,returned,1.0,112934912,126341120,,,,,,,,,,,,0.000173256,0,4003,0,astropy__astropy-14096,regular
14,15,1,0.314984004,returned,0,0.218381257,returned,0.0,112304128,126509056,,,,,,,,,,,,0.000170831,1,6678,19750912,astropy__astropy-14096,regular
15,16,1,0.185405662,returned,0,0.176739806,returned,0.0,124231680,138498048,,,,,,,,,,,,0.00017569,0,4036,0,astropy__astropy-14096,regular
16,17,1,0.181668114,returned,0,0.177343651,returned,0.0,124510208,138674176,,,,,,,,,,,,0.000180209,0,3975,0,astropy__astropy-14096,regular
17,18,1,0.189371301,returned,1,0.182839577,returned,1.0,124559360,138850304,,,,,,,,,,,,0.000168096,0,4101,0,astropy__astropy-14096,regular
18,19,1,0.661781998,returned,0,0.642890615,returned,0.0,124862464,304529408,,,,,,,,,,,,0.000173807,0,14501,0,astropy__astropy-14096,regular
19,20,1,0.185601211,returned,1,0.182583384,returned,1.0,125411328,139382784,,,,,,,,,,,,0.000171452,0,3994,0,astropy__astropy-14096,regular
20,21,1,0.182784939,returned,1,0.181174255,returned,1.0,125071360,139350016,,,,,,,,,,,,0.00015931,0,3976,0,astropy__astropy-14096,regular
21,22,1,0.219397827,returned,0,0.217320463,returned,0.0,125165568,139112448,,,,,,,,,,,,0.000152578,0,4233,0,astropy__astropy-14096,regular
22,23,1,0.182623581,returned,0,0.180254429,returned,0.0,125976576,139079680,,,,,,,,,,,,0.00018091,0,3983,0,astropy__astropy-14096,regular
23,24,1,0.185360722,returned,0,0.180996674,returned,0.0,125022208,138964992,,,,,,,,,,,,0.000158469,0,3969,0,astropy__astropy-14096,regular
24,25,1,0.660413039,returned,1,0.644660052,returned,1.0,124985344,302886912,,,,,,,,,,,,0.000171654,0,14399,0,astropy__astropy-14096,regular
25,26,1,0.656531177,returned,1,0.642623349,returned,1.0,126324736,299819008,,,,,,,,,,,,0.000162626,0,14454,0,astropy__astropy-14096,regular
26,27,1,0.188125869,returned,0,0.179588406,returned,0.0,126746624,139911168,,,,,,,,,,,,0.000182825,0,3968,0,astropy__astropy-14096,regular
27,29,1,0.661774183,returned,0,0.659017316,returned,0.0,125816832,301084672,,,,,,,,,,,,0.000176322,0,14469,0,astropy__astropy-14096,regular
28,30,1,0.660668939,returned,0,0.641516721,returned,0.0,127234048,303235072,,,,,,,,,,,,0.000172825,0,14402,0,astropy__astropy-14096,regular
29,31,1,0.660594183,returned,0,0.641245814,returned,0.0,127688704,298823680,,,,,,,,,,,,0.000179278,0,14415,0,astropy__astropy-14096,regular
30,32,1,0.184164499,returned,2,0.176354422,returned,2.0,127078400,140865536,,,,,,,,,,,,0.000177314,0,3976,0,astropy__astropy-14096,regular
31,33,1,0.644329546,returned,1,0.623578843,returned,1.0,126828544,303202304,,,,,,,,,,,,0.000177645,0,14329,0,astropy__astropy-14096,regular
32,34,1,0.209993789,returned,0,0.201836425,returned,0.0,126980096,140480512,,,,,,,,,,,,0.000169779,0,5244,0,astropy__astropy-14096,regular
33,35,1,0.660383151,returned,0,0.645875308,returned,0.0,126332928,303124480,,,,,,,,,,,,0.000163778,0,14728,0,astropy__astropy-14096,regular
34,36,1,0.653614126,returned,1,0.63143178,returned,1.0,127414272,300523520,,,,,,,,,,,,0.000178306,0,15839,16384,astropy__astropy-14096,regular
35,37,1,0.65221337,returned,1,0.638922601,returned,1.0,126980096,299257856,,,,,,,,,,,,0.000177965,0,15781,0,astropy__astropy-14096,regular
36,38,1,0.194159812,returned,0,0.192481084,returned,0.0,127586304,141058048,,,,,,,,,,,,0.000178465,2,4876,221184,astropy__astropy-14096,regular
37,39,1,0.208100892,returned,1,0.207741473,returned,1.0,128352256,140963840,,,,,,,,,,,,0.00018105,0,5212,0,astropy__astropy-14096,regular
38,40,1,0.209325742,returned,1,0.205205196,returned,1.0,126619648,140820480,,,,,,,,,,,,0.000171753,0,5142,0,astropy__astropy-14096,regular
39,41,1,0.189556343,returned,0,0.186520661,returned,0.0,126554112,140746752,,,,,,,,,,,,0.000174709,0,4534,0,astropy__astropy-14096,regular
40,42,1,1.002927724,returned,1,0.889270109,returned,1.0,127750144,173264896,,,,,,,,,,,,0.000176292,3,17201,14909440,astropy__astropy-14096,regular
41,43,1,0.189282427,returned,2,0.229551156,returned,2.0,137281536,151277568,,,,,,,,,,,,0.000176773,2,4201,344064,astropy__astropy-14096,regular
42,44,1,0.209997607,returned,1,0.206246589,returned,1.0,137834496,151474176,,,,,,,,,,,,0.000272112,0,5227,0,astropy__astropy-14096,regular
43,45,1,0.652827847,returned,1,0.628637835,returned,1.0,137281536,313659392,,,,,,,,,,,,0.000174859,0,15963,0,astropy__astropy-14096,regular
44,46,1,0.20944941,returned,0,0.23222741,returned,0.0,138346496,151797760,,,,,,,,,,,,0.000176863,0,5080,0,astropy__astropy-14096,regular
45,47,1,0.653851721,returned,1,0.635066328,returned,1.0,137691136,313552896,,,,,,,,,,,,0.000178917,0,15787,0,astropy__astropy-14096,regular
46,48,1,0.181399313,returned,0,0.177877839,returned,0.0,138436608,151937024,,,,,,,,,,,,0.000179096,0,4068,0,astropy__astropy-14096,regular
47,49,1,0.184629618,returned,0,0.181018972,returned,0.0,137699328,151703552,,,,,,,,,,,,0.000172072,1,4192,90112,astropy__astropy-14096,regular
48,50,1,0.18586509,returned,0,0.180894206,returned,0.0,138158080,151625728,,,,,,,,,,,,0.000173586,0,4243,8192,astropy__astropy-14096,regular
49,51,1,0.188045301,returned,0,0.182063316,returned,0.0,137863168,151523328,,,,,,,,,,,,0.000169799,0,4189,0,astropy__astropy-14096,regular
50,52,1,0.189474942,returned,0,0.184906239,returned,0.0,137904128,151830528,,,,,,,,,,,,0.000172254,1,4287,270336,astropy__astropy-14096,regular
51,53,1,0.189670129,returned,2,0.187666983,returned,2.0,138334208,151715840,,,,,,,,,,,,0.000157906,0,4149,0,astropy__astropy-14096,regular
52,54,1,0.208035873,returned,1,0.205194671,returned,1.0,137875456,151875584,,,,,,,,,,,,0.000177794,0,5116,0,astropy__astropy-14096,regular
53,55,1,0.209936087,returned,1,0.204885514,returned,1.0,137379840,151715840,,,,,,,,,,,,0.000175449,0,5163,0,astropy__astropy-14096,regular
54,56,1,0.216330939,returned,0,0.208141282,returned,0.0,137326592,151830528,,,,,,,,,,,,0.00018126,0,5282,0,astropy__astropy-14096,regular
55,57,1,0.182759951,returned,0,0.178186468,returned,0.0,137310208,151453696,,,,,,,,,,,,0.000173916,0,3959,0,astropy__astropy-14096,regular
56,58,1,0.181237157,Submitted,0,0.179666873,Submitted,,137392128,151580672,,,,,,,,,,,,0.00017587,0,4032,0,astropy__astropy-14096,regular
1,1,1,0.339085072,returned,0,0.199303836,returned,0.0,876544,40095744,7.1174e-05,0.015567487,0.015638661,0.0,2.0,4378624.0,3502080.0,876544.0,737280.0,139264.0,90112.0,0.019206897,41,10932,54714368,astropy__astropy-14182,lazy
2,1,2,0.331151372,returned,0,0.193702339,returned,0.0,3391488,40312832,0.000422815,0.075376179,0.075798994,1.0,3.0,31457280.0,28065792.0,3391488.0,3051520.0,339968.0,90112.0,0.076428356,39,10867,54738944,astropy__astropy-14182,lazy
3,2,1,0.260960277,returned,0,0.177930949,returned,0.0,3448832,40214528,0.000129664,0.054309567,0.054439231,1.0,3.0,31342592.0,27893760.0,3448832.0,3059712.0,389120.0,90112.0,0.055081909,35,9734,47136768,astropy__astropy-14182,lazy
4,3,1,0.261044276,returned,0,0.172102305,returned,0.0,2342912,40353792,0.000133641,0.060553312,0.060686953,1.0,3.0,26423296.0,24080384.0,2342912.0,1949696.0,393216.0,90112.0,0.061315193,35,9759,47087616,astropy__astropy-14182,lazy
5,4,1,0.259584603,returned,0,0.176004944,returned,0.0,2400256,40148992,0.000371107,0.038527959,0.038899066,1.0,4.0,26374144.0,23973888.0,2400256.0,1953792.0,446464.0,90112.0,0.039542666,37,10027,48504832,astropy__astropy-14182,lazy
6,5,1,0.263461638,returned,1,0.182726669,returned,1.0,2449408,40108032,0.000363243,0.046895614,0.047258857,1.0,3.0,27340800.0,24891392.0,2449408.0,2056192.0,393216.0,90112.0,0.047887077,36,9916,48439296,astropy__astropy-14182,lazy
7,6,1,0.262387901,returned,1,0.185030171,returned,1.0,2379776,40267776,0.000365457,0.046921262,0.047286719,1.0,3.0,27054080.0,24674304.0,2379776.0,1957888.0,421888.0,90112.0,0.047930579,36,10065,48406528,astropy__astropy-14182,lazy
8,7,1,0.262385665,returned,0,0.178660382,returned,0.0,2363392,40321024,0.000315463,0.064044773,0.064360236,1.0,3.0,27144192.0,24780800.0,2363392.0,1961984.0,401408.0,90112.0,0.064980572,36,9932,48513024,astropy__astropy-14182,lazy
9,8,1,0.263799061,returned,0,0.179064333,returned,0.0,2457600,40165376,0.000294311,0.04109067,0.041384981,1.0,3.0,27078656.0,24621056.0,2457600.0,1961984.0,495616.0,90112.0,0.041984686,38,9989,49029120,astropy__astropy-14182,lazy
10,9,1,0.258834815,returned,0,0.179201469,returned,0.0,1507328,39944192,0.000330871,0.105550416,0.105881287,1.0,7.0,27365376.0,25858048.0,1507328.0,1015808.0,491520.0,90112.0,0.10650175,36,9815,47652864,astropy__astropy-14182,lazy
11,10,1,0.260698248,returned,0,0.179851466,returned,0.0,2068480,40202240,0.000137207,0.052357491,0.052494698,1.0,3.0,26583040.0,24514560.0,2068480.0,1953792.0,114688.0,90112.0,0.053139597,38,10053,49405952,astropy__astropy-14182,lazy
12,11,1,0.258093955,returned,0,0.180722722,returned,0.0,2252800,40153088,0.000332814,0.050941906,0.05127472,1.0,3.0,27377664.0,25124864.0,2252800.0,1982464.0,270336.0,90112.0,0.05190365,38,9988,49168384,astropy__astropy-14182,lazy
13,12,1,0.253539718,returned,0,0.182148532,returned,0.0,1417216,39440384,0.000336371,0.093184164,0.093520535,1.0,3.0,27246592.0,25829376.0,1417216.0,1101824.0,315392.0,90112.0,0.094127072,38,9783,47308800,astropy__astropy-14182,lazy
14,13,1,0.262128109,returned,0,0.182719165,returned,0.0,2330624,40210432,0.000145713,0.03438574,0.034531453,1.0,3.0,26472448.0,24141824.0,2330624.0,1974272.0,356352.0,90112.0,0.035158117,36,9892,47800320,astropy__astropy-14182,lazy
15,14,1,0.258476993,returned,0,0.182320152,returned,0.0,2318336,40259584,0.000328696,0.033607551,0.033936247,1.0,2.0,26578944.0,24260608.0,2318336.0,1949696.0,368640.0,90112.0,0.034565027,38,9981,48521216,astropy__astropy-14182,lazy
16,15,1,0.261805383,returned,0,0.181008982,returned,0.0,2301952,40026112,0.000323968,0.047527756,0.047851724,1.0,3.0,27115520.0,24813568.0,2301952.0,1974272.0,327680.0,90112.0,0.048472447,35,9755,46735360,astropy__astropy-14182,lazy
17,16,1,0.255421677,returned,0,0.182657198,returned,0.0,2338816,40382464,0.000308228,0.052200456,0.052508684,1.0,2.0,26148864.0,23810048.0,2338816.0,1953792.0,385024.0,90112.0,0.053127033,35,9819,46866432,astropy__astropy-14182,lazy
18,17,1,0.256598913,returned,0,0.181367084,returned,0.0,2281472,40312832,0.000579858,0.046469933,0.047049791,2.0,3.0,26349568.0,24068096.0,2281472.0,1966080.0,315392.0,90112.0,0.047672176,35,9741,46784512,astropy__astropy-14182,lazy
19,18,1,1.156621386,returned,0,0.913448737,returned,0.0,2334720,288382976,0.000845275,0.044706858,0.045552133,3.0,3.0,26275840.0,23941120.0,2334720.0,2043904.0,290816.0,90112.0,0.046170622,104,40759,193167360,astropy__astropy-14182,lazy
20,19,1,0.26348604,returned,0,0.180399514,returned,0.0,5308416,40521728,0.044654376,0.189308714,0.23396309,186.0,3.0,107261952.0,101953536.0,5308416.0,4919296.0,389120.0,90112.0,0.234649971,35,9867,47267840,astropy__astropy-14182,lazy
21,20,1,0.830805359,returned,0,0.585165532,returned,0.0,2387968,275742720,0.005655798,0.059164644,0.064820442,186.0,3.0,26824704.0,24436736.0,2387968.0,1986560.0,401408.0,90112.0,0.0654631,104,37088,191348736,astropy__astropy-14182,lazy
22,21,1,0.263487233,returned,0,0.182091902,returned,0.0,5128192,40296448,0.004924424,0.095151502,0.100075926,186.0,3.0,102649856.0,97521664.0,5128192.0,4698112.0,430080.0,90112.0,0.100756685,35,9765,47071232,astropy__astropy-14182,lazy
23,22,1,0.838800598,returned,0,0.586002759,returned,0.0,2289664,277184512,0.004577753,0.046679311,0.051257064,186.0,3.0,26435584.0,24145920.0,2289664.0,2007040.0,282624.0,90112.0,0.051890484,104,37015,191463424,astropy__astropy-14182,lazy
24,23,1,0.258919149,returned,0,0.180941655,returned,0.0,5066752,40349696,0.005685575,0.133375824,0.139061399,186.0,3.0,102457344.0,97390592.0,5066752.0,4784128.0,282624.0,90112.0,0.13970585,35,9741,46727168,astropy__astropy-14182,lazy
25,24,1,0.824456883,returned,0,0.575240003,returned,0.0,2486272,277086208,0.005574175,0.04337396,0.048948135,186.0,3.0,26357760.0,23871488.0,2486272.0,2027520.0,458752.0,90112.0,0.049560035,104,37028,190963712,astropy__astropy-14182,lazy
26,25,1,0.255997651,returned,0,0.178300849,returned,0.0,2293760,40869888,0.004763629,0.24068697,0.245450599,186.0,4.0,102322176.0,100028416.0,2293760.0,1892352.0,401408.0,90112.0,0.24612245,35,9678,46284800,astropy__astropy-14182,lazy
27,26,1,0.831147196,returned,0,0.585145414,returned,0.0,3207168,272142336,0.004660116,0.050815818,0.055475934,186.0,3.0,27041792.0,23834624.0,3207168.0,2887680.0,319488.0,90112.0,0.056108751,104,37009,191234048,astropy__astropy-14182,lazy
28,27,1,0.253218386,returned,0,0.180537089,returned,0.0,2605056,40579072,0.004695341,0.224472593,0.229167934,186.0,3.0,102273024.0,99667968.0,2605056.0,2228224.0,376832.0,90112.0,0.229840977,38,9822,46424064,astropy__astropy-14182,lazy
29,28,1,0.258881593,returned,0,0.182658907,returned,0.0,3399680,40300544,0.004251017,0.046038123,0.05028914,186.0,3.0,27324416.0,23924736.0,3399680.0,3067904.0,331776.0,90112.0,0.050926846,35,9780,46997504,astropy__astropy-14182,lazy
30,29,1,0.824468493,returned,0,0.581669694,returned,0.0,2400256,271458304,0.004545159,0.033467503,0.038012662,186.0,4.0,26431488.0,24031232.0,2400256.0,1986560.0,413696.0,90112.0,0.038675246,104,36989,191127552,astropy__astropy-14182,lazy
31,30,1,0.25888015,returned,0,0.181491476,returned,0.0,3989504,40300544,0.004650807,0.100058886,0.104709693,186.0,3.0,102465536.0,98476032.0,3989504.0,3887104.0,102400.0,90112.0,0.105370973,35,9906,47448064,astropy__astropy-14182,lazy
32,31,1,0.257018978,returned,0,0.179880686,returned,0.0,2367488,40103936,0.004522907,0.044765234,0.049288141,186.0,3.0,26501120.0,24133632.0,2367488.0,2015232.0,352256.0,90112.0,0.049947859,35,9725,46825472,astropy__astropy-14182,lazy
33,32,1,0.825894444,returned,0,0.589569836,returned,0.0,2228224,275005440,0.004561901,0.056988822,0.061550723,186.0,3.0,26198016.0,23969792.0,2228224.0,1966080.0,262144.0,90112.0,0.062186195,104,37040,191414272,astropy__astropy-14182,lazy
34,33,1,0.259164554,returned,0,0.181095534,returned,0.0,5029888,40468480,0.004714227,0.121760259,0.126474486,186.0,3.0,102461440.0,97431552.0,5029888.0,4775936.0,253952.0,90112.0,0.127109638,35,9842,47079424,astropy__astropy-14182,lazy
35,34,1,0.824819972,returned,0,0.574188395,returned,0.0,2367488,275140608,0.004532275,0.068995744,0.073528019,186.0,3.0,26615808.0,24248320.0,2367488.0,2043904.0,323584.0,90112.0,0.074185072,104,37095,191275008,astropy__astropy-14182,lazy
36,35,1,0.255240613,returned,0,0.180026841,returned,0.0,4874240,40329216,0.004634828,0.195144796,0.199779624,186.0,3.0,102309888.0,97435648.0,4874240.0,4669440.0,204800.0,90112.0,0.200435736,35,9853,47022080,astropy__astropy-14182,lazy
37,36,1,0.824893963,returned,0,0.574830412,returned,0.0,2461696,276910080,0.004504492,0.047777267,0.052281759,186.0,3.0,26451968.0,23990272.0,2461696.0,2031616.0,430080.0,90112.0,0.05290518,104,37074,191266816,astropy__astropy-14182,lazy
38,37,1,0.257969238,returned,0,0.18076748,returned,0.0,4988928,40292352,0.004629687,0.125696468,0.130326155,186.0,3.0,102412288.0,97423360.0,4988928.0,4726784.0,262144.0,90112.0,0.131006483,35,9838,47013888,astropy__astropy-14182,lazy
39,38,1,0.82761251,returned,0,0.58434924,returned,0.0,2347008,277127168,0.00451626,0.049592207,0.054108467,186.0,3.0,26406912.0,24059904.0,2347008.0,2011136.0,335872.0,90112.0,0.054731356,104,37012,191356928,astropy__astropy-14182,lazy
40,39,1,0.258479224,returned,0,0.174865615,returned,0.0,4886528,40353792,0.00469249,0.122232066,0.126924556,186.0,3.0,102490112.0,97603584.0,4886528.0,4685824.0,200704.0,90112.0,0.12759345,35,9781,47038464,astropy__astropy-14182,lazy
41,40,1,0.837689883,returned,0,0.592856893,returned,0.0,2338816,277020672,0.004562806,0.034785091,0.039347897,186.0,3.0,26497024.0,24158208.0,2338816.0,2027520.0,311296.0,90112.0,0.040015419,104,37021,191397888,astropy__astropy-14182,lazy
42,41,1,0.262206013,returned,0,0.181561495,returned,0.0,4919296,40300544,0.00464477,0.163532165,0.168176935,186.0,3.0,102457344.0,97538048.0,4919296.0,4665344.0,253952.0,90112.0,0.16889445,35,9792,47030272,astropy__astropy-14182,lazy
43,42,1,0.826323202,returned,0,0.584204776,returned,0.0,2392064,276934656,0.004496672,0.067802928,0.0722996,186.0,3.0,26505216.0,24113152.0,2392064.0,1998848.0,393216.0,90112.0,0.07292935,104,37029,191307776,astropy__astropy-14182,lazy
44,43,1,0.261661072,returned,0,0.184035106,returned,0.0,4845568,40730624,0.004657023,0.131862676,0.136519699,186.0,3.0,102477824.0,97632256.0,4845568.0,4636672.0,208896.0,90112.0,0.137212208,35,9792,47013888,astropy__astropy-14182,lazy
45,44,1,0.832196572,returned,0,0.585207451,returned,0.0,2367488,273584128,0.004503184,0.057803927,0.062307111,186.0,3.0,26533888.0,24166400.0,2367488.0,2007040.0,360448.0,90112.0,0.062962661,104,37013,191315968,astropy__astropy-14182,lazy
46,45,1,0.261698928,returned,0,0.177672988,returned,0.0,5046272,40390656,0.004618501,0.170974153,0.175592654,186.0,3.0,102432768.0,97386496.0,5046272.0,4775936.0,270336.0,90112.0,0.176277359,37,10112,48455680,astropy__astropy-14182,lazy
47,46,1,0.263768324,returned,0,0.179525934,returned,0.0,2392064,40103936,0.004480375,0.064095182,0.068575557,186.0,3.0,27422720.0,25030656.0,2392064.0,2068480.0,323584.0,90112.0,0.069230467,38,10049,49127424,astropy__astropy-14182,lazy
48,47,1,0.26174544,returned,0,0.183492594,returned,0.0,2273280,40210432,0.004447644,0.041147522,0.045595166,186.0,3.0,27275264.0,25001984.0,2273280.0,2011136.0,262144.0,90112.0,0.046225579,38,9999,49160192,astropy__astropy-14182,lazy
49,48,1,0.254203831,returned,0,0.184548673,returned,0.0,1277952,40165376,0.004468944,0.079155338,0.083624282,186.0,5.0,27340800.0,26062848.0,1277952.0,962560.0,315392.0,90112.0,0.084270435,34,9829,46915584,astropy__astropy-14182,lazy
50,49,1,0.830901152,returned,0,0.580475007,returned,0.0,2383872,277307392,0.00455208,0.033880343,0.038432423,186.0,3.0,26329088.0,23945216.0,2383872.0,2007040.0,376832.0,90112.0,0.039060893,104,37008,191217664,astropy__astropy-14182,lazy
51,50,1,0.261420735,returned,0,0.185996676,returned,0.0,4898816,40337408,0.004686561,0.119400547,0.124087108,186.0,3.0,102473728.0,97574912.0,4898816.0,4628480.0,270336.0,90112.0,0.124777685,35,9852,47161344,astropy__astropy-14182,lazy
52,51,1,0.828824122,returned,0,0.589884749,returned,0.0,2367488,276197376,0.004530669,0.03427258,0.038803249,186.0,3.0,26636288.0,24268800.0,2367488.0,2019328.0,348160.0,90112.0,0.039432862,104,37007,191340544,astropy__astropy-14182,lazy
53,52,1,0.270496573,returned,0,0.18165145,returned,0.0,4931584,43065344,0.004643274,0.12662725,0.131270524,186.0,3.0,102428672.0,97497088.0,4931584.0,4612096.0,319488.0,90112.0,0.131931363,41,13626,77078528,astropy__astropy-14182,lazy
54,53,1,0.255219614,returned,0,0.175489486,returned,0.0,2588672,40091648,0.004724256,0.079977576,0.084701832,187.0,3.0,41668608.0,39079936.0,2588672.0,2101248.0,487424.0,90112.0,0.08533054,35,9646,46424064,astropy__astropy-14182,lazy
55,54,1,0.259135284,Submitted,0,0.179542079,Submitted,,2478080,40226816,0.004509594,0.047130115,0.051639709,187.0,2.0,26206208.0,23728128.0,2478080.0,1994752.0,483328.0,90112.0,0.052305036,35,9732,46456832,astropy__astropy-14182,lazy
1,1,1,0.340099142,returned,0,0.199303836,returned,0.0,4599808,40914944,,,,,,,,,,,,0.000205005,37,10393,49610752,astropy__astropy-14182,regular
2,1,2,0.20761292,returned,0,0.193702339,returned,0.0,32567296,47271936,,,,,,,,,,,,0.000172013,0,4102,0,astropy__astropy-14182,regular
3,2,1,0.188364604,returned,0,0.177930949,returned,0.0,33521664,46907392,,,,,,,,,,,,0.000161313,1,3984,90112,astropy__astropy-14182,regular
4,3,1,0.182032739,returned,0,0.172102305,returned,0.0,32665600,47022080,,,,,,,,,,,,0.000157997,0,4034,40960,astropy__astropy-14182,regular
5,4,1,0.182952919,returned,0,0.176004944,returned,0.0,32911360,46891008,,,,,,,,,,,,0.000151454,1,4117,229376,astropy__astropy-14182,regular
6,5,1,0.186383814,returned,1,0.182726669,returned,1.0,33390592,47353856,,,,,,,,,,,,0.000159239,0,4054,0,astropy__astropy-14182,regular
7,6,1,0.189482895,returned,1,0.185030171,returned,1.0,33382400,47509504,,,,,,,,,,,,0.000174107,0,4156,0,astropy__astropy-14182,regular
8,7,1,0.184118459,returned,0,0.178660382,returned,0.0,33636352,47595520,,,,,,,,,,,,0.000171011,0,3999,0,astropy__astropy-14182,regular
9,8,1,0.185497238,returned,0,0.179064333,returned,0.0,33411072,47476736,,,,,,,,,,,,0.000168417,2,4078,303104,astropy__astropy-14182,regular
10,9,1,0.187446358,returned,0,0.179201469,returned,0.0,33542144,47620096,,,,,,,,,,,,0.000154199,0,3981,0,astropy__astropy-14182,regular
11,10,1,0.188754477,returned,0,0.179851466,returned,0.0,33513472,47357952,,,,,,,,,,,,0.000166513,0,4040,0,astropy__astropy-14182,regular
12,11,1,0.183342801,returned,0,0.180722722,returned,0.0,33251328,47190016,,,,,,,,,,,,0.000167585,0,3972,0,astropy__astropy-14182,regular
13,12,1,0.180762865,returned,0,0.182148532,returned,0.0,33284096,47321088,,,,,,,,,,,,0.000168447,0,3969,0,astropy__astropy-14182,regular
14,13,1,0.184530915,returned,0,0.182719165,returned,0.0,33271808,47226880,,,,,,,,,,,,0.000154109,0,3973,0,astropy__astropy-14182,regular
15,14,1,0.180803458,returned,0,0.182320152,returned,0.0,33341440,47411200,,,,,,,,,,,,0.000164679,0,3979,0,astropy__astropy-14182,regular
16,15,1,0.18543624,returned,0,0.181008982,returned,0.0,33378304,47595520,,,,,,,,,,,,0.000161143,0,4040,0,astropy__astropy-14182,regular
17,16,1,0.182897795,returned,0,0.182657198,returned,0.0,33374208,47316992,,,,,,,,,,,,0.00018125,0,4015,0,astropy__astropy-14182,regular
18,17,1,0.18854239,returned,0,0.181367084,returned,0.0,33239040,47407104,,,,,,,,,,,,0.000173536,0,3999,0,astropy__astropy-14182,regular
19,18,1,1.082384563,returned,0,0.913448737,returned,0.0,33595392,291041280,,,,,,,,,,,,0.000154591,70,34890,145006592,astropy__astropy-14182,regular
20,19,1,0.188096642,returned,0,0.180399514,returned,0.0,112881664,126582784,,,,,,,,,,,,0.000162927,0,4071,0,astropy__astropy-14182,regular
21,20,1,0.61012913,returned,0,0.585165532,returned,0.0,112746496,285777920,,,,,,,,,,,,0.000155072,0,13590,0,astropy__astropy-14182,regular
22,21,1,0.185798707,returned,0,0.182091902,returned,0.0,113426432,127389696,,,,,,,,,,,,0.000178635,0,4082,0,astropy__astropy-14182,regular
23,22,1,0.597513549,returned,0,0.586002759,returned,0.0,113549312,285282304,,,,,,,,,,,,0.000172854,0,13574,0,astropy__astropy-14182,regular
24,23,1,0.190163657,returned,0,0.180941655,returned,0.0,114569216,127811584,,,,,,,,,,,,0.000158577,0,4013,8192,astropy__astropy-14182,regular
25,24,1,0.607467139,returned,0,0.575240003,returned,0.0,113831936,286240768,,,,,,,,,,,,0.0001601,0,13638,8192,astropy__astropy-14182,regular
26,25,1,0.185637073,returned,0,0.178300849,returned,0.0,113917952,127172608,,,,,,,,,,,,0.000174547,0,4075,0,astropy__astropy-14182,regular
27,26,1,0.59620451,returned,0,0.585145414,returned,0.0,113147904,285888512,,,,,,,,,,,,0.000152846,0,13636,0,astropy__astropy-14182,regular
28,27,1,0.184926521,returned,0,0.180537089,returned,0.0,114139136,127447040,,,,,,,,,,,,0.00017615,0,4152,0,astropy__astropy-14182,regular
29,28,1,0.184445961,returned,0,0.182658907,returned,0.0,113606656,127397888,,,,,,,,,,,,0.000168967,0,4069,0,astropy__astropy-14182,regular
30,29,1,0.592655804,returned,0,0.581669694,returned,0.0,113434624,285839360,,,,,,,,,,,,0.00015979,0,13628,0,astropy__astropy-14182,regular
31,30,1,0.190712676,returned,0,0.181491476,returned,0.0,114561024,127795200,,,,,,,,,,,,0.00017629,0,4078,8192,astropy__astropy-14182,regular
32,31,1,0.184942411,returned,0,0.179880686,returned,0.0,113815552,127758336,,,,,,,,,,,,0.00018666,0,4013,8192,astropy__astropy-14182,regular
33,32,1,0.598345903,returned,0,0.589569836,returned,0.0,113831936,284311552,,,,,,,,,,,,0.000161222,0,13640,0,astropy__astropy-14182,regular
34,33,1,0.181581311,returned,0,0.181095534,returned,0.0,115204096,128393216,,,,,,,,,,,,0.000176993,0,4016,0,astropy__astropy-14182,regular
35,34,1,0.598439258,returned,0,0.574188395,returned,0.0,114323456,284024832,,,,,,,,,,,,0.000157807,0,13590,0,astropy__astropy-14182,regular
36,35,1,0.186564196,returned,0,0.180026841,returned,0.0,114921472,128593920,,,,,,,,,,,,0.000181882,0,4098,8192,astropy__astropy-14182,regular
37,36,1,0.5997307,returned,0,0.574830412,returned,0.0,114634752,286674944,,,,,,,,,,,,0.000171632,0,13644,0,astropy__astropy-14182,regular
38,37,1,0.185488132,returned,0,0.18076748,returned,0.0,115490816,128622592,,,,,,,,,,,,0.00016989,0,4015,8192,astropy__astropy-14182,regular
39,38,1,0.594216107,returned,0,0.58434924,returned,0.0,114642944,284987392,,,,,,,,,,,,0.000167746,0,13634,0,astropy__astropy-14182,regular
40,39,1,0.183366768,returned,0,0.174865615,returned,0.0,114663424,128221184,,,,,,,,,,,,0.000168557,0,4100,0,astropy__astropy-14182,regular
41,40,1,0.601099764,returned,0,0.592856893,returned,0.0,114475008,285540352,,,,,,,,,,,,0.000162795,0,13634,0,astropy__astropy-14182,regular
42,41,1,0.183242775,returned,0,0.181561495,returned,0.0,114974720,128413696,,,,,,,,,,,,0.000173165,0,4018,0,astropy__astropy-14182,regular
43,42,1,0.594677053,returned,0,0.584204776,returned,0.0,114708480,286154752,,,,,,,,,,,,0.000169238,0,13578,0,astropy__astropy-14182,regular
44,43,1,0.187061736,returned,0,0.184035106,returned,0.0,115167232,128221184,,,,,,,,,,,,0.000168437,0,4015,0,astropy__astropy-14182,regular
45,44,1,0.59837223,returned,0,0.585207451,returned,0.0,114401280,286605312,,,,,,,,,,,,0.000163437,0,13569,8192,astropy__astropy-14182,regular
46,45,1,0.186436551,returned,0,0.177672988,returned,0.0,115187712,128774144,,,,,,,,,,,,0.00017568,0,4136,0,astropy__astropy-14182,regular
47,46,1,0.189794191,returned,0,0.179525934,returned,0.0,114769920,128389120,,,,,,,,,,,,0.000242786,0,4035,0,astropy__astropy-14182,regular
48,47,1,0.182253189,returned,0,0.183492594,returned,0.0,114311168,127660032,,,,,,,,,,,,0.000186651,0,4029,0,astropy__astropy-14182,regular
49,48,1,0.183910474,returned,0,0.184548673,returned,0.0,113512448,127963136,,,,,,,,,,,,0.000168196,0,4088,0,astropy__astropy-14182,regular
50,49,1,0.593347172,returned,0,0.580475007,returned,0.0,113971200,287186944,,,,,,,,,,,,0.000155403,0,13642,0,astropy__astropy-14182,regular
51,50,1,0.186942973,returned,0,0.185996676,returned,0.0,114683904,127881216,,,,,,,,,,,,0.000153829,0,4002,0,astropy__astropy-14182,regular
52,51,1,0.603586531,returned,0,0.589884749,returned,0.0,113917952,286277632,,,,,,,,,,,,0.000161273,0,13655,0,astropy__astropy-14182,regular
53,52,1,0.198492309,returned,0,0.18165145,returned,0.0,115023872,130306048,,,,,,,,,,,,0.000180549,6,7657,28803072,astropy__astropy-14182,regular
54,53,1,0.18258125,returned,0,0.175489486,returned,0.0,129155072,142540800,,,,,,,,,,,,0.000178666,0,4046,0,astropy__astropy-14182,regular
55,54,1,0.180381957,Submitted,0,0.179542079,Submitted,,127782912,141758464,,,,,,,,,,,,0.000182553,0,4025,0,astropy__astropy-14182,regular
1,1,1,0.313530385,returned,0,0.199578351,returned,0.0,1028096,40800256,7.6603e-05,0.015461502,0.015538105,0.0,3.0,4587520.0,3559424.0,1028096.0,905216.0,122880.0,98304.0,0.018953981,39,10781,54599680,astropy__astropy-14309,lazy
2,1,2,0.300183725,returned,0,0.19732722,returned,0.0,3096576,40960000,0.000409498,0.066596365,0.067005863,1.0,3.0,31072256.0,27975680.0,3096576.0,2732032.0,364544.0,98304.0,0.067649009,39,10819,54345728,astropy__astropy-14309,lazy
3,1,3,0.30956237,returned,0,0.194278082,returned,0.0,3227648,41041920,0.000396343,0.053887584,0.054283927,1.0,3.0,30863360.0,27635712.0,3227648.0,2732032.0,495616.0,98304.0,0.054901104,39,10779,54206464,astropy__astropy-14309,lazy
4,2,1,0.259918271,returned,0,0.181071108,returned,0.0,3338240,40919040,0.000330941,0.040171255,0.040502196,1.0,3.0,31174656.0,27836416.0,3338240.0,2756608.0,581632.0,98304.0,0.041130173,36,10014,49315840,astropy__astropy-14309,lazy
5,2,2,0.260764222,returned,0,0.175279488,returned,0.0,2736128,41062400,0.000336381,0.035272056,0.035608437,1.0,3.0,27738112.0,25001984.0,2736128.0,2027520.0,708608.0,98304.0,0.036251926,36,9980,49061888,astropy__astropy-14309,lazy
6,3,1,0.261303854,returned,0,0.180507018,returned,0.0,2715648,40972288,0.000308358,0.046545958,0.046854316,1.0,3.0,27865088.0,25149440.0,2715648.0,2023424.0,692224.0,98304.0,0.047466346,37,10208,49397760,astropy__astropy-14309,lazy
7,3,2,0.261735018,returned,0,0.209580213,returned,0.0,2945024,41160704,0.000363893,0.029884824,0.030248717,1.0,2.0,28000256.0,24920064.0,3080192.0,2379776.0,700416.0,98304.0,0.030865956,37,10103,49152000,astropy__astropy-14309,lazy
8,4,1,0.258022104,returned,0,0.181509813,returned,0.0,2596864,40992768,0.000322966,0.033216308,0.033539274,1.0,3.0,27983872.0,25387008.0,2596864.0,2015232.0,581632.0,98304.0,0.034162194,34,9841,47669248,astropy__astropy-14309,lazy
9,5,1,0.30015502,returned,1,0.201566574,returned,1.0,2662400,41070592,0.000759606,0.03079349,0.031553096,2.0,3.0,27004928.0,24342528.0,2662400.0,2011136.0,651264.0,98304.0,0.032181786,37,12675,62685184,astropy__astropy-14309,lazy
10,6,1,0.258643732,returned,0,0.184234801,returned,0.0,2969600,41025536,0.000384272,0.076985323,0.077369595,2.0,3.0,34615296.0,31645696.0,2969600.0,2273280.0,696320.0,98304.0,0.077960474,35,9849,47677440,astropy__astropy-14309,lazy
11,7,1,1.16610365,returned,0,0.920336263,returned,0.0,2768896,283250688,0.000475944,0.039087849,0.039563793,2.0,3.0,27238400.0,24469504.0,2768896.0,2019328.0,749568.0,98304.0,0.040173257,104,40359,190578688,astropy__astropy-14309,lazy
12,8,1,0.25911492,returned,0,0.174908371,returned,0.0,5660672,41177088,0.050266301,0.097174037,0.147440338,190.0,5.0,106225664.0,100564992.0,5660672.0,4976640.0,684032.0,98304.0,0.148121965,37,10194,49422336,astropy__astropy-14309,lazy
13,9,1,0.265937115,returned,0,0.183768602,returned,0.0,2830336,41189376,0.005879578,0.050288472,0.05616805,190.0,3.0,28295168.0,25464832.0,2830336.0,2068480.0,761856.0,98304.0,0.056814652,38,10234,49963008,astropy__astropy-14309,lazy
14,10,1,0.798062019,returned,1,0.551494928,returned,1.0,2924544,273440768,0.004929107,0.047649257,0.052578364,191.0,3.0,28368896.0,25444352.0,2924544.0,2068480.0,856064.0,98304.0,0.053205749,103,36153,187572224,astropy__astropy-14309,lazy
15,11,1,0.259077991,returned,0,0.181635478,returned,0.0,5058560,41590784,0.004982567,0.121304028,0.126286595,191.0,3.0,101076992.0,96018432.0,5058560.0,4595712.0,462848.0,98304.0,0.127066827,35,9874,47841280,astropy__astropy-14309,lazy
16,12,1,0.826415189,returned,0,0.58025355,returned,0.0,2588672,272076800,0.007078215,0.075029387,0.082107602,191.0,3.0,27185152.0,24596480.0,2588672.0,2019328.0,569344.0,98304.0,0.082770835,103,36580,188268544,astropy__astropy-14309,lazy
17,13,1,0.264946769,returned,0,0.180932569,returned,0.0,4636672,40992768,0.004910302,0.128557832,0.133468134,191.0,3.0,101195776.0,96559104.0,4636672.0,4571136.0,65536.0,98304.0,0.134119123,35,9948,48431104,astropy__astropy-14309,lazy
18,14,1,0.261246534,returned,0,0.179843644,returned,0.0,2469888,41205760,0.004827147,0.038177526,0.043004673,191.0,3.0,27312128.0,24842240.0,2469888.0,2084864.0,385024.0,98304.0,0.043640053,35,9861,47915008,astropy__astropy-14309,lazy
19,15,1,0.819890475,returned,0,0.576102139,returned,0.0,2576384,275091456,0.004928726,0.062121738,0.067050464,192.0,3.0,27381760.0,24805376.0,2576384.0,2064384.0,512000.0,98304.0,0.067693921,103,36540,188416000,astropy__astropy-14309,lazy
20,16,1,0.274302073,returned,0,0.183741974,returned,0.0,5050368,44236800,0.005128855,0.093142594,0.098271449,192.0,3.0,101187584.0,96137216.0,5050368.0,4726784.0,323584.0,98304.0,0.098975,41,13792,78454784,astropy__astropy-14309,lazy
21,17,1,0.258733912,returned,0,0.179701298,returned,0.0,2744320,41119744,0.004950961,0.063472685,0.068423646,193.0,4.0,43053056.0,40308736.0,2744320.0,2125824.0,618496.0,98304.0,0.069030605,35,9907,47775744,astropy__astropy-14309,lazy
22,18,1,0.284884814,returned,0,0.191522643,returned,0.0,2748416,46292992,0.004793486,0.090391521,0.095185007,193.0,3.0,27308032.0,24559616.0,2748416.0,2019328.0,729088.0,98304.0,0.095822213,46,14660,81559552,astropy__astropy-14309,lazy
23,19,1,0.254907526,returned,0,0.176333391,returned,0.0,2891776,40968192,0.005415793,0.048956002,0.054371795,194.0,3.0,44781568.0,41889792.0,2891776.0,2211840.0,679936.0,98304.0,0.055284489,35,9726,47104000,astropy__astropy-14309,lazy
24,20,1,0.278649432,returned,0,0.18704363,returned,0.0,2752512,45867008,0.004834552,0.031249193,0.036083745,194.0,3.0,26955776.0,24203264.0,2752512.0,2056192.0,696320.0,98304.0,0.03672513,44,14383,81879040,astropy__astropy-14309,lazy
25,21,1,0.382509449,returned,0,0.194853288,returned,0.0,2949120,133816320,0.005549244,0.069970509,0.075519753,195.0,3.0,44638208.0,41689088.0,2949120.0,2191360.0,757760.0,98304.0,0.076129447,47,36009,164585472,astropy__astropy-14309,lazy
26,22,1,0.289295408,returned,0,0.192873006,returned,0.0,3067904,47108096,0.004867355,0.15291797,0.157785325,196.0,3.0,133062656.0,129994752.0,3067904.0,2478080.0,589824.0,98304.0,0.158493153,46,14774,82706432,astropy__astropy-14309,lazy
27,23,1,0.256435305,returned,0,0.182668619,returned,0.0,2842624,41185280,0.005005991,0.071925198,0.076931189,196.0,3.0,45436928.0,42594304.0,2842624.0,2207744.0,634880.0,98304.0,0.077596425,35,9717,46989312,astropy__astropy-14309,lazy
28,24,1,0.258198955,returned,0,0.183443265,returned,0.0,1933312,40226816,0.004921072,0.08900362,0.093924692,196.0,4.0,26935296.0,25001984.0,1933312.0,1208320.0,724992.0,98304.0,0.094572666,36,9843,47357952,astropy__astropy-14309,lazy
29,25,1,0.261203891,returned,0,0.181422295,returned,0.0,2015232,40169472,0.004863273,0.082359251,0.087222524,196.0,4.0,27131904.0,25116672.0,2015232.0,1253376.0,761856.0,98304.0,0.087875928,36,9815,47046656,astropy__astropy-14309,lazy
30,26,1,0.284537705,returned,0,0.192481013,returned,0.0,1822720,46436352,0.004435181,0.082459839,0.08689502,196.0,5.0,26914816.0,25092096.0,1822720.0,1032192.0,790528.0,98304.0,0.087498941,46,14631,81960960,astropy__astropy-14309,lazy
31,27,1,0.277251817,returned,0,0.191413163,returned,0.0,2830336,45830144,0.005022572,0.071907955,0.076930527,196.0,3.0,45133824.0,42303488.0,2830336.0,2199552.0,630784.0,98304.0,0.077547965,44,14297,81829888,astropy__astropy-14309,lazy
32,28,1,0.285790012,returned,0,0.19467502,returned,0.0,2793472,47529984,0.005622225,0.067226704,0.072848929,197.0,3.0,44437504.0,41644032.0,2793472.0,2187264.0,606208.0,98304.0,0.073609745,46,14850,82747392,astropy__astropy-14309,lazy
33,29,1,0.280476585,returned,1,0.183739951,returned,1.0,2887680,45846528,0.005041587,0.072698458,0.077740045,197.0,3.0,45764608.0,42860544.0,2904064.0,2211840.0,692224.0,98304.0,0.078365676,46,14417,82714624,astropy__astropy-14309,lazy
34,30,1,0.315399876,returned,1,0.206959249,returned,1.0,2891776,50806784,0.005321191,0.070567514,0.075888705,197.0,3.0,45068288.0,42176512.0,2891776.0,2215936.0,675840.0,98304.0,0.076541078,44,15724,84590592,astropy__astropy-14309,lazy
35,31,1,0.311726863,returned,1,0.213111353,returned,1.0,1855488,50196480,0.004768495,0.148339889,0.153108384,197.0,5.0,45854720.0,43999232.0,1855488.0,1187840.0,667648.0,98304.0,0.15375733,44,15404,82345984,astropy__astropy-14309,lazy
36,32,1,0.286514509,returned,0,0.191490043,returned,0.0,3280896,49610752,0.004799643,0.088943969,0.093743612,197.0,3.0,45268992.0,41988096.0,3280896.0,2461696.0,819200.0,98304.0,0.094383061,46,14934,83009536,astropy__astropy-14309,lazy
37,33,1,0.260281962,returned,0,0.182751381,returned,0.0,2854912,40894464,0.004854788,0.074129588,0.078984376,197.0,3.0,45649920.0,42795008.0,2854912.0,2207744.0,647168.0,98304.0,0.07962122,36,9994,49078272,astropy__astropy-14309,lazy
38,34,1,0.288003199,returned,0,0.192271457,returned,0.0,2797568,48091136,0.004855819,0.04936896,0.054224779,197.0,3.0,27820032.0,25022464.0,2797568.0,2068480.0,729088.0,98304.0,0.054869207,48,14707,83214336,astropy__astropy-14309,lazy
39,35,1,0.286326632,returned,0,0.191550177,returned,0.0,2920448,48177152,0.005207017,0.074155678,0.079362695,198.0,3.0,45465600.0,42545152.0,2920448.0,2240512.0,679936.0,98304.0,0.079964963,46,14900,82993152,astropy__astropy-14309,lazy
40,36,1,0.257962172,returned,0,0.182507529,returned,0.0,2879488,41078784,0.005132678,0.072807972,0.07794065,198.0,3.0,45649920.0,42770432.0,2879488.0,2211840.0,667648.0,98304.0,0.078638248,35,9794,47308800,astropy__astropy-14309,lazy
41,37,1,0.278433956,returned,1,0.188742139,returned,1.0,2977792,45162496,0.004857884,0.067492867,0.072350751,198.0,3.0,27168768.0,24190976.0,2977792.0,2064384.0,913408.0,98304.0,0.072968902,45,14172,80625664,astropy__astropy-14309,lazy
42,38,1,0.309661965,returned,1,0.202916198,returned,1.0,3092480,49405952,0.005126338,0.089938038,0.095064376,198.0,3.0,44396544.0,41304064.0,3092480.0,2203648.0,888832.0,98304.0,0.095672176,44,15318,81674240,astropy__astropy-14309,lazy
43,39,1,0.325769956,returned,1,0.213422107,returned,1.0,2592768,51048448,0.004922415,0.080814621,0.085737036,198.0,3.0,44580864.0,41988096.0,2592768.0,2478080.0,114688.0,98304.0,0.086378479,44,15861,85491712,astropy__astropy-14309,lazy
44,40,1,0.276904988,returned,2,0.183656814,returned,2.0,2879488,41021440,0.004927706,0.048569544,0.05349725,198.0,3.0,45912064.0,43032576.0,2879488.0,2445312.0,434176.0,98304.0,0.054132512,42,12862,70221824,astropy__astropy-14309,lazy
45,41,1,0.272634525,returned,2,0.184585445,returned,2.0,2600960,41140224,0.005265188,0.040603088,0.045868276,199.0,3.0,38277120.0,35676160.0,2600960.0,2158592.0,442368.0,98304.0,0.046695318,42,12868,70115328,astropy__astropy-14309,lazy
46,42,1,0.274740647,returned,0,0.181972403,returned,0.0,2580480,41304064,0.005309091,0.042570559,0.04787965,200.0,3.0,38277120.0,35696640.0,2580480.0,2150400.0,430080.0,98304.0,0.048613828,41,12821,70139904,astropy__astropy-14309,lazy
47,43,1,0.261839758,returned,0,0.182323551,returned,0.0,2658304,41140224,0.004933426,0.07973192,0.084665346,200.0,3.0,38207488.0,35549184.0,2658304.0,2146304.0,512000.0,98304.0,0.085301459,35,9852,47767552,astropy__astropy-14309,lazy
48,44,1,0.398892212,returned,0,0.313020754,returned,0.0,2781184,41373696,0.005035467,0.049096433,0.0541319,200.0,3.0,27463680.0,24682496.0,2781184.0,2080768.0,700416.0,98304.0,0.054778093,41,13854,50577408,astropy__astropy-14309,lazy
49,45,1,0.267669713,returned,0,0.183989458,returned,0.0,3002368,44498944,0.005028521,0.066835385,0.071863906,200.0,3.0,29421568.0,26419200.0,3002368.0,2162688.0,839680.0,98304.0,0.072490879,41,13345,74276864,astropy__astropy-14309,lazy
50,46,1,0.249705563,returned,0,0.181416579,returned,0.0,2985984,39149568,0.005667357,0.100315744,0.105983101,200.0,3.0,41172992.0,38187008.0,2985984.0,2215936.0,770048.0,98304.0,0.106680687,35,9297,43352064,astropy__astropy-14309,lazy
51,47,1,0.802188629,returned,1,0.55680049,returned,1.0,2867200,273670144,0.004855587,0.04445506,0.049310647,200.0,3.0,25116672.0,22249472.0,2867200.0,2097152.0,770048.0,98304.0,0.049938982,103,36159,187555840,astropy__astropy-14309,lazy
52,48,1,0.279390739,returned,0,0.192721948,returned,0.0,4276224,44642304,0.004981403,0.131960949,0.136942352,200.0,5.0,100999168.0,96722944.0,4276224.0,3813376.0,462848.0,98304.0,0.137634568,44,14022,79011840,astropy__astropy-14309,lazy
53,49,1,0.259048908,returned,0,0.178547448,returned,0.0,2879488,41119744,0.004957869,0.069784725,0.074742594,200.0,3.0,43380736.0,40501248.0,2879488.0,2220032.0,659456.0,98304.0,0.075347546,35,9776,47529984,astropy__astropy-14309,lazy
54,50,1,0.278504871,returned,1,0.188359256,returned,1.0,2703360,46424064,0.004780067,0.048440097,0.053220164,200.0,3.0,27086848.0,24383488.0,2703360.0,2048000.0,655360.0,98304.0,0.053819174,46,14539,83156992,astropy__astropy-14309,lazy
55,51,1,0.31491802,returned,1,0.214521095,returned,1.0,2859008,50896896,0.005459408,0.058660094,0.064119502,200.0,3.0,45240320.0,42381312.0,2859008.0,2207744.0,651264.0,98304.0,0.0649866,44,15730,84557824,astropy__astropy-14309,lazy
56,52,1,0.276121963,returned,2,0.240574347,returned,2.0,3203072,41390080,0.004821172,0.071485328,0.0763065,200.0,3.0,45789184.0,42586112.0,3203072.0,2461696.0,741376.0,98304.0,0.076993536,42,12826,69959680,astropy__astropy-14309,lazy
57,53,1,0.278773759,returned,0,0.185786229,returned,0.0,2797568,40972288,0.005232933,0.045281556,0.050514489,201.0,3.0,38731776.0,35934208.0,2797568.0,2166784.0,630784.0,98304.0,0.051133338,41,12748,70066176,astropy__astropy-14309,lazy
58,54,1,0.260436246,returned,0,0.183854864,returned,0.0,2727936,41017344,0.004922623,0.042520789,0.047443412,201.0,3.0,38322176.0,35594240.0,2727936.0,2146304.0,581632.0,98304.0,0.048124617,35,9843,47775744,astropy__astropy-14309,lazy
59,55,1,0.307084754,returned,0,0.203408688,returned,0.0,2699264,41074688,0.004919477,0.046071685,0.050991162,201.0,3.0,27353088.0,24653824.0,2699264.0,2068480.0,630784.0,98304.0,0.051633053,37,12731,62865408,astropy__astropy-14309,lazy
60,56,1,0.275394346,returned,0,0.186015881,returned,0.0,2928640,43823104,0.004903858,0.041564163,0.046468021,201.0,3.0,34811904.0,31883264.0,2928640.0,2351104.0,577536.0,98304.0,0.047101871,41,13772,78315520,astropy__astropy-14309,lazy
61,57,1,0.260166893,returned,0,0.180965003,returned,0.0,2744320,41254912,0.004870566,0.086752364,0.09162293,201.0,3.0,42627072.0,39882752.0,2744320.0,2162688.0,581632.0,98304.0,0.092237533,35,9830,47808512,astropy__astropy-14309,lazy
62,58,1,0.826029944,returned,0,0.588043588,returned,0.0,2793472,275542016,0.004634372,0.066745828,0.0713802,201.0,3.0,27238400.0,24444928.0,2793472.0,2072576.0,720896.0,98304.0,0.07212112,104,36791,188719104,astropy__astropy-14309,lazy
63,59,1,0.825572062,returned,0,0.581012063,returned,0.0,5099520,274931712,0.00514415,0.143871093,0.149015243,201.0,3.0,101658624.0,96559104.0,5099520.0,4575232.0,524288.0,98304.0,0.14977574,104,36705,188506112,astropy__astropy-14309,lazy
64,60,1,0.257917524,Submitted,0,0.178995639,Submitted,,5292032,41091072,0.004970614,0.140464504,0.145435118,201.0,3.0,101412864.0,96120832.0,5292032.0,4763648.0,528384.0,98304.0,0.146100196,35,9836,47292416,astropy__astropy-14309,lazy
1,1,1,0.303523029,returned,0,0.199578351,returned,0.0,4554752,41426944,,,,,,,,,,,,0.000200826,35,10106,49111040,astropy__astropy-14309,regular
2,1,2,0.197814866,returned,0,0.19732722,returned,0.0,31657984,46067712,,,,,,,,,,,,0.000169097,0,4160,0,astropy__astropy-14309,regular
3,1,3,0.202507494,returned,0,0.194278082,returned,0.0,32231424,46243840,,,,,,,,,,,,0.000164889,0,4093,0,astropy__astropy-14309,regular
4,2,1,0.184722071,returned,0,0.181071108,returned,0.0,32587776,46284800,,,,,,,,,,,,0.000163166,0,3980,40960,astropy__astropy-14309,regular
5,2,2,0.187048312,returned,0,0.175279488,returned,0.0,32190464,46223360,,,,,,,,,,,,0.000176791,0,4040,40960,astropy__astropy-14309,regular
6,3,1,0.187645501,returned,0,0.180507018,returned,0.0,32309248,46407680,,,,,,,,,,,,0.000155412,1,4164,81920,astropy__astropy-14309,regular
7,3,2,0.189118423,returned,0,0.209580213,returned,0.0,32686080,46546944,,,,,,,,,,,,0.000167834,0,4089,0,astropy__astropy-14309,regular
8,4,1,0.188896037,returned,0,0.181509813,returned,0.0,32743424,46841856,,,,,,,,,,,,0.000167153,0,4009,0,astropy__astropy-14309,regular
9,5,1,0.228806486,returned,1,0.201566574,returned,1.0,32772096,46706688,,,,,,,,,,,,0.0001654,3,6854,14991360,astropy__astropy-14309,regular
10,6,1,0.183595238,returned,0,0.184234801,returned,0.0,40226816,54546432,,,,,,,,,,,,0.000163096,0,4007,8192,astropy__astropy-14309,regular
11,7,1,1.07327671,returned,0,0.920336263,returned,0.0,40689664,292540416,,,,,,,,,,,,0.000158617,67,33285,127180800,astropy__astropy-14309,regular
12,8,1,0.186546892,returned,0,0.174908371,returned,0.0,111132672,124579840,,,,,,,,,,,,0.000254127,0,4143,0,astropy__astropy-14309,regular
13,9,1,0.186285481,returned,0,0.183768602,returned,0.0,110936064,123453440,,,,,,,,,,,,0.000178665,2,4139,303104,astropy__astropy-14309,regular
14,10,1,0.575322756,returned,1,0.551494928,returned,1.0,109580288,282828800,,,,,,,,,,,,0.000184266,0,13235,0,astropy__astropy-14309,regular
15,11,1,0.1850842,returned,0,0.181635478,returned,0.0,110956544,124424192,,,,,,,,,,,,0.000177753,0,4015,0,astropy__astropy-14309,regular
16,12,1,0.589056232,returned,0,0.58025355,returned,0.0,110632960,282312704,,,,,,,,,,,,0.000166823,0,13461,8192,astropy__astropy-14309,regular
17,13,1,0.183525624,returned,0,0.180932569,returned,0.0,111841280,125542400,,,,,,,,,,,,0.000184927,0,4081,8192,astropy__astropy-14309,regular
18,14,1,0.18323001,returned,0,0.179843644,returned,0.0,111509504,125345792,,,,,,,,,,,,0.000165821,0,4068,0,astropy__astropy-14309,regular
19,15,1,0.593481041,returned,0,0.576102139,returned,0.0,111448064,282517504,,,,,,,,,,,,0.000157756,0,13531,8192,astropy__astropy-14309,regular
20,16,1,0.19631781,returned,0,0.183741974,returned,0.0,112087040,127868928,,,,,,,,,,,,0.000177604,6,7802,29196288,astropy__astropy-14309,regular
21,17,1,0.185554418,returned,0,0.179701298,returned,0.0,126562304,140161024,,,,,,,,,,,,0.00017069,0,4033,0,astropy__astropy-14309,regular
22,18,1,0.195251554,returned,0,0.191522643,returned,0.0,126152704,139698176,,,,,,,,,,,,0.00017593,2,5122,4202496,astropy__astropy-14309,regular
23,19,1,0.18407698,returned,0,0.176333391,returned,0.0,128647168,142229504,,,,,,,,,,,,0.000171271,0,3958,0,astropy__astropy-14309,regular
24,20,1,0.190461506,returned,0,0.18704363,returned,0.0,128139264,141979648,,,,,,,,,,,,0.000155392,0,4355,8192,astropy__astropy-14309,regular
25,21,1,0.201771428,returned,0,0.194853288,returned,0.0,128245760,142057472,,,,,,,,,,,,0.000174668,1,4825,81920,astropy__astropy-14309,regular
26,22,1,0.193427697,returned,0,0.192873006,returned,0.0,128987136,142090240,,,,,,,,,,,,0.000176752,0,4653,8192,astropy__astropy-14309,regular
27,23,1,0.189428332,returned,0,0.182668619,returned,0.0,128831488,142008320,,,,,,,,,,,,0.000177965,0,4019,0,astropy__astropy-14309,regular
28,24,1,0.186685725,returned,0,0.183443265,returned,0.0,127832064,141860864,,,,,,,,,,,,0.000179286,0,3988,0,astropy__astropy-14309,regular
29,25,1,0.181885007,returned,0,0.181422295,returned,0.0,127926272,142086144,,,,,,,,,,,,0.000172785,0,3981,0,astropy__astropy-14309,regular
30,26,1,0.19316535,returned,0,0.192481013,returned,0.0,128032768,141996032,,,,,,,,,,,,0.000154771,0,4610,16384,astropy__astropy-14309,regular
31,27,1,0.192712174,returned,0,0.191413163,returned,0.0,128524288,142147584,,,,,,,,,,,,0.000177002,0,4289,0,astropy__astropy-14309,regular
32,28,1,0.19716244,returned,0,0.19467502,returned,0.0,128380928,142127104,,,,,,,,,,,,0.000174577,0,4726,8192,astropy__astropy-14309,regular
33,29,1,0.190656501,returned,1,0.183739951,returned,1.0,128749568,142372864,,,,,,,,,,,,0.000172955,0,4365,0,astropy__astropy-14309,regular
34,30,1,0.214493903,returned,1,0.206959249,returned,1.0,128421888,142417920,,,,,,,,,,,,0.00017595,0,5324,0,astropy__astropy-14309,regular
35,31,1,0.212332922,returned,1,0.213111353,returned,1.0,127979520,142282752,,,,,,,,,,,,0.000195738,0,5385,0,astropy__astropy-14309,regular
36,32,1,0.198312277,returned,0,0.191490043,returned,0.0,128147456,142454784,,,,,,,,,,,,0.000180589,0,4786,0,astropy__astropy-14309,regular
37,33,1,0.18389595,returned,0,0.182751381,returned,0.0,128872448,141938688,,,,,,,,,,,,0.000172453,0,4001,0,astropy__astropy-14309,regular
38,34,1,0.200330609,returned,0,0.192271457,returned,0.0,128053248,142430208,,,,,,,,,,,,0.000176722,2,4524,344064,astropy__astropy-14309,regular
39,35,1,0.198552308,returned,0,0.191550177,returned,0.0,128589824,142098432,,,,,,,,,,,,0.000174728,0,4807,8192,astropy__astropy-14309,regular
40,36,1,0.188211348,returned,0,0.182507529,returned,0.0,128778240,142159872,,,,,,,,,,,,0.000178515,0,3985,0,astropy__astropy-14309,regular
41,37,1,0.190186439,returned,1,0.188742139,returned,1.0,128368640,142475264,,,,,,,,,,,,0.000177273,0,4369,0,astropy__astropy-14309,regular
42,38,1,0.215961296,returned,1,0.202916198,returned,1.0,128270336,142417920,,,,,,,,,,,,0.000172754,0,5405,0,astropy__astropy-14309,regular
43,39,1,0.217593028,returned,1,0.213422107,returned,1.0,128258048,142274560,,,,,,,,,,,,0.000172824,0,5394,0,astropy__astropy-14309,regular
44,40,1,0.189641501,returned,2,0.183656814,returned,2.0,128172032,142389248,,,,,,,,,,,,0.000155491,0,4291,0,astropy__astropy-14309,regular
45,41,1,0.188786568,returned,2,0.184585445,returned,2.0,128770048,142499840,,,,,,,,,,,,0.000175429,0,4306,0,astropy__astropy-14309,regular
46,42,1,0.186674459,returned,0,0.181972403,returned,0.0,128573440,142454784,,,,,,,,,,,,0.000171672,0,4189,0,astropy__astropy-14309,regular
47,43,1,0.185990125,returned,0,0.182323551,returned,0.0,128503808,142409728,,,,,,,,,,,,0.00017574,0,4081,0,astropy__astropy-14309,regular
48,44,1,0.315886265,returned,0,0.313020754,returned,0.0,128577536,142684160,,,,,,,,,,,,0.000160631,2,7713,401408,astropy__astropy-14309,regular
49,45,1,0.188883825,returned,0,0.183989458,returned,0.0,129208320,142319616,,,,,,,,,,,,0.000155803,0,4253,8192,astropy__astropy-14309,regular
50,46,1,0.183966303,returned,0,0.181416579,returned,0.0,128491520,142417920,,,,,,,,,,,,0.00018105,0,3960,0,astropy__astropy-14309,regular
51,47,1,0.569113304,returned,1,0.55680049,returned,1.0,128311296,300752896,,,,,,,,,,,,0.000193143,0,13200,0,astropy__astropy-14309,regular
52,48,1,0.193848275,returned,0,0.192721948,returned,0.0,129376256,143167488,,,,,,,,,,,,0.000185638,0,4398,0,astropy__astropy-14309,regular
53,49,1,0.182847187,returned,0,0.178547448,returned,0.0,129421312,143020032,,,,,,,,,,,,0.000166082,0,3964,0,astropy__astropy-14309,regular
54,50,1,0.190413679,returned,1,0.188359256,returned,1.0,128888832,142741504,,,,,,,,,,,,0.000177252,0,4375,0,astropy__astropy-14309,regular
55,51,1,0.212590968,returned,1,0.214521095,returned,1.0,129216512,142778368,,,,,,,,,,,,0.00017063,0,5331,0,astropy__astropy-14309,regular
56,52,1,0.191149905,returned,2,0.240574347,returned,2.0,128847872,142557184,,,,,,,,,,,,0.000182271,0,4348,0,astropy__astropy-14309,regular
57,53,1,0.190034993,returned,0,0.185786229,returned,0.0,129097728,142286848,,,,,,,,,,,,0.000176651,0,4190,0,astropy__astropy-14309,regular
58,54,1,0.183444707,returned,0,0.183854864,returned,0.0,128299008,142381056,,,,,,,,,,,,0.00016554,0,4079,0,astropy__astropy-14309,regular
59,55,1,0.210157085,returned,0,0.203408688,returned,0.0,128425984,142344192,,,,,,,,,,,,0.000162525,0,5119,8192,astropy__astropy-14309,regular
60,56,1,0.182818101,returned,0,0.186015881,returned,0.0,128360448,142794752,,,,,,,,,,,,0.000155121,0,4184,8192,astropy__astropy-14309,regular
61,57,1,0.182119286,returned,0,0.180965003,returned,0.0,128864256,142426112,,,,,,,,,,,,0.000158778,0,4028,0,astropy__astropy-14309,regular
62,58,1,0.599609537,returned,0,0.588043588,returned,0.0,128360448,303042560,,,,,,,,,,,,0.000168667,0,13630,0,astropy__astropy-14309,regular
63,59,1,0.598383528,returned,0,0.581012063,returned,0.0,129605632,301477888,,,,,,,,,,,,0.00016545,0,13610,0,astropy__astropy-14309,regular
64,60,1,0.188586503,Submitted,0,0.178995639,Submitted,,129945600,143507456,,,,,,,,,,,,0.000178094,0,3966,0,astropy__astropy-14309,regular
1,1,1,0.334933172,returned,0,0.20101658,returned,0.0,970752,39911424,7.8478e-05,0.014458303,0.014536781,0.0,3.0,4358144.0,3387392.0,970752.0,864256.0,106496.0,94208.0,0.018161598,39,10911,54861824,astropy__astropy-14365,lazy
2,2,1,0.260704838,returned,0,0.17966431,returned,0.0,3256320,40177664,0.000401894,0.057220645,0.057622539,1.0,2.0,31236096.0,27979776.0,3256320.0,3035136.0,221184.0,94208.0,0.058274081,35,9708,46915584,astropy__astropy-14365,lazy
3,3,1,0.261230243,returned,0,0.178030957,returned,0.0,2162688,40099840,0.000391414,0.048945036,0.04933645,1.0,3.0,26099712.0,23937024.0,2162688.0,1953792.0,208896.0,98304.0,0.049972153,36,9864,48111616,astropy__astropy-14365,lazy
4,4,1,0.260277246,returned,1,0.181326682,returned,1.0,2207744,40226816,0.000308589,0.044770999,0.045079588,1.0,3.0,26746880.0,24539136.0,2207744.0,1970176.0,237568.0,98304.0,0.045679533,38,9928,48422912,astropy__astropy-14365,lazy
5,5,1,0.257020008,returned,0,0.179871738,returned,0.0,2224128,40214528,0.00031447,0.041041164,0.041355634,1.0,3.0,26836992.0,24612864.0,2224128.0,1961984.0,262144.0,98304.0,0.042056909,36,9865,48103424,astropy__astropy-14365,lazy
6,6,1,0.258279419,returned,0,0.175217623,returned,0.0,2179072,39915520,0.000312686,0.050234976,0.050547662,1.0,3.0,26845184.0,24666112.0,2179072.0,1961984.0,217088.0,98304.0,0.051177723,38,10041,48611328,astropy__astropy-14365,lazy
7,7,1,0.260223285,returned,0,0.178084571,returned,0.0,2174976,39985152,0.000876654,0.045620682,0.046497336,2.0,3.0,26947584.0,24772608.0,2174976.0,1994752.0,180224.0,98304.0,0.047122228,36,9871,48103424,astropy__astropy-14365,lazy
8,8,1,1.18017744,returned,0,0.924463018,returned,0.0,2166784,287375360,0.000420478,0.051131897,0.051552375,2.0,3.0,26632192.0,24465408.0,2166784.0,1966080.0,200704.0,98304.0,0.052182838,104,40725,190087168,astropy__astropy-14365,lazy
9,9,1,0.27011547,returned,0,0.191840658,returned,0.0,5279744,43364352,0.045594411,0.125457111,0.171051522,191.0,2.0,105648128.0,100368384.0,5279744.0,4907008.0,372736.0,98304.0,0.171771962,41,13653,77398016,astropy__astropy-14365,lazy
10,10,1,0.259581035,returned,0,0.174494429,returned,0.0,2170880,40194048,0.006528142,0.091347959,0.097876101,192.0,3.0,41590784.0,39419904.0,2170880.0,2060288.0,110592.0,98304.0,0.098714483,35,9723,46923776,astropy__astropy-14365,lazy
11,13,1,0.264381217,Submitted,0,0.178563217,Submitted,,2142208,40062976,0.007831877,0.045981666,0.053813543,192.0,3.0,26157056.0,24014848.0,2142208.0,1949696.0,192512.0,98304.0,0.05450534,35,9790,46923776,astropy__astropy-14365,lazy
1,1,1,0.340647479,returned,0,0.20101658,returned,0.0,4567040,41005056,,,,,,,,,,,,0.000162225,35,10198,49635328,astropy__astropy-14365,regular
2,2,1,0.185436868,returned,0,0.17966431,returned,0.0,32829440,46960640,,,,,,,,,,,,0.000172413,1,3986,122880,astropy__astropy-14365,regular
3,3,1,0.185665186,returned,0,0.178030957,returned,0.0,32821248,46989312,,,,,,,,,,,,0.000166001,0,3977,0,astropy__astropy-14365,regular
4,4,1,0.188330825,returned,1,0.181326682,returned,1.0,32686080,47075328,,,,,,,,,,,,0.000174587,2,4097,303104,astropy__astropy-14365,regular
5,5,1,0.182573969,returned,0,0.179871738,returned,0.0,33136640,46686208,,,,,,,,,,,,0.000172133,0,3972,0,astropy__astropy-14365,regular
6,6,1,0.182651997,returned,0,0.175217623,returned,0.0,32563200,46804992,,,,,,,,,,,,0.00016535,0,4026,0,astropy__astropy-14365,regular
7,7,1,0.183337641,returned,0,0.178084571,returned,0.0,32641024,46731264,,,,,,,,,,,,0.000163577,0,3980,0,astropy__astropy-14365,regular
8,8,1,1.092603805,returned,0,0.924463018,returned,0.0,32530432,294006784,,,,,,,,,,,,0.000170069,70,34901,142516224,astropy__astropy-14365,regular
9,9,1,0.200860212,returned,0,0.191840658,returned,0.0,111386624,127508480,,,,,,,,,,,,0.000178094,6,7798,29138944,astropy__astropy-14365,regular
10,10,1,0.182613484,returned,0,0.174494429,returned,0.0,125906944,139866112,,,,,,,,,,,,0.000172584,0,3961,0,astropy__astropy-14365,regular
11,13,1,0.185213268,Submitted,0,0.178563217,Submitted,,125620224,140009472,,,,,,,,,,,,0.000199063,0,3965,0,astropy__astropy-14365,regular
1,1,1,0.310324501,returned,0,0.197859197,returned,0.0,856064,40349696,5.1256e-05,0.011302505,0.011353761,0.0,3.0,4509696.0,3653632.0,856064.0,729088.0,126976.0,61440.0,0.012302159,39,10757,54353920,astropy__astropy-14369,lazy
2,2,1,0.259458456,returned,0,0.17929141,returned,0.0,2830336,40333312,0.000414929,0.050187222,0.050602151,1.0,3.0,30724096.0,27893760.0,2830336.0,2678784.0,151552.0,94208.0,0.051237382,35,9772,47431680,astropy__astropy-14369,lazy
3,3,1,0.261944607,returned,0,0.178774211,returned,0.0,2174976,40312832,0.000147507,0.03456078,0.034708287,1.0,3.0,26333184.0,24158208.0,2174976.0,1978368.0,196608.0,94208.0,0.035328038,35,9803,47636480,astropy__astropy-14369,lazy
4,5,1,0.258024717,returned,0,0.177493129,returned,0.0,2334720,40509440,0.000126918,0.043959715,0.044086633,1.0,3.0,26513408.0,24178688.0,2334720.0,1970176.0,364544.0,94208.0,0.044728125,36,9983,48463872,astropy__astropy-14369,lazy
1,1,1,0.310648328,returned,0,0.197859197,returned,0.0,4718592,41373696,,,,,,,,,,,,0.000167514,35,10094,48857088,astropy__astropy-14369,regular
2,2,1,0.185335487,returned,0,0.17929141,returned,0.0,31510528,45662208,,,,,,,,,,,,0.000168004,1,4049,114688,astropy__astropy-14369,regular
3,3,1,0.182433595,returned,0,0.178774211,returned,0.0,31682560,45535232,,,,,,,,,,,,0.00016537,0,4027,24576,astropy__astropy-14369,regular
4,5,1,0.182714453,returned,0,0.177493129,returned,0.0,31547392,45801472,,,,,,,,,,,,0.000173345,0,3980,0,astropy__astropy-14369,regular
1,1,1,0.319828184,returned,0,0.194217653,returned,0.0,909312,40681472,0.000109014,0.028284167,0.028393181,0.0,3.0,4673536.0,3764224.0,909312.0,704512.0,204800.0,61440.0,0.031222756,39,10872,55287808,astropy__astropy-14508,lazy
2,2,1,0.266283286,returned,0,0.182391405,returned,0.0,3067904,40775680,0.000417142,0.078301072,0.078718214,1.0,3.0,31301632.0,28233728.0,3067904.0,2678784.0,389120.0,90112.0,0.079356721,36,10053,49119232,astropy__astropy-14508,lazy
3,3,1,0.259808475,returned,0,0.174820253,returned,0.0,2375680,40595456,0.00013866,0.05611228,0.05625094,1.0,3.0,27353088.0,24977408.0,2375680.0,1966080.0,409600.0,90112.0,0.05687522,36,9967,48898048,astropy__astropy-14508,lazy
4,4,1,0.269171109,returned,0,0.178613018,returned,0.0,2326528,40693760,0.00013852,0.059003359,0.059141879,1.0,3.0,27238400.0,24911872.0,2326528.0,1953792.0,372736.0,90112.0,0.059766079,38,10193,49561600,astropy__astropy-14508,lazy
5,5,1,0.268254461,returned,0,0.183766257,returned,0.0,2297856,40677376,0.000784261,0.051405286,0.052189547,2.0,3.0,27697152.0,25399296.0,2297856.0,1970176.0,327680.0,90112.0,0.052842401,40,10304,49799168,astropy__astropy-14508,lazy
6,6,1,0.25875227,returned,0,0.181643494,returned,0.0,2273280,40742912,0.001201202,0.069675143,0.070876345,4.0,3.0,27963392.0,25690112.0,2273280.0,2002944.0,270336.0,90112.0,0.071506035,35,9909,47611904,astropy__astropy-14508,lazy
7,7,1,0.59958987,returned,1,0.411944189,returned,1.0,2408448,251944960,0.000588914,0.063306505,0.063895419,4.0,3.0,26869760.0,24461312.0,2408448.0,1974272.0,434176.0,90112.0,0.06454125,87,31067,168271872,astropy__astropy-14508,lazy
8,8,1,0.261071797,returned,0,0.180038959,returned,0.0,1474560,41136128,0.006948515,0.237879144,0.244827659,29.0,5.0,90353664.0,88879104.0,1474560.0,1089536.0,385024.0,90112.0,0.245518954,36,10056,48988160,astropy__astropy-14508,lazy
9,9,1,0.256946645,returned,0,0.180074024,returned,0.0,2023424,39804928,0.001418519,0.11084835,0.112266869,29.0,4.0,27787264.0,25763840.0,2023424.0,1503232.0,520192.0,90112.0,0.112930604,35,9482,44695552,astropy__astropy-14508,lazy
10,10,1,0.315452632,returned,0,0.205224217,returned,0.0,2670592,40517632,0.001468072,0.055217713,0.056685785,30.0,3.0,25690112.0,23019520.0,2670592.0,2301952.0,368640.0,90112.0,0.057327127,37,12841,62767104,astropy__astropy-14508,lazy
11,11,1,0.569688447,returned,1,0.374852784,returned,1.0,2719744,251572224,0.001383854,0.073252619,0.074636473,30.0,3.0,34279424.0,31559680.0,2719744.0,2330624.0,389120.0,90112.0,0.075294095,87,30808,167854080,astropy__astropy-14508,lazy
12,12,1,0.259491626,returned,0,0.181199622,returned,0.0,4071424,40808448,0.001300949,0.125054989,0.126355938,30.0,3.0,89735168.0,85663744.0,4071424.0,3698688.0,372736.0,90112.0,0.127022958,38,10059,49610752,astropy__astropy-14508,lazy
13,13,1,0.260682558,returned,0,0.18155289,returned,0.0,2527232,41074688,0.001517875,0.064044478,0.065562353,30.0,3.0,27799552.0,25272320.0,2527232.0,2064384.0,462848.0,90112.0,0.066172597,35,9935,47718400,astropy__astropy-14508,lazy
14,14,1,0.304953953,returned,0,0.205524716,returned,0.0,2592768,41091072,0.001565203,0.061628991,0.063194194,31.0,3.0,27144192.0,24551424.0,2592768.0,2043904.0,548864.0,90112.0,0.063809538,37,12763,62644224,astropy__astropy-14508,lazy
15,15,1,0.56815936,returned,1,0.375953437,returned,1.0,2748416,249954304,0.001421995,0.059699595,0.06112159,31.0,3.0,34570240.0,31821824.0,2748416.0,2338816.0,409600.0,90112.0,0.06176156,87,30808,167985152,astropy__astropy-14508,lazy
16,16,1,0.266268504,returned,0,0.176675929,returned,0.0,3772416,40820736,0.001279669,0.088675479,0.089955148,31.0,3.0,90095616.0,86323200.0,3772416.0,3764224.0,8192.0,90112.0,0.09060762,36,10090,49774592,astropy__astropy-14508,lazy
17,17,1,0.261193055,returned,0,0.174407171,returned,0.0,2400256,41046016,0.001670932,0.060578321,0.062249253,31.0,2.0,27537408.0,25137152.0,2400256.0,2039808.0,360448.0,90112.0,0.062896416,38,10167,49577984,astropy__astropy-14508,lazy
18,18,1,0.259150656,returned,0,0.181119616,returned,0.0,1515520,40374272,0.001346824,0.104441121,0.105787945,31.0,7.0,28012544.0,26497024.0,1515520.0,1097728.0,417792.0,90112.0,0.106417234,36,9946,48054272,astropy__astropy-14508,lazy
19,19,1,0.264676893,returned,0,0.17922486,returned,0.0,2453504,40902656,0.001272435,0.05053207,0.051804505,31.0,3.0,26947584.0,24494080.0,2453504.0,2043904.0,409600.0,90112.0,0.052429727,38,10226,49627136,astropy__astropy-14508,lazy
20,20,1,0.253082134,returned,0,0.18049129,returned,0.0,1748992,39399424,0.001374128,0.124062336,0.125436464,31.0,3.0,27832320.0,26083328.0,1748992.0,1257472.0,491520.0,90112.0,0.126087211,37,9627,45735936,astropy__astropy-14508,lazy
21,21,1,0.26184723,returned,0,0.181374844,returned,0.0,1548288,40304640,0.001302995,0.0980983,0.099401295,31.0,3.0,26140672.0,24592384.0,1548288.0,1089536.0,458752.0,90112.0,0.100030551,36,9872,48103424,astropy__astropy-14508,lazy
22,22,1,0.249762113,returned,0,0.182924402,returned,0.0,1622016,38617088,0.0012947,0.118897333,0.120192033,31.0,5.0,26882048.0,25260032.0,1622016.0,1265664.0,356352.0,90112.0,0.120809207,35,9373,43343872,astropy__astropy-14508,lazy
23,23,1,0.299510174,returned,0,0.207687162,returned,0.0,2367488,41050112,0.001554466,0.043444709,0.044999175,32.0,4.0,24625152.0,22257664.0,2367488.0,2023424.0,344064.0,90112.0,0.045629984,37,12805,63062016,astropy__astropy-14508,lazy
24,24,1,0.262712097,returned,0,0.180828928,returned,0.0,2781184,41156608,0.001356094,0.055164204,0.056520298,32.0,3.0,34807808.0,32026624.0,2781184.0,2351104.0,430080.0,90112.0,0.057158722,36,9973,48799744,astropy__astropy-14508,lazy
25,25,1,0.691114103,returned,0,0.484510952,returned,0.0,2351104,259973120,0.001308997,0.052554676,0.053863673,32.0,3.0,27652096.0,25300992.0,2351104.0,2039808.0,311296.0,90112.0,0.054581844,94,32809,174997504,astropy__astropy-14508,lazy
26,26,1,0.263134636,returned,0,0.175476556,returned,0.0,4366336,41168896,0.00857646,0.152968543,0.161545003,61.0,3.0,94412800.0,90046464.0,4366336.0,4087808.0,278528.0,90112.0,0.16221756,35,9874,47824896,astropy__astropy-14508,lazy
27,27,1,0.60959768,returned,0,0.410733684,returned,0.0,2453504,252776448,0.002208528,0.047332615,0.049541143,62.0,3.0,27066368.0,24612864.0,2453504.0,2097152.0,356352.0,90112.0,0.050162024,94,31578,174333952,astropy__astropy-14508,lazy
28,28,1,0.274701284,returned,0,0.179761511,returned,0.0,4325376,44535808,0.001993478,0.113131046,0.115124524,62.0,3.0,93179904.0,88854528.0,4325376.0,4124672.0,200704.0,90112.0,0.115796103,42,13947,78913536,astropy__astropy-14508,lazy
29,29,1,0.261319183,returned,0,0.180518478,returned,0.0,2592768,41287680,0.002141445,0.085936979,0.088078424,63.0,3.0,42561536.0,39968768.0,2592768.0,2187264.0,405504.0,90112.0,0.088722352,35,9840,47808512,astropy__astropy-14508,lazy
30,30,1,0.262610445,Submitted,0,0.181442958,Submitted,,2416640,40923136,0.002037561,0.047099199,0.04913676,63.0,3.0,26853376.0,24436736.0,2416640.0,2084864.0,331776.0,90112.0,0.049770358,35,9899,47841280,astropy__astropy-14508,lazy
1,1,1,0.304785635,returned,0,0.194217653,returned,0.0,4018176,39841792,,,,,,,,,,,,0.000177663,35,10050,48160768,astropy__astropy-14508,regular
2,2,1,0.1825816,returned,0,0.182391405,returned,0.0,30343168,44883968,,,,,,,,,,,,0.000161823,0,4023,106496,astropy__astropy-14508,regular
3,3,1,0.180855886,returned,0,0.174820253,returned,0.0,30715904,44920832,,,,,,,,,,,,0.000154489,0,4051,0,astropy__astropy-14508,regular
4,4,1,0.184759341,returned,0,0.178613018,returned,0.0,30883840,44748800,,,,,,,,,,,,0.00014905,2,4137,221184,astropy__astropy-14508,regular
5,5,1,0.190292428,returned,0,0.183766257,returned,0.0,31006720,45056000,,,,,,,,,,,,0.000152956,4,4230,647168,astropy__astropy-14508,regular
6,6,1,0.183644892,returned,0,0.181643494,returned,0.0,31518720,45305856,,,,,,,,,,,,0.000153248,0,4004,8192,astropy__astropy-14508,regular
7,7,1,0.516527631,returned,1,0.411944189,returned,1.0,31174656,255913984,,,,,,,,,,,,0.000163075,53,25188,119832576,astropy__astropy-14508,regular
8,8,1,0.181576793,returned,0,0.180038959,returned,0.0,94560256,108388352,,,,,,,,,,,,0.000174767,0,3984,0,astropy__astropy-14508,regular
9,9,1,0.18444144,returned,0,0.180074024,returned,0.0,94191616,108490752,,,,,,,,,,,,0.000170429,0,4002,0,astropy__astropy-14508,regular
10,10,1,0.206975494,returned,0,0.205224217,returned,0.0,94396416,108544000,,,,,,,,,,,,0.000170138,0,5099,0,astropy__astropy-14508,regular
11,11,1,0.385944614,returned,1,0.374852784,returned,1.0,94380032,251637760,,,,,,,,,,,,0.000168967,0,10300,0,astropy__astropy-14508,regular
12,12,1,0.188206455,returned,0,0.181199622,returned,0.0,95379456,108941312,,,,,,,,,,,,0.000171251,0,3971,0,astropy__astropy-14508,regular
13,13,1,0.188762652,returned,0,0.18155289,returned,0.0,94625792,108580864,,,,,,,,,,,,0.000175399,0,4072,0,astropy__astropy-14508,regular
14,14,1,0.208386157,returned,0,0.205524716,returned,0.0,94248960,108564480,,,,,,,,,,,,0.000162786,0,5101,8192,astropy__astropy-14508,regular
15,15,1,0.389524763,returned,1,0.375953437,returned,1.0,94179328,256393216,,,,,,,,,,,,0.000171862,0,10231,0,astropy__astropy-14508,regular
16,16,1,0.183850157,returned,0,0.176675929,returned,0.0,94654464,108470272,,,,,,,,,,,,0.000172533,0,4052,0,astropy__astropy-14508,regular
17,17,1,0.1833339,returned,0,0.174407171,returned,0.0,94261248,108605440,,,,,,,,,,,,0.000172172,0,4139,8192,astropy__astropy-14508,regular
18,18,1,0.182156357,returned,0,0.181119616,returned,0.0,94121984,108052480,,,,,,,,,,,,0.000167243,0,4050,0,astropy__astropy-14508,regular
19,19,1,0.18664262,returned,0,0.17922486,returned,0.0,94019584,108101632,,,,,,,,,,,,0.000177292,0,4080,0,astropy__astropy-14508,regular
20,20,1,0.186812697,returned,0,0.18049129,returned,0.0,93958144,108191744,,,,,,,,,,,,0.000164208,0,4074,0,astropy__astropy-14508,regular
21,21,1,0.182113853,returned,0,0.181374844,returned,0.0,93982720,108158976,,,,,,,,,,,,0.000171221,0,3985,0,astropy__astropy-14508,regular
22,22,1,0.178748488,returned,0,0.182924402,returned,0.0,93941760,108019712,,,,,,,,,,,,0.000170921,0,4076,0,astropy__astropy-14508,regular
23,23,1,0.205037347,returned,0,0.207687162,returned,0.0,93995008,108269568,,,,,,,,,,,,0.000159669,0,5157,0,astropy__astropy-14508,regular
24,24,1,0.179746267,returned,0,0.180828928,returned,0.0,93806592,108134400,,,,,,,,,,,,0.000153748,0,4046,0,astropy__astropy-14508,regular
25,25,1,0.505233031,returned,0,0.484510952,returned,0.0,93962240,261971968,,,,,,,,,,,,0.000173435,7,12193,6873088,astropy__astropy-14508,regular
26,26,1,0.182987709,returned,0,0.175476556,returned,0.0,99688448,113631232,,,,,,,,,,,,0.000173455,0,3999,0,astropy__astropy-14508,regular
27,27,1,0.417959138,returned,0,0.410733684,returned,0.0,99241984,258392064,,,,,,,,,,,,0.000164048,0,10209,0,astropy__astropy-14508,regular
28,28,1,0.19506737,returned,0,0.179761511,returned,0.0,100446208,117276672,,,,,,,,,,,,0.000164278,6,7944,29597696,astropy__astropy-14508,regular
29,29,1,0.18486565,returned,0,0.180518478,returned,0.0,115019776,129179648,,,,,,,,,,,,0.000165601,0,4022,0,astropy__astropy-14508,regular
30,30,1,0.181675798,Submitted,0,0.181442958,Submitted,,114929664,129077248,,,,,,,,,,,,0.000174998,0,3975,0,astropy__astropy-14508,regular
1,1,1,0.320221078,returned,1,0.197631959,returned,1.0,1024000,40910848,7.9298e-05,0.015064032,0.01514333,0.0,2.0,4558848.0,3534848.0,1024000.0,892928.0,131072.0,94208.0,0.018441888,41,10939,54657024,astropy__astropy-14539,lazy
2,2,1,0.26135448,returned,0,0.186768838,returned,0.0,3055616,40898560,0.000421018,0.049585062,0.05000608,1.0,3.0,31232000.0,28176384.0,3055616.0,2695168.0,360448.0,94208.0,0.050635679,37,10114,49954816,astropy__astropy-14539,lazy
3,3,1,0.263471745,returned,0,0.175181275,returned,0.0,2523136,40710144,0.000380172,0.048320754,0.048700926,1.0,3.0,27922432.0,25399296.0,2523136.0,2048000.0,475136.0,94208.0,0.049330044,38,10242,50266112,astropy__astropy-14539,lazy
4,4,1,0.257683415,returned,0,0.178191557,returned,0.0,2482176,41029632,0.000362579,0.044591069,0.044953648,1.0,3.0,28196864.0,25714688.0,2482176.0,2011136.0,471040.0,94208.0,0.045586513,35,9920,47947776,astropy__astropy-14539,lazy
5,5,1,0.262871606,returned,0,0.177839805,returned,0.0,2502656,41197568,0.000311533,0.043405279,0.043716812,1.0,3.0,26972160.0,24469504.0,2502656.0,1970176.0,532480.0,94208.0,0.044319952,35,9936,48070656,astropy__astropy-14539,lazy
6,6,1,0.265870467,returned,1,0.179882003,returned,1.0,2523136,41103360,0.000330108,0.053592066,0.053922174,1.0,2.0,27033600.0,24510464.0,2523136.0,1970176.0,552960.0,94208.0,0.054560731,36,10022,49111040,astropy__astropy-14539,lazy
7,7,1,0.259504314,returned,0,0.176876359,returned,0.0,2539520,40730624,0.000326141,0.03203243,0.032358571,1.0,2.0,27586560.0,25047040.0,2539520.0,1974272.0,565248.0,94208.0,0.032993078,36,10044,49061888,astropy__astropy-14539,lazy
8,8,1,0.257532683,returned,0,0.179063805,returned,0.0,2457600,40841216,0.000319829,0.039249435,0.039569264,1.0,2.0,27455488.0,24997888.0,2457600.0,1966080.0,491520.0,94208.0,0.040215605,34,9760,47595520,astropy__astropy-14539,lazy
9,9,1,0.302211616,returned,1,0.201995093,returned,1.0,2342912,40747008,0.000703397,0.046828901,0.047532298,2.0,3.0,26537984.0,24195072.0,2342912.0,1945600.0,397312.0,94208.0,0.048159582,37,12702,62562304,astropy__astropy-14539,lazy
10,10,1,0.254851491,returned,0,0.178066287,returned,0.0,2678784,40931328,0.000416781,0.04281358,0.043230361,2.0,3.0,34230272.0,31551488.0,2678784.0,2215936.0,462848.0,94208.0,0.043900155,34,9779,47595520,astropy__astropy-14539,lazy
11,11,1,1.177704162,returned,1,0.922659943,returned,1.0,1605632,283033600,0.000435255,0.080838393,0.081273648,2.0,4.0,26697728.0,25092096.0,1605632.0,995328.0,610304.0,94208.0,0.081952429,104,40495,189865984,astropy__astropy-14539,lazy
12,13,1,0.265397107,returned,0,0.183429426,returned,0.0,5107712,40996864,0.04684736,0.155707146,0.202554506,191.0,3.0,105533440.0,100425728.0,5107712.0,4567040.0,540672.0,94208.0,0.203277169,36,10025,49168384,astropy__astropy-14539,lazy
13,14,1,0.268342334,returned,0,0.174708932,returned,0.0,2678784,41066496,0.005859839,0.033508842,0.039368681,191.0,3.0,27680768.0,25001984.0,2678784.0,2007040.0,671744.0,94208.0,0.040029528,39,10327,49307648,astropy__astropy-14539,lazy
14,15,1,0.257528248,returned,0,0.182059966,returned,0.0,2465792,41046016,0.004678637,0.056073941,0.060752578,191.0,3.0,28073984.0,25608192.0,2465792.0,1986560.0,479232.0,94208.0,0.061418826,38,10179,49045504,astropy__astropy-14539,lazy
15,16,1,0.259182704,returned,0,0.17815544,returned,0.0,2609152,41013248,0.007179138,0.044980485,0.052159623,191.0,3.0,27852800.0,25243648.0,2609152.0,1998848.0,610304.0,94208.0,0.0527664,37,10206,49111040,astropy__astropy-14539,lazy
16,17,1,0.262602135,returned,0,0.179333358,returned,0.0,2572288,40980480,0.00457817,0.041669017,0.046247187,191.0,3.0,27820032.0,25247744.0,2572288.0,2011136.0,561152.0,94208.0,0.0468843,38,10144,49577984,astropy__astropy-14539,lazy
17,18,1,0.61019636,returned,1,0.402342698,returned,1.0,2547712,255401984,0.004714174,0.036295389,0.041009563,192.0,3.0,28000256.0,25452544.0,2547712.0,2007040.0,540672.0,94208.0,0.041607763,92,31770,172851200,astropy__astropy-14539,lazy
18,19,1,0.259957345,returned,1,0.179459983,returned,1.0,3981312,40783872,0.004712971,0.111865964,0.116578935,192.0,3.0,92094464.0,88113152.0,3981312.0,3555328.0,425984.0,94208.0,0.117224433,38,10114,49381376,astropy__astropy-14539,lazy
19,20,1,0.261605731,returned,0,0.182975069,returned,0.0,1560576,40390656,0.004643321,0.092513519,0.09715684,192.0,6.0,27697152.0,26136576.0,1560576.0,1032192.0,528384.0,94208.0,0.09779799,35,9743,46325760,astropy__astropy-14539,lazy
20,21,1,0.308969797,returned,0,0.20410926,returned,0.0,2072576,40980480,0.004680801,0.043872342,0.048553143,193.0,3.0,26013696.0,23941120.0,2072576.0,1982464.0,90112.0,94208.0,0.049171721,37,12894,63307776,astropy__astropy-14539,lazy
21,22,1,0.849981296,returned,1,0.601349336,returned,1.0,2535424,275341312,0.004737447,0.055746408,0.060483855,193.0,3.0,34443264.0,31907840.0,2535424.0,2228224.0,307200.0,94208.0,0.061174978,104,36918,189063168,astropy__astropy-14539,lazy
22,23,1,0.267078925,returned,0,0.181742822,returned,0.0,4431872,40976384,0.004954363,0.160750737,0.1657051,193.0,3.0,100966400.0,96534528.0,4431872.0,4124672.0,307200.0,94208.0,0.166371618,35,9892,47767552,astropy__astropy-14539,lazy
23,24,1,0.310182617,returned,0,0.207963609,returned,0.0,2375680,40886272,0.004745123,0.062077738,0.066822861,193.0,3.0,27009024.0,24633344.0,2375680.0,2031616.0,344064.0,94208.0,0.067471785,37,12841,62808064,astropy__astropy-14539,lazy
24,25,1,0.607990966,returned,1,0.406314429,returned,1.0,2609152,254320640,0.004787511,0.075790707,0.080578218,193.0,3.0,34426880.0,31817728.0,2609152.0,2248704.0,360448.0,94208.0,0.081212927,92,32218,173129728,astropy__astropy-14539,lazy
25,26,1,0.261066587,returned,0,0.19092165,returned,0.0,3801088,40849408,0.004765665,0.117187301,0.121952966,193.0,3.0,92188672.0,88387584.0,3801088.0,3444736.0,356352.0,94208.0,0.122625595,35,9866,47833088,astropy__astropy-14539,lazy
26,27,1,0.300027798,returned,0,0.204469986,returned,0.0,1372160,40697856,0.004486301,0.105803223,0.110289524,193.0,5.0,26820608.0,25448448.0,1372160.0,1069056.0,303104.0,94208.0,0.110920114,36,12744,62062592,astropy__astropy-14539,lazy
27,28,1,0.605323388,returned,1,0.407546914,returned,1.0,2629632,256430080,0.004673792,0.078004676,0.082678468,193.0,3.0,34205696.0,31576064.0,2629632.0,2252800.0,376832.0,94208.0,0.083308968,92,32207,173178880,astropy__astropy-14539,lazy
28,29,1,0.257590606,returned,0,0.17816977,returned,0.0,3919872,40964096,0.004708804,0.112892818,0.117601622,193.0,3.0,92262400.0,88342528.0,3919872.0,3584000.0,335872.0,94208.0,0.11828479,36,10075,48906240,astropy__astropy-14539,lazy
29,30,1,0.260728505,returned,1,0.180266482,returned,1.0,2461696,40886272,0.00470059,0.045185001,0.049885591,193.0,3.0,27426816.0,24965120.0,2461696.0,2035712.0,425984.0,94208.0,0.05052718,38,10051,49356800,astropy__astropy-14539,lazy
30,31,1,0.257082937,returned,0,0.176685011,returned,0.0,2359296,40964096,0.004682295,0.037800103,0.042482398,193.0,3.0,27615232.0,25255936.0,2359296.0,1998848.0,360448.0,94208.0,0.043128726,35,9941,47792128,astropy__astropy-14539,lazy
31,32,1,0.303532864,returned,0,0.203222582,returned,0.0,2347008,40816640,0.00487726,0.045958788,0.050836048,194.0,3.0,26947584.0,24600576.0,2347008.0,2002944.0,344064.0,94208.0,0.051474742,37,12866,62840832,astropy__astropy-14539,lazy
32,33,1,0.260716137,returned,0,0.181944649,returned,0.0,2596864,40804352,0.004772975,0.075313849,0.080086824,194.0,2.0,34361344.0,31764480.0,2596864.0,2236416.0,360448.0,94208.0,0.080733303,36,10116,49192960,astropy__astropy-14539,lazy
33,34,1,0.265408826,returned,0,0.18161317,returned,0.0,2379776,40947712,0.00469538,0.056649288,0.061344668,194.0,3.0,27443200.0,25063424.0,2379776.0,1986560.0,393216.0,94208.0,0.061993862,35,9945,47816704,astropy__astropy-14539,lazy
34,35,1,0.305231861,returned,0,0.204408562,returned,0.0,2473984,40890368,0.004764429,0.057922177,0.062686606,194.0,3.0,26955776.0,24481792.0,2473984.0,1986560.0,487424.0,94208.0,0.063314851,37,12809,62832640,astropy__astropy-14539,lazy
35,36,1,0.259300825,returned,0,0.174690768,returned,0.0,2650112,40726528,0.004806638,0.039503257,0.044309895,194.0,3.0,34340864.0,31690752.0,2650112.0,2236416.0,413696.0,94208.0,0.04495963,36,10031,49192960,astropy__astropy-14539,lazy
36,37,1,0.264396224,returned,0,0.183421468,returned,0.0,2293760,40693760,0.004676655,0.059270218,0.063946873,194.0,3.0,27373568.0,25079808.0,2293760.0,1998848.0,294912.0,94208.0,0.064598181,38,10195,49717248,astropy__astropy-14539,lazy
37,38,1,0.258654971,returned,0,0.178043858,returned,0.0,2306048,41021440,0.004752897,0.055829395,0.060582292,194.0,2.0,27631616.0,25325568.0,2306048.0,2011136.0,294912.0,94208.0,0.061204416,36,10105,49192960,astropy__astropy-14539,lazy
38,39,1,0.260541306,returned,0,0.177201752,returned,0.0,2457600,40763392,0.004671455,0.077854707,0.082526162,194.0,3.0,27721728.0,25264128.0,2457600.0,2019328.0,438272.0,94208.0,0.08316664,38,10060,49143808,astropy__astropy-14539,lazy
39,40,1,0.260758737,returned,0,0.181390551,returned,0.0,2420736,40837120,0.004474428,0.058701082,0.06317551,194.0,3.0,27598848.0,25178112.0,2420736.0,2043904.0,376832.0,94208.0,0.063828113,35,9923,47816704,astropy__astropy-14539,lazy
40,41,1,0.299489606,returned,1,0.201300903,returned,1.0,2379776,40910848,0.004775441,0.052622411,0.057397852,194.0,3.0,26935296.0,24555520.0,2379776.0,2002944.0,376832.0,94208.0,0.058034454,37,12722,62996480,astropy__astropy-14539,lazy
41,42,1,0.258601868,returned,0,0.181674995,returned,0.0,2580480,41103360,0.004665285,0.041695451,0.046360736,194.0,3.0,34328576.0,31748096.0,2580480.0,2236416.0,344064.0,94208.0,0.047002779,35,9972,48078848,astropy__astropy-14539,lazy
42,43,1,0.30363093,returned,0,0.200365722,returned,0.0,2392064,41000960,0.004665876,0.036365251,0.041031127,194.0,3.0,26963968.0,24571904.0,2392064.0,2007040.0,385024.0,94208.0,0.041647972,37,12809,63021056,astropy__astropy-14539,lazy
43,44,1,0.266823793,returned,0,0.181679498,returned,0.0,2715648,40902656,0.004718155,0.03779156,0.042509715,194.0,3.0,34455552.0,31739904.0,2715648.0,2244608.0,471040.0,94208.0,0.043178097,38,10136,49741824,astropy__astropy-14539,lazy
44,45,1,0.261920373,returned,1,0.181234502,returned,1.0,2478080,40845312,0.00471095,0.03028708,0.03499803,194.0,3.0,27750400.0,25272320.0,2478080.0,2027520.0,450560.0,94208.0,0.035621809,38,10123,49397760,astropy__astropy-14539,lazy
45,46,1,0.254300835,returned,0,0.17741278,returned,0.0,2449408,40574976,0.004851304,0.030221487,0.035072791,194.0,3.0,27865088.0,25415680.0,2449408.0,2019328.0,430080.0,94208.0,0.035716456,35,9866,47783936,astropy__astropy-14539,lazy
46,47,1,0.307051972,returned,0,0.204982443,returned,0.0,2117632,40775680,0.004714457,0.043122764,0.047837221,194.0,3.0,26697728.0,24580096.0,2117632.0,1998848.0,118784.0,94208.0,0.048463163,37,12821,63258624,astropy__astropy-14539,lazy
47,48,1,0.263351962,returned,0,0.178375733,returned,0.0,2506752,40607744,0.004721962,0.036490004,0.041211966,194.0,3.0,34398208.0,31891456.0,2506752.0,2240512.0,266240.0,94208.0,0.041832178,36,10090,49266688,astropy__astropy-14539,lazy
48,49,1,0.259319762,returned,0,0.177725956,returned,0.0,2224128,40853504,0.004665286,0.030455274,0.03512056,194.0,3.0,27303936.0,25079808.0,2224128.0,1990656.0,233472.0,94208.0,0.035802698,38,10133,49717248,astropy__astropy-14539,lazy
49,50,1,0.26207472,returned,0,0.179739132,returned,0.0,2326528,41050112,0.004384129,0.030647054,0.035031183,194.0,3.0,27668480.0,25341952.0,2326528.0,2011136.0,315392.0,94208.0,0.035631047,35,9875,47783936,astropy__astropy-14539,lazy
50,51,1,0.303020275,returned,1,0.20724969,returned,1.0,2428928,40947712,0.004931324,0.03010591,0.035037234,195.0,3.0,27119616.0,24690688.0,2428928.0,1998848.0,430080.0,94208.0,0.03563877,37,12767,62709760,astropy__astropy-14539,lazy
51,52,1,0.26112209,returned,2,0.180739034,returned,2.0,2629632,40792064,0.004751258,0.048930534,0.053681792,195.0,3.0,34226176.0,31596544.0,2629632.0,2236416.0,393216.0,94208.0,0.054370029,36,9950,48029696,astropy__astropy-14539,lazy
52,53,1,0.263833502,returned,0,0.177951486,returned,0.0,2285568,41054208,0.005161445,0.030458402,0.035619847,196.0,3.0,26992640.0,24707072.0,2285568.0,2007040.0,278528.0,94208.0,0.03624171,35,9906,47947776,astropy__astropy-14539,lazy
53,54,1,0.256420115,returned,0,0.177881754,returned,0.0,2379776,40923136,0.004768379,0.04472582,0.049494199,196.0,3.0,27119616.0,24739840.0,2379776.0,2011136.0,368640.0,94208.0,0.050119649,35,9890,47824896,astropy__astropy-14539,lazy
54,55,1,0.266120169,returned,0,0.182221949,returned,0.0,2363392,41140224,0.004756107,0.043062568,0.047818675,196.0,3.0,26906624.0,24543232.0,2363392.0,2007040.0,356352.0,94208.0,0.048454615,40,10230,50356224,astropy__astropy-14539,lazy
55,56,1,0.26005025,returned,0,0.178926089,returned,0.0,2428928,40329216,0.004777557,0.058923837,0.063701394,195.0,4.0,28246016.0,25817088.0,2428928.0,2019328.0,409600.0,94208.0,0.064320843,38,9937,48644096,astropy__astropy-14539,lazy
56,57,1,0.25960876,returned,0,0.180408574,returned,0.0,2441216,40570880,0.0046836,0.044157136,0.048840736,195.0,3.0,27295744.0,24854528.0,2441216.0,2015232.0,425984.0,94208.0,0.049502084,38,10122,49692672,astropy__astropy-14539,lazy
57,58,1,0.849875215,returned,1,0.601804652,returned,1.0,2371584,275955712,0.004805279,0.047785794,0.052591073,195.0,3.0,27688960.0,25317376.0,2371584.0,2015232.0,356352.0,94208.0,0.053606857,104,36939,189136896,astropy__astropy-14539,lazy
58,59,1,0.259987748,returned,2,0.185794687,returned,2.0,4755456,40984576,0.005187803,0.082312306,0.087500109,195.0,3.0,101302272.0,96546816.0,4755456.0,4435968.0,319488.0,94208.0,0.088196421,36,9966,47988736,astropy__astropy-14539,lazy
59,60,1,0.261275256,returned,0,0.181018084,returned,0.0,2428928,40869888,0.005262754,0.031006969,0.036269723,196.0,3.0,27185152.0,24756224.0,2428928.0,2043904.0,385024.0,94208.0,0.036913416,35,9880,47939584,astropy__astropy-14539,lazy
60,61,1,0.257820866,returned,0,0.180077573,returned,0.0,2469888,40751104,0.005073089,0.033491586,0.038564675,196.0,3.0,26886144.0,24416256.0,2469888.0,2027520.0,442368.0,94208.0,0.039200554,35,9825,47448064,astropy__astropy-14539,lazy
61,62,1,0.264544532,returned,0,0.182860574,returned,0.0,2379776,40730624,0.004888985,0.033534506,0.038423491,196.0,3.0,26669056.0,24289280.0,2379776.0,2002944.0,376832.0,94208.0,0.039029034,40,10155,49741824,astropy__astropy-14539,lazy
62,63,1,0.6055718,returned,1,0.410898498,returned,1.0,2355200,256937984,0.005114327,0.037125383,0.04223971,195.0,3.0,27869184.0,25513984.0,2355200.0,2023424.0,331776.0,94208.0,0.042853378,92,32220,173187072,astropy__astropy-14539,lazy
63,64,1,0.266280594,returned,0,0.181124876,returned,0.0,3678208,41005056,0.005030499,0.085638126,0.090668625,195.0,5.0,92139520.0,88461312.0,3678208.0,3391488.0,286720.0,94208.0,0.091357203,38,10133,49700864,astropy__astropy-14539,lazy
64,65,1,0.2567275,returned,0,0.184745344,returned,0.0,2469888,41037824,0.004913539,0.041521843,0.046435382,195.0,3.0,28094464.0,25624576.0,2469888.0,2052096.0,417792.0,94208.0,0.047083786,35,9920,47661056,astropy__astropy-14539,lazy
65,66,1,0.261076552,returned,0,0.176446417,returned,0.0,2420736,40886272,0.00524019,0.035178758,0.040418948,196.0,3.0,27004928.0,24584192.0,2420736.0,2023424.0,397312.0,94208.0,0.041040422,35,9945,47816704,astropy__astropy-14539,lazy
66,67,1,0.265912119,returned,0,0.184403371,returned,0.0,2363392,40775680,0.005019667,0.03710775,0.042127417,196.0,4.0,26771456.0,24408064.0,2363392.0,1990656.0,372736.0,94208.0,0.042750564,40,10257,50044928,astropy__astropy-14539,lazy
67,68,1,0.259975957,returned,0,0.180658028,returned,0.0,2355200,40906752,0.00501078,0.037291314,0.042302094,195.0,3.0,27918336.0,25563136.0,2355200.0,2031616.0,323584.0,94208.0,0.042942002,38,10068,49733632,astropy__astropy-14539,lazy
68,69,1,0.255911993,returned,1,0.180170303,returned,1.0,2453504,40448000,0.005015179,0.057536074,0.062551253,195.0,3.0,27750400.0,25296896.0,2453504.0,2015232.0,438272.0,94208.0,0.063211428,36,9951,48070656,astropy__astropy-14539,lazy
69,70,1,0.261429252,returned,0,0.180704964,returned,0.0,2519040,40747008,0.00463647,0.046851591,0.051488061,195.0,2.0,27095040.0,24576000.0,2519040.0,2019328.0,499712.0,94208.0,0.052126005,36,10005,49143808,astropy__astropy-14539,lazy
70,71,1,0.262830857,returned,1,0.178911876,returned,1.0,2310144,40943616,0.004918468,0.035684074,0.040602542,195.0,3.0,27353088.0,25042944.0,2310144.0,2007040.0,303104.0,94208.0,0.041297643,36,10093,49184768,astropy__astropy-14539,lazy
71,72,1,0.261631901,returned,0,0.175951116,returned,0.0,1388544,40263680,0.004798022,0.089485186,0.094283208,195.0,3.0,27467776.0,26079232.0,1388544.0,1040384.0,348160.0,94208.0,0.094903048,38,9923,48545792,astropy__astropy-14539,lazy
72,73,1,0.260752588,returned,0,0.180310465,returned,0.0,2359296,40988672,0.004557643,0.055476057,0.0600337,195.0,2.0,27090944.0,24731648.0,2359296.0,2011136.0,348160.0,94208.0,0.060654912,35,9948,47849472,astropy__astropy-14539,lazy
73,74,1,0.257629483,returned,0,0.179564256,returned,0.0,2428928,40738816,0.005079826,0.036091451,0.041171277,196.0,4.0,27029504.0,24600576.0,2428928.0,1998848.0,430080.0,94208.0,0.041768874,35,9873,47767552,astropy__astropy-14539,lazy
74,75,1,0.256957877,returned,0,0.18228976,returned,0.0,2367488,41099264,0.004710746,0.038980853,0.043691599,196.0,3.0,26738688.0,24371200.0,2367488.0,2015232.0,352256.0,94208.0,0.044300107,35,9922,47710208,astropy__astropy-14539,lazy
75,76,1,0.261573187,returned,0,0.185502154,returned,0.0,2457600,40751104,0.00498014,0.038066313,0.043046453,196.0,3.0,27025408.0,24567808.0,2457600.0,1982464.0,475136.0,94208.0,0.043670139,40,10205,50003968,astropy__astropy-14539,lazy
76,77,1,0.853244272,returned,1,0.595720376,returned,1.0,2330624,274690048,0.004960373,0.032065254,0.037025627,195.0,3.0,27865088.0,25534464.0,2330624.0,2023424.0,307200.0,94208.0,0.037652289,104,36926,189571072,astropy__astropy-14539,lazy
77,78,1,0.263063066,returned,2,0.18355611,returned,2.0,4689920,40849408,0.005089605,0.093521713,0.098611318,195.0,3.0,101150720.0,96460800.0,4689920.0,4390912.0,299008.0,94208.0,0.099273015,36,10022,48062464,astropy__astropy-14539,lazy
78,79,1,0.263332315,returned,0,0.181882977,returned,0.0,2359296,40730624,0.005098842,0.037756103,0.042854945,196.0,5.0,27045888.0,24686592.0,2359296.0,2043904.0,315392.0,94208.0,0.043579058,35,9968,48218112,astropy__astropy-14539,lazy
79,80,1,0.2618371,returned,0,0.178693101,returned,0.0,2293760,41082880,0.004804923,0.036774297,0.04157922,196.0,3.0,26947584.0,24653824.0,2293760.0,1986560.0,307200.0,94208.0,0.042218855,35,9884,48078848,astropy__astropy-14539,lazy
80,81,1,0.259048296,returned,0,0.180547277,returned,0.0,2310144,40706048,0.004812767,0.035981105,0.040793872,196.0,3.0,26927104.0,24616960.0,2310144.0,2002944.0,307200.0,94208.0,0.041427396,38,10142,50020352,astropy__astropy-14539,lazy
81,82,1,0.259206472,returned,0,0.182812243,returned,0.0,2265088,41009152,0.004861628,0.036768717,0.041630345,196.0,3.0,27820032.0,25554944.0,2265088.0,2011136.0,253952.0,94208.0,0.042297613,39,10177,49987584,astropy__astropy-14539,lazy
82,83,1,0.602341704,returned,1,0.405844581,returned,1.0,1773568,254730240,0.004721687,0.106254877,0.110976564,195.0,6.0,27889664.0,26116096.0,1773568.0,1236992.0,536576.0,94208.0,0.111609458,92,31851,170205184,astropy__astropy-14539,lazy
83,84,1,0.260787112,returned,0,0.181009873,returned,0.0,3686400,41201664,0.004711057,0.102048844,0.106759901,195.0,4.0,90705920.0,87019520.0,3686400.0,3375104.0,311296.0,94208.0,0.107477243,38,10066,49635328,astropy__astropy-14539,lazy
84,85,1,0.263389058,returned,0,0.179696498,returned,0.0,2609152,40902656,0.00472294,0.046740547,0.051463487,195.0,3.0,28102656.0,25493504.0,2609152.0,2060288.0,548864.0,94208.0,0.052136317,35,9935,47824896,astropy__astropy-14539,lazy
85,86,1,0.258655818,returned,0,0.176640942,returned,0.0,2441216,40865792,0.004944325,0.033896445,0.03884077,196.0,3.0,26849280.0,24408064.0,2441216.0,1990656.0,450560.0,94208.0,0.039472182,35,9839,47685632,astropy__astropy-14539,lazy
86,87,1,0.265710554,returned,0,0.180657739,returned,0.0,2437120,41021440,0.004765901,0.031167718,0.035933619,196.0,3.0,26832896.0,24395776.0,2437120.0,1998848.0,438272.0,94208.0,0.036546886,40,10185,50028544,astropy__astropy-14539,lazy
87,88,1,0.853069091,returned,1,0.594151321,returned,1.0,2314240,275374080,0.004834349,0.034332171,0.03916652,195.0,3.0,27914240.0,25600000.0,2314240.0,2035712.0,278528.0,94208.0,0.039800948,104,36926,189153280,astropy__astropy-14539,lazy
88,89,1,0.260886264,returned,2,0.178791049,returned,2.0,4624384,40914944,0.004939245,0.090038449,0.094977694,195.0,3.0,100990976.0,96366592.0,4624384.0,4423680.0,200704.0,94208.0,0.095666894,36,9971,48037888,astropy__astropy-14539,lazy
89,90,1,0.2554723,returned,0,0.180943952,returned,0.0,2285568,40374272,0.005094605,0.070539222,0.075633827,196.0,5.0,27074560.0,24788992.0,2285568.0,1875968.0,409600.0,94208.0,0.076291879,35,9783,46530560,astropy__astropy-14539,lazy
90,91,1,0.258100499,returned,0,0.181893425,returned,0.0,1560576,40202240,0.004715096,0.071194247,0.075909343,196.0,5.0,26329088.0,24768512.0,1560576.0,1056768.0,503808.0,94208.0,0.076598834,35,9760,46391296,astropy__astropy-14539,lazy
91,92,1,0.262959284,returned,0,0.17902908,returned,0.0,2367488,40632320,0.00477088,0.032553703,0.037324583,196.0,3.0,26284032.0,23916544.0,2367488.0,1994752.0,372736.0,94208.0,0.038120091,38,10095,49774592,astropy__astropy-14539,lazy
92,93,1,0.26005146,returned,0,0.180379038,returned,0.0,2310144,40824832,0.004877339,0.03701877,0.041896109,196.0,3.0,27762688.0,25452544.0,2310144.0,2011136.0,299008.0,94208.0,0.042521961,40,10077,49709056,astropy__astropy-14539,lazy
93,94,1,0.60794671,returned,1,0.404043698,returned,1.0,2437120,254914560,0.00480373,0.038481693,0.043285423,195.0,3.0,27713536.0,25276416.0,2437120.0,2035712.0,401408.0,94208.0,0.043938575,92,32247,173260800,astropy__astropy-14539,lazy
94,95,1,0.261411757,returned,0,0.180095367,returned,0.0,3854336,41041920,0.004783421,0.118447729,0.12323115,195.0,3.0,92332032.0,88477696.0,3854336.0,3514368.0,339968.0,94208.0,0.123915651,38,10048,49487872,astropy__astropy-14539,lazy
95,96,1,0.262987335,returned,2,0.182669609,returned,2.0,2457600,40763392,0.004641436,0.035806286,0.040447722,195.0,3.0,27611136.0,25153536.0,2457600.0,2056192.0,401408.0,94208.0,0.041102537,36,10017,47833088,astropy__astropy-14539,lazy
96,97,1,0.257872683,returned,0,0.180786798,returned,0.0,2412544,40927232,0.004946998,0.042621209,0.047568207,196.0,3.0,27025408.0,24612864.0,2412544.0,2019328.0,393216.0,94208.0,0.048201673,35,9872,47792128,astropy__astropy-14539,lazy
97,98,1,0.259451237,returned,0,0.181350086,returned,0.0,2392064,40701952,0.004738427,0.03518821,0.039926637,196.0,3.0,26902528.0,24510464.0,2392064.0,2015232.0,376832.0,94208.0,0.040546628,35,9858,47685632,astropy__astropy-14539,lazy
98,99,1,0.262523476,returned,0,0.181328565,returned,0.0,2375680,41058304,0.004754317,0.034516984,0.039271301,196.0,4.0,26763264.0,24387584.0,2375680.0,1994752.0,380928.0,94208.0,0.039919894,38,10111,49651712,astropy__astropy-14539,lazy
99,100,1,0.260498738,returned,0,0.182402916,returned,0.0,2433024,40128512,0.004786087,0.052912649,0.057698736,196.0,2.0,27791360.0,25358336.0,2433024.0,2027520.0,405504.0,94208.0,0.058320268,39,9975,48357376,astropy__astropy-14539,lazy
100,101,1,0.59999303,returned,1,0.407925771,returned,1.0,1769472,254558208,0.004761811,0.091270059,0.09603187,195.0,4.0,27209728.0,25440256.0,1769472.0,1277952.0,491520.0,94208.0,0.096654636,92,31628,169025536,astropy__astropy-14539,lazy
101,102,1,0.264579334,returned,0,0.17970733,returned,0.0,3674112,40783872,0.004832083,0.113304294,0.118136377,195.0,3.0,90222592.0,86548480.0,3674112.0,3620864.0,53248.0,94208.0,0.118809937,38,10203,50282496,astropy__astropy-14539,lazy
102,103,1,0.266699141,returned,2,0.181665493,returned,2.0,2387968,41050112,0.004731835,0.050029533,0.054761368,195.0,3.0,27930624.0,25542656.0,2387968.0,2072576.0,315392.0,94208.0,0.055395556,36,9980,48160768,astropy__astropy-14539,lazy
103,104,1,0.261779254,returned,0,0.176792044,returned,0.0,2441216,40775680,0.005019433,0.034294578,0.039314011,196.0,3.0,27156480.0,24715264.0,2441216.0,2031616.0,409600.0,94208.0,0.03994905,35,9938,47783936,astropy__astropy-14539,lazy
104,105,1,0.261269661,returned,0,0.181105896,returned,0.0,2437120,41013248,0.004757223,0.034326227,0.03908345,196.0,3.0,26882048.0,24444928.0,2437120.0,2035712.0,401408.0,94208.0,0.039744476,35,9846,47636480,astropy__astropy-14539,lazy
105,106,1,0.260183959,returned,0,0.181490051,returned,0.0,1605632,40452096,0.00454772,0.072585904,0.077133624,196.0,2.0,26898432.0,24711168.0,2187264.0,1085440.0,1101824.0,94208.0,0.078090846,38,10010,48390144,astropy__astropy-14539,lazy
106,107,1,0.262255075,returned,0,0.186484724,returned,0.0,2494464,41091072,0.00500178,0.032233701,0.037235481,196.0,3.0,27578368.0,25083904.0,2494464.0,2072576.0,421888.0,94208.0,0.037895146,39,10115,49496064,astropy__astropy-14539,lazy
107,108,1,0.854976471,returned,1,0.599951756,returned,1.0,2596864,275259392,0.004780857,0.036318434,0.041099291,195.0,4.0,27783168.0,25186304.0,2596864.0,2097152.0,499712.0,94208.0,0.041750801,104,36861,188956672,astropy__astropy-14539,lazy
108,109,1,0.261820486,returned,0,0.176440881,returned,0.0,4825088,41025536,0.004902635,0.088917377,0.093820012,195.0,3.0,101130240.0,96305152.0,4825088.0,4435968.0,389120.0,94208.0,0.094497789,36,10012,49053696,astropy__astropy-14539,lazy
109,110,1,0.260566134,returned,0,0.179348316,returned,0.0,2486272,40976384,0.004685508,0.040798679,0.045484187,195.0,3.0,27635712.0,25149440.0,2486272.0,2031616.0,454656.0,94208.0,0.046145015,38,10168,49020928,astropy__astropy-14539,lazy
110,111,1,0.260087057,returned,0,0.183052951,returned,0.0,2428928,40824832,0.004629484,0.03967678,0.044306264,195.0,3.0,27607040.0,25178112.0,2428928.0,1998848.0,430080.0,94208.0,0.044955689,40,10269,49053696,astropy__astropy-14539,lazy
111,112,1,0.257645097,returned,1,0.182903412,returned,1.0,2478080,40861696,0.004620346,0.045201579,0.049821925,195.0,3.0,27938816.0,25460736.0,2478080.0,2015232.0,462848.0,94208.0,0.05044979,38,10148,49020928,astropy__astropy-14539,lazy
112,113,1,0.25926009,returned,0,0.181791129,returned,0.0,2461696,40869888,0.004613394,0.045417782,0.050031176,195.0,3.0,27738112.0,25276416.0,2461696.0,2023424.0,438272.0,94208.0,0.050666495,37,10166,49061888,astropy__astropy-14539,lazy
113,114,1,0.255719343,returned,0,0.181864627,returned,0.0,2469888,40996864,0.004650242,0.040122243,0.044772485,195.0,3.0,27668480.0,25198592.0,2469888.0,2015232.0,454656.0,94208.0,0.045381316,38,10161,49061888,astropy__astropy-14539,lazy
114,115,1,0.25787262,returned,0,0.179015807,returned,0.0,2437120,40787968,0.004699299,0.04215417,0.046853469,195.0,3.0,27799552.0,25362432.0,2437120.0,2015232.0,421888.0,94208.0,0.047504808,35,9858,47677440,astropy__astropy-14539,lazy
115,116,1,0.299407512,returned,0,0.20123958,returned,0.0,2473984,40964096,0.004864448,0.03601095,0.040875398,195.0,3.0,26836992.0,24363008.0,2473984.0,1998848.0,475136.0,94208.0,0.041534572,37,12790,62717952,astropy__astropy-14539,lazy
116,117,1,0.856267777,returned,1,0.599690223,returned,1.0,1642496,274247680,0.004825024,0.091495502,0.096320526,195.0,7.0,34480128.0,32837632.0,1642496.0,1101824.0,540672.0,94208.0,0.096958049,104,36704,187310080,astropy__astropy-14539,lazy
117,118,1,0.261003581,returned,0,0.178647937,returned,0.0,4911104,40873984,0.005003287,0.091739009,0.096742296,195.0,3.0,100208640.0,95297536.0,4911104.0,4431872.0,479232.0,94208.0,0.097417418,35,9873,47980544,astropy__astropy-14539,lazy
118,119,1,0.30338465,returned,0,0.20412972,returned,0.0,2461696,41074688,0.004737751,0.039453229,0.04419098,195.0,3.0,26972160.0,24510464.0,2461696.0,2056192.0,405504.0,94208.0,0.044836838,37,12794,62914560,astropy__astropy-14539,lazy
119,120,1,0.846413001,returned,1,0.597868339,returned,1.0,2744320,275820544,0.004701193,0.04971478,0.054415973,195.0,3.0,34557952.0,31813632.0,2744320.0,2252800.0,491520.0,94208.0,0.055058554,104,36894,188866560,astropy__astropy-14539,lazy
120,121,1,0.260039668,returned,0,0.17788582,returned,0.0,4804608,41074688,0.005013186,0.098551048,0.103564234,195.0,3.0,101052416.0,96247808.0,4804608.0,4444160.0,360448.0,94208.0,0.104255217,40,10360,49061888,astropy__astropy-14539,lazy
121,122,1,0.258178638,returned,0,0.181257843,returned,0.0,2600960,40775680,0.004648394,0.041737341,0.046385735,195.0,3.0,28082176.0,25481216.0,2600960.0,2052096.0,548864.0,94208.0,0.047023467,35,9851,47652864,astropy__astropy-14539,lazy
122,123,1,0.299434868,returned,0,0.203564853,returned,0.0,2424832,40783872,0.004763559,0.034600623,0.039364182,195.0,3.0,26865664.0,24440832.0,2424832.0,2011136.0,413696.0,94208.0,0.039994671,37,12766,62701568,astropy__astropy-14539,lazy
123,124,1,0.856656058,returned,1,0.600688136,returned,1.0,2674688,274702336,0.004754392,0.047595918,0.05235031,195.0,3.0,34349056.0,31674368.0,2674688.0,2265088.0,409600.0,94208.0,0.052993773,104,36904,188891136,astropy__astropy-14539,lazy
124,125,1,0.267358381,returned,0,0.18161564,returned,0.0,4468736,40927232,0.004931493,0.097529077,0.10246057,195.0,3.0,101163008.0,96694272.0,4468736.0,4423680.0,45056.0,94208.0,0.103121847,42,10445,49733632,astropy__astropy-14539,lazy
125,126,1,0.258620923,returned,0,0.184560893,returned,0.0,2437120,40505344,0.004726656,0.039768913,0.044495569,195.0,3.0,28270592.0,25833472.0,2437120.0,2068480.0,368640.0,94208.0,0.04519087,35,9866,47759360,astropy__astropy-14539,lazy
126,127,1,0.302136147,returned,0,0.207527282,returned,0.0,2301952,40755200,0.004745882,0.043082334,0.047828216,195.0,3.0,26652672.0,24350720.0,2301952.0,1994752.0,307200.0,94208.0,0.048481529,37,12752,62554112,astropy__astropy-14539,lazy
127,128,1,0.609229661,returned,1,0.408167803,returned,1.0,2535424,256278528,0.004733799,0.051702025,0.056435824,195.0,2.0,34365440.0,31830016.0,2535424.0,2240512.0,294912.0,94208.0,0.057092412,92,31991,172892160,astropy__astropy-14539,lazy
128,129,1,0.261722176,returned,0,0.182808089,returned,0.0,3256320,40988672,0.004700677,0.088494337,0.093195014,195.0,3.0,92049408.0,88793088.0,3256320.0,2994176.0,262144.0,94208.0,0.093840222,38,10146,49717248,astropy__astropy-14539,lazy
129,130,1,0.25911145,returned,0,0.180707107,returned,0.0,2506752,40837120,0.004636377,0.042085578,0.046721955,195.0,3.0,27906048.0,25399296.0,2506752.0,2056192.0,450560.0,94208.0,0.047345002,35,9920,47718400,astropy__astropy-14539,lazy
130,131,1,0.307003786,returned,0,0.205318792,returned,0.0,2297856,41054208,0.004797999,0.041359941,0.04615794,195.0,3.0,26726400.0,24428544.0,2297856.0,2002944.0,294912.0,94208.0,0.046842361,37,12811,63143936,astropy__astropy-14539,lazy
131,132,1,0.870232393,returned,1,0.604098444,returned,1.0,2654208,276094976,0.004755039,0.050452754,0.055207793,195.0,3.0,34496512.0,31842304.0,2654208.0,2240512.0,413696.0,94208.0,0.055845084,104,36903,189063168,astropy__astropy-14539,lazy
132,133,1,0.268266201,returned,0,0.183286027,returned,0.0,4452352,40898560,0.005033036,0.099110286,0.104143322,195.0,5.0,101265408.0,96813056.0,4452352.0,4214784.0,237568.0,94208.0,0.104780373,42,10495,49225728,astropy__astropy-14539,lazy
133,134,1,0.264123128,returned,0,0.183614132,returned,0.0,2469888,41177088,0.004696948,0.050897543,0.055594491,195.0,3.0,28348416.0,25878528.0,2469888.0,2080768.0,389120.0,94208.0,0.056293707,35,9878,47841280,astropy__astropy-14539,lazy
134,135,1,0.3044528,returned,0,0.206660648,returned,0.0,2580480,41033728,0.004511622,0.037325047,0.041836669,195.0,3.0,27140096.0,24559616.0,2580480.0,2035712.0,544768.0,94208.0,0.042451998,37,12807,62660608,astropy__astropy-14539,lazy
135,136,1,0.8551203,returned,1,0.606806108,returned,1.0,2834432,276017152,0.004723708,0.047098843,0.051822551,195.0,3.0,34582528.0,31748096.0,2834432.0,2260992.0,573440.0,94208.0,0.05244223,104,36899,188907520,astropy__astropy-14539,lazy
136,137,1,0.258271453,returned,0,0.183863594,returned,0.0,4792320,41201664,0.004846047,0.123209044,0.128055091,195.0,3.0,101167104.0,96374784.0,4792320.0,4427776.0,364544.0,94208.0,0.12870702,38,10317,49004544,astropy__astropy-14539,lazy
137,138,1,0.260459412,returned,1,0.180490202,returned,1.0,2588672,41136128,0.004746552,0.056562078,0.06130863,195.0,4.0,28344320.0,25755648.0,2588672.0,2084864.0,503808.0,94208.0,0.061909342,38,10143,48939008,astropy__astropy-14539,lazy
138,139,1,0.259538992,returned,1,0.18223554,returned,1.0,2719744,40296448,0.004750508,0.04611843,0.050868938,195.0,3.0,28041216.0,25321472.0,2719744.0,2060288.0,659456.0,94208.0,0.051488857,38,10006,47341568,astropy__astropy-14539,lazy
139,140,1,0.256842652,returned,0,0.178641629,returned,0.0,2809856,40284160,0.004444557,0.042442851,0.046887408,195.0,4.0,27197440.0,24387584.0,2809856.0,2056192.0,753664.0,94208.0,0.047544927,36,9818,47603712,astropy__astropy-14539,lazy
140,141,1,0.261482793,returned,0,0.177590931,returned,0.0,2670592,40841216,0.00444628,0.035997646,0.040443926,195.0,3.0,26951680.0,24281088.0,2670592.0,2052096.0,618496.0,94208.0,0.041080806,37,10092,48963584,astropy__astropy-14539,lazy
141,142,1,0.259695669,returned,0,0.18567798,returned,0.0,2719744,41185280,0.004725262,0.035467704,0.040192966,195.0,3.0,28184576.0,25464832.0,2719744.0,2076672.0,643072.0,94208.0,0.040827,41,10484,48971776,astropy__astropy-14539,lazy
142,143,1,0.258249362,returned,1,0.180112338,returned,1.0,1581056,41029632,0.004732385,0.075773877,0.080506262,195.0,6.0,28438528.0,26857472.0,1581056.0,1048576.0,532480.0,94208.0,0.081127825,37,10073,48406528,astropy__astropy-14539,lazy
143,144,1,0.258817275,returned,0,0.177640655,returned,0.0,2646016,41168896,0.004443926,0.033048099,0.037492025,195.0,3.0,27815936.0,25169920.0,2646016.0,2048000.0,598016.0,94208.0,0.038122795,35,9874,47726592,astropy__astropy-14539,lazy
144,145,1,0.255588864,returned,0,0.18181993,returned,0.0,2719744,41164800,0.00461749,0.046957235,0.051574725,195.0,3.0,26972160.0,24252416.0,2719744.0,2027520.0,692224.0,94208.0,0.0522025,35,9891,47603712,astropy__astropy-14539,lazy
145,146,1,0.298087486,returned,0,0.208440045,returned,0.0,2727936,41033728,0.004722266,0.035409558,0.040131824,195.0,3.0,26947584.0,24219648.0,2727936.0,2027520.0,700416.0,94208.0,0.04077066,37,12805,62619648,astropy__astropy-14539,lazy
146,147,1,0.851176609,returned,1,0.607219772,returned,1.0,3137536,275800064,0.004734929,0.057537294,0.062272223,195.0,3.0,34607104.0,31469568.0,3137536.0,2269184.0,868352.0,94208.0,0.062901931,104,36813,188809216,astropy__astropy-14539,lazy
147,148,1,0.259819911,returned,1,0.181742094,returned,1.0,4829184,40931328,0.004995307,0.090517895,0.095513202,195.0,3.0,101355520.0,96526336.0,4829184.0,4358144.0,471040.0,94208.0,0.096187935,37,10114,48881664,astropy__astropy-14539,lazy
148,149,1,0.268394005,returned,1,0.182401599,returned,1.0,2056192,40837120,0.004693141,0.049983679,0.05467682,195.0,3.0,27783168.0,25726976.0,2056192.0,2052096.0,4096.0,94208.0,0.055274639,38,10225,49758208,astropy__astropy-14539,lazy
149,150,1,0.258894228,returned,0,0.181575092,returned,0.0,2306048,40800256,0.00522115,0.039565183,0.044786333,195.0,2.0,27693056.0,25387008.0,2306048.0,1998848.0,307200.0,94208.0,0.045421421,37,10178,49266688,astropy__astropy-14539,lazy
150,151,1,0.264223663,returned,0,0.188821692,returned,0.0,2347008,40861696,0.004678271,0.04911326,0.053791531,195.0,3.0,27553792.0,25206784.0,2347008.0,2007040.0,339968.0,94208.0,0.054513792,35,9841,47685632,astropy__astropy-14539,lazy
151,152,1,0.299669833,returned,0,0.203041763,returned,0.0,2338816,40890368,0.00474718,0.03259967,0.03734685,195.0,3.0,26640384.0,24301568.0,2338816.0,1998848.0,339968.0,94208.0,0.037978041,37,12865,62824448,astropy__astropy-14539,lazy
152,153,1,0.853892833,returned,1,0.612539904,returned,1.0,2592768,275738624,0.00474188,0.045801796,0.050543676,195.0,3.0,34254848.0,31662080.0,2592768.0,2256896.0,335872.0,94208.0,0.051167724,104,36949,189128704,astropy__astropy-14539,lazy
153,154,1,0.262624411,returned,0,0.183537036,returned,0.0,4624384,40919040,0.00498755,0.093215457,0.098203007,195.0,3.0,101142528.0,96518144.0,4624384.0,4370432.0,253952.0,94208.0,0.098908106,40,10339,49135616,astropy__astropy-14539,lazy
154,155,1,0.848497376,returned,1,0.605158984,returned,1.0,2437120,273854464,0.004702156,0.037693749,0.042395905,195.0,3.0,27947008.0,25509888.0,2437120.0,2056192.0,380928.0,94208.0,0.043043266,104,36868,189161472,astropy__astropy-14539,lazy
155,156,1,0.260129794,returned,0,0.183012595,returned,0.0,4485120,40865792,0.004989944,0.092940804,0.097930748,195.0,3.0,100982784.0,96497664.0,4485120.0,4284416.0,200704.0,94208.0,0.098614387,36,10024,49143808,astropy__astropy-14539,lazy
156,157,1,0.263790022,returned,0,0.176778402,returned,0.0,2306048,40869888,0.004704981,0.04017437,0.044879351,195.0,3.0,27316224.0,25010176.0,2306048.0,2043904.0,262144.0,94208.0,0.045524428,38,10139,49692672,astropy__astropy-14539,lazy
157,158,1,0.263919299,returned,0,0.18305259,returned,0.0,2342912,40693760,0.004468509,0.037808584,0.042277093,195.0,4.0,27660288.0,25317376.0,2342912.0,2015232.0,327680.0,94208.0,0.042890921,36,10084,49176576,astropy__astropy-14539,lazy
158,159,1,0.262021484,returned,1,0.184398899,returned,1.0,2355200,40955904,0.004680495,0.03808468,0.042765175,195.0,3.0,27422720.0,25067520.0,2355200.0,1998848.0,356352.0,94208.0,0.043378824,38,10174,49168384,astropy__astropy-14539,lazy
159,160,1,0.259957042,returned,1,0.182970985,returned,1.0,2416640,40673280,0.004646462,0.037521506,0.042167968,195.0,3.0,27705344.0,25288704.0,2416640.0,2007040.0,409600.0,94208.0,0.042795983,38,10144,49045504,astropy__astropy-14539,lazy
160,161,1,0.259530484,returned,1,0.184528412,returned,1.0,2330624,40771584,0.004584155,0.038214292,0.042798447,195.0,3.0,27557888.0,25227264.0,2330624.0,2031616.0,299008.0,94208.0,0.043417616,39,10335,49078272,astropy__astropy-14539,lazy
161,162,1,0.259209328,returned,0,0.181117686,returned,0.0,2277376,40579072,0.004609182,0.04039391,0.045003092,195.0,4.0,27967488.0,25690112.0,2277376.0,2015232.0,262144.0,94208.0,0.045639432,38,10145,49709056,astropy__astropy-14539,lazy
162,163,1,0.260507091,returned,0,0.180862535,returned,0.0,2301952,40706048,0.004682459,0.036949127,0.041631586,195.0,3.0,27607040.0,25305088.0,2301952.0,2027520.0,274432.0,94208.0,0.042287612,35,9880,47800320,astropy__astropy-14539,lazy
163,164,1,0.300686108,returned,0,0.206423065,returned,0.0,2269184,40869888,0.004752971,0.035920602,0.040673573,195.0,3.0,26681344.0,24412160.0,2269184.0,2019328.0,249856.0,94208.0,0.041342996,37,12874,62865408,astropy__astropy-14539,lazy
164,165,1,0.851939004,returned,1,0.609716343,returned,1.0,2568192,273055744,0.004815828,0.046748797,0.051564625,195.0,3.0,34373632.0,31805440.0,2568192.0,2256896.0,311296.0,94208.0,0.052219862,104,36943,189186048,astropy__astropy-14539,lazy
165,166,1,0.264908103,returned,1,0.181314468,returned,1.0,4403200,40804352,0.005035118,0.096558582,0.1015937,195.0,3.0,101023744.0,96620544.0,4403200.0,4235264.0,167936.0,94208.0,0.10226221,42,10442,49192960,astropy__astropy-14539,lazy
166,167,1,0.25884422,returned,0,0.180425754,returned,0.0,2359296,40873984,0.00464617,0.038063171,0.042709341,195.0,3.0,28033024.0,25673728.0,2359296.0,2048000.0,311296.0,94208.0,0.043332096,37,10206,49299456,astropy__astropy-14539,lazy
167,168,1,0.260245611,returned,0,0.176605844,returned,0.0,2375680,40906752,0.004652382,0.038020891,0.042673273,195.0,4.0,27803648.0,25427968.0,2375680.0,2019328.0,356352.0,94208.0,0.043322558,36,10016,49176576,astropy__astropy-14539,lazy
168,169,1,0.265064355,returned,0,0.181368214,returned,0.0,2420736,40693760,0.004687829,0.035230241,0.03991807,195.0,3.0,27512832.0,25092096.0,2420736.0,2101248.0,319488.0,94208.0,0.040551746,38,10134,49692672,astropy__astropy-14539,lazy
169,170,1,0.260321782,returned,0,0.183164153,returned,0.0,2293760,40812544,0.004632515,0.036701163,0.041333678,195.0,3.0,27615232.0,25321472.0,2293760.0,2039808.0,253952.0,94208.0,0.041962053,38,10152,49717248,astropy__astropy-14539,lazy
170,171,1,0.26109626,returned,0,0.179706508,returned,0.0,2367488,40792064,0.004723118,0.042766464,0.047489582,195.0,3.0,27828224.0,25460736.0,2367488.0,2015232.0,352256.0,94208.0,0.048109761,38,10155,49700864,astropy__astropy-14539,lazy
171,172,1,0.262416274,returned,0,0.183283397,returned,0.0,2506752,40591360,0.004727717,0.037325224,0.042052941,195.0,3.0,27738112.0,25231360.0,2506752.0,2019328.0,487424.0,94208.0,0.042704139,38,10046,49471488,astropy__astropy-14539,lazy
172,173,1,0.604420185,returned,1,0.406407021,returned,1.0,2342912,256675840,0.004743918,0.037247449,0.041991367,195.0,3.0,27598848.0,25255936.0,2342912.0,2064384.0,278528.0,94208.0,0.042620863,92,32171,173195264,astropy__astropy-14539,lazy
173,174,1,0.265398458,returned,0,0.175325131,returned,0.0,3465216,41021440,0.004887355,0.160062503,0.164949858,195.0,3.0,92446720.0,88981504.0,3465216.0,3465216.0,0.0,94208.0,0.166065704,38,10141,50307072,astropy__astropy-14539,lazy
174,175,1,0.263103067,returned,0,0.184304429,returned,0.0,2371584,40845312,0.004752994,0.053349236,0.05810223,195.0,3.0,27664384.0,25292800.0,2371584.0,2060288.0,311296.0,94208.0,0.058758416,38,10142,50003968,astropy__astropy-14539,lazy
175,176,1,0.85014505,returned,1,0.605812103,returned,1.0,2248704,275726336,0.00480959,0.04625749,0.05106708,195.0,3.0,27734016.0,25485312.0,2248704.0,2039808.0,208896.0,94208.0,0.051700103,104,36880,189153280,astropy__astropy-14539,lazy
176,177,1,0.258252481,returned,0,0.181011331,returned,0.0,4603904,40923136,0.00496469,0.089585325,0.094550015,195.0,3.0,101093376.0,96489472.0,4603904.0,4300800.0,303104.0,94208.0,0.095225877,36,10078,49094656,astropy__astropy-14539,lazy
177,178,1,0.265162205,returned,0,0.179892376,returned,0.0,2338816,41259008,0.004677723,0.036030164,0.040707887,195.0,3.0,27348992.0,25010176.0,2338816.0,2031616.0,307200.0,94208.0,0.041329639,38,10190,49684480,astropy__astropy-14539,lazy
178,179,1,0.254029457,returned,0,0.18427052,returned,0.0,1904640,39030784,0.004714632,0.105754716,0.110469348,195.0,4.0,28073984.0,26169344.0,1904640.0,1277952.0,626688.0,94208.0,0.111069941,38,9671,45875200,astropy__astropy-14539,lazy
179,180,1,0.253466646,returned,0,0.178542109,returned,0.0,1974272,39051264,0.004667805,0.088355054,0.093022859,195.0,4.0,26075136.0,24100864.0,1974272.0,1282048.0,692224.0,94208.0,0.09367605,38,9693,45907968,astropy__astropy-14539,lazy
180,181,1,0.852105709,returned,1,0.605220083,returned,1.0,1744896,274001920,0.00477181,0.074524954,0.079296764,195.0,4.0,26001408.0,24256512.0,1744896.0,1187840.0,557056.0,94208.0,0.079909499,104,36651,187383808,astropy__astropy-14539,lazy
181,182,1,0.277969177,returned,0,0.183940829,returned,0.0,4636672,43970560,0.004988902,0.093069896,0.098058798,195.0,3.0,100380672.0,95744000.0,4636672.0,4300800.0,335872.0,94208.0,0.098736718,42,13876,78118912,astropy__astropy-14539,lazy
182,183,1,0.276717846,returned,0,0.183044509,returned,0.0,2551808,44425216,0.004668332,0.06643986,0.071108192,195.0,3.0,42086400.0,39534592.0,2551808.0,2146304.0,405504.0,94208.0,0.071756575,42,13906,78118912,astropy__astropy-14539,lazy
183,184,1,0.256594301,Submitted,0,0.177177133,Submitted,,2588672,40837120,0.004885539,0.064052032,0.068937571,196.0,3.0,41922560.0,39333888.0,2588672.0,2134016.0,454656.0,94208.0,0.06957819,35,9861,47489024,astropy__astropy-14539,lazy
1,1,1,0.312954838,returned,1,0.197631959,returned,1.0,4378624,41275392,,,,,,,,,,,,0.000152185,37,10298,49045504,astropy__astropy-14539,regular
2,2,1,0.185051565,returned,0,0.186768838,returned,0.0,31617024,45371392,,,,,,,,,,,,0.000171232,1,4015,278528,astropy__astropy-14539,regular
3,3,1,0.186529927,returned,0,0.175181275,returned,0.0,31584256,45711360,,,,,,,,,,,,0.000177142,1,4097,204800,astropy__astropy-14539,regular
4,4,1,0.188722127,returned,0,0.178191557,returned,0.0,31768576,45821952,,,,,,,,,,,,0.000172703,1,4060,196608,astropy__astropy-14539,regular
5,5,1,0.182453073,returned,0,0.177839805,returned,0.0,31805440,46034944,,,,,,,,,,,,0.000159809,0,4040,73728,astropy__astropy-14539,regular
6,6,1,0.180392219,returned,1,0.179882003,returned,1.0,31850496,46190592,,,,,,,,,,,,0.000189084,0,3980,0,astropy__astropy-14539,regular
7,7,1,0.182053134,returned,0,0.176876359,returned,0.0,31866880,45969408,,,,,,,,,,,,0.000172023,0,3991,0,astropy__astropy-14539,regular
8,8,1,0.18282495,returned,0,0.179063805,returned,0.0,32043008,46067712,,,,,,,,,,,,0.00017098,0,4001,0,astropy__astropy-14539,regular
9,9,1,0.223583925,returned,1,0.201995093,returned,1.0,31944704,45932544,,,,,,,,,,,,0.000170159,3,6883,15245312,astropy__astropy-14539,regular
10,10,1,0.182512471,returned,0,0.178066287,returned,0.0,39661568,53870592,,,,,,,,,,,,0.00016578,0,4001,0,astropy__astropy-14539,regular
11,11,1,1.08586329,returned,1,0.922659943,returned,1.0,39940096,292208640,,,,,,,,,,,,0.000156924,67,32854,127180800,astropy__astropy-14539,regular
12,13,1,0.185892624,returned,0,0.183429426,returned,0.0,110329856,123691008,,,,,,,,,,,,0.000185297,0,3990,0,astropy__astropy-14539,regular
13,14,1,0.187495894,returned,0,0.174708932,returned,0.0,109637632,124157952,,,,,,,,,,,,0.000166061,1,4246,139264,astropy__astropy-14539,regular
14,15,1,0.182855622,returned,0,0.182059966,returned,0.0,110231552,124039168,,,,,,,,,,,,0.000159068,0,4167,0,astropy__astropy-14539,regular
15,16,1,0.181761176,returned,0,0.17815544,returned,0.0,110235648,124055552,,,,,,,,,,,,0.000165599,1,4194,90112,astropy__astropy-14539,regular
16,17,1,0.185972113,returned,0,0.179333358,returned,0.0,110104576,124162048,,,,,,,,,,,,0.00016573,2,4154,303104,astropy__astropy-14539,regular
17,18,1,0.413034134,returned,1,0.402342698,returned,1.0,110243840,274141184,,,,,,,,,,,,0.000164357,0,10529,0,astropy__astropy-14539,regular
18,19,1,0.184554401,returned,1,0.179459983,returned,1.0,111349760,125157376,,,,,,,,,,,,0.000173765,0,3986,0,astropy__astropy-14539,regular
19,20,1,0.182953886,returned,0,0.182975069,returned,0.0,110784512,125104128,,,,,,,,,,,,0.00017645,0,4065,0,astropy__astropy-14539,regular
20,21,1,0.20771867,returned,0,0.20410926,returned,0.0,110821376,125034496,,,,,,,,,,,,0.000165079,0,5077,0,astropy__astropy-14539,regular
21,22,1,0.618860087,returned,1,0.601349336,returned,1.0,110735360,284045312,,,,,,,,,,,,0.000172884,0,13682,0,astropy__astropy-14539,regular
22,23,1,0.18467403,returned,0,0.181742822,returned,0.0,111972352,125636608,,,,,,,,,,,,0.000159709,0,4070,0,astropy__astropy-14539,regular
23,24,1,0.207475859,returned,0,0.207963609,returned,0.0,111656960,125390848,,,,,,,,,,,,0.000170419,0,5081,0,astropy__astropy-14539,regular
24,25,1,0.418446535,returned,1,0.406314429,returned,1.0,111108096,273649664,,,,,,,,,,,,0.000173916,0,10996,0,astropy__astropy-14539,regular
25,26,1,0.184606544,returned,0,0.19092165,returned,0.0,112537600,126390272,,,,,,,,,,,,0.000180047,0,4016,8192,astropy__astropy-14539,regular
26,27,1,0.205736568,returned,0,0.204469986,returned,0.0,112259072,126447616,,,,,,,,,,,,0.000165761,0,5078,0,astropy__astropy-14539,regular
27,28,1,0.410582551,returned,1,0.407546914,returned,1.0,112017408,273461248,,,,,,,,,,,,0.000172844,0,10940,0,astropy__astropy-14539,regular
28,29,1,0.187090354,returned,0,0.17816977,returned,0.0,113393664,127098880,,,,,,,,,,,,0.000174097,0,4013,0,astropy__astropy-14539,regular
29,30,1,0.183714142,returned,1,0.180266482,returned,1.0,112902144,126947328,,,,,,,,,,,,0.000175228,0,4064,0,astropy__astropy-14539,regular
30,31,1,0.189764512,returned,0,0.176685011,returned,0.0,112865280,126869504,,,,,,,,,,,,0.000175068,0,4072,0,astropy__astropy-14539,regular
31,32,1,0.211718289,returned,0,0.203222582,returned,0.0,113045504,127197184,,,,,,,,,,,,0.000159008,0,5148,0,astropy__astropy-14539,regular
32,33,1,0.18369174,returned,0,0.181944649,returned,0.0,112934912,127123456,,,,,,,,,,,,0.000170529,0,3994,0,astropy__astropy-14539,regular
33,34,1,0.187909334,returned,0,0.18161317,returned,0.0,112893952,127049728,,,,,,,,,,,,0.000167754,0,4014,8192,astropy__astropy-14539,regular
34,35,1,0.208324173,returned,0,0.204408562,returned,0.0,112873472,126898176,,,,,,,,,,,,0.000154089,0,5168,8192,astropy__astropy-14539,regular
35,36,1,0.184365237,returned,0,0.174690768,returned,0.0,112877568,126636032,,,,,,,,,,,,0.000173074,0,3999,0,astropy__astropy-14539,regular
36,37,1,0.181056461,returned,0,0.183421468,returned,0.0,112566272,126533632,,,,,,,,,,,,0.000167534,0,4072,0,astropy__astropy-14539,regular
37,38,1,0.181481947,returned,0,0.178043858,returned,0.0,112365568,126545920,,,,,,,,,,,,0.000165881,0,4058,0,astropy__astropy-14539,regular
38,39,1,0.181800491,returned,0,0.177201752,returned,0.0,112484352,126550016,,,,,,,,,,,,0.000159018,0,4036,0,astropy__astropy-14539,regular
39,40,1,0.179110654,returned,0,0.181390551,returned,0.0,112398336,126570496,,,,,,,,,,,,0.000179126,0,4011,0,astropy__astropy-14539,regular
40,41,1,0.204233229,returned,1,0.201300903,returned,1.0,112410624,126406656,,,,,,,,,,,,0.000167474,0,5084,0,astropy__astropy-14539,regular
41,42,1,0.185057365,returned,0,0.181674995,returned,0.0,112308224,126427136,,,,,,,,,,,,0.000176259,0,4091,0,astropy__astropy-14539,regular
42,43,1,0.207973878,returned,0,0.200365722,returned,0.0,112402432,126603264,,,,,,,,,,,,0.00016566,0,5101,0,astropy__astropy-14539,regular
43,44,1,0.180425039,returned,0,0.181679498,returned,0.0,112463872,126504960,,,,,,,,,,,,0.000168094,0,4043,0,astropy__astropy-14539,regular
44,45,1,0.188400335,returned,1,0.181234502,returned,1.0,112345088,126660608,,,,,,,,,,,,0.000167484,0,4063,0,astropy__astropy-14539,regular
45,46,1,0.183792397,returned,0,0.17741278,returned,0.0,112349184,126316544,,,,,,,,,,,,0.00017104,0,4085,0,astropy__astropy-14539,regular
46,47,1,0.210190151,returned,0,0.204982443,returned,0.0,112193536,125931520,,,,,,,,,,,,0.000168355,0,5070,0,astropy__astropy-14539,regular
47,48,1,0.181424269,returned,0,0.178375733,returned,0.0,111697920,126111744,,,,,,,,,,,,0.000175218,0,4059,0,astropy__astropy-14539,regular
48,49,1,0.183988479,returned,0,0.177725956,returned,0.0,111882240,125988864,,,,,,,,,,,,0.000174036,0,3963,0,astropy__astropy-14539,regular
49,50,1,0.184708361,returned,0,0.179739132,returned,0.0,111910912,126128128,,,,,,,,,,,,0.000168305,0,4009,0,astropy__astropy-14539,regular
50,51,1,0.208012695,returned,1,0.20724969,returned,1.0,112328704,126320640,,,,,,,,,,,,0.000160761,0,5028,0,astropy__astropy-14539,regular
51,52,1,0.184429028,returned,2,0.180739034,returned,2.0,112021504,126242816,,,,,,,,,,,,0.000176199,0,4071,0,astropy__astropy-14539,regular
52,53,1,0.191342058,returned,0,0.177951486,returned,0.0,112087040,125878272,,,,,,,,,,,,0.000165961,0,4078,8192,astropy__astropy-14539,regular
53,54,1,0.184420693,returned,0,0.177881754,returned,0.0,112091136,126128128,,,,,,,,,,,,0.000174126,0,4090,0,astropy__astropy-14539,regular
54,55,1,0.188807083,returned,0,0.182221949,returned,0.0,112070656,126029824,,,,,,,,,,,,0.000171731,2,4096,335872,astropy__astropy-14539,regular
55,56,1,0.182721247,returned,0,0.178926089,returned,0.0,112087040,126029824,,,,,,,,,,,,0.000167042,0,3975,0,astropy__astropy-14539,regular
56,57,1,0.184537361,returned,0,0.180408574,returned,0.0,111906816,125849600,,,,,,,,,,,,0.00017095,0,3982,0,astropy__astropy-14539,regular
57,58,1,0.61320583,returned,1,0.601804652,returned,1.0,111771648,283525120,,,,,,,,,,,,0.000168886,0,13680,8192,astropy__astropy-14539,regular
58,59,1,0.183995742,returned,2,0.185794687,returned,2.0,112570368,126193664,,,,,,,,,,,,0.000173886,0,4141,0,astropy__astropy-14539,regular
59,60,1,0.18496431,returned,0,0.181018084,returned,0.0,112377856,126279680,,,,,,,,,,,,0.000169237,0,4064,0,astropy__astropy-14539,regular
60,61,1,0.183187665,returned,0,0.180077573,returned,0.0,112222208,126111744,,,,,,,,,,,,0.000177993,0,4068,0,astropy__astropy-14539,regular
61,62,1,0.185688666,returned,0,0.182860574,returned,0.0,112111616,126025728,,,,,,,,,,,,0.00016037,0,4109,0,astropy__astropy-14539,regular
62,63,1,0.41599098,returned,1,0.410898498,returned,1.0,111951872,274735104,,,,,,,,,,,,0.00015521,0,10942,0,astropy__astropy-14539,regular
63,64,1,0.180942563,returned,0,0.181124876,returned,0.0,112971776,126889984,,,,,,,,,,,,0.000177903,0,3967,0,astropy__astropy-14539,regular
64,65,1,0.182902,returned,0,0.184745344,returned,0.0,112472064,126693376,,,,,,,,,,,,0.000161993,0,4014,0,astropy__astropy-14539,regular
65,66,1,0.181464327,returned,0,0.176446417,returned,0.0,112611328,126427136,,,,,,,,,,,,0.000166211,0,4016,0,astropy__astropy-14539,regular
66,67,1,0.186248988,returned,0,0.184403371,returned,0.0,112373760,126435328,,,,,,,,,,,,0.000169789,0,4036,0,astropy__astropy-14539,regular
67,68,1,0.189219936,returned,0,0.180658028,returned,0.0,112443392,126468096,,,,,,,,,,,,0.000162244,0,4035,0,astropy__astropy-14539,regular
68,69,1,0.182051794,returned,1,0.180170303,returned,1.0,112467968,126758912,,,,,,,,,,,,0.000179116,0,4004,0,astropy__astropy-14539,regular
69,70,1,0.188444789,returned,0,0.180704964,returned,0.0,112328704,125698048,,,,,,,,,,,,0.000180708,0,3987,0,astropy__astropy-14539,regular
70,71,1,0.180919792,returned,1,0.178911876,returned,1.0,111681536,125808640,,,,,,,,,,,,0.000173395,0,3989,0,astropy__astropy-14539,regular
71,72,1,0.185212837,returned,0,0.175951116,returned,0.0,111529984,125816832,,,,,,,,,,,,0.000162675,0,3980,0,astropy__astropy-14539,regular
72,73,1,0.186995126,returned,0,0.180310465,returned,0.0,111620096,125485056,,,,,,,,,,,,0.000177382,0,4031,0,astropy__astropy-14539,regular
73,74,1,0.183443241,returned,0,0.179564256,returned,0.0,111542272,125632512,,,,,,,,,,,,0.000173846,0,4081,0,astropy__astropy-14539,regular
74,75,1,0.183642605,returned,0,0.18228976,returned,0.0,111493120,125562880,,,,,,,,,,,,0.000182752,0,4012,0,astropy__astropy-14539,regular
75,76,1,0.187527916,returned,0,0.185502154,returned,0.0,111566848,125829120,,,,,,,,,,,,0.000175479,0,4042,0,astropy__astropy-14539,regular
76,77,1,0.617025197,returned,1,0.595720376,returned,1.0,111407104,285503488,,,,,,,,,,,,0.000173074,0,13701,81920,astropy__astropy-14539,regular
77,78,1,0.189396621,returned,2,0.18355611,returned,2.0,112603136,126402560,,,,,,,,,,,,0.000179466,0,4086,0,astropy__astropy-14539,regular
78,79,1,0.188191803,returned,0,0.181882977,returned,0.0,112472064,126320640,,,,,,,,,,,,0.000173695,0,4009,0,astropy__astropy-14539,regular
79,80,1,0.185118988,returned,0,0.178693101,returned,0.0,112304128,126332928,,,,,,,,,,,,0.000173424,0,4071,0,astropy__astropy-14539,regular
80,81,1,0.187845851,returned,0,0.180547277,returned,0.0,112193536,125718528,,,,,,,,,,,,0.000175168,0,3991,0,astropy__astropy-14539,regular
81,82,1,0.187554395,returned,0,0.182812243,returned,0.0,111632384,125308928,,,,,,,,,,,,0.000183413,0,3989,0,astropy__astropy-14539,regular
82,83,1,0.419728677,returned,1,0.405844581,returned,1.0,111235072,274575360,,,,,,,,,,,,0.000173054,0,11000,0,astropy__astropy-14539,regular
83,84,1,0.185367569,returned,0,0.181009873,returned,0.0,111783936,125317120,,,,,,,,,,,,0.000175518,0,4049,0,astropy__astropy-14539,regular
84,85,1,0.186713502,returned,0,0.179696498,returned,0.0,111132672,125538304,,,,,,,,,,,,0.000174527,0,4027,0,astropy__astropy-14539,regular
85,86,1,0.185243862,returned,0,0.176640942,returned,0.0,111104000,125169664,,,,,,,,,,,,0.000173685,0,4071,0,astropy__astropy-14539,regular
86,87,1,0.181879128,returned,0,0.180657739,returned,0.0,111030272,125296640,,,,,,,,,,,,0.000174737,0,4108,0,astropy__astropy-14539,regular
87,88,1,0.625312755,returned,1,0.594151321,returned,1.0,111058944,278568960,,,,,,,,,,,,0.000165801,0,13754,8192,astropy__astropy-14539,regular
88,89,1,0.182434065,returned,2,0.178791049,returned,2.0,111734784,125472768,,,,,,,,,,,,0.000291385,0,4066,0,astropy__astropy-14539,regular
89,90,1,0.181362252,returned,0,0.180943952,returned,0.0,111525888,125181952,,,,,,,,,,,,0.000169998,0,4076,0,astropy__astropy-14539,regular
90,91,1,0.181299593,returned,0,0.181893425,returned,0.0,111071232,125206528,,,,,,,,,,,,0.000173324,0,4013,0,astropy__astropy-14539,regular
91,92,1,0.181249749,returned,0,0.17902908,returned,0.0,111259648,125247488,,,,,,,,,,,,0.000169036,0,4060,0,astropy__astropy-14539,regular
92,93,1,0.182184319,returned,0,0.180379038,returned,0.0,111165440,125530112,,,,,,,,,,,,0.000171831,0,4033,8192,astropy__astropy-14539,regular
93,94,1,0.418155522,returned,1,0.404043698,returned,1.0,111423488,275136512,,,,,,,,,,,,0.000170309,0,10996,0,astropy__astropy-14539,regular
94,95,1,0.186494707,returned,0,0.180095367,returned,0.0,112418816,126218240,,,,,,,,,,,,0.000173364,0,4037,0,astropy__astropy-14539,regular
95,96,1,0.185670893,returned,2,0.182669609,returned,2.0,112111616,126418944,,,,,,,,,,,,0.000171201,0,4131,0,astropy__astropy-14539,regular
96,97,1,0.178261012,returned,0,0.180786798,returned,0.0,112328704,126566400,,,,,,,,,,,,0.000187722,0,4014,0,astropy__astropy-14539,regular
97,98,1,0.183939199,returned,0,0.181350086,returned,0.0,112197632,126218240,,,,,,,,,,,,0.000161032,0,4009,0,astropy__astropy-14539,regular
98,99,1,0.18655513,returned,0,0.181328565,returned,0.0,111984640,126230528,,,,,,,,,,,,0.000163586,0,4059,0,astropy__astropy-14539,regular
99,100,1,0.186068168,returned,0,0.182402916,returned,0.0,112095232,126169088,,,,,,,,,,,,0.000156784,0,3972,0,astropy__astropy-14539,regular
100,101,1,0.417634382,returned,1,0.407925771,returned,1.0,111955968,274051072,,,,,,,,,,,,0.000164828,0,10930,0,astropy__astropy-14539,regular
101,102,1,0.182257388,returned,0,0.17970733,returned,0.0,112861184,126517248,,,,,,,,,,,,0.000177573,0,4036,0,astropy__astropy-14539,regular
102,103,1,0.188261096,returned,2,0.181665493,returned,2.0,112091136,125673472,,,,,,,,,,,,0.000171181,0,4141,0,astropy__astropy-14539,regular
103,104,1,0.183830706,returned,0,0.176792044,returned,0.0,112136192,125976576,,,,,,,,,,,,0.00016012,0,4014,8192,astropy__astropy-14539,regular
104,105,1,0.182453396,returned,0,0.181105896,returned,0.0,111923200,126246912,,,,,,,,,,,,0.000156202,0,4069,0,astropy__astropy-14539,regular
105,106,1,0.180748061,returned,0,0.181490051,returned,0.0,111976448,126091264,,,,,,,,,,,,0.000152756,0,4072,0,astropy__astropy-14539,regular
106,107,1,0.18642736,returned,0,0.186484724,returned,0.0,112070656,126001152,,,,,,,,,,,,0.000159169,0,4044,0,astropy__astropy-14539,regular
107,108,1,0.615135448,returned,1,0.599951756,returned,1.0,111853568,285556736,,,,,,,,,,,,0.00015963,0,13684,0,astropy__astropy-14539,regular
108,109,1,0.183457196,returned,0,0.176440881,returned,0.0,112627712,126439424,,,,,,,,,,,,0.00017591,0,3987,0,astropy__astropy-14539,regular
109,110,1,0.188826726,returned,0,0.179348316,returned,0.0,112279552,126271488,,,,,,,,,,,,0.000188273,0,4101,0,astropy__astropy-14539,regular
110,111,1,0.187149596,returned,0,0.183052951,returned,0.0,112390144,126443520,,,,,,,,,,,,0.000175258,0,4229,0,astropy__astropy-14539,regular
111,112,1,0.18296411,returned,1,0.182903412,returned,1.0,112766976,126316544,,,,,,,,,,,,0.000207068,0,4160,0,astropy__astropy-14539,regular
112,113,1,0.185215635,returned,0,0.181791129,returned,0.0,112238592,126111744,,,,,,,,,,,,0.00017127,0,4164,0,astropy__astropy-14539,regular
113,114,1,0.185197119,returned,0,0.181864627,returned,0.0,112197632,126300160,,,,,,,,,,,,0.000172383,0,4107,0,astropy__astropy-14539,regular
114,115,1,0.185024707,returned,0,0.179015807,returned,0.0,111996928,126185472,,,,,,,,,,,,0.000173304,0,4065,0,astropy__astropy-14539,regular
115,116,1,0.209717682,returned,0,0.20123958,returned,0.0,112185344,126054400,,,,,,,,,,,,0.000167193,0,5091,0,astropy__astropy-14539,regular
116,117,1,0.613042259,returned,1,0.599690223,returned,1.0,111898624,285335552,,,,,,,,,,,,0.00017123,0,13693,0,astropy__astropy-14539,regular
117,118,1,0.185051286,returned,0,0.178647937,returned,0.0,112902144,126722048,,,,,,,,,,,,0.000178835,0,3998,0,astropy__astropy-14539,regular
118,119,1,0.208059319,returned,0,0.20412972,returned,0.0,112803840,126627840,,,,,,,,,,,,0.000169668,0,5081,8192,astropy__astropy-14539,regular
119,120,1,0.619982658,returned,1,0.597868339,returned,1.0,112300032,284631040,,,,,,,,,,,,0.000167464,0,13761,0,astropy__astropy-14539,regular
120,121,1,0.183404835,returned,0,0.17788582,returned,0.0,113577984,127303680,,,,,,,,,,,,0.000175108,0,4166,0,astropy__astropy-14539,regular
121,122,1,0.183251498,returned,0,0.181257843,returned,0.0,113516544,127381504,,,,,,,,,,,,0.000175038,0,4009,0,astropy__astropy-14539,regular
122,123,1,0.209966868,returned,0,0.203564853,returned,0.0,113115136,126894080,,,,,,,,,,,,0.000182171,0,5088,0,astropy__astropy-14539,regular
123,124,1,0.616335107,returned,1,0.600688136,returned,1.0,112472064,283299840,,,,,,,,,,,,0.000172783,0,13684,0,astropy__astropy-14539,regular
124,125,1,0.182910385,returned,0,0.18161564,returned,0.0,113872896,127160320,,,,,,,,,,,,0.000177011,0,4253,0,astropy__astropy-14539,regular
125,126,1,0.182554123,returned,0,0.184560893,returned,0.0,113602560,127344640,,,,,,,,,,,,0.000177762,0,4015,0,astropy__astropy-14539,regular
126,127,1,0.211014453,returned,0,0.207527282,returned,0.0,113262592,127365120,,,,,,,,,,,,0.000177593,0,5149,0,astropy__astropy-14539,regular
127,128,1,0.414930294,returned,1,0.408167803,returned,1.0,112914432,273612800,,,,,,,,,,,,0.000175228,0,10802,0,astropy__astropy-14539,regular
128,129,1,0.184009417,returned,0,0.182808089,returned,0.0,114180096,127823872,,,,,,,,,,,,0.00017115,0,4038,0,astropy__astropy-14539,regular
129,130,1,0.183714093,returned,0,0.180707107,returned,0.0,113508352,127365120,,,,,,,,,,,,0.000174777,0,3993,0,astropy__astropy-14539,regular
130,131,1,0.207877498,returned,0,0.205318792,returned,0.0,113225728,127336448,,,,,,,,,,,,0.000171291,0,5138,0,astropy__astropy-14539,regular
131,132,1,0.618864425,returned,1,0.604098444,returned,1.0,112963584,285958144,,,,,,,,,,,,0.000172663,0,13684,0,astropy__astropy-14539,regular
132,133,1,0.186051797,returned,0,0.183286027,returned,0.0,113876992,127397888,,,,,,,,,,,,0.000180127,0,4304,0,astropy__astropy-14539,regular
133,134,1,0.182113755,returned,0,0.183614132,returned,0.0,113512448,126889984,,,,,,,,,,,,0.000175478,0,4067,0,astropy__astropy-14539,regular
134,135,1,0.211269999,returned,0,0.206660648,returned,0.0,112889856,126914560,,,,,,,,,,,,0.000172934,0,5145,0,astropy__astropy-14539,regular
135,136,1,0.624070936,returned,1,0.606806108,returned,1.0,112824320,285769728,,,,,,,,,,,,0.000174327,0,13748,8192,astropy__astropy-14539,regular
136,137,1,0.183435542,returned,0,0.183863594,returned,0.0,113369088,126947328,,,,,,,,,,,,0.000176711,0,4186,0,astropy__astropy-14539,regular
137,138,1,0.181118371,returned,1,0.180490202,returned,1.0,113197056,127082496,,,,,,,,,,,,0.000167103,0,4103,0,astropy__astropy-14539,regular
138,139,1,0.18372324,returned,1,0.18223554,returned,1.0,113221632,126758912,,,,,,,,,,,,0.000153528,0,4088,0,astropy__astropy-14539,regular
139,140,1,0.187747538,returned,0,0.178641629,returned,0.0,112877568,126447616,,,,,,,,,,,,0.000184075,0,3990,0,astropy__astropy-14539,regular
140,141,1,0.183704881,returned,0,0.177590931,returned,0.0,112107520,125546496,,,,,,,,,,,,0.000194343,0,4093,0,astropy__astropy-14539,regular
141,142,1,0.189891867,returned,0,0.18567798,returned,0.0,111734784,125829120,,,,,,,,,,,,0.000177502,0,4380,0,astropy__astropy-14539,regular
142,143,1,0.183765704,returned,1,0.180112338,returned,1.0,112435200,126033920,,,,,,,,,,,,0.000170409,0,4162,0,astropy__astropy-14539,regular
143,144,1,0.181482667,returned,0,0.177640655,returned,0.0,112017408,126013440,,,,,,,,,,,,0.000174537,0,3966,0,astropy__astropy-14539,regular
144,145,1,0.182134632,returned,0,0.18181993,returned,0.0,111845376,125984768,,,,,,,,,,,,0.000175499,0,4061,0,astropy__astropy-14539,regular
145,146,1,0.207544419,returned,0,0.208440045,returned,0.0,111882240,126382080,,,,,,,,,,,,0.000171811,0,5150,0,astropy__astropy-14539,regular
146,147,1,0.61858563,returned,1,0.607219772,returned,1.0,111828992,286208000,,,,,,,,,,,,0.000196517,0,13697,0,astropy__astropy-14539,regular
147,148,1,0.186219986,returned,1,0.181742094,returned,1.0,112881664,126468096,,,,,,,,,,,,0.000177121,0,4102,0,astropy__astropy-14539,regular
148,149,1,0.182978342,returned,1,0.182401599,returned,1.0,112365568,126111744,,,,,,,,,,,,0.000172954,0,4102,0,astropy__astropy-14539,regular
149,150,1,0.185994134,returned,0,0.181575092,returned,0.0,112214016,126197760,,,,,,,,,,,,0.000157735,0,4156,0,astropy__astropy-14539,regular
150,151,1,0.183944559,returned,0,0.188821692,returned,0.0,112189440,126095360,,,,,,,,,,,,0.000175889,0,4006,0,astropy__astropy-14539,regular
151,152,1,0.206771357,returned,0,0.203041763,returned,0.0,111898624,126124032,,,,,,,,,,,,0.00018731,0,5159,0,astropy__astropy-14539,regular
152,153,1,0.620923451,returned,1,0.612539904,returned,1.0,111702016,285622272,,,,,,,,,,,,0.00017088,0,13755,0,astropy__astropy-14539,regular
153,154,1,0.187697772,returned,0,0.183537036,returned,0.0,113102848,126976000,,,,,,,,,,,,0.000177182,0,4247,0,astropy__astropy-14539,regular
154,155,1,0.614046838,returned,1,0.605158984,returned,1.0,113324032,284971008,,,,,,,,,,,,0.000174767,0,13695,0,astropy__astropy-14539,regular
155,156,1,0.183106366,returned,0,0.183012595,returned,0.0,113659904,127250432,,,,,,,,,,,,0.000177984,0,4048,0,astropy__astropy-14539,regular
156,157,1,0.184457829,returned,0,0.176778402,returned,0.0,112975872,126906368,,,,,,,,,,,,0.000177602,0,3961,0,astropy__astropy-14539,regular
157,158,1,0.180866229,returned,0,0.18305259,returned,0.0,112758784,126971904,,,,,,,,,,,,0.000173345,0,4043,0,astropy__astropy-14539,regular
158,159,1,0.183110739,returned,1,0.184398899,returned,1.0,112775168,126980096,,,,,,,,,,,,0.000176199,0,4170,0,astropy__astropy-14539,regular
159,160,1,0.183263775,returned,1,0.182970985,returned,1.0,113098752,126783488,,,,,,,,,,,,0.000175679,0,4095,0,astropy__astropy-14539,regular
160,161,1,0.184088609,returned,1,0.184528412,returned,1.0,112889856,126619648,,,,,,,,,,,,0.00017064,0,4223,0,astropy__astropy-14539,regular
161,162,1,0.183530075,returned,0,0.181117686,returned,0.0,112836608,126562304,,,,,,,,,,,,0.000167875,0,3978,0,astropy__astropy-14539,regular
162,163,1,0.182582524,returned,0,0.180862535,returned,0.0,112427008,126795776,,,,,,,,,,,,0.000202969,0,4069,0,astropy__astropy-14539,regular
163,164,1,0.209791609,returned,0,0.206423065,returned,0.0,112693248,126824448,,,,,,,,,,,,0.000157325,0,5163,0,astropy__astropy-14539,regular
164,165,1,0.619879794,returned,1,0.609716343,returned,1.0,112373760,285552640,,,,,,,,,,,,0.000176671,0,13694,0,astropy__astropy-14539,regular
165,166,1,0.184646901,returned,1,0.181314468,returned,1.0,113528832,127066112,,,,,,,,,,,,0.000171791,0,4310,0,astropy__astropy-14539,regular
166,167,1,0.182024149,returned,0,0.180425754,returned,0.0,113684480,127266816,,,,,,,,,,,,0.000158397,0,4085,0,astropy__astropy-14539,regular
167,168,1,0.184767285,returned,0,0.176605844,returned,0.0,113143808,127102976,,,,,,,,,,,,0.000163286,0,3969,0,astropy__astropy-14539,regular
168,169,1,0.182380672,returned,0,0.181368214,returned,0.0,112955392,127115264,,,,,,,,,,,,0.000162525,0,3975,0,astropy__astropy-14539,regular
169,170,1,0.183496237,returned,0,0.183164153,returned,0.0,113086464,127246336,,,,,,,,,,,,0.000182332,0,4069,0,astropy__astropy-14539,regular
170,171,1,0.183330916,returned,0,0.179706508,returned,0.0,112984064,127078400,,,,,,,,,,,,0.000169357,0,4041,0,astropy__astropy-14539,regular
171,172,1,0.181050105,returned,0,0.183283397,returned,0.0,112816128,127139840,,,,,,,,,,,,0.000173685,0,4050,0,astropy__astropy-14539,regular
172,173,1,0.415441707,returned,1,0.406407021,returned,1.0,112783360,275181568,,,,,,,,,,,,0.000162845,0,10999,0,astropy__astropy-14539,regular
173,174,1,0.181527095,returned,0,0.175325131,returned,0.0,113709056,127369216,,,,,,,,,,,,0.000175218,0,4038,0,astropy__astropy-14539,regular
174,175,1,0.181696768,returned,0,0.184304429,returned,0.0,113278976,127504384,,,,,,,,,,,,0.00017611,0,4091,0,astropy__astropy-14539,regular
175,176,1,0.616737424,returned,1,0.605812103,returned,1.0,113262592,285175808,,,,,,,,,,,,0.000160461,0,13703,0,astropy__astropy-14539,regular
176,177,1,0.186348565,returned,0,0.181011331,returned,0.0,114413568,127582208,,,,,,,,,,,,0.000178013,0,4048,0,astropy__astropy-14539,regular
177,178,1,0.182730294,returned,0,0.179892376,returned,0.0,113451008,127225856,,,,,,,,,,,,0.000173835,0,4031,0,astropy__astropy-14539,regular
178,179,1,0.183798619,returned,0,0.18427052,returned,0.0,113168384,127258624,,,,,,,,,,,,0.00017079,0,3977,0,astropy__astropy-14539,regular
179,180,1,0.18470972,returned,0,0.178542109,returned,0.0,113283072,127545344,,,,,,,,,,,,0.000179566,0,4003,0,astropy__astropy-14539,regular
180,181,1,0.619854001,returned,1,0.605220083,returned,1.0,113467392,281767936,,,,,,,,,,,,0.000153086,0,13694,0,astropy__astropy-14539,regular
181,182,1,0.194385982,returned,0,0.183940829,returned,0.0,112918528,129191936,,,,,,,,,,,,0.000179836,6,7879,29351936,astropy__astropy-14539,regular
182,183,1,0.187972892,returned,0,0.183044509,returned,0.0,127475712,141410304,,,,,,,,,,,,0.000171351,0,4334,0,astropy__astropy-14539,regular
183,184,1,0.180341551,Submitted,0,0.177177133,Submitted,,127479808,141389824,,,,,,,,,,,,0.000166181,0,4017,0,astropy__astropy-14539,regular
1,1,1,0.316551868,returned,1,0.198764554,returned,1.0,794624,40460288,7.3848e-05,0.016949217,0.017023065,0.0,3.0,4403200.0,3608576.0,794624.0,712704.0,81920.0,90112.0,0.020634593,41,10914,54665216,astropy__astropy-14598,lazy
2,2,1,0.284657651,returned,0,0.18833187,returned,0.0,2805760,40427520,0.000421649,0.033185248,0.033606897,1.0,2.0,30674944.0,27869184.0,2805760.0,2547712.0,258048.0,90112.0,0.034247236,37,10466,52379648,astropy__astropy-14598,lazy
3,3,1,0.267219218,returned,0,0.180378307,returned,0.0,2846720,40542208,0.0001439,0.033267533,0.033411433,1.0,5.0,29347840.0,26501120.0,2846720.0,2486272.0,360448.0,90112.0,0.034048975,37,10145,50372608,astropy__astropy-14598,lazy
4,4,1,0.259211148,returned,0,0.17505632,returned,0.0,2596864,40464384,0.000387124,0.032121799,0.032508923,1.0,3.0,28086272.0,25489408.0,2596864.0,2097152.0,499712.0,90112.0,0.033179639,35,9868,47636480,astropy__astropy-14598,lazy
5,5,1,0.261775266,returned,0,0.17982667,returned,0.0,2633728,40820736,0.000322704,0.028679387,0.029002091,1.0,3.0,26599424.0,23965696.0,2633728.0,2129920.0,503808.0,90112.0,0.029625007,36,9963,48750592,astropy__astropy-14598,lazy
6,6,1,0.259930454,returned,0,0.180723449,returned,0.0,2408448,40734720,0.000326391,0.034418186,0.034744577,1.0,3.0,27541504.0,25133056.0,2408448.0,1875968.0,532480.0,90112.0,0.035352374,36,9969,48750592,astropy__astropy-14598,lazy
7,7,1,0.259303041,returned,0,0.178018149,returned,0.0,2670592,40558592,0.000319498,0.030142275,0.030461773,1.0,3.0,27467776.0,24797184.0,2670592.0,2084864.0,585728.0,90112.0,0.03108016,36,9963,48865280,astropy__astropy-14598,lazy
8,8,1,0.2627655,returned,0,0.175090025,returned,0.0,2551808,40771584,0.000306043,0.028895711,0.029201754,1.0,3.0,27275264.0,24723456.0,2551808.0,2011136.0,540672.0,90112.0,0.029801947,36,10022,48848896,astropy__astropy-14598,lazy
9,9,1,0.260331287,returned,0,0.177297339,returned,0.0,2408448,40607744,0.000340648,0.03932665,0.039667298,1.0,3.0,27373568.0,24965120.0,2408448.0,1875968.0,532480.0,90112.0,0.040281977,36,10030,48881664,astropy__astropy-14598,lazy
10,10,1,0.257532232,returned,0,0.176656269,returned,0.0,2560000,40439808,0.000339184,0.029001199,0.029340383,1.0,3.0,27279360.0,24719360.0,2560000.0,1937408.0,622592.0,90112.0,0.029967978,34,9751,46964736,astropy__astropy-14598,lazy
11,11,1,0.299593195,returned,1,0.200456011,returned,1.0,2666496,40624128,0.000701642,0.027952297,0.028653939,2.0,2.0,26275840.0,23609344.0,2666496.0,2101248.0,565248.0,90112.0,0.029279199,37,12586,61923328,astropy__astropy-14598,lazy
12,12,1,0.263161049,returned,0,0.180198652,returned,0.0,2637824,40726528,0.00159879,0.082218737,0.083817527,2.0,2.0,33898496.0,31260672.0,2637824.0,2134016.0,503808.0,90112.0,0.084877811,35,9786,47120384,astropy__astropy-14598,lazy
13,13,1,0.722228753,returned,0,0.522353069,returned,0.0,2506752,259956736,0.000472985,0.063588935,0.06406192,2.0,3.0,26730496.0,24223744.0,2506752.0,1859584.0,647168.0,90112.0,0.064668685,94,32867,173809664,astropy__astropy-14598,lazy
14,14,1,0.257957878,returned,0,0.181560552,returned,0.0,4157440,40587264,0.014081155,0.083026067,0.097107222,56.0,3.0,94191616.0,89817088.0,4374528.0,3858432.0,516096.0,90112.0,0.097736229,38,10074,48275456,astropy__astropy-14598,lazy
15,15,1,0.253848252,returned,2,0.180615237,returned,2.0,2736128,40513536,0.002177203,0.031763574,0.033940777,56.0,3.0,27258880.0,24522752.0,2736128.0,2125824.0,610304.0,90112.0,0.034558893,34,9662,46645248,astropy__astropy-14598,lazy
16,16,1,0.299147632,returned,1,0.208041318,returned,1.0,2428928,40660992,0.001763469,0.031472089,0.033235558,56.0,3.0,26275840.0,23846912.0,2428928.0,1830912.0,598016.0,90112.0,0.0338357,38,12646,61571072,astropy__astropy-14598,lazy
17,17,1,0.305671092,returned,0,0.213201512,returned,0.0,2777088,40566784,0.002829742,0.039247933,0.042077675,57.0,3.0,34082816.0,31305728.0,2777088.0,2240512.0,536576.0,90112.0,0.042713263,38,12923,61931520,astropy__astropy-14598,lazy
18,18,1,0.260154056,returned,0,0.180316495,returned,0.0,2781184,40251392,0.002108724,0.041639285,0.043748009,58.0,3.0,34041856.0,31260672.0,2781184.0,2179072.0,602112.0,90112.0,0.044385541,37,10115,48250880,astropy__astropy-14598,lazy
19,19,1,0.255849521,returned,2,0.178893815,returned,2.0,2383872,40706048,0.001871651,0.034345363,0.036217014,58.0,3.0,27435008.0,25051136.0,2383872.0,1892352.0,491520.0,90112.0,0.036849196,34,9731,46637056,astropy__astropy-14598,lazy
20,20,1,0.304050391,returned,1,0.201156756,returned,1.0,2437120,40202240,0.001874706,0.031754428,0.033629134,58.0,3.0,26386432.0,23949312.0,2437120.0,1843200.0,593920.0,90112.0,0.03425223,38,12686,61530112,astropy__astropy-14598,lazy
1,1,1,0.308757889,returned,1,0.198764554,returned,1.0,4366336,41160704,,,,,,,,,,,,0.00018739,37,10294,48922624,astropy__astropy-14598,regular
2,2,1,0.195794943,returned,0,0.18833187,returned,0.0,31735808,46272512,,,,,,,,,,,,0.000177072,1,4015,294912,astropy__astropy-14598,regular
3,3,1,0.186924529,returned,0,0.180378307,returned,0.0,32260096,45899776,,,,,,,,,,,,0.000175458,0,3979,0,astropy__astropy-14598,regular
4,4,1,0.190276852,returned,0,0.17505632,returned,0.0,31793152,46010368,,,,,,,,,,,,0.000164287,1,4062,180224,astropy__astropy-14598,regular
5,5,1,0.18628111,returned,0,0.17982667,returned,0.0,31969280,46350336,,,,,,,,,,,,0.000173986,0,4048,0,astropy__astropy-14598,regular
6,6,1,0.190856742,returned,0,0.180723449,returned,0.0,32079872,46051328,,,,,,,,,,,,0.000175218,0,3978,0,astropy__astropy-14598,regular
7,7,1,0.185042407,returned,0,0.178018149,returned,0.0,31838208,46059520,,,,,,,,,,,,0.000179045,0,4001,0,astropy__astropy-14598,regular
8,8,1,0.188799152,returned,0,0.175090025,returned,0.0,32006144,45891584,,,,,,,,,,,,0.000173925,0,4051,0,astropy__astropy-14598,regular
9,9,1,0.188232906,returned,0,0.177297339,returned,0.0,31879168,46350336,,,,,,,,,,,,0.000171531,0,4045,0,astropy__astropy-14598,regular
10,10,1,0.190257075,returned,0,0.176656269,returned,0.0,32219136,46141440,,,,,,,,,,,,0.00017651,0,4010,0,astropy__astropy-14598,regular
11,11,1,0.228833242,returned,1,0.200456011,returned,1.0,31924224,45891584,,,,,,,,,,,,0.000168085,3,6941,15245312,astropy__astropy-14598,regular
12,12,1,0.187195686,returned,0,0.180198652,returned,0.0,39522304,53878784,,,,,,,,,,,,0.000169628,0,3998,0,astropy__astropy-14598,regular
13,13,1,0.63048454,returned,0,0.522353069,returned,0.0,39923712,262705152,,,,,,,,,,,,0.000151573,57,25297,111460352,astropy__astropy-14598,regular
14,14,1,0.190104574,returned,0,0.181560552,returned,0.0,99827712,113315840,,,,,,,,,,,,0.000175218,0,4154,0,astropy__astropy-14598,regular
15,15,1,0.185980858,returned,2,0.180615237,returned,2.0,98406400,112533504,,,,,,,,,,,,0.000175749,0,3944,0,astropy__astropy-14598,regular
16,16,1,0.214649169,returned,1,0.208041318,returned,1.0,98250752,112582656,,,,,,,,,,,,0.00017118,0,5166,8192,astropy__astropy-14598,regular
17,17,1,0.218745114,returned,0,0.213201512,returned,0.0,98566144,112553984,,,,,,,,,,,,0.000172894,0,5270,8192,astropy__astropy-14598,regular
18,18,1,0.190337286,returned,0,0.180316495,returned,0.0,98144256,112435200,,,,,,,,,,,,0.000167153,0,4125,0,astropy__astropy-14598,regular
19,19,1,0.188716312,returned,2,0.178893815,returned,2.0,98512896,112553984,,,,,,,,,,,,0.000167423,0,4002,0,astropy__astropy-14598,regular
20,20,1,0.211529106,returned,1,0.201156756,returned,1.0,98443264,113131520,,,,,,,,,,,,0.000167393,0,5144,0,astropy__astropy-14598,regular
1,1,1,0.331221802,returned,0,0.202085973,returned,0.0,868352,39964672,7.0252e-05,0.015895258,0.01596551,0.0,3.0,4673536.0,3805184.0,868352.0,729088.0,139264.0,86016.0,0.017942447,39,10827,54804480,astropy__astropy-14995,lazy
2,2,1,0.264839272,returned,1,0.174234011,returned,1.0,3325952,40640512,0.000414675,0.046683459,0.047098134,1.0,3.0,31264768.0,27938816.0,3325952.0,3043328.0,282624.0,90112.0,0.047721621,36,10004,48578560,astropy__astropy-14995,lazy
3,3,1,0.259233197,returned,1,0.180717652,returned,1.0,2588672,40046592,0.000447717,0.0337978,0.034245517,1.0,3.0,27299840.0,24711168.0,2588672.0,2043904.0,544768.0,90112.0,0.03487261,36,9868,48144384,astropy__astropy-14995,lazy
4,4,1,2.009715895,returned,0,1.620921888,returned,0.0,2404352,54505472,0.000339305,0.051431128,0.051770433,1.0,3.0,26976256.0,24543232.0,2433024.0,2023424.0,409600.0,90112.0,0.052390723,39,61207,84287488,astropy__astropy-14995,lazy
5,5,1,0.263015911,returned,0,0.182354668,returned,0.0,6201344,41127936,0.000441826,0.084382354,0.08482418,1.0,4.0,50327552.0,44126208.0,6201344.0,5332992.0,868352.0,90112.0,0.085502259,36,9873,48029696,astropy__astropy-14995,lazy
6,6,1,0.263729381,returned,0,0.182625514,returned,0.0,3092480,41074688,0.000365563,0.039927093,0.040292656,1.0,3.0,27840512.0,24748032.0,3092480.0,2088960.0,1003520.0,90112.0,0.040916413,35,9777,46817280,astropy__astropy-14995,lazy
7,7,1,0.265381024,returned,0,0.174892003,returned,0.0,3141632,40837120,0.00034205,0.044070352,0.044412402,1.0,3.0,27017216.0,23875584.0,3141632.0,2052096.0,1089536.0,90112.0,0.045046117,36,9941,48054272,astropy__astropy-14995,lazy
8,8,1,0.263846705,returned,0,0.178373554,returned,0.0,3014656,41156608,0.000396381,0.044835063,0.045231444,1.0,3.0,27582464.0,24567808.0,3014656.0,2052096.0,962560.0,90112.0,0.045861562,38,10049,48635904,astropy__astropy-14995,lazy
9,9,1,0.263639718,returned,0,0.17970411,returned,0.0,3108864,41119744,0.000364683,0.058986768,0.059351451,1.0,3.0,28037120.0,24928256.0,3108864.0,2068480.0,1040384.0,90112.0,0.059976009,35,9748,47030272,astropy__astropy-14995,lazy
10,10,1,0.300091792,returned,0,0.205621779,returned,0.0,3166208,41107456,0.000491279,0.035584451,0.03607573,2.0,3.0,27070464.0,23904256.0,3166208.0,2056192.0,1110016.0,90112.0,0.036640457,37,12621,61399040,astropy__astropy-14995,lazy
11,11,1,0.266561162,returned,0,0.191719581,returned,0.0,3575808,41283584,0.000435354,0.045663031,0.046098385,2.0,3.0,34525184.0,30949376.0,3575808.0,2375680.0,1200128.0,90112.0,0.046708365,40,10192,48979968,astropy__astropy-14995,lazy
12,12,1,0.301303055,returned,0,0.201755192,returned,0.0,3358720,41238528,0.001225022,0.04030557,0.041530592,4.0,3.0,28618752.0,25260032.0,3358720.0,2109440.0,1249280.0,90112.0,0.04214469,37,12543,61390848,astropy__astropy-14995,lazy
13,13,1,0.261027512,returned,0,0.174103055,returned,0.0,3739648,41431040,0.000511454,0.083194989,0.083706443,4.0,3.0,34885632.0,31145984.0,3739648.0,2387968.0,1351680.0,90112.0,0.084343942,35,9775,46727168,astropy__astropy-14995,lazy
14,14,1,0.297596718,returned,0,0.207347674,returned,0.0,3280896,41222144,0.000539366,0.062160896,0.062700262,5.0,3.0,27291648.0,24010752.0,3280896.0,2097152.0,1183744.0,90112.0,0.063322131,37,12505,61153280,astropy__astropy-14995,lazy
15,15,1,0.257922714,returned,0,0.176673399,returned,0.0,3674112,41152512,0.000496095,0.057588201,0.058084296,5.0,3.0,34521088.0,30846976.0,3674112.0,2387968.0,1286144.0,90112.0,0.05873537,35,9718,46759936,astropy__astropy-14995,lazy
16,16,1,0.299131519,returned,0,0.198262355,returned,0.0,3219456,41193472,0.000554153,0.071494997,0.07204915,5.0,3.0,27418624.0,24199168.0,3219456.0,2080768.0,1138688.0,90112.0,0.072673275,37,12563,61038592,astropy__astropy-14995,lazy
17,17,1,0.303645284,returned,0,0.204985462,returned,0.0,3604480,41385984,0.000485905,0.043394571,0.043880476,5.0,3.0,34344960.0,30740480.0,3604480.0,2367488.0,1236992.0,90112.0,0.044495172,37,12476,61038592,astropy__astropy-14995,lazy
18,18,1,0.259076385,returned,0,0.180292322,returned,0.0,3563520,41316352,0.000484683,0.060032428,0.060517111,5.0,3.0,34406400.0,30842880.0,3563520.0,2375680.0,1187840.0,90112.0,0.06116564,35,9760,47005696,astropy__astropy-14995,lazy
19,19,1,0.588364695,returned,0,0.399512675,returned,0.0,3166208,248283136,0.00048813,0.059300503,0.059788633,5.0,3.0,27357184.0,24190976.0,3166208.0,2076672.0,1089536.0,90112.0,0.060425401,87,30141,166518784,astropy__astropy-14995,lazy
20,20,1,0.302953568,returned,0,0.198791361,returned,0.0,3600384,40734720,0.006582702,0.127094722,0.133677424,28.0,3.0,89702400.0,86102016.0,3600384.0,3514368.0,86016.0,90112.0,0.134333707,37,12624,61988864,astropy__astropy-14995,lazy
21,21,1,0.261299646,returned,0,0.181379196,returned,0.0,2830336,40730624,0.001569225,0.080326315,0.08189554,28.0,3.0,34275328.0,31444992.0,2830336.0,2347008.0,483328.0,90112.0,0.082512504,35,9839,47128576,astropy__astropy-14995,lazy
22,22,1,0.261674417,returned,0,0.184637196,returned,0.0,2465792,40566784,0.001157404,0.078010696,0.0791681,29.0,4.0,26783744.0,24317952.0,2465792.0,2043904.0,421888.0,90112.0,0.079755888,38,10032,48906240,astropy__astropy-14995,lazy
23,23,1,0.264796335,returned,0,0.184349135,returned,0.0,2523136,40407040,0.001176109,0.070379466,0.071555575,29.0,3.0,27795456.0,25272320.0,2523136.0,2080768.0,442368.0,90112.0,0.072241408,34,9691,47005696,astropy__astropy-14995,lazy
24,24,1,0.306326834,returned,1,0.208239732,returned,1.0,2478080,40488960,0.001734313,0.06553659,0.067270903,29.0,3.0,26423296.0,23945216.0,2478080.0,2015232.0,462848.0,90112.0,0.06790552,41,12911,63537152,astropy__astropy-14995,lazy
25,25,1,0.257045872,returned,0,0.179410261,returned,0.0,2719744,40591360,0.001377646,0.082771057,0.084148703,29.0,3.0,34910208.0,32190464.0,2719744.0,2347008.0,372736.0,90112.0,0.084759496,35,9758,47071232,astropy__astropy-14995,lazy
26,26,1,1.320445486,returned,1,1.029657438,returned,1.0,1572864,293265408,0.001209061,0.105800481,0.107009542,29.0,3.0,26583040.0,25010176.0,1572864.0,1073152.0,499712.0,90112.0,0.107655079,107,41986,196788224,astropy__astropy-14995,lazy
27,27,1,0.26567094,returned,0,0.183496685,returned,0.0,5951488,40554496,0.062474945,0.137012165,0.19948711,273.0,2.0,110608384.0,104656896.0,5951488.0,5386240.0,565248.0,90112.0,0.200166941,40,10222,49528832,astropy__astropy-14995,lazy
28,28,1,0.904630149,returned,1,0.643894353,returned,1.0,2699264,285212672,0.008264384,0.080450117,0.088714501,273.0,3.0,28323840.0,25624576.0,2699264.0,2109440.0,589824.0,90112.0,0.089328219,106,38718,195362816,astropy__astropy-14995,lazy
29,29,1,0.261609529,returned,0,0.181866545,returned,0.0,5443584,40943616,0.006673709,0.173948345,0.180622054,273.0,3.0,105271296.0,99827712.0,5443584.0,4882432.0,561152.0,90112.0,0.181311002,36,9928,48562176,astropy__astropy-14995,lazy
30,30,1,0.268454637,returned,0,0.185377376,returned,0.0,2523136,40640512,0.006051674,0.064140015,0.070191689,273.0,3.0,27701248.0,25178112.0,2523136.0,2101248.0,421888.0,90112.0,0.070802911,40,10202,49446912,astropy__astropy-14995,lazy
31,31,1,0.259164478,returned,0,0.179463553,returned,0.0,2576384,40710144,0.008926008,0.060776747,0.069702755,273.0,3.0,27975680.0,25399296.0,2576384.0,2084864.0,491520.0,90112.0,0.070333575,36,9929,48553984,astropy__astropy-14995,lazy
32,32,1,0.262622959,returned,0,0.185640103,returned,0.0,2592768,40546304,0.00649376,0.035887194,0.042380954,273.0,3.0,27381760.0,24788992.0,2592768.0,2039808.0,552960.0,90112.0,0.043140584,38,10102,49094656,astropy__astropy-14995,lazy
33,33,1,0.92157966,returned,0,0.646835564,returned,0.0,2633728,285712384,0.006431585,0.043304491,0.049736076,273.0,4.0,27787264.0,25153536.0,2633728.0,2097152.0,536576.0,90112.0,0.050360743,106,38687,195297280,astropy__astropy-14995,lazy
34,34,1,0.277731731,returned,0,0.185411173,returned,0.0,5328896,43708416,0.007995739,0.131988973,0.139984712,278.0,3.0,105271296.0,99942400.0,5328896.0,4939776.0,389120.0,90112.0,0.140675835,41,13760,77766656,astropy__astropy-14995,lazy
35,35,1,0.258060083,returned,0,0.181791212,returned,0.0,2748416,40734720,0.006720785,0.091265939,0.097986724,279.0,3.0,42422272.0,39673856.0,2748416.0,2191360.0,557056.0,90112.0,0.098611703,35,9769,46931968,astropy__astropy-14995,lazy
36,36,1,0.259838088,Submitted,0,0.183579557,Submitted,,2691072,40861696,0.006174964,0.046119845,0.052294809,279.0,3.0,26750976.0,24059904.0,2691072.0,2068480.0,622592.0,90112.0,0.052890102,35,9798,46931968,astropy__astropy-14995,lazy
1,1,1,0.333208795,returned,0,0.202085973,returned,0.0,4489216,40968192,,,,,,,,,,,,0.000161332,35,10168,49389568,astropy__astropy-14995,regular
2,2,1,0.187878775,returned,1,0.174234011,returned,1.0,32395264,46227456,,,,,,,,,,,,0.000167373,0,3986,32768,astropy__astropy-14995,regular
3,3,1,0.181131045,returned,1,0.180717652,returned,1.0,32206848,46268416,,,,,,,,,,,,0.000159157,0,4043,8192,astropy__astropy-14995,regular
4,4,1,1.877785569,returned,0,1.620921888,returned,0.0,32370688,55898112,,,,,,,,,,,,0.000157164,0,54479,29728768,astropy__astropy-14995,regular
5,5,1,0.182697025,returned,0,0.182354668,returned,0.0,52326400,63852544,,,,,,,,,,,,0.000170328,0,4057,0,astropy__astropy-14995,regular
6,6,1,0.184924322,returned,0,0.182625514,returned,0.0,49795072,63729664,,,,,,,,,,,,0.000177462,1,4045,81920,astropy__astropy-14995,regular
7,7,1,0.178142001,returned,0,0.174892003,returned,0.0,49750016,63819776,,,,,,,,,,,,0.000162133,0,4060,0,astropy__astropy-14995,regular
8,8,1,0.184166927,returned,0,0.178373554,returned,0.0,49815552,63602688,,,,,,,,,,,,0.000207357,2,4125,303104,astropy__astropy-14995,regular
9,9,1,0.184248214,returned,0,0.17970411,returned,0.0,49684480,63991808,,,,,,,,,,,,0.000172152,0,3997,0,astropy__astropy-14995,regular
10,10,1,0.221099261,returned,0,0.205621779,returned,0.0,49901568,63889408,,,,,,,,,,,,0.000161972,3,6813,14737408,astropy__astropy-14995,regular
11,11,1,0.187720971,returned,0,0.191719581,returned,0.0,57339904,71876608,,,,,,,,,,,,0.00016598,2,4177,344064,astropy__astropy-14995,regular
12,12,1,0.207885475,returned,0,0.201755192,returned,0.0,58195968,71974912,,,,,,,,,,,,0.000162754,0,5076,0,astropy__astropy-14995,regular
13,13,1,0.186995837,returned,0,0.174103055,returned,0.0,57856000,72114176,,,,,,,,,,,,0.000169417,0,3992,0,astropy__astropy-14995,regular
14,14,1,0.210522211,returned,0,0.207347674,returned,0.0,58355712,72118272,,,,,,,,,,,,0.000170198,0,5088,0,astropy__astropy-14995,regular
15,15,1,0.1839733,returned,0,0.176673399,returned,0.0,57860096,72175616,,,,,,,,,,,,0.000163045,0,4058,0,astropy__astropy-14995,regular
16,16,1,0.207785778,returned,0,0.198262355,returned,0.0,58241024,72323072,,,,,,,,,,,,0.000158807,0,5012,0,astropy__astropy-14995,regular
17,17,1,0.206142649,returned,0,0.204985462,returned,0.0,58257408,72179712,,,,,,,,,,,,0.000159208,0,5024,0,astropy__astropy-14995,regular
18,18,1,0.18162873,returned,0,0.180292322,returned,0.0,57917440,72167424,,,,,,,,,,,,0.000174295,0,3993,0,astropy__astropy-14995,regular
19,19,1,0.486672637,returned,0,0.399512675,returned,0.0,58216448,268845056,,,,,,,,,,,,0.000154299,50,22417,104038400,astropy__astropy-14995,regular
20,20,1,0.208820281,returned,0,0.198791361,returned,0.0,113266688,126844928,,,,,,,,,,,,0.000179566,0,5076,0,astropy__astropy-14995,regular
21,21,1,0.184732208,returned,0,0.181379196,returned,0.0,112594944,126517248,,,,,,,,,,,,0.000175238,0,4000,0,astropy__astropy-14995,regular
22,22,1,0.186571013,returned,0,0.184637196,returned,0.0,112775168,126783488,,,,,,,,,,,,0.000154248,1,4133,278528,astropy__astropy-14995,regular
23,23,1,0.187495871,returned,0,0.184349135,returned,0.0,112898048,126599168,,,,,,,,,,,,0.000179666,0,3944,8192,astropy__astropy-14995,regular
24,24,1,0.213059582,returned,1,0.208239732,returned,1.0,112627712,126779392,,,,,,,,,,,,0.000154759,0,5206,0,astropy__astropy-14995,regular
25,25,1,0.185928884,returned,0,0.179410261,returned,0.0,112414720,126685184,,,,,,,,,,,,0.000174376,0,4009,8192,astropy__astropy-14995,regular
26,26,1,1.093936721,returned,1,1.029657438,returned,1.0,112881664,311054336,,,,,,,,,,,,0.000166932,19,20657,19464192,astropy__astropy-14995,regular
27,27,1,0.188095647,returned,0,0.183496685,returned,0.0,129142784,142446592,,,,,,,,,,,,0.00015475,0,4206,0,astropy__astropy-14995,regular
28,28,1,0.665577961,returned,1,0.643894353,returned,1.0,128827392,306188288,,,,,,,,,,,,0.000153907,0,14728,0,astropy__astropy-14995,regular
29,29,1,0.180485998,returned,0,0.181866545,returned,0.0,129101824,142651392,,,,,,,,,,,,0.000163967,0,4038,0,astropy__astropy-14995,regular
30,30,1,0.187989589,returned,0,0.185377376,returned,0.0,128507904,142524416,,,,,,,,,,,,0.000165189,0,4146,8192,astropy__astropy-14995,regular
31,31,1,0.181715052,returned,0,0.179463553,returned,0.0,128593920,142524416,,,,,,,,,,,,0.000154629,0,3974,0,astropy__astropy-14995,regular
32,32,1,0.189901817,returned,0,0.185640103,returned,0.0,128471040,142487552,,,,,,,,,,,,0.000171921,0,4016,8192,astropy__astropy-14995,regular
33,33,1,0.671417136,returned,0,0.646835564,returned,0.0,128368640,308359168,,,,,,,,,,,,0.000155621,0,14777,0,astropy__astropy-14995,regular
34,34,1,0.200066912,returned,0,0.185411173,returned,0.0,129380352,144904192,,,,,,,,,,,,0.000173233,6,7810,29270016,astropy__astropy-14995,regular
35,35,1,0.181216707,returned,0,0.181791212,returned,0.0,143552512,157376512,,,,,,,,,,,,0.000166141,0,4024,0,astropy__astropy-14995,regular
36,36,1,0.17853312,Submitted,0,0.183579557,Submitted,,143470592,157351936,,,,,,,,,,,,0.000173244,0,3965,0,astropy__astropy-14995,regular
1,1,1,0.321849584,returned,0,0.197350733,returned,0.0,950272,41000960,6.2777e-05,0.02038062,0.020443397,0.0,3.0,4579328.0,3629056.0,950272.0,716800.0,233472.0,94208.0,0.02278306,41,11074,55263232,astropy__astropy-7166,lazy
2,2,1,0.824566422,returned,0,0.314288502,returned,0.0,3387392,155881472,0.000409746,0.067514172,0.067923918,1.0,3.0,31420416.0,28033024.0,3387392.0,2764800.0,622592.0,94208.0,0.068590534,36,39453,289308672,astropy__astropy-7166,lazy
3,3,1,0.263519997,returned,0,0.182090397,returned,0.0,3731456,43073536,0.000143799,0.285305122,0.285448921,1.0,5.0,155381760.0,151650304.0,3731456.0,3018752.0,712704.0,94208.0,0.286120075,37,10131,48832512,astropy__astropy-7166,lazy
4,4,1,0.260965546,returned,0,0.173751372,returned,0.0,4796416,41390080,0.000146484,0.063372389,0.063518873,1.0,3.0,30068736.0,25272320.0,4796416.0,4018176.0,778240.0,94208.0,0.064134294,34,9780,47767552,astropy__astropy-7166,lazy
5,5,1,0.664992053,returned,0,0.462754108,returned,0.0,2842624,249135104,0.000765932,0.062466635,0.063232567,2.0,3.0,27353088.0,24510464.0,2842624.0,2007040.0,835584.0,94208.0,0.063862655,83,31987,171786240,astropy__astropy-7166,lazy
6,6,1,0.26596133,returned,0,0.178505023,returned,0.0,4177920,41062400,0.00141713,0.167747098,0.169164228,5.0,3.0,93089792.0,88911872.0,4177920.0,3485696.0,692224.0,94208.0,0.16982385,40,10338,49700864,astropy__astropy-7166,lazy
7,7,1,0.25876064,returned,0,0.180797892,returned,0.0,2781184,41111552,0.001385871,0.083998207,0.085384078,7.0,3.0,28282880.0,25501696.0,2781184.0,2060288.0,720896.0,94208.0,0.086040776,35,9810,47472640,astropy__astropy-7166,lazy
8,8,1,0.612718887,returned,1,0.408620244,returned,1.0,2826240,247787520,0.000657409,0.070670572,0.071327981,7.0,3.0,27287552.0,24461312.0,2826240.0,2056192.0,770048.0,94208.0,0.071948802,79,30817,167206912,astropy__astropy-7166,lazy
9,9,1,0.26494709,returned,0,0.178370026,returned,0.0,4030464,41197568,0.001146043,0.164511579,0.165657622,8.0,5.0,90263552.0,86233088.0,4030464.0,3350528.0,679936.0,94208.0,0.166339948,35,9780,47316992,astropy__astropy-7166,lazy
10,10,1,0.259119911,returned,0,0.185579499,returned,0.0,2945024,41467904,0.000704958,0.063124766,0.063829724,8.0,3.0,27279360.0,24334336.0,2945024.0,2048000.0,897024.0,94208.0,0.064460142,39,10287,49152000,astropy__astropy-7166,lazy
11,11,1,0.500515348,returned,1,0.329753186,returned,1.0,2961408,238321664,0.000661526,0.064004571,0.064666097,8.0,3.0,28626944.0,25665536.0,2961408.0,2048000.0,913408.0,94208.0,0.065295424,76,29047,161005568,astropy__astropy-7166,lazy
12,12,1,0.305204071,returned,1,0.204452458,returned,1.0,4001792,41119744,0.000649925,0.155389075,0.156039,8.0,3.0,86564864.0,82350080.0,4214784.0,3444736.0,770048.0,94208.0,0.156744348,37,12648,60497920,astropy__astropy-7166,lazy
13,13,1,0.267540362,returned,0,0.180138843,returned,0.0,3207168,41222144,0.000589051,0.078331684,0.078920735,8.0,3.0,33681408.0,30474240.0,3207168.0,2297856.0,909312.0,94208.0,0.079516839,40,10295,49430528,astropy__astropy-7166,lazy
14,14,1,0.498676061,returned,1,0.334588919,returned,1.0,3047424,240410624,0.000747027,0.05227318,0.053020207,8.0,3.0,28319744.0,25272320.0,3047424.0,2072576.0,974848.0,94208.0,0.053611282,76,29079,160923648,astropy__astropy-7166,lazy
15,15,1,0.266506923,returned,0,0.178011887,returned,0.0,4091904,41275392,0.000695229,0.184908474,0.185603703,8.0,4.0,86945792.0,82853888.0,4091904.0,3342336.0,749568.0,94208.0,0.186230674,40,10337,49455104,astropy__astropy-7166,lazy
16,16,1,0.260193618,returned,2,0.180952083,returned,2.0,3096576,41234432,0.000738109,0.06590965,0.066647759,8.0,3.0,28495872.0,25399296.0,3096576.0,2072576.0,1024000.0,94208.0,0.067265173,34,9772,47120384,astropy__astropy-7166,lazy
17,17,1,0.305814514,returned,1,0.210781496,returned,1.0,2965504,41148416,0.000633013,0.054248718,0.054881731,8.0,3.0,26910720.0,23945216.0,2965504.0,2015232.0,950272.0,94208.0,0.055521446,37,12591,60497920,astropy__astropy-7166,lazy
18,18,1,0.267969204,returned,0,0.18117115,returned,0.0,2654208,40988672,0.00062614,0.06288413,0.06351027,8.0,3.0,33820672.0,31166464.0,2654208.0,2277376.0,376832.0,94208.0,0.064143912,37,10219,49561600,astropy__astropy-7166,lazy
19,19,1,0.296178094,returned,1,0.202512808,returned,1.0,2392064,41033728,0.000627362,0.041743698,0.04237106,8.0,3.0,27914240.0,25522176.0,2392064.0,2035712.0,356352.0,94208.0,0.042999805,37,12410,61014016,astropy__astropy-7166,lazy
20,20,1,0.274189964,returned,0,0.184359232,returned,0.0,2568192,41414656,0.000632803,0.045119955,0.045752758,8.0,3.0,33349632.0,30781440.0,2568192.0,2211840.0,356352.0,94208.0,0.046384747,40,10532,50298880,astropy__astropy-7166,lazy
21,21,1,0.265936627,returned,0,0.179482541,returned,0.0,2543616,41500672,0.000756673,0.056949844,0.057706517,8.0,3.0,28618752.0,26075136.0,2543616.0,2056192.0,487424.0,94208.0,0.058349578,37,10163,49512448,astropy__astropy-7166,lazy
22,22,1,0.28606661,returned,0,0.195421792,returned,0.0,2609152,41439232,0.000637641,0.06518699,0.065824631,8.0,3.0,28192768.0,25583616.0,2609152.0,2064384.0,544768.0,94208.0,0.066474125,36,12206,60366848,astropy__astropy-7166,lazy
23,23,1,0.264361324,returned,0,0.181186195,returned,0.0,2740224,40751104,0.000753888,0.041735273,0.042489161,8.0,3.0,33570816.0,30830592.0,2740224.0,2154496.0,585728.0,94208.0,0.043109219,37,10136,49479680,astropy__astropy-7166,lazy
24,24,1,0.28368244,returned,0,0.196793603,returned,0.0,2383872,41111552,0.000648682,0.042404542,0.043053224,8.0,4.0,27799552.0,25415680.0,2383872.0,2011136.0,372736.0,94208.0,0.043865933,36,12097,60006400,astropy__astropy-7166,lazy
25,25,1,0.262481817,returned,0,0.17659141,returned,0.0,2658304,41086976,0.000642051,0.04716909,0.047811141,8.0,3.0,33234944.0,30576640.0,2658304.0,2154496.0,503808.0,94208.0,0.048405783,37,10149,49348608,astropy__astropy-7166,lazy
26,26,1,0.261631994,returned,0,0.181444773,returned,0.0,2531328,41009152,0.000703726,0.038883821,0.039587547,8.0,4.0,28016640.0,25485312.0,2531328.0,2048000.0,483328.0,94208.0,0.040189813,35,9974,47808512,astropy__astropy-7166,lazy
27,27,1,0.664392025,returned,0,0.461606796,returned,0.0,2605056,251498496,0.000714375,0.035237504,0.035951879,8.0,3.0,27168768.0,24563712.0,2605056.0,2027520.0,577536.0,94208.0,0.036573662,83,31928,172752896,astropy__astropy-7166,lazy
28,28,1,0.25980892,returned,0,0.175800854,returned,0.0,4648960,41074688,0.000774237,0.123172545,0.123946782,8.0,3.0,92913664.0,88264704.0,4648960.0,4145152.0,503808.0,94208.0,0.124602669,34,9754,47448064,astropy__astropy-7166,lazy
29,29,1,0.663296081,returned,0,0.46231974,returned,0.0,2609152,249118720,0.001058729,0.051915454,0.052974183,9.0,3.0,27078656.0,24469504.0,2609152.0,2060288.0,548864.0,94208.0,0.053591376,83,31855,172359680,astropy__astropy-7166,lazy
30,30,1,0.268361149,returned,0,0.184684509,returned,0.0,1990656,41562112,0.000680572,0.16934907,0.170029642,9.0,3.0,92942336.0,90951680.0,1990656.0,1536000.0,454656.0,94208.0,0.170704413,40,12983,71368704,astropy__astropy-7166,lazy
31,31,1,0.260105586,returned,0,0.179523495,returned,0.0,3194880,41066496,0.000949555,0.066548198,0.067497753,10.0,4.0,39563264.0,36368384.0,3194880.0,2633728.0,561152.0,94208.0,0.068135927,35,9799,47579136,astropy__astropy-7166,lazy
32,32,1,0.341496341,returned,0,0.241742375,returned,0.0,1622016,97824768,0.000675132,0.07520393,0.075879062,10.0,6.0,27066368.0,25444352.0,1622016.0,1024000.0,598016.0,94208.0,0.076526753,42,27109,124936192,astropy__astropy-7166,lazy
33,33,1,0.257130754,returned,0,0.180323953,returned,0.0,2867200,40726528,0.001361966,0.15064281,0.152004776,12.0,3.0,96493568.0,93626368.0,2867200.0,2154496.0,712704.0,94208.0,0.152651094,35,9689,46817280,astropy__astropy-7166,lazy
34,34,1,0.263617561,returned,0,0.185088565,returned,0.0,1773568,40714240,0.000804313,0.080688463,0.081492776,12.0,5.0,26738688.0,24965120.0,1773568.0,1007616.0,765952.0,94208.0,0.082121963,41,10170,49291264,astropy__astropy-7166,lazy
35,35,1,0.258935602,returned,0,0.178053772,returned,0.0,2760704,40648704,0.000871317,0.066229922,0.067101239,12.0,3.0,28082176.0,25321472.0,2760704.0,2105344.0,655360.0,94208.0,0.067769155,35,9736,46571520,astropy__astropy-7166,lazy
36,36,1,0.860838122,returned,1,0.583119169,returned,1.0,2703360,156119040,0.000802648,0.047388921,0.048191569,12.0,3.0,26484736.0,23781376.0,2703360.0,2043904.0,659456.0,94208.0,0.048826074,1796,40548,197591040,astropy__astropy-7166,lazy
37,37,1,0.313983144,returned,0,0.201711966,returned,0.0,6266880,54378496,0.001361112,0.207519643,0.208880755,14.0,6.0,108269568.0,102002688.0,6266880.0,5496832.0,770048.0,94208.0,0.209582385,46,15167,89153536,astropy__astropy-7166,lazy
38,38,1,0.279429582,returned,0,0.184100134,returned,0.0,7962624,42987520,0.000892667,0.063222917,0.064115584,14.0,3.0,53198848.0,45236224.0,7962624.0,7127040.0,835584.0,94208.0,0.064764306,42,13576,75587584,astropy__astropy-7166,lazy
39,39,1,0.260657579,returned,0,0.182563166,returned,0.0,3063808,40968192,0.000882898,0.057341505,0.058224403,14.0,3.0,41398272.0,38334464.0,3063808.0,2154496.0,909312.0,94208.0,0.058868987,35,9770,47439872,astropy__astropy-7166,lazy
40,40,1,0.263720838,returned,0,0.182828573,returned,0.0,2867200,41246720,0.000816074,0.031305838,0.032121912,14.0,2.0,27004928.0,24137728.0,2867200.0,2072576.0,794624.0,94208.0,0.03276373,35,9890,47767552,astropy__astropy-7166,lazy
41,41,1,0.256660114,returned,0,0.175843584,returned,0.0,1806336,40706048,0.000839217,0.120444527,0.121283744,14.0,6.0,27414528.0,25608192.0,1806336.0,1032192.0,774144.0,94208.0,0.121925472,35,9727,46546944,astropy__astropy-7166,lazy
42,42,1,0.265923502,returned,0,0.182207441,returned,0.0,1073152,41021440,0.000808761,0.137067858,0.137876619,14.0,9.0,26619904.0,25546752.0,1073152.0,1073152.0,0.0,94208.0,0.138507747,34,9969,48586752,astropy__astropy-7166,lazy
43,43,1,0.262948757,returned,0,0.178685136,returned,0.0,2293760,40837120,0.001237681,0.044783926,0.046021607,14.0,3.0,26914816.0,24621056.0,2293760.0,2035712.0,258048.0,94208.0,0.046679756,35,9850,48177152,astropy__astropy-7166,lazy
44,44,1,0.262315053,Submitted,0,0.175189846,Submitted,,2297856,41197568,0.000817327,0.032729305,0.033546632,14.0,3.0,26836992.0,24539136.0,2297856.0,2035712.0,262144.0,94208.0,0.034191987,35,9858,48152576,astropy__astropy-7166,lazy
1,1,1,0.319563169,returned,0,0.197350733,returned,0.0,4542464,41742336,,,,,,,,,,,,0.000189685,37,10363,49594368,astropy__astropy-7166,regular
2,2,1,0.712207578,returned,0,0.314288502,returned,0.0,31924224,158097408,,,,,,,,,,,,0.000171711,0,33035,236838912,astropy__astropy-7166,regular
3,3,1,0.183325912,returned,0,0.182090397,returned,0.0,157671424,172306432,,,,,,,,,,,,0.000159408,1,4102,81920,astropy__astropy-7166,regular
4,4,1,0.178392764,returned,0,0.173751372,returned,0.0,158449664,172113920,,,,,,,,,,,,0.000179135,0,3935,0,astropy__astropy-7166,regular
5,5,1,0.574177269,returned,0,0.462754108,returned,0.0,157962240,372617216,,,,,,,,,,,,0.000191398,45,24649,112320512,astropy__astropy-7166,regular
6,6,1,0.186402614,returned,0,0.178505023,returned,0.0,217190400,230670336,,,,,,,,,,,,0.000182682,4,4294,647168,astropy__astropy-7166,regular
7,7,1,0.182499216,returned,0,0.180797892,returned,0.0,217157632,231100416,,,,,,,,,,,,0.000168655,0,4066,0,astropy__astropy-7166,regular
8,8,1,0.41888059,returned,1,0.408620244,returned,1.0,217161728,372883456,,,,,,,,,,,,0.000177141,0,10426,0,astropy__astropy-7166,regular
9,9,1,0.185400746,returned,0,0.178370026,returned,0.0,218206208,231763968,,,,,,,,,,,,0.000157645,0,4030,0,astropy__astropy-7166,regular
10,10,1,0.186292428,returned,0,0.185579499,returned,0.0,217505792,231215104,,,,,,,,,,,,0.000174536,0,4252,0,astropy__astropy-7166,regular
11,11,1,0.341049303,returned,1,0.329753186,returned,1.0,217726976,346963968,,,,,,,,,,,,0.000162023,0,9344,0,astropy__astropy-7166,regular
12,12,1,0.21732432,returned,1,0.204452458,returned,1.0,217546752,231157760,,,,,,,,,,,,0.000178393,0,5226,8192,astropy__astropy-7166,regular
13,13,1,0.193544826,returned,0,0.180138843,returned,0.0,216862720,231206912,,,,,,,,,,,,0.000153577,0,4244,16384,astropy__astropy-7166,regular
14,14,1,0.339072849,returned,1,0.334588919,returned,1.0,217370624,369721344,,,,,,,,,,,,0.000149639,0,9303,0,astropy__astropy-7166,regular
15,15,1,0.194340674,returned,0,0.178011887,returned,0.0,218398720,231669760,,,,,,,,,,,,0.00015494,0,4177,16384,astropy__astropy-7166,regular
16,16,1,0.183694357,returned,2,0.180952083,returned,2.0,217849856,231788544,,,,,,,,,,,,0.000159478,0,3944,0,astropy__astropy-7166,regular
17,17,1,0.212663669,returned,1,0.210781496,returned,1.0,217686016,231915520,,,,,,,,,,,,0.000177662,0,5195,0,astropy__astropy-7166,regular
18,18,1,0.182932948,returned,0,0.18117115,returned,0.0,217513984,231661568,,,,,,,,,,,,0.000175257,1,4169,90112,astropy__astropy-7166,regular
19,19,1,0.21091798,returned,1,0.202512808,returned,1.0,217948160,232271872,,,,,,,,,,,,0.000177472,0,4947,0,astropy__astropy-7166,regular
20,20,1,0.18570993,returned,0,0.184359232,returned,0.0,218071040,232349696,,,,,,,,,,,,0.000178614,0,4348,0,astropy__astropy-7166,regular
21,21,1,0.187083146,returned,0,0.179482541,returned,0.0,218419200,232378368,,,,,,,,,,,,0.000170309,0,4147,0,astropy__astropy-7166,regular
22,22,1,0.198040238,returned,0,0.195421792,returned,0.0,218537984,232550400,,,,,,,,,,,,0.000166111,0,4736,0,astropy__astropy-7166,regular
23,23,1,0.180048673,returned,0,0.181186195,returned,0.0,218234880,232189952,,,,,,,,,,,,0.000159018,0,4086,0,astropy__astropy-7166,regular
24,24,1,0.200032383,returned,0,0.196793603,returned,0.0,218357760,232239104,,,,,,,,,,,,0.000166932,0,4813,0,astropy__astropy-7166,regular
25,25,1,0.183742487,returned,0,0.17659141,returned,0.0,218136576,231968768,,,,,,,,,,,,0.000175768,0,4079,0,astropy__astropy-7166,regular
26,26,1,0.18421727,returned,0,0.181444773,returned,0.0,217952256,231968768,,,,,,,,,,,,0.000174326,0,4063,0,astropy__astropy-7166,regular
27,27,1,0.462224126,returned,0,0.461606796,returned,0.0,217600000,375836672,,,,,,,,,,,,0.000167032,0,10853,0,astropy__astropy-7166,regular
28,28,1,0.183774803,returned,0,0.175800854,returned,0.0,218370048,231878656,,,,,,,,,,,,0.000177301,0,3945,0,astropy__astropy-7166,regular
29,29,1,0.466503767,returned,0,0.46231974,returned,0.0,217739264,374722560,,,,,,,,,,,,0.000157284,0,10742,0,astropy__astropy-7166,regular
30,30,1,0.19165344,returned,0,0.184684509,returned,0.0,218968064,232411136,,,,,,,,,,,,0.000165179,0,4296,8192,astropy__astropy-7166,regular
31,31,1,0.186981026,returned,0,0.179523495,returned,0.0,218476544,232562688,,,,,,,,,,,,0.000165048,0,4040,0,astropy__astropy-7166,regular
32,32,1,0.254519523,returned,0,0.241742375,returned,0.0,218374144,254754816,,,,,,,,,,,,0.000172232,0,12974,8921088,astropy__astropy-7166,regular
33,33,1,0.184363013,returned,0,0.180323953,returned,0.0,253140992,266641408,,,,,,,,,,,,0.000175308,0,4025,0,astropy__astropy-7166,regular
34,34,1,0.189216123,returned,0,0.185088565,returned,0.0,252436480,266543104,,,,,,,,,,,,0.000167844,2,4182,393216,astropy__astropy-7166,regular
35,35,1,0.183487937,returned,0,0.178053772,returned,0.0,252997632,266477568,,,,,,,,,,,,0.00016584,0,4025,0,astropy__astropy-7166,regular
36,36,1,0.618481983,returned,1,0.583119169,returned,1.0,252399616,305352704,,,,,,,,,,,,0.000157875,1,17277,7430144,astropy__astropy-7166,regular
37,37,1,0.208907137,returned,0,0.201711966,returned,0.0,256770048,270249984,,,,,,,,,,,,0.000163315,0,4252,0,astropy__astropy-7166,regular
38,38,1,0.192421034,returned,0,0.184100134,returned,0.0,256716800,270381056,,,,,,,,,,,,0.000164868,0,4321,0,astropy__astropy-7166,regular
39,39,1,0.18457018,returned,0,0.182563166,returned,0.0,256692224,270737408,,,,,,,,,,,,0.000167854,0,3958,0,astropy__astropy-7166,regular
40,40,1,0.184652985,returned,0,0.182828573,returned,0.0,256589824,270049280,,,,,,,,,,,,0.000151844,0,4085,0,astropy__astropy-7166,regular
41,41,1,0.183431731,returned,0,0.175843584,returned,0.0,256270336,270643200,,,,,,,,,,,,0.000158877,0,3960,0,astropy__astropy-7166,regular
42,42,1,0.187887602,returned,0,0.182207441,returned,0.0,256372736,270127104,,,,,,,,,,,,0.000153246,0,3953,0,astropy__astropy-7166,regular
43,43,1,0.187147315,returned,0,0.178685136,returned,0.0,256061440,270303232,,,,,,,,,,,,0.000151543,0,3960,0,astropy__astropy-7166,regular
44,44,1,0.186679385,Submitted,0,0.175189846,Submitted,,256282624,270462976,,,,,,,,,,,,0.000179926,0,3965,0,astropy__astropy-7166,regular
1,1,1,0.26134488,returned,0,0.181170478,returned,0.0,1032192,40677376,5.4362e-05,0.017349477,0.017403839,0.0,3.0,4591616.0,3559424.0,1032192.0,909312.0,122880.0,61440.0,0.019950048,34,9881,47849472,astropy__astropy-7336,lazy
2,1,2,0.312273687,returned,0,0.204105212,returned,0.0,2281472,40968192,0.000751404,0.039738282,0.040489686,2.0,3.0,26558464.0,24276992.0,2281472.0,1966080.0,315392.0,90112.0,0.04113425,39,10835,54632448,astropy__astropy-7336,lazy
3,2,1,0.257796836,returned,0,0.178562816,returned,0.0,3317760,40693760,0.000194504,0.034499192,0.034693696,2.0,3.0,31191040.0,27873280.0,3317760.0,2899968.0,417792.0,90112.0,0.035321028,35,9978,49053696,astropy__astropy-7336,lazy
4,3,1,0.258957876,returned,0,0.180793483,returned,0.0,2392064,40505344,0.000180938,0.030564851,0.030745789,2.0,3.0,27430912.0,25038848.0,2392064.0,2052096.0,339968.0,90112.0,0.031373803,36,10078,49094656,astropy__astropy-7336,lazy
5,4,1,0.259617699,returned,0,0.182301762,returned,0.0,2093056,40910848,0.000190496,0.029904036,0.030094532,2.0,3.0,27410432.0,25317376.0,2093056.0,2015232.0,77824.0,90112.0,0.030708479,37,10149,49487872,astropy__astropy-7336,lazy
6,5,1,0.285670313,returned,1,0.192484874,returned,1.0,2158592,40734720,0.000196697,0.03062339,0.030820087,2.0,3.0,27820032.0,25661440.0,2158592.0,2002944.0,155648.0,94208.0,0.031434726,36,12128,60366848,astropy__astropy-7336,lazy
7,6,1,0.257464465,returned,0,0.177148192,returned,0.0,2457600,40837120,0.000489795,0.034727259,0.035217054,2.0,3.0,32833536.0,30375936.0,2457600.0,2174976.0,282624.0,94208.0,0.035903546,34,9847,47718400,astropy__astropy-7336,lazy
8,7,1,0.284405825,returned,1,0.192023636,returned,1.0,2355200,40988672,0.00052466,0.029317871,0.029842531,2.0,3.0,26886144.0,24449024.0,2437120.0,1974272.0,462848.0,94208.0,0.030562937,36,12015,59973632,astropy__astropy-7336,lazy
9,8,1,0.260175852,returned,0,0.1789845,returned,0.0,2682880,40628224,0.00041214,0.080179006,0.080591146,2.0,3.0,32923648.0,30240768.0,2682880.0,2146304.0,536576.0,94208.0,0.081790516,35,9702,46579712,astropy__astropy-7336,lazy
10,9,1,0.801826039,returned,1,0.588936707,returned,1.0,1568768,254636032,0.000446765,0.082783682,0.083230447,2.0,5.0,26566656.0,24997888.0,1568768.0,966656.0,602112.0,94208.0,0.083973545,83,33251,172851200,astropy__astropy-7336,lazy
11,10,1,0.276182138,returned,0,0.182807444,returned,0.0,4620288,40812544,0.001441814,0.094431757,0.095873571,5.0,3.0,93007872.0,88387584.0,4620288.0,4317184.0,303104.0,94208.0,0.096561055,40,10285,49889280,astropy__astropy-7336,lazy
12,11,1,0.792479183,returned,0,0.580152603,returned,0.0,2555904,255201280,0.001100837,0.031162387,0.032263224,7.0,3.0,28221440.0,25665536.0,2555904.0,2232320.0,323584.0,94208.0,0.03287652,83,33369,173744128,astropy__astropy-7336,lazy
13,12,1,0.266150324,returned,0,0.179077888,returned,0.0,4579328,40620032,0.001189773,0.160987736,0.162177509,8.0,3.0,93814784.0,89235456.0,4579328.0,4292608.0,286720.0,94208.0,0.162839877,35,9891,47464448,astropy__astropy-7336,lazy
14,13,1,0.793959564,returned,0,0.584040376,returned,0.0,2424832,258011136,0.000868553,0.044775784,0.045644337,9.0,3.0,26722304.0,24297472.0,2424832.0,2031616.0,393216.0,94208.0,0.046285515,83,33294,173506560,astropy__astropy-7336,lazy
15,14,1,0.270131743,returned,0,0.18141329,returned,0.0,4718592,40906752,0.000719624,0.156482158,0.157201782,9.0,3.0,93433856.0,88715264.0,4718592.0,4345856.0,372736.0,94208.0,0.158153802,40,13158,72966144,astropy__astropy-7336,lazy
16,15,1,0.261598479,returned,0,0.176530007,returned,0.0,2662400,41078784,0.000917966,0.090996016,0.091913982,10.0,4.0,39673856.0,37011456.0,2662400.0,2129920.0,532480.0,94208.0,0.092544039,35,9758,47390720,astropy__astropy-7336,lazy
17,16,1,0.280102133,returned,0,0.184795726,returned,0.0,2674688,42172416,0.00074413,0.048015688,0.048759818,10.0,3.0,27136000.0,24461312.0,2674688.0,2048000.0,626688.0,94208.0,0.049388452,45,13439,73793536,astropy__astropy-7336,lazy
18,17,1,0.257322188,returned,0,0.17897612,returned,0.0,2887680,41082880,0.000777834,0.061883831,0.062661665,10.0,3.0,41066496.0,38178816.0,2887680.0,2211840.0,675840.0,94208.0,0.063300257,35,9764,47366144,astropy__astropy-7336,lazy
19,18,1,0.283029463,returned,0,0.189186453,returned,0.0,2875392,42696704,0.000666215,0.036904245,0.03757046,10.0,3.0,27242496.0,24367104.0,2875392.0,2043904.0,831488.0,94208.0,0.038184759,49,13797,75292672,astropy__astropy-7336,lazy
20,19,1,0.258359116,returned,0,0.181301493,returned,0.0,2908160,40849408,0.000875937,0.069720963,0.0705969,10.0,3.0,42201088.0,39292928.0,2908160.0,2191360.0,716800.0,94208.0,0.071200689,35,9756,47218688,astropy__astropy-7336,lazy
21,20,1,0.258002539,Submitted,0,0.179744463,Submitted,,2756608,41025536,0.000704186,0.047609659,0.048313845,10.0,3.0,26992640.0,24236032.0,2756608.0,2056192.0,700416.0,94208.0,0.048914607,35,9774,47349760,astropy__astropy-7336,lazy
1,1,1,0.264099969,returned,0,0.181170478,returned,0.0,4362240,41566208,,,,,,,,,,,,0.000188943,30,9280,42860544,astropy__astropy-7336,regular
2,1,2,0.244246909,returned,0,0.204105212,returned,0.0,27377664,41435136,,,,,,,,,,,,0.000171661,5,5008,7192576,astropy__astropy-7336,regular
3,2,1,0.18225519,returned,0,0.178562816,returned,0.0,31866880,46301184,,,,,,,,,,,,0.00017082,0,4046,24576,astropy__astropy-7336,regular
4,3,1,0.185503021,returned,0,0.180793483,returned,0.0,32194560,46125056,,,,,,,,,,,,0.000169967,1,4087,73728,astropy__astropy-7336,regular
5,4,1,0.184201359,returned,0,0.182301762,returned,0.0,32108544,46108672,,,,,,,,,,,,0.000168615,0,4074,0,astropy__astropy-7336,regular
6,5,1,0.207463231,returned,1,0.192484874,returned,1.0,32153600,46342144,,,,,,,,,,,,0.000153697,2,6250,12353536,astropy__astropy-7336,regular
7,6,1,0.18377884,returned,0,0.177148192,returned,0.0,38592512,52625408,,,,,,,,,,,,0.000156773,0,3947,8192,astropy__astropy-7336,regular
8,7,1,0.1973649,returned,1,0.192023636,returned,1.0,38359040,52805632,,,,,,,,,,,,0.000164698,0,4764,0,astropy__astropy-7336,regular
9,8,1,0.185123693,returned,0,0.1789845,returned,0.0,38445056,52736000,,,,,,,,,,,,0.0001712,0,4067,8192,astropy__astropy-7336,regular
10,9,1,0.705328388,returned,1,0.588936707,returned,1.0,38641664,261787648,,,,,,,,,,,,0.000177973,46,25881,112181248,astropy__astropy-7336,regular
11,10,1,0.186554208,returned,0,0.182807444,returned,0.0,98054144,111927296,,,,,,,,,,,,0.000171331,4,4252,647168,astropy__astropy-7336,regular
12,11,1,0.592384206,returned,0,0.580152603,returned,0.0,98181120,259928064,,,,,,,,,,,,0.000164838,0,12084,0,astropy__astropy-7336,regular
13,12,1,0.18876036,returned,0,0.179077888,returned,0.0,99254272,111206400,,,,,,,,,,,,0.000156112,0,3998,0,astropy__astropy-7336,regular
14,13,1,0.588552312,returned,0,0.584040376,returned,0.0,97079296,262025216,,,,,,,,,,,,0.000195956,0,12133,0,astropy__astropy-7336,regular
15,14,1,0.194534179,returned,0,0.18141329,returned,0.0,98205696,111943680,,,,,,,,,,,,0.000174256,2,5285,8814592,astropy__astropy-7336,regular
16,15,1,0.18614046,returned,0,0.176530007,returned,0.0,102604800,116416512,,,,,,,,,,,,0.00016575,0,3957,0,astropy__astropy-7336,regular
17,16,1,0.188481299,returned,0,0.184795726,returned,0.0,102375424,116461568,,,,,,,,,,,,0.000175849,0,4468,0,astropy__astropy-7336,regular
18,17,1,0.185408839,returned,0,0.17897612,returned,0.0,102604800,116600832,,,,,,,,,,,,0.000169667,0,3966,0,astropy__astropy-7336,regular
19,18,1,0.198519802,returned,0,0.189186453,returned,0.0,102322176,116502528,,,,,,,,,,,,0.000179315,1,4584,131072,astropy__astropy-7336,regular
20,19,1,0.182201039,returned,0,0.181301493,returned,0.0,103235584,117194752,,,,,,,,,,,,0.000178704,0,4024,0,astropy__astropy-7336,regular
21,20,1,0.180369291,Submitted,0,0.179744463,Submitted,,102981632,117092352,,,,,,,,,,,,0.00016563,0,4030,0,astropy__astropy-7336,regular
1,1,1,0.313368037,returned,0,0.201485376,returned,0.0,868352,40857600,7.3677e-05,0.023148267,0.023221944,0.0,2.0,4493312.0,3624960.0,868352.0,704512.0,163840.0,98304.0,0.026394803,39,10939,55713792,astropy__astropy-7606,lazy
2,2,1,0.258611594,returned,0,0.178620695,returned,0.0,3121152,40742912,0.000418232,0.06360072,0.064018952,1.0,3.0,31502336.0,28381184.0,3121152.0,2580480.0,540672.0,98304.0,0.064668936,36,10010,49250304,astropy__astropy-7606,lazy
3,3,1,0.264278424,returned,0,0.176505997,returned,0.0,2560000,40812544,0.000124783,0.05031868,0.050443463,1.0,3.0,27701248.0,25141248.0,2560000.0,1990656.0,569344.0,98304.0,0.051097335,36,10051,49045504,astropy__astropy-7606,lazy
4,4,1,0.25803141,returned,0,0.177014541,returned,0.0,2560000,41324544,0.000128991,0.048947868,0.049076859,1.0,3.0,27484160.0,24924160.0,2560000.0,1961984.0,598016.0,98304.0,0.049715002,38,10041,49627136,astropy__astropy-7606,lazy
5,5,1,0.258177889,returned,0,0.183597864,returned,0.0,2686976,40988672,0.000151103,0.067080392,0.067231495,1.0,3.0,28360704.0,25673728.0,2686976.0,2019328.0,667648.0,98304.0,0.067859759,36,9988,48824320,astropy__astropy-7606,lazy
6,6,1,0.267309849,returned,0,0.181922677,returned,0.0,2686976,40923136,0.000409024,0.048347175,0.048756199,1.0,3.0,27680768.0,24993792.0,2686976.0,1998848.0,688128.0,98304.0,0.049418187,38,10039,49397760,astropy__astropy-7606,lazy
7,7,1,0.259826635,returned,0,0.175568444,returned,0.0,2519040,40595456,0.000958992,0.052056998,0.05301599,2.0,3.0,27951104.0,25432064.0,2519040.0,2035712.0,483328.0,98304.0,0.053648933,34,9734,47439872,astropy__astropy-7606,lazy
8,8,1,0.28793463,returned,1,0.191893221,returned,1.0,2494464,40771584,0.000702693,0.048769384,0.049472077,3.0,3.0,26599424.0,24104960.0,2494464.0,1994752.0,499712.0,98304.0,0.050136199,36,11988,59777024,astropy__astropy-7606,lazy
9,9,1,0.252083716,returned,0,0.178689458,returned,0.0,1904640,40116224,0.000447536,0.101604227,0.102051763,3.0,5.0,32866304.0,30961664.0,1904640.0,1253376.0,651264.0,98304.0,0.102826781,35,9556,45334528,astropy__astropy-7606,lazy
10,10,1,0.567804444,returned,1,0.381320326,returned,1.0,2572288,241688576,0.000479686,0.04396126,0.044440946,3.0,3.0,25907200.0,23334912.0,2572288.0,2080768.0,491520.0,98304.0,0.045055515,78,30297,165691392,astropy__astropy-7606,lazy
11,11,1,0.260373827,returned,0,0.177735171,returned,0.0,3989504,41062400,0.001405136,0.136854839,0.138259975,6.0,3.0,88629248.0,84639744.0,3989504.0,3584000.0,405504.0,98304.0,0.13894239,38,10116,49381376,astropy__astropy-7606,lazy
12,12,1,0.263702176,returned,0,0.180043463,returned,0.0,2584576,40919040,0.000629196,0.062388034,0.06301723,6.0,3.0,27820032.0,25235456.0,2584576.0,1998848.0,585728.0,98304.0,0.063657066,35,9803,47431680,astropy__astropy-7606,lazy
13,13,1,0.267097001,returned,0,0.180523872,returned,0.0,2568192,40968192,0.000977286,0.060600533,0.061577819,7.0,3.0,26918912.0,24350720.0,2568192.0,1978368.0,589824.0,98304.0,0.062197067,38,10128,49389568,astropy__astropy-7606,lazy
14,14,1,0.560185951,returned,1,0.376315873,returned,1.0,2658304,243896320,0.000664742,0.063882256,0.064546998,7.0,3.0,27799552.0,25141248.0,2658304.0,1990656.0,667648.0,98304.0,0.065183758,78,30027,164438016,astropy__astropy-7606,lazy
15,15,1,0.260931014,returned,0,0.182730784,returned,0.0,4063232,40820736,0.000624826,0.151683033,0.152307859,7.0,3.0,88068096.0,84004864.0,4063232.0,3584000.0,479232.0,98304.0,0.152990293,38,10028,49250304,astropy__astropy-7606,lazy
16,16,1,0.258916418,returned,0,0.175404484,returned,0.0,2670592,40943616,0.00060532,0.04943332,0.05003864,7.0,3.0,27746304.0,25075712.0,2670592.0,2039808.0,630784.0,98304.0,0.050688032,35,9868,47333376,astropy__astropy-7606,lazy
17,17,1,0.264349079,returned,0,0.178936938,returned,0.0,2572288,40759296,0.001010776,0.046373619,0.047384395,8.0,4.0,27029504.0,24457216.0,2572288.0,2007040.0,565248.0,98304.0,0.048034348,38,10161,49266688,astropy__astropy-7606,lazy
18,18,1,0.257280956,returned,0,0.178871697,returned,0.0,2568192,40935424,0.000681222,0.030197204,0.030878426,8.0,3.0,27828224.0,25260032.0,2568192.0,2052096.0,516096.0,98304.0,0.031500628,38,10070,49291264,astropy__astropy-7606,lazy
19,19,1,0.258696383,returned,0,0.17663593,returned,0.0,2662400,40755200,0.000610078,0.031376917,0.031986995,8.0,3.0,27795456.0,25133056.0,2662400.0,2043904.0,618496.0,98304.0,0.032624685,36,9938,48553984,astropy__astropy-7606,lazy
20,20,1,0.267284027,returned,0,0.179754504,returned,0.0,2699264,40939520,0.00059989,0.038516843,0.039116733,8.0,3.0,27508736.0,24809472.0,2699264.0,2039808.0,659456.0,98304.0,0.039772768,38,10156,49094656,astropy__astropy-7606,lazy
21,21,1,0.261458925,returned,0,0.179037636,returned,0.0,2543616,40681472,0.000643361,0.0401224,0.040765761,8.0,3.0,27893760.0,25350144.0,2543616.0,2027520.0,516096.0,98304.0,0.041386259,38,9989,49152000,astropy__astropy-7606,lazy
22,22,1,0.25955703,returned,0,0.178592027,returned,0.0,2531328,41119744,0.000603356,0.029542993,0.030146349,8.0,3.0,27619328.0,25088000.0,2531328.0,2031616.0,499712.0,98304.0,0.030783118,36,10093,49127424,astropy__astropy-7606,lazy
23,23,1,0.263356937,returned,0,0.179716118,returned,0.0,2609152,41037824,0.000611982,0.04093675,0.041548732,8.0,3.0,27533312.0,24924160.0,2609152.0,2039808.0,569344.0,98304.0,0.042235555,38,10050,49610752,astropy__astropy-7606,lazy
24,24,1,0.258699674,returned,0,0.176576266,returned,0.0,2752512,41459712,0.000592335,0.028970444,0.029562779,8.0,3.0,27889664.0,25137152.0,2752512.0,2052096.0,700416.0,98304.0,0.030183588,38,10025,49471488,astropy__astropy-7606,lazy
25,25,1,0.260131246,returned,0,0.182947744,returned,0.0,2793472,40947712,0.000587647,0.040464599,0.041052246,8.0,3.0,28262400.0,25468928.0,2793472.0,2048000.0,745472.0,98304.0,0.04165459,35,9778,47243264,astropy__astropy-7606,lazy
26,26,1,0.260920564,returned,0,0.184466261,returned,0.0,2809856,41164800,0.00098068,0.029943982,0.030924662,9.0,3.0,26853376.0,24043520.0,2809856.0,2019328.0,790528.0,98304.0,0.031557083,36,10015,48652288,astropy__astropy-7606,lazy
27,27,1,0.259637401,returned,0,0.180674958,returned,0.0,2818048,40984576,0.00062722,0.045981266,0.046608486,9.0,3.0,27693056.0,24875008.0,2818048.0,2039808.0,778240.0,98304.0,0.047249864,38,10071,48914432,astropy__astropy-7606,lazy
28,28,1,0.254791014,returned,0,0.174025783,returned,0.0,2846720,40423424,0.000660644,0.046269107,0.046929751,9.0,4.0,28037120.0,25190400.0,2846720.0,2064384.0,782336.0,98304.0,0.047573504,38,9967,48996352,astropy__astropy-7606,lazy
29,29,1,0.262786816,returned,0,0.177096903,returned,0.0,2105344,40935424,0.000756945,0.058641868,0.059398813,9.0,2.0,27561984.0,25456640.0,2105344.0,2031616.0,73728.0,98304.0,0.060041253,38,10130,50249728,astropy__astropy-7606,lazy
30,30,1,0.257530253,returned,0,0.18172484,returned,0.0,2281472,40943616,0.000639735,0.049503942,0.050143677,9.0,3.0,28082176.0,25800704.0,2281472.0,2064384.0,217088.0,98304.0,0.050865716,35,9901,48201728,astropy__astropy-7606,lazy
31,31,1,0.2840647,returned,1,0.195792511,returned,1.0,2347008,41037824,0.000868523,0.038866784,0.039735307,10.0,3.0,26853376.0,24506368.0,2347008.0,2027520.0,319488.0,98304.0,0.040349975,36,12073,59924480,astropy__astropy-7606,lazy
32,32,1,0.258048772,returned,0,0.183786007,returned,0.0,2523136,40337408,0.000652961,0.064514723,0.065167684,10.0,3.0,32825344.0,30302208.0,2523136.0,2166784.0,356352.0,98304.0,0.065819241,35,9818,46792704,astropy__astropy-7606,lazy
33,33,1,0.283675282,returned,0,0.191905766,returned,0.0,2441216,40824832,0.000686282,0.04757651,0.048262792,10.0,3.0,26312704.0,23871488.0,2441216.0,2035712.0,405504.0,98304.0,0.048934498,36,12198,60243968,astropy__astropy-7606,lazy
34,34,1,0.262030547,returned,0,0.17739152,returned,0.0,2502656,40759296,0.000712331,0.054096894,0.054809225,10.0,3.0,32874496.0,30371840.0,2502656.0,2170880.0,331776.0,98304.0,0.055453128,38,10056,49790976,astropy__astropy-7606,lazy
35,35,1,0.260083469,returned,0,0.175787697,returned,0.0,2412544,41046016,0.000644254,0.047475911,0.048120165,10.0,3.0,27705344.0,25292800.0,2412544.0,2031616.0,380928.0,98304.0,0.048771592,36,10028,49258496,astropy__astropy-7606,lazy
36,36,1,0.260821929,returned,0,0.181118608,returned,0.0,2473984,40968192,0.000646548,0.045839453,0.046486001,10.0,3.0,27738112.0,25264128.0,2473984.0,2035712.0,438272.0,98304.0,0.047137759,38,10135,49799168,astropy__astropy-7606,lazy
37,37,1,0.567594654,returned,1,0.373966439,returned,1.0,2498560,242003968,0.000625899,0.045388862,0.046014761,10.0,3.0,27734016.0,25235456.0,2498560.0,2093056.0,405504.0,98304.0,0.046650158,78,30256,166109184,astropy__astropy-7606,lazy
38,38,1,0.261355057,returned,0,0.180937739,returned,0.0,3842048,40853504,0.000646398,0.164849866,0.165496264,10.0,5.0,88612864.0,84770816.0,3842048.0,3444736.0,397312.0,98304.0,0.166847971,38,10117,49537024,astropy__astropy-7606,lazy
39,39,1,0.257065258,returned,0,0.177715656,returned,0.0,2486272,40833024,0.000622593,0.075694222,0.076316815,10.0,2.0,27856896.0,25370624.0,2486272.0,2035712.0,450560.0,98304.0,0.076954817,35,9888,47808512,astropy__astropy-7606,lazy
40,40,1,0.26465695,returned,0,0.186534236,returned,0.0,1552384,40816640,0.001016107,0.095827558,0.096843665,11.0,6.0,27025408.0,25473024.0,1552384.0,1011712.0,540672.0,98304.0,0.097463052,38,10089,49094656,astropy__astropy-7606,lazy
41,41,1,0.256840189,returned,0,0.182810528,returned,0.0,1544192,40591360,0.000761102,0.091699256,0.092460358,11.0,5.0,27922432.0,26378240.0,1544192.0,1056768.0,487424.0,98304.0,0.093085476,38,9955,48783360,astropy__astropy-7606,lazy
42,42,1,0.262132535,returned,0,0.177249471,returned,0.0,2498560,40873984,0.000671274,0.057841517,0.058512791,11.0,3.0,27574272.0,25075712.0,2498560.0,2002944.0,495616.0,98304.0,0.059147837,35,9907,47742976,astropy__astropy-7606,lazy
43,43,1,0.264069833,returned,0,0.186648591,returned,0.0,2469888,41332736,0.000997683,0.046753748,0.047751431,12.0,3.0,26841088.0,24371200.0,2469888.0,1990656.0,479232.0,98304.0,0.048378342,38,10233,49684480,astropy__astropy-7606,lazy
44,44,1,0.260503191,returned,0,0.178077881,returned,0.0,2506752,40927232,0.000822697,0.049897549,0.050720246,12.0,3.0,28524544.0,26017792.0,2506752.0,2060288.0,446464.0,98304.0,0.051368657,38,10077,49758208,astropy__astropy-7606,lazy
45,45,1,0.738075035,returned,0,0.549332535,returned,0.0,2428928,254996480,0.000689458,0.047447673,0.048137131,12.0,3.0,27815936.0,25387008.0,2428928.0,2027520.0,401408.0,98304.0,0.048778168,80,35981,171655168,astropy__astropy-7606,lazy
46,46,1,0.270833396,returned,0,0.184654108,returned,0.0,4349952,42659840,0.008873604,0.11046608,0.119339684,39.0,3.0,92901376.0,88551424.0,4349952.0,3981312.0,368640.0,98304.0,0.120018962,41,13516,73482240,astropy__astropy-7606,lazy
47,47,1,0.255922926,returned,0,0.176879233,returned,0.0,2686976,41037824,0.001728338,0.107676249,0.109404587,40.0,3.0,40292352.0,37605376.0,2686976.0,2183168.0,503808.0,98304.0,0.110034834,35,9874,47792128,astropy__astropy-7606,lazy
48,48,1,0.275305063,returned,0,0.18199204,returned,0.0,2568192,43843584,0.001423499,0.059699117,0.061122616,40.0,3.0,26955776.0,24387584.0,2568192.0,2068480.0,499712.0,98304.0,0.061756569,43,13794,76111872,astropy__astropy-7606,lazy
49,49,1,0.284023001,returned,0,0.192020368,returned,0.0,2732032,41209856,0.002801302,0.067215376,0.070016678,42.0,3.0,41910272.0,39178240.0,2732032.0,2220032.0,512000.0,98304.0,0.070658106,36,12218,60456960,astropy__astropy-7606,lazy
50,50,1,0.271949972,returned,0,0.182610623,returned,0.0,2772992,42938368,0.001467231,0.091109205,0.092576436,42.0,3.0,33218560.0,30445568.0,2772992.0,2228224.0,544768.0,98304.0,0.093243331,41,13439,73490432,astropy__astropy-7606,lazy
51,51,1,0.261709414,returned,0,0.177064051,returned,0.0,2654208,41132032,0.001463283,0.083262168,0.084725451,42.0,3.0,40296448.0,37642240.0,2654208.0,2158592.0,495616.0,98304.0,0.085367541,35,9829,47824896,astropy__astropy-7606,lazy
52,52,1,0.259808519,Submitted,0,0.17843878,Submitted,,2605056,41050112,0.001625456,0.061866064,0.06349152,42.0,3.0,27013120.0,24408064.0,2605056.0,2076672.0,528384.0,98304.0,0.064148788,35,9826,47857664,astropy__astropy-7606,lazy
1,1,1,0.317140539,returned,0,0.201485376,returned,0.0,3907584,41308160,,,,,,,,,,,,0.000166421,35,10287,50356224,astropy__astropy-7606,regular
2,2,1,0.179964885,returned,0,0.178620695,returned,0.0,31748096,46292992,,,,,,,,,,,,0.000168334,0,4077,163840,astropy__astropy-7606,regular
3,3,1,0.18798987,returned,0,0.176505997,returned,0.0,32075776,46235648,,,,,,,,,,,,0.000167253,0,4062,0,astropy__astropy-7606,regular
4,4,1,0.18576856,returned,0,0.177014541,returned,0.0,32096256,45977600,,,,,,,,,,,,0.000153487,2,4005,303104,astropy__astropy-7606,regular
5,5,1,0.183269721,returned,0,0.183597864,returned,0.0,31997952,46469120,,,,,,,,,,,,0.000159248,0,4060,0,astropy__astropy-7606,regular
6,6,1,0.187723463,returned,0,0.181922677,returned,0.0,32382976,46718976,,,,,,,,,,,,0.000169797,0,3991,0,astropy__astropy-7606,regular
7,7,1,0.182607644,returned,0,0.175568444,returned,0.0,32518144,46755840,,,,,,,,,,,,0.000161052,0,3937,0,astropy__astropy-7606,regular
8,8,1,0.205969928,returned,1,0.191893221,returned,1.0,32161792,46538752,,,,,,,,,,,,0.000169707,2,6175,12247040,astropy__astropy-7606,regular
9,9,1,0.181343717,returned,0,0.178689458,returned,0.0,38715392,52969472,,,,,,,,,,,,0.000168324,1,4071,73728,astropy__astropy-7606,regular
10,10,1,0.47385708,returned,1,0.381320326,returned,1.0,38838272,248590336,,,,,,,,,,,,0.000154549,41,22769,103645184,astropy__astropy-7606,regular
11,11,1,0.184814694,returned,0,0.177735171,returned,0.0,93540352,107003904,,,,,,,,,,,,0.000167222,0,4008,8192,astropy__astropy-7606,regular
12,12,1,0.179671162,returned,0,0.180043463,returned,0.0,93048832,107016192,,,,,,,,,,,,0.000164157,0,4020,8192,astropy__astropy-7606,regular
13,13,1,0.196578398,returned,0,0.180523872,returned,0.0,92995584,106602496,,,,,,,,,,,,0.00015015,0,4077,0,astropy__astropy-7606,regular
14,14,1,0.383026259,returned,1,0.376315873,returned,1.0,92504064,248025088,,,,,,,,,,,,0.000165809,0,9976,0,astropy__astropy-7606,regular
15,15,1,0.186492445,returned,0,0.182730784,returned,0.0,93638656,107167744,,,,,,,,,,,,0.000183132,0,4043,0,astropy__astropy-7606,regular
16,16,1,0.186938383,returned,0,0.175404484,returned,0.0,93048832,107433984,,,,,,,,,,,,0.000158235,0,3998,0,astropy__astropy-7606,regular
17,17,1,0.19212213,returned,0,0.178936938,returned,0.0,93376512,106516480,,,,,,,,,,,,0.00016061,0,4074,0,astropy__astropy-7606,regular
18,18,1,0.180819794,returned,0,0.178871697,returned,0.0,92491776,106356736,,,,,,,,,,,,0.000175478,0,3978,0,astropy__astropy-7606,regular
19,19,1,0.185457511,returned,0,0.17663593,returned,0.0,92430336,106254336,,,,,,,,,,,,0.000164759,0,4057,0,astropy__astropy-7606,regular
20,20,1,0.18383883,returned,0,0.179754504,returned,0.0,92246016,106205184,,,,,,,,,,,,0.000183323,0,4072,0,astropy__astropy-7606,regular
21,21,1,0.185086316,returned,0,0.179037636,returned,0.0,92176384,106209280,,,,,,,,,,,,0.000159528,0,3976,0,astropy__astropy-7606,regular
22,22,1,0.181742442,returned,0,0.178592027,returned,0.0,92078080,106254336,,,,,,,,,,,,0.000178343,0,3993,0,astropy__astropy-7606,regular
23,23,1,0.185198251,returned,0,0.179716118,returned,0.0,92123136,106483712,,,,,,,,,,,,0.00016563,0,3973,0,astropy__astropy-7606,regular
24,24,1,0.185046096,returned,0,0.176576266,returned,0.0,92561408,106708992,,,,,,,,,,,,0.000176099,0,3974,0,astropy__astropy-7606,regular
25,25,1,0.186559094,returned,0,0.182947744,returned,0.0,92401664,106586112,,,,,,,,,,,,0.000188171,0,4069,0,astropy__astropy-7606,regular
26,26,1,0.183043924,returned,0,0.184466261,returned,0.0,92278784,106500096,,,,,,,,,,,,0.000170649,0,4141,0,astropy__astropy-7606,regular
27,27,1,0.185702442,returned,0,0.180674958,returned,0.0,92536832,106332160,,,,,,,,,,,,0.000172923,0,4080,0,astropy__astropy-7606,regular
28,28,1,0.184674447,returned,0,0.174025783,returned,0.0,92569600,106950656,,,,,,,,,,,,0.000175197,0,3988,0,astropy__astropy-7606,regular
29,29,1,0.180111213,returned,0,0.177096903,returned,0.0,92651520,106815488,,,,,,,,,,,,0.00017635,0,4035,0,astropy__astropy-7606,regular
30,30,1,0.183644617,returned,0,0.18172484,returned,0.0,92680192,106872832,,,,,,,,,,,,0.000178534,0,4086,0,astropy__astropy-7606,regular
31,31,1,0.194114664,returned,1,0.195792511,returned,1.0,92794880,106635264,,,,,,,,,,,,0.000173835,0,4791,8192,astropy__astropy-7606,regular
32,32,1,0.186499683,returned,0,0.183786007,returned,0.0,92651520,106651648,,,,,,,,,,,,0.00017685,0,4009,8192,astropy__astropy-7606,regular
33,33,1,0.202384951,returned,0,0.191905766,returned,0.0,92499968,106651648,,,,,,,,,,,,0.000162273,0,4836,8192,astropy__astropy-7606,regular
34,34,1,0.181592667,returned,0,0.17739152,returned,0.0,92499968,106463232,,,,,,,,,,,,0.000178503,0,3976,0,astropy__astropy-7606,regular
35,35,1,0.181718373,returned,0,0.175787697,returned,0.0,92430336,106811392,,,,,,,,,,,,0.000403694,0,3991,0,astropy__astropy-7606,regular
36,36,1,0.180404703,returned,0,0.181118608,returned,0.0,92491776,106700800,,,,,,,,,,,,0.00020302,0,3970,0,astropy__astropy-7606,regular
37,37,1,0.380677184,returned,1,0.373966439,returned,1.0,92532736,248799232,,,,,,,,,,,,0.000173694,0,9994,0,astropy__astropy-7606,regular
38,38,1,0.183280607,returned,0,0.180937739,returned,0.0,93548544,107012096,,,,,,,,,,,,0.000178854,0,3989,0,astropy__astropy-7606,regular
39,39,1,0.18261329,returned,0,0.177715656,returned,0.0,92995584,106921984,,,,,,,,,,,,0.000200816,0,4060,0,astropy__astropy-7606,regular
40,40,1,0.188470526,returned,0,0.186534236,returned,0.0,92897280,107200512,,,,,,,,,,,,0.000160991,0,4079,0,astropy__astropy-7606,regular
41,41,1,0.180339721,returned,0,0.182810528,returned,0.0,92971008,106844160,,,,,,,,,,,,0.000157735,0,3984,0,astropy__astropy-7606,regular
42,42,1,0.185831795,returned,0,0.177249471,returned,0.0,92729344,106983424,,,,,,,,,,,,0.000169147,0,3999,0,astropy__astropy-7606,regular
43,43,1,0.186417889,returned,0,0.186648591,returned,0.0,92823552,106795008,,,,,,,,,,,,0.000170268,0,4096,0,astropy__astropy-7606,regular
44,44,1,0.184027102,returned,0,0.178077881,returned,0.0,92844032,107036672,,,,,,,,,,,,0.000176249,0,3970,0,astropy__astropy-7606,regular
45,45,1,0.571161054,returned,0,0.549332535,returned,0.0,92729344,258641920,,,,,,,,,,,,0.000172493,2,15523,5890048,astropy__astropy-7606,regular
46,46,1,0.184451622,returned,0,0.184654108,returned,0.0,98324480,111841280,,,,,,,,,,,,0.000173354,2,5525,8822784,astropy__astropy-7606,regular
47,47,1,0.181017821,returned,0,0.176879233,returned,0.0,102199296,116342784,,,,,,,,,,,,0.000177452,0,3964,0,astropy__astropy-7606,regular
48,48,1,0.191945376,returned,0,0.18199204,returned,0.0,102334464,115945472,,,,,,,,,,,,0.000174165,0,4466,0,astropy__astropy-7606,regular
49,49,1,0.195059751,returned,0,0.192020368,returned,0.0,102117376,116125696,,,,,,,,,,,,0.00017133,0,4756,0,astropy__astropy-7606,regular
50,50,1,0.188508273,returned,0,0.182610623,returned,0.0,102072320,116088832,,,,,,,,,,,,0.000178122,0,4503,0,astropy__astropy-7606,regular
51,51,1,0.183604113,returned,0,0.177064051,returned,0.0,101990400,116404224,,,,,,,,,,,,0.000174025,0,3956,0,astropy__astropy-7606,regular
52,52,1,0.180185766,Submitted,0,0.17843878,Submitted,,102182912,116117504,,,,,,,,,,,,0.00018228,0,3964,0,astropy__astropy-7606,regular
1,1,1,0.315594169,returned,0,0.204451776,returned,0.0,815104,40706048,6.6053e-05,0.030768088,0.030834141,0.0,4.0,4243456.0,3428352.0,815104.0,696320.0,118784.0,98304.0,0.034382139,40,10922,55189504,astropy__astropy-7671,lazy
2,2,1,0.26339063,returned,0,0.180550086,returned,0.0,3133440,40710144,0.000429493,0.045568105,0.045997598,1.0,3.0,31289344.0,28155904.0,3133440.0,2732032.0,401408.0,98304.0,0.046773768,37,10170,49135616,astropy__astropy-7671,lazy
3,3,1,0.262804464,returned,0,0.181601133,returned,0.0,2396160,40906752,0.000136916,0.03845632,0.038593236,1.0,3.0,27631616.0,25235456.0,2396160.0,2002944.0,393216.0,98304.0,0.039230767,37,10059,48873472,astropy__astropy-7671,lazy
4,4,1,0.258739009,returned,0,0.178934527,returned,0.0,2404352,40828928,0.000189885,0.048116586,0.048306471,1.0,3.0,27611136.0,25206784.0,2404352.0,1978368.0,425984.0,98304.0,0.049000278,36,9940,48766976,astropy__astropy-7671,lazy
5,5,1,0.262581719,returned,0,0.178427266,returned,0.0,2396160,40984576,0.000146253,0.065277325,0.065423578,1.0,3.0,27561984.0,25165824.0,2396160.0,1974272.0,421888.0,98304.0,0.066042694,36,9982,48807936,astropy__astropy-7671,lazy
6,6,1,0.260431612,returned,0,0.176239305,returned,0.0,2469888,40939520,0.000141083,0.039270962,0.039412045,1.0,3.0,27721728.0,25251840.0,2469888.0,1990656.0,479232.0,98304.0,0.040039307,35,9866,47570944,astropy__astropy-7671,lazy
7,7,1,0.26732015,returned,0,0.184705995,returned,0.0,1568768,40685568,0.000150371,0.079637791,0.079788162,1.0,4.0,26935296.0,25366528.0,1568768.0,991232.0,577536.0,98304.0,0.080516322,38,10144,48578560,astropy__astropy-7671,lazy
8,8,1,0.253022075,returned,0,0.181231788,returned,0.0,1703936,40407040,0.000643092,0.093316005,0.093959097,2.0,6.0,27840512.0,26136576.0,1703936.0,1044480.0,659456.0,98304.0,0.094573825,36,9905,47980544,astropy__astropy-7671,lazy
9,9,1,0.266597335,returned,0,0.178847086,returned,0.0,2514944,40890368,0.000492179,0.063064232,0.063556411,2.0,3.0,27205632.0,24690688.0,2514944.0,2015232.0,499712.0,98304.0,0.064185715,36,9964,48799744,astropy__astropy-7671,lazy
10,10,1,0.261471242,returned,0,0.182735765,returned,0.0,2695168,40288256,0.000405077,0.073769731,0.074174808,2.0,3.0,27635712.0,24940544.0,2695168.0,2023424.0,671744.0,98304.0,0.074787062,36,9839,47857664,astropy__astropy-7671,lazy
11,11,1,0.269295332,returned,0,0.175441069,returned,0.0,2101248,40443904,0.000225551,0.052988988,0.053214539,2.0,3.0,26939392.0,24838144.0,2101248.0,2031616.0,69632.0,98304.0,0.053863731,36,10075,49299456,astropy__astropy-7671,lazy
12,12,1,0.25450857,returned,0,0.17418,returned,0.0,2138112,40935424,0.000518919,0.046000237,0.046519156,2.0,3.0,27181056.0,25042944.0,2138112.0,1966080.0,172032.0,98304.0,0.047146909,34,9767,47489024,astropy__astropy-7671,lazy
13,13,1,0.289200311,returned,1,0.192250577,returned,1.0,1429504,39923712,0.000754338,0.089802841,0.090557179,3.0,5.0,26877952.0,25448448.0,1429504.0,1028096.0,401408.0,98304.0,0.091199139,36,11849,58580992,astropy__astropy-7671,lazy
14,14,1,0.257868139,returned,0,0.177463737,returned,0.0,1658880,39813120,0.000454489,0.106223694,0.106678183,3.0,5.0,32206848.0,30547968.0,1658880.0,1150976.0,507904.0,98304.0,0.107337083,34,9506,45400064,astropy__astropy-7671,lazy
15,15,1,0.599856358,returned,1,0.402205215,returned,1.0,2392064,246542336,0.00056749,0.060884972,0.061452462,3.0,3.0,25755648.0,23363584.0,2392064.0,2007040.0,385024.0,98304.0,0.06215858,81,31159,169058304,astropy__astropy-7671,lazy
16,16,1,0.267113493,returned,0,0.179571713,returned,0.0,4214784,41029632,0.001243683,0.08907438,0.090318063,5.0,3.0,90398720.0,86183936.0,4214784.0,3866624.0,348160.0,98304.0,0.090996089,38,10078,49364992,astropy__astropy-7671,lazy
17,17,1,0.264270509,returned,0,0.177812741,returned,0.0,2494464,40554496,0.000694206,0.043382389,0.044076595,5.0,3.0,27729920.0,25235456.0,2494464.0,2011136.0,483328.0,98304.0,0.044712722,35,9850,47611904,astropy__astropy-7671,lazy
18,18,1,0.638116211,returned,0,0.441805606,returned,0.0,2568192,249765888,0.00053516,0.045676262,0.046211422,5.0,3.0,26722304.0,24154112.0,2568192.0,2088960.0,479232.0,98304.0,0.046860333,82,31575,170516480,astropy__astropy-7671,lazy
19,19,1,0.262977525,returned,2,0.182065373,returned,2.0,4304896,40603648,0.001498348,0.158897243,0.160395591,7.0,3.0,92020736.0,87715840.0,4304896.0,3956736.0,348160.0,98304.0,0.161090478,34,9834,47579136,astropy__astropy-7671,lazy
20,20,1,0.263130791,returned,0,0.180939059,returned,0.0,2347008,40861696,0.000688165,0.067392143,0.068080308,7.0,3.0,26734592.0,24387584.0,2347008.0,1982464.0,364544.0,98304.0,0.068694234,35,9920,47661056,astropy__astropy-7671,lazy
21,21,1,0.644271633,returned,0,0.439125781,returned,0.0,2519040,248684544,0.000925929,0.065284367,0.066210296,8.0,3.0,27058176.0,24539136.0,2519040.0,2043904.0,475136.0,98304.0,0.066834743,81,31317,170459136,astropy__astropy-7671,lazy
22,22,1,0.277820745,returned,0,0.18142229,returned,0.0,4214784,41299968,0.000672176,0.155784083,0.156456259,8.0,3.0,91332608.0,87117824.0,4214784.0,3960832.0,253952.0,98304.0,0.157119207,40,13226,73383936,astropy__astropy-7671,lazy
23,23,1,0.260772356,returned,0,0.182764858,returned,0.0,2535424,41000960,0.000941479,0.078786362,0.079727841,9.0,3.0,40034304.0,37498880.0,2535424.0,2125824.0,409600.0,98304.0,0.080400098,35,9817,47661056,astropy__astropy-7671,lazy
24,24,1,0.262117098,Submitted,0,0.179861414,Submitted,,2551808,40861696,0.000647519,0.048651112,0.049298631,9.0,3.0,26877952.0,24326144.0,2551808.0,2011136.0,540672.0,98304.0,0.049935482,35,9797,47710208,astropy__astropy-7671,lazy
1,1,1,0.315753967,returned,0,0.204451776,returned,0.0,4399104,41570304,,,,,,,,,,,,0.000165861,36,10259,49692672,astropy__astropy-7671,regular
2,2,1,0.189116796,returned,0,0.180550086,returned,0.0,32202752,46133248,,,,,,,,,,,,0.000170168,1,4086,73728,astropy__astropy-7671,regular
3,3,1,0.183643991,returned,0,0.181601133,returned,0.0,32186368,46395392,,,,,,,,,,,,0.000164467,0,4135,0,astropy__astropy-7671,regular
4,4,1,0.18474076,returned,0,0.178934527,returned,0.0,32706560,46280704,,,,,,,,,,,,0.000153747,0,3976,0,astropy__astropy-7671,regular
5,5,1,0.183373065,returned,0,0.178427266,returned,0.0,31952896,46194688,,,,,,,,,,,,0.000154489,0,3979,0,astropy__astropy-7671,regular
6,6,1,0.184144752,returned,0,0.176239305,returned,0.0,32043008,46321664,,,,,,,,,,,,0.000163956,1,3974,90112,astropy__astropy-7671,regular
7,7,1,0.182964786,returned,0,0.184705995,returned,0.0,32362496,46354432,,,,,,,,,,,,0.000186638,2,4167,311296,astropy__astropy-7671,regular
8,8,1,0.184523823,returned,0,0.181231788,returned,0.0,32780288,46432256,,,,,,,,,,,,0.00016051,0,3972,0,astropy__astropy-7671,regular
9,9,1,0.182556629,returned,0,0.178847086,returned,0.0,32509952,46505984,,,,,,,,,,,,0.000177963,0,3983,0,astropy__astropy-7671,regular
10,10,1,0.178911559,returned,0,0.182735765,returned,0.0,32612352,46477312,,,,,,,,,,,,0.000235981,0,3991,0,astropy__astropy-7671,regular
11,11,1,0.180179818,returned,0,0.175441069,returned,0.0,32460800,46440448,,,,,,,,,,,,0.000181199,0,3984,0,astropy__astropy-7671,regular
12,12,1,0.181950932,returned,0,0.17418,returned,0.0,32444416,46776320,,,,,,,,,,,,0.000174576,0,4000,0,astropy__astropy-7671,regular
13,13,1,0.206268629,returned,1,0.192250577,returned,1.0,32800768,46460928,,,,,,,,,,,,0.000166842,2,6175,12279808,astropy__astropy-7671,regular
14,14,1,0.183368651,returned,0,0.177463737,returned,0.0,38592512,52805632,,,,,,,,,,,,0.00017623,0,3949,8192,astropy__astropy-7671,regular
15,15,1,0.510440112,returned,1,0.402205215,returned,1.0,38760448,250937344,,,,,,,,,,,,0.000178534,44,23691,108208128,astropy__astropy-7671,regular
16,16,1,0.185897805,returned,0,0.179571713,returned,0.0,94695424,108408832,,,,,,,,,,,,0.000174927,0,4079,8192,astropy__astropy-7671,regular
17,17,1,0.177864027,returned,0,0.177812741,returned,0.0,94408704,108683264,,,,,,,,,,,,0.00017665,0,4031,0,astropy__astropy-7671,regular
18,18,1,0.464989085,returned,0,0.441805606,returned,0.0,94666752,253456384,,,,,,,,,,,,0.000179195,0,10703,507904,astropy__astropy-7671,regular
19,19,1,0.176987625,returned,2,0.182065373,returned,2.0,95956992,109527040,,,,,,,,,,,,0.000173735,0,3942,0,astropy__astropy-7671,regular
20,20,1,0.178665314,returned,0,0.180939059,returned,0.0,95465472,109350912,,,,,,,,,,,,0.000175428,0,4001,0,astropy__astropy-7671,regular
21,21,1,0.454325483,returned,0,0.439125781,returned,0.0,95543296,252755968,,,,,,,,,,,,0.000173775,0,10425,0,astropy__astropy-7671,regular
22,22,1,0.190376842,returned,0,0.18142229,returned,0.0,96579584,110260224,,,,,,,,,,,,0.000175608,2,5304,8814592,astropy__astropy-7671,regular
23,23,1,0.183975183,returned,0,0.182764858,returned,0.0,100745216,114552832,,,,,,,,,,,,0.000159508,0,3960,0,astropy__astropy-7671,regular
24,24,1,0.180374337,Submitted,0,0.179861414,Submitted,,100392960,114167808,,,,,,,,,,,,0.000164797,0,4022,0,astropy__astropy-7671,regular
1,1,1,0.314675081,returned,0,0.203626034,returned,0.0,839680,40759296,6.5202e-05,0.024731389,0.024796591,0.0,3.0,4415488.0,3575808.0,839680.0,708608.0,131072.0,61440.0,0.027039711,39,10994,55582720,astropy__astropy-8707,lazy
2,2,1,0.25937018,returned,0,0.176650853,returned,0.0,2891776,40742912,0.00042808,0.05534203,0.05577011,1.0,4.0,31535104.0,28643328.0,2891776.0,2859008.0,32768.0,94208.0,0.056398764,36,10109,49938432,astropy__astropy-8707,lazy
3,3,1,0.267960126,returned,1,0.177277927,returned,1.0,2387968,40685568,0.000468395,0.040273672,0.040742067,1.0,3.0,27668480.0,25280512.0,2387968.0,1978368.0,409600.0,94208.0,0.041371182,38,10149,49143808,astropy__astropy-8707,lazy
4,4,1,0.263568613,returned,0,0.17869559,returned,0.0,2416640,40771584,0.000395168,0.048871583,0.049266751,1.0,3.0,27815936.0,25399296.0,2416640.0,2007040.0,409600.0,94208.0,0.049877371,36,10065,49102848,astropy__astropy-8707,lazy
5,5,1,0.257715048,returned,0,0.178301242,returned,0.0,2457600,40624128,0.000404896,0.056693645,0.057098541,1.0,3.0,27639808.0,25182208.0,2457600.0,1994752.0,462848.0,94208.0,0.057736853,38,10117,49676288,astropy__astropy-8707,lazy
6,6,1,0.259818918,returned,0,0.177162315,returned,0.0,2392064,40632320,0.000343813,0.048356842,0.048700655,1.0,4.0,27795456.0,25403392.0,2392064.0,1994752.0,397312.0,94208.0,0.04931402,38,10047,49668096,astropy__astropy-8707,lazy
7,7,1,0.264191782,returned,0,0.179104641,returned,0.0,2408448,41025536,0.000387213,0.044370566,0.044757779,1.0,3.0,27684864.0,25276416.0,2408448.0,2007040.0,401408.0,94208.0,0.045358351,38,10124,49709056,astropy__astropy-8707,lazy
8,8,1,0.256839968,returned,0,0.178766798,returned,0.0,2609152,40259584,0.000371294,0.071775979,0.072147273,1.0,3.0,28053504.0,25444352.0,2609152.0,1998848.0,610304.0,94208.0,0.072784314,38,10006,47931392,astropy__astropy-8707,lazy
9,9,1,0.261674925,returned,1,0.175600615,returned,1.0,2543616,40763392,0.000177101,0.037841329,0.03801843,1.0,3.0,27357184.0,24813568.0,2543616.0,2007040.0,536576.0,94208.0,0.038652344,36,10013,49078272,astropy__astropy-8707,lazy
10,10,1,0.262188453,returned,0,0.179814088,returned,0.0,2445312,40370176,0.000430344,0.034901627,0.035331971,1.0,3.0,27598848.0,25153536.0,2445312.0,2048000.0,397312.0,98304.0,0.035949885,37,10184,49119232,astropy__astropy-8707,lazy
11,11,1,2.014096118,returned,0,1.663327717,returned,0.0,2203648,56139776,0.000424924,0.047043415,0.047468339,1.0,3.0,27656192.0,25452544.0,2203648.0,1998848.0,204800.0,98304.0,0.048070203,39,63181,87564288,astropy__astropy-8707,lazy
12,12,1,0.261519107,returned,0,0.174894258,returned,0.0,6041600,41353216,0.000443849,0.093012714,0.093456563,1.0,3.0,52441088.0,46399488.0,6041600.0,5398528.0,643072.0,98304.0,0.094133749,36,10056,49569792,astropy__astropy-8707,lazy
13,13,1,0.265849016,returned,0,0.173923892,returned,0.0,2826240,41218048,0.000371434,0.048629037,0.049000471,1.0,3.0,28098560.0,25272320.0,2826240.0,2002944.0,823296.0,98304.0,0.049619458,38,10112,49643520,astropy__astropy-8707,lazy
14,14,1,0.254895355,returned,0,0.177816955,returned,0.0,2801664,40656896,0.000475949,0.061574098,0.062050047,1.0,4.0,28250112.0,25448448.0,2801664.0,2023424.0,778240.0,98304.0,0.062673952,33,9696,46399488,astropy__astropy-8707,lazy
15,15,1,0.281865765,returned,1,0.190446288,returned,1.0,2707456,41431040,0.000821094,0.039435013,0.040256107,2.0,3.0,26566656.0,23859200.0,2707456.0,2015232.0,692224.0,98304.0,0.040867629,35,12076,60760064,astropy__astropy-8707,lazy
16,16,1,0.256588517,returned,0,0.177809672,returned,0.0,2924544,41365504,0.000366645,0.03956206,0.039928705,2.0,3.0,33783808.0,30859264.0,2924544.0,2138112.0,786432.0,98304.0,0.040556067,34,9763,47595520,astropy__astropy-8707,lazy
17,17,1,0.280313224,returned,1,0.189541844,returned,1.0,2789376,41160704,0.000471871,0.063880657,0.064352528,2.0,3.0,27246592.0,24457216.0,2789376.0,1978368.0,811008.0,98304.0,0.065216322,36,12049,60702720,astropy__astropy-8707,lazy
18,18,1,0.260205263,returned,0,0.178678026,returned,0.0,2846720,41140224,0.000406059,0.045834617,0.046240676,2.0,3.0,33611776.0,30765056.0,2846720.0,2105344.0,741376.0,98304.0,0.046853991,35,9837,47710208,astropy__astropy-8707,lazy
19,19,1,0.715283111,returned,0,0.497800278,returned,0.0,2621440,266125312,0.000509091,0.040226341,0.040735432,2.0,3.0,27049984.0,24428544.0,2621440.0,1990656.0,630784.0,98304.0,0.041370999,99,35648,191496192,astropy__astropy-8707,lazy
20,20,1,0.268217811,returned,0,0.17396066,returned,0.0,4542464,41365504,0.011894949,0.16098796,0.172882909,43.0,3.0,103571456.0,99028992.0,4542464.0,4034560.0,507904.0,98304.0,0.173634983,36,10053,49274880,astropy__astropy-8707,lazy
21,21,1,0.253550302,returned,0,0.177629443,returned,0.0,2043904,39727104,0.001780476,0.122837696,0.124618172,43.0,5.0,28225536.0,26181632.0,2043904.0,1232896.0,811008.0,98304.0,0.125317528,38,9772,46997504,astropy__astropy-8707,lazy
22,22,1,2.019848379,returned,0,1.656064548,returned,0.0,2801664,55517184,0.001261556,0.072235233,0.073496789,43.0,3.0,27037696.0,24236032.0,2801664.0,2043904.0,757760.0,98304.0,0.074138578,39,63048,86351872,astropy__astropy-8707,lazy
23,23,1,0.261710951,returned,0,0.179280643,returned,0.0,5648384,41189376,0.001268017,0.128729472,0.129997489,43.0,3.0,51986432.0,46338048.0,5648384.0,5279744.0,368640.0,98304.0,0.130653384,36,10079,49750016,astropy__astropy-8707,lazy
24,24,1,0.262436216,returned,0,0.178021019,returned,0.0,2715648,40988672,0.001582415,0.052963762,0.054546177,43.0,3.0,27951104.0,25235456.0,2715648.0,2052096.0,663552.0,98304.0,0.05516357,36,10026,48848896,astropy__astropy-8707,lazy
25,25,1,0.258993206,returned,0,0.177068095,returned,0.0,2789376,41021440,0.001483029,0.051214256,0.052697285,43.0,3.0,27770880.0,24981504.0,2789376.0,2039808.0,749568.0,98304.0,0.053299209,36,9988,49037312,astropy__astropy-8707,lazy
26,26,1,0.267074525,returned,0,0.175966432,returned,0.0,2646016,41107456,0.001758965,0.054318763,0.056077728,43.0,3.0,27738112.0,25092096.0,2646016.0,2039808.0,606208.0,98304.0,0.056679571,38,10273,49610752,astropy__astropy-8707,lazy
27,27,1,0.258433551,returned,0,0.181215407,returned,0.0,2686976,40382464,0.001986619,0.095739313,0.097725932,44.0,3.0,28372992.0,25686016.0,2686976.0,2023424.0,663552.0,98304.0,0.098348374,35,9658,46522368,astropy__astropy-8707,lazy
28,28,1,0.261775791,returned,0,0.179436178,returned,0.0,2588672,41287680,0.001527642,0.061080579,0.062608221,44.0,3.0,26578944.0,23990272.0,2588672.0,2031616.0,557056.0,98304.0,0.063315692,38,10212,49594368,astropy__astropy-8707,lazy
29,29,1,0.257661696,returned,0,0.177645575,returned,0.0,2105344,41156608,0.001855915,0.071634525,0.07349044,45.0,5.0,28372992.0,26267648.0,2105344.0,1499136.0,606208.0,98304.0,0.074099888,35,9835,47874048,astropy__astropy-8707,lazy
30,30,1,0.25731306,returned,0,0.180430888,returned,0.0,2674688,41025536,0.001588997,0.063728052,0.065317049,45.0,3.0,27287552.0,24612864.0,2674688.0,2023424.0,651264.0,98304.0,0.06602513,38,10187,49692672,astropy__astropy-8707,lazy
31,31,1,0.637926888,returned,0,0.430326222,returned,0.0,2654208,264024064,0.001629122,0.05291422,0.054543342,45.0,3.0,28114944.0,25460736.0,2654208.0,2084864.0,569344.0,98304.0,0.055132622,101,35437,191561728,astropy__astropy-8707,lazy
32,32,1,0.258095931,returned,0,0.178406058,returned,0.0,4317184,40689664,0.002376227,0.126110842,0.128487069,46.0,3.0,102465536.0,98148352.0,4317184.0,3985408.0,331776.0,98304.0,0.129164703,35,9839,47661056,astropy__astropy-8707,lazy
33,33,1,0.609838277,returned,0,0.412630878,returned,0.0,2510848,259506176,0.001878077,0.060174507,0.062052584,47.0,3.0,26947584.0,24436736.0,2510848.0,2048000.0,462848.0,98304.0,0.062686898,99,33970,188497920,astropy__astropy-8707,lazy
34,34,1,0.273992363,returned,0,0.183567488,returned,0.0,4440064,44847104,0.001579649,0.133709289,0.135288938,47.0,3.0,100851712.0,96411648.0,4440064.0,3981312.0,458752.0,98304.0,0.136030733,43,13554,74473472,astropy__astropy-8707,lazy
35,35,1,0.255534082,returned,0,0.171929461,returned,0.0,2674688,40886272,0.001859702,0.069091336,0.070951038,48.0,3.0,40566784.0,37892096.0,2674688.0,2166784.0,507904.0,98304.0,0.071565156,35,9811,47628288,astropy__astropy-8707,lazy
36,36,1,0.253922258,Submitted,0,0.178191062,Submitted,,2584576,40665088,0.00158952,0.085859214,0.087448734,48.0,3.0,26959872.0,24375296.0,2584576.0,2027520.0,557056.0,98304.0,0.08804633,34,9758,46751744,astropy__astropy-8707,lazy
1,1,1,0.33288938,returned,0,0.203626034,returned,0.0,4382720,41480192,,,,,,,,,,,,0.000196417,35,10284,50225152,astropy__astropy-8707,regular
2,2,1,0.187576147,returned,0,0.176650853,returned,0.0,32129024,46231552,,,,,,,,,,,,0.000168274,0,4076,163840,astropy__astropy-8707,regular
3,3,1,0.18606753,returned,1,0.177277927,returned,1.0,32231424,46411776,,,,,,,,,,,,0.000155981,0,4124,0,astropy__astropy-8707,regular
4,4,1,0.183764951,returned,0,0.17869559,returned,0.0,32415744,46559232,,,,,,,,,,,,0.000158476,0,3988,0,astropy__astropy-8707,regular
5,5,1,0.186526146,returned,0,0.178301242,returned,0.0,32161792,46469120,,,,,,,,,,,,0.00017164,2,4076,303104,astropy__astropy-8707,regular
6,6,1,0.180171505,returned,0,0.177162315,returned,0.0,32399360,46567424,,,,,,,,,,,,0.000162093,0,4036,0,astropy__astropy-8707,regular
7,7,1,0.178223166,returned,0,0.179104641,returned,0.0,32518144,46727168,,,,,,,,,,,,0.000175598,0,4037,0,astropy__astropy-8707,regular
8,8,1,0.183856392,returned,0,0.178766798,returned,0.0,32428032,46628864,,,,,,,,,,,,0.000169096,0,4103,0,astropy__astropy-8707,regular
9,9,1,0.181412026,returned,1,0.175600615,returned,1.0,32653312,46346240,,,,,,,,,,,,0.000156833,0,3988,0,astropy__astropy-8707,regular
10,10,1,0.185308423,returned,0,0.179814088,returned,0.0,32436224,46780416,,,,,,,,,,,,0.000159538,0,4175,0,astropy__astropy-8707,regular
11,11,1,1.929152408,returned,0,1.663327717,returned,0.0,32772096,56840192,,,,,,,,,,,,0.000157955,0,56454,32251904,astropy__astropy-8707,regular
12,12,1,0.1853767,returned,0,0.174894258,returned,0.0,53579776,65593344,,,,,,,,,,,,0.000181129,0,3981,0,astropy__astropy-8707,regular
13,13,1,0.184170598,returned,0,0.173923892,returned,0.0,51376128,65335296,,,,,,,,,,,,0.000169427,0,3981,0,astropy__astropy-8707,regular
14,14,1,0.182669014,returned,0,0.177816955,returned,0.0,51331072,65429504,,,,,,,,,,,,0.000170348,0,4022,0,astropy__astropy-8707,regular
15,15,1,0.204562804,returned,1,0.190446288,returned,1.0,51269632,65798144,,,,,,,,,,,,0.000166822,2,6180,13221888,astropy__astropy-8707,regular
16,16,1,0.180635847,returned,0,0.177809672,returned,0.0,57860096,72335360,,,,,,,,,,,,0.000172001,0,4009,0,astropy__astropy-8707,regular
17,17,1,0.195762045,returned,1,0.189541844,returned,1.0,57860096,72404992,,,,,,,,,,,,0.000156573,0,4631,0,astropy__astropy-8707,regular
18,18,1,0.18050396,returned,0,0.178678026,returned,0.0,58146816,72232960,,,,,,,,,,,,0.000151383,1,4010,81920,astropy__astropy-8707,regular
19,19,1,0.618991714,returned,0,0.497800278,returned,0.0,58060800,285753344,,,,,,,,,,,,0.000165639,62,27720,126287872,astropy__astropy-8707,regular
20,20,1,0.185652089,returned,0,0.17396066,returned,0.0,125394944,139071488,,,,,,,,,,,,0.000185366,0,3995,0,astropy__astropy-8707,regular
21,21,1,0.179780244,returned,0,0.177629443,returned,0.0,125071360,139419648,,,,,,,,,,,,0.000175668,0,4074,0,astropy__astropy-8707,regular
22,22,1,1.778675603,returned,0,1.656064548,returned,0.0,125038592,138891264,,,,,,,,,,,,0.000174937,0,52496,0,astropy__astropy-8707,regular
23,23,1,0.18093154,returned,0,0.179280643,returned,0.0,127598592,138891264,,,,,,,,,,,,0.000170879,0,4044,0,astropy__astropy-8707,regular
24,24,1,0.186975726,returned,0,0.178021019,returned,0.0,124649472,139038720,,,,,,,,,,,,0.000172613,0,3991,0,astropy__astropy-8707,regular
25,25,1,0.185557802,returned,0,0.177068095,returned,0.0,125026304,138915840,,,,,,,,,,,,0.00017131,0,3978,0,astropy__astropy-8707,regular
26,26,1,0.184997455,returned,0,0.175966432,returned,0.0,124846080,139005952,,,,,,,,,,,,0.000168735,0,4117,0,astropy__astropy-8707,regular
27,27,1,0.182383758,returned,0,0.181215407,returned,0.0,125161472,139329536,,,,,,,,,,,,0.000158817,1,3980,90112,astropy__astropy-8707,regular
28,28,1,0.183525941,returned,0,0.179436178,returned,0.0,125358080,139661312,,,,,,,,,,,,0.000168695,0,4047,0,astropy__astropy-8707,regular
29,29,1,0.184574895,returned,0,0.177645575,returned,0.0,125648896,139751424,,,,,,,,,,,,0.000165169,0,4024,0,astropy__astropy-8707,regular
30,30,1,0.182865297,returned,0,0.180430888,returned,0.0,125685760,139829248,,,,,,,,,,,,0.000171952,0,4156,0,astropy__astropy-8707,regular
31,31,1,0.448380001,returned,0,0.430326222,returned,0.0,125648896,287293440,,,,,,,,,,,,0.000154789,2,11933,352256,astropy__astropy-8707,regular
32,32,1,0.183965372,returned,0,0.178406058,returned,0.0,126386176,140140544,,,,,,,,,,,,0.000173985,0,3994,0,astropy__astropy-8707,regular
33,33,1,0.421071758,returned,0,0.412630878,returned,0.0,126115840,283222016,,,,,,,,,,,,0.000159929,0,10952,0,astropy__astropy-8707,regular
34,34,1,0.19296836,returned,0,0.183567488,returned,0.0,127205376,140632064,,,,,,,,,,,,0.000173974,3,5499,9027584,astropy__astropy-8707,regular
35,35,1,0.186915232,returned,0,0.171929461,returned,0.0,131051520,145068032,,,,,,,,,,,,0.000183212,0,4019,0,astropy__astropy-8707,regular
36,36,1,0.180256037,Submitted,0,0.178191062,Submitted,,130768896,144814080,,,,,,,,,,,,0.000170929,0,4043,0,astropy__astropy-8707,regular
1,1,1,0.294890277,returned,0,0.192853758,returned,0.0,823296,40304640,6.4741e-05,0.01701437,0.017079111,0.0,2.0,4554752.0,3731456.0,823296.0,716800.0,106496.0,61440.0,0.02039367,37,10544,52944896,astropy__astropy-8872,lazy
2,2,1,0.262267915,returned,0,0.180496589,returned,0.0,3014656,40521728,0.000467152,0.047454354,0.047921506,1.0,3.0,29855744.0,26841088.0,3014656.0,2670592.0,344064.0,86016.0,0.048557975,37,10026,49217536,astropy__astropy-8872,lazy
3,3,1,0.259650946,returned,0,0.179112653,returned,0.0,2543616,40443904,0.000403413,0.030760728,0.031164141,1.0,3.0,27615232.0,25071616.0,2543616.0,2027520.0,516096.0,86016.0,0.031786775,37,9996,48332800,astropy__astropy-8872,lazy
4,4,1,0.269793762,returned,1,0.178469619,returned,1.0,2457600,40529920,0.000365072,0.028993398,0.02935847,1.0,3.0,27443200.0,24862720.0,2580480.0,2027520.0,552960.0,86016.0,0.029970533,36,10144,49692672,astropy__astropy-8872,lazy
5,5,1,0.261845345,returned,0,0.173698172,returned,0.0,2703360,40628224,0.000312604,0.041482546,0.04179515,1.0,3.0,28291072.0,25587712.0,2703360.0,2158592.0,544768.0,86016.0,0.042393187,37,10085,48357376,astropy__astropy-8872,lazy
6,6,1,0.756643543,returned,0,0.562723122,returned,0.0,2387968,255676416,0.000378257,0.043093955,0.043472212,1.0,3.0,27545600.0,25157632.0,2387968.0,1990656.0,397312.0,86016.0,0.04407059,92,35631,185073664,astropy__astropy-8872,lazy
7,7,1,0.260071197,returned,0,0.18289639,returned,0.0,4186112,40894464,0.020266313,0.13407864,0.154344953,74.0,3.0,99340288.0,95154176.0,4186112.0,3747840.0,438272.0,90112.0,0.155009133,38,10034,48824320,astropy__astropy-8872,lazy
8,8,1,0.259120271,returned,0,0.179231886,returned,0.0,2834432,40890368,0.002361892,0.030991125,0.033353017,74.0,3.0,27811840.0,24977408.0,2834432.0,2174976.0,659456.0,90112.0,0.033973385,38,9999,48480256,astropy__astropy-8872,lazy
9,9,1,0.471088678,returned,0,0.309694061,returned,0.0,2797568,233701376,0.002028398,0.030914943,0.032943341,74.0,3.0,27766784.0,24969216.0,2797568.0,2134016.0,663552.0,90112.0,0.03353143,80,26805,153690112,astropy__astropy-8872,lazy
10,10,1,0.26869745,returned,0,0.183787168,returned,0.0,3702784,40787968,0.002266784,0.104413883,0.106680667,74.0,3.0,82505728.0,78802944.0,3702784.0,3305472.0,397312.0,90112.0,0.107445174,40,10124,49160192,astropy__astropy-8872,lazy
11,11,1,0.592826033,returned,1,0.390083004,returned,1.0,2498560,245960704,0.003428003,0.062111872,0.065539875,76.0,2.0,28315648.0,25817088.0,2498560.0,2125824.0,372736.0,90112.0,0.066186803,92,32979,183926784,astropy__astropy-8872,lazy
12,12,1,0.588474575,returned,1,0.393089904,returned,1.0,4075520,246452224,0.002388331,0.112097454,0.114485785,76.0,3.0,98013184.0,93937664.0,4075520.0,3629056.0,446464.0,90112.0,0.115132764,95,33083,184565760,astropy__astropy-8872,lazy
13,13,1,0.258085514,returned,0,0.181247939,returned,0.0,4075520,40636416,0.002214477,0.081744771,0.083959248,76.0,3.0,98689024.0,94613504.0,4075520.0,3670016.0,405504.0,90112.0,0.084615504,36,9920,48349184,astropy__astropy-8872,lazy
14,14,1,0.584406908,returned,1,0.394586481,returned,1.0,2605056,246218752,0.002247147,0.06308537,0.065332517,76.0,3.0,27504640.0,24899584.0,2605056.0,2146304.0,458752.0,90112.0,0.066006747,95,33131,184508416,astropy__astropy-8872,lazy
15,15,1,0.263154637,returned,0,0.176737386,returned,0.0,3895296,40755200,0.002193407,0.126199263,0.12839267,76.0,4.0,98267136.0,94371840.0,3895296.0,3596288.0,299008.0,90112.0,0.12900312,38,10017,49315840,astropy__astropy-8872,lazy
16,16,1,0.660074829,returned,0,0.46613931,returned,0.0,2609152,251715584,0.002130319,0.059383927,0.061514246,76.0,3.0,27738112.0,25128960.0,2609152.0,2162688.0,446464.0,90112.0,0.062112173,95,34367,185319424,astropy__astropy-8872,lazy
17,17,1,0.653521028,returned,0,0.466758255,returned,0.0,4403200,250073088,0.002347154,0.124872285,0.127219439,76.0,3.0,99299328.0,94896128.0,4403200.0,3825664.0,577536.0,90112.0,0.127858002,92,33931,184131584,astropy__astropy-8872,lazy
18,18,1,0.275781181,returned,0,0.185974038,returned,0.0,4124672,41803776,0.002465024,0.119453543,0.121918567,77.0,3.0,98361344.0,94154752.0,4206592.0,3792896.0,413696.0,90112.0,0.122713833,43,13314,73801728,astropy__astropy-8872,lazy
19,19,1,0.25657638,Submitted,0,0.182135303,Submitted,,2899968,40587264,0.002438846,0.080387546,0.082826392,78.0,3.0,40439808.0,37539840.0,2899968.0,2265088.0,634880.0,90112.0,0.083412257,35,9771,46956544,astropy__astropy-8872,lazy
1,1,1,0.295023514,returned,0,0.192853758,returned,0.0,4247552,41271296,,,,,,,,,,,,0.00018208,33,9907,48136192,astropy__astropy-8872,regular
2,2,1,0.191788821,returned,0,0.180496589,returned,0.0,30859264,45146112,,,,,,,,,,,,0.00017083,0,4043,0,astropy__astropy-8872,regular
3,3,1,0.185425434,returned,0,0.179112653,returned,0.0,31035392,45195264,,,,,,,,,,,,0.000157123,3,4275,1556480,astropy__astropy-8872,regular
4,4,1,0.19267885,returned,1,0.178469619,returned,1.0,32227328,46125056,,,,,,,,,,,,0.000167884,0,4236,1441792,astropy__astropy-8872,regular
5,5,1,0.181541897,returned,0,0.173698172,returned,0.0,32825344,46882816,,,,,,,,,,,,0.000176229,0,4158,0,astropy__astropy-8872,regular
6,6,1,0.673041274,returned,0,0.562723122,returned,0.0,32972800,261074944,,,,,,,,,,,,0.000168865,57,29607,135774208,astropy__astropy-8872,regular
7,7,1,0.184141996,returned,0,0.18289639,returned,0.0,104554496,118173696,,,,,,,,,,,,0.000172712,2,4005,303104,astropy__astropy-8872,regular
8,8,1,0.184995465,returned,0,0.179231886,returned,0.0,104366080,118304768,,,,,,,,,,,,0.000173224,0,3964,0,astropy__astropy-8872,regular
9,9,1,0.314215778,returned,0,0.309694061,returned,0.0,104288256,256045056,,,,,,,,,,,,0.000166,0,7954,0,astropy__astropy-8872,regular
10,10,1,0.186952218,returned,0,0.183787168,returned,0.0,105689088,119181312,,,,,,,,,,,,0.000176529,2,4190,344064,astropy__astropy-8872,regular
11,11,1,0.404270113,returned,1,0.390083004,returned,1.0,105562112,254394368,,,,,,,,,,,,0.000170148,0,10369,0,astropy__astropy-8872,regular
12,12,1,0.400982675,returned,1,0.393089904,returned,1.0,106385408,254652416,,,,,,,,,,,,0.000176059,0,10461,8192,astropy__astropy-8872,regular
13,13,1,0.182031165,returned,0,0.181247939,returned,0.0,107184128,120860672,,,,,,,,,,,,0.000172021,0,3987,0,astropy__astropy-8872,regular
14,14,1,0.408008549,returned,1,0.394586481,returned,1.0,106627072,255238144,,,,,,,,,,,,0.000175959,0,10614,0,astropy__astropy-8872,regular
15,15,1,0.186582739,returned,0,0.176737386,returned,0.0,105852928,120086528,,,,,,,,,,,,0.000205594,0,3975,0,astropy__astropy-8872,regular
16,16,1,0.475941548,returned,0,0.46613931,returned,0.0,105238528,259215360,,,,,,,,,,,,0.000469727,0,11667,8192,astropy__astropy-8872,regular
17,17,1,0.469485503,returned,0,0.466758255,returned,0.0,106610688,258482176,,,,,,,,,,,,0.000178474,0,11368,0,astropy__astropy-8872,regular
18,18,1,0.192599213,returned,0,0.185974038,returned,0.0,106246144,120053760,,,,,,,,,,,,0.000182712,4,5449,9191424,astropy__astropy-8872,regular
19,19,1,0.187567552,Submitted,0,0.182135303,Submitted,,110817280,124850176,,,,,,,,,,,,0.000174766,0,4031,0,astropy__astropy-8872,regular
1,1,1,1.095381102,returned,0,0.403837833,returned,0.0,860160,69152768,7.9338e-05,0.021888557,0.021967895,0.0,3.0,4358144.0,3497984.0,860160.0,700416.0,159744.0,86016.0,0.024359581,40,17181,106733568,django__django-10097,lazy
2,2,1,0.269462099,returned,0,0.187674612,returned,0.0,2486272,43859968,0.000443949,0.158321945,0.158765894,1.0,7.0,68075520.0,65589248.0,2486272.0,2158592.0,327680.0,90112.0,0.159444812,38,10860,55353344,django__django-10097,lazy
3,3,1,0.269875351,returned,0,0.176890572,returned,0.0,2473984,43720704,0.000438108,0.047616742,0.04805485,1.0,3.0,31051776.0,28577792.0,2473984.0,1978368.0,495616.0,90112.0,0.048678345,37,10753,54870016,django__django-10097,lazy
4,4,1,0.266357688,returned,0,0.182199066,returned,0.0,2539520,43909120,0.000322492,0.05764789,0.057970382,1.0,3.0,30482432.0,27942912.0,2539520.0,1982464.0,557056.0,90112.0,0.058570943,39,10831,55369728,django__django-10097,lazy
5,5,1,0.261653402,returned,0,0.172792801,returned,0.0,2564096,43835392,0.000341067,0.052967892,0.053308959,1.0,3.0,30904320.0,28340224.0,2564096.0,1982464.0,581632.0,90112.0,0.053929598,36,10623,53600256,django__django-10097,lazy
6,6,1,0.284951233,returned,1,0.190430033,returned,1.0,2654208,44064768,0.000746263,0.059187939,0.059934202,2.0,3.0,30064640.0,27410432.0,2654208.0,1970176.0,684032.0,90112.0,0.060536568,37,12392,62603264,django__django-10097,lazy
7,7,1,0.266671905,returned,0,0.178987953,returned,0.0,2879488,43982848,0.000383316,0.046756552,0.047139868,2.0,4.0,34627584.0,31748096.0,2879488.0,2097152.0,782336.0,90112.0,0.047753975,36,10565,53600256,django__django-10097,lazy
8,8,1,0.286006525,returned,1,0.194356095,returned,1.0,1679360,43642880,0.000445281,0.09512794,0.095573221,2.0,4.0,30302208.0,28622848.0,1679360.0,1060864.0,618496.0,90112.0,0.096179324,37,12301,61906944,django__django-10097,lazy
9,9,1,0.268086459,returned,0,0.177969248,returned,0.0,2449408,43704320,0.000390549,0.065485558,0.065876107,2.0,3.0,34496512.0,32047104.0,2449408.0,2084864.0,364544.0,90112.0,0.066529538,36,10531,53329920,django__django-10097,lazy
10,10,1,0.439135144,returned,0,0.323385701,returned,0.0,2437120,54042624,0.000462223,0.074517707,0.07497993,2.0,3.0,29908992.0,27471872.0,2437120.0,1953792.0,483328.0,90112.0,0.075600749,49,16700,86138880,django__django-10097,lazy
11,12,1,0.267470298,returned,2,0.177332296,returned,2.0,2990080,44015616,0.002322748,0.079648729,0.081971477,9.0,3.0,46485504.0,43495424.0,2990080.0,2478080.0,512000.0,90112.0,0.082627382,35,10493,53600256,django__django-10097,lazy
12,13,1,0.267811606,returned,0,0.177033976,returned,0.0,2654208,44175360,0.000867125,0.084252487,0.085119612,9.0,3.0,29810688.0,27156480.0,2654208.0,1970176.0,684032.0,90112.0,0.085767762,36,10583,53583872,django__django-10097,lazy
13,14,1,0.263718761,returned,0,0.174800023,returned,0.0,2658304,43896832,0.001058687,0.072242107,0.073300794,10.0,3.0,30339072.0,27680768.0,2658304.0,2002944.0,655360.0,90112.0,0.073944306,40,10806,55689216,django__django-10097,lazy
14,15,1,0.427767368,returned,0,0.315407017,returned,0.0,2764800,53813248,0.000741215,0.056306907,0.057048122,11.0,3.0,31178752.0,28413952.0,2764800.0,2027520.0,737280.0,90112.0,0.057651307,49,16465,86171648,django__django-10097,lazy
15,16,1,0.25354946,returned,0,0.178344955,returned,0.0,2334720,42606592,0.000830346,0.154258318,0.155088664,11.0,6.0,47075328.0,44740608.0,2334720.0,1331200.0,1003520.0,90112.0,0.155708441,38,10480,51765248,django__django-10097,lazy
16,17,1,0.258509274,returned,0,0.188904289,returned,0.0,2256896,42795008,0.000685771,0.09013376,0.090819531,11.0,4.0,29577216.0,27320320.0,2256896.0,1216512.0,1040384.0,90112.0,0.091427587,40,10476,51871744,django__django-10097,lazy
17,18,1,0.32793828,returned,1,0.225202039,returned,1.0,2269184,51453952,0.000842454,0.100861675,0.101704129,11.0,4.0,29888512.0,27619328.0,2269184.0,1224704.0,1044480.0,90112.0,0.102297758,49,15812,82042880,django__django-10097,lazy
18,20,1,0.257690895,returned,0,0.179147055,returned,0.0,2342912,42217472,0.000819335,0.109108798,0.109928133,11.0,3.0,45101056.0,42758144.0,2342912.0,1417216.0,925696.0,90112.0,0.110530929,36,10089,49676288,django__django-10097,lazy
19,21,1,0.257065887,returned,0,0.179823321,returned,0.0,2269184,42418176,0.000988035,0.107595081,0.108583116,12.0,6.0,28622848.0,26353664.0,2269184.0,1208320.0,1060864.0,90112.0,0.109213904,40,10324,51781632,django__django-10097,lazy
20,22,1,0.424873809,returned,0,0.311072559,returned,0.0,2297856,52211712,0.000762013,0.103338993,0.104101006,12.0,4.0,29843456.0,27545600.0,2297856.0,1212416.0,1085440.0,90112.0,0.104699013,49,15903,82157568,django__django-10097,lazy
21,23,1,0.259138719,returned,0,0.177218541,returned,0.0,3448832,43884544,0.000908105,0.109297656,0.110205761,12.0,3.0,44965888.0,41517056.0,3448832.0,2465792.0,983040.0,90112.0,0.110962996,36,10536,52887552,django__django-10097,lazy
22,24,1,0.286828161,returned,1,0.191982083,returned,1.0,2818048,43999232,0.000945505,0.060529673,0.061475178,13.0,3.0,29999104.0,27181056.0,2818048.0,1994752.0,823296.0,90112.0,0.062100366,37,12306,61816832,django__django-10097,lazy
23,25,1,0.258859968,returned,0,0.181874128,returned,0.0,3051520,43819008,0.000693014,0.051792456,0.05248547,13.0,3.0,34418688.0,31367168.0,3051520.0,2129920.0,921600.0,90112.0,0.053094748,36,10505,52928512,django__django-10097,lazy
24,26,1,0.283305522,returned,1,0.193595714,returned,1.0,2981888,43954176,0.000779205,0.053080291,0.053859496,13.0,3.0,30056448.0,27074560.0,2981888.0,2007040.0,974848.0,90112.0,0.054464436,37,12457,62119936,django__django-10097,lazy
25,27,1,0.2644403,returned,0,0.180706341,returned,0.0,3063808,44281856,0.000751434,0.051897632,0.052649066,13.0,3.0,34435072.0,31371264.0,3063808.0,2158592.0,905216.0,90112.0,0.053266549,36,10525,53166080,django__django-10097,lazy
26,28,1,0.285695826,returned,0,0.191807457,returned,0.0,3022848,44023808,0.000822146,0.062162623,0.062984769,13.0,3.0,30453760.0,27430912.0,3022848.0,2039808.0,983040.0,90112.0,0.06360684,37,12381,62218240,django__django-10097,lazy
27,29,1,0.259324265,returned,0,0.183227943,returned,0.0,2990080,43868160,0.000737808,0.051385676,0.052123484,13.0,3.0,34484224.0,31494144.0,2990080.0,2158592.0,831488.0,90112.0,0.052736298,36,10525,53198848,django__django-10097,lazy
28,30,1,0.262757056,returned,0,0.179596974,returned,0.0,2830336,44326912,0.001052105,0.046058025,0.04711013,14.0,4.0,30257152.0,27426816.0,2830336.0,2023424.0,806912.0,90112.0,0.047712726,40,10743,55156736,django__django-10097,lazy
29,31,1,0.42675604,returned,0,0.319128063,returned,0.0,2932736,53805056,0.000828627,0.049211957,0.050040584,14.0,3.0,31502336.0,28569600.0,2932736.0,2043904.0,888832.0,90112.0,0.050623212,49,16345,85753856,django__django-10097,lazy
30,32,1,0.259457455,returned,0,0.180614131,returned,0.0,3358720,43995136,0.000909458,0.066452211,0.067361669,14.0,3.0,46874624.0,43515904.0,3358720.0,2482176.0,876544.0,90112.0,0.068053812,36,10527,53190656,django__django-10097,lazy
31,33,1,0.284481415,returned,1,0.188219962,returned,1.0,2838528,44195840,0.000901653,0.044059068,0.044960721,15.0,3.0,30015488.0,27176960.0,2838528.0,2007040.0,831488.0,90112.0,0.045554941,37,12401,62119936,django__django-10097,lazy
32,34,1,0.264690045,returned,0,0.179711579,returned,0.0,3043328,44269568,0.00068603,0.071951634,0.072637664,15.0,3.0,34705408.0,31662080.0,3043328.0,2117632.0,925696.0,90112.0,0.073301113,36,10530,53198848,django__django-10097,lazy
33,35,1,0.294723245,returned,0,0.192399415,returned,0.0,2994176,44367872,0.000830179,0.049824503,0.050654682,15.0,3.0,30474240.0,27480064.0,2994176.0,2031616.0,962560.0,90112.0,0.051257628,38,12667,62537728,django__django-10097,lazy
34,36,1,0.262548416,returned,0,0.178532028,returned,0.0,3211264,44122112,0.000808319,0.05769185,0.058500169,15.0,3.0,35016704.0,31805440.0,3211264.0,2191360.0,1019904.0,90112.0,0.059108375,36,10537,53198848,django__django-10097,lazy
35,37,1,0.261320694,returned,0,0.177945258,returned,0.0,2904064,43745280,0.000807488,0.052281659,0.053089147,15.0,3.0,30531584.0,27627520.0,2904064.0,2002944.0,901120.0,90112.0,0.053673328,40,10737,55156736,django__django-10097,lazy
36,38,1,0.424432171,returned,1,0.3151949,returned,1.0,1851392,52649984,0.000770369,0.059394208,0.060164577,15.0,3.0,30994432.0,29143040.0,1851392.0,1028096.0,823296.0,90112.0,0.060752474,49,16237,84254720,django__django-10097,lazy
37,39,1,0.26470401,returned,0,0.178168173,returned,0.0,2322432,43384832,0.00087869,0.098078623,0.098957313,15.0,3.0,45764608.0,43442176.0,2322432.0,1527808.0,794624.0,90112.0,0.099603729,36,10411,52150272,django__django-10097,lazy
38,40,1,0.263707119,returned,0,0.180035391,returned,0.0,2342912,44138496,0.00079306,0.059392065,0.060185125,15.0,3.0,29708288.0,27365376.0,2342912.0,2027520.0,315392.0,90112.0,0.06078236,40,10880,55664640,django__django-10097,lazy
39,41,1,0.428206579,returned,0,0.314854581,returned,0.0,2322432,53682176,0.000767533,0.071331536,0.072099069,15.0,3.0,31338496.0,29016064.0,2322432.0,1818624.0,503808.0,90112.0,0.072708316,49,16445,86548480,django__django-10097,lazy
40,42,1,0.268510968,returned,0,0.1801904,returned,0.0,3182592,43950080,0.000847628,0.076677857,0.077525485,15.0,3.0,46886912.0,43704320.0,3182592.0,2510848.0,671744.0,90112.0,0.07813873,36,10587,53657600,django__django-10097,lazy
41,43,1,0.261743463,returned,0,0.18004659,returned,0.0,2646016,43991040,0.000893789,0.055547236,0.056441025,15.0,4.0,30171136.0,27525120.0,2646016.0,2035712.0,610304.0,90112.0,0.057048098,40,10877,55558144,django__django-10097,lazy
42,44,1,0.427597216,returned,0,0.312161887,returned,0.0,1806336,52789248,0.000816314,0.083318455,0.084134769,15.0,4.0,31191040.0,29384704.0,1806336.0,1081344.0,724992.0,90112.0,0.084742844,49,16248,85024768,django__django-10097,lazy
43,45,1,0.27462305,returned,0,0.18089067,returned,0.0,3092480,49111040,0.000851916,0.070047167,0.070899083,15.0,3.0,45998080.0,42905600.0,3092480.0,2482176.0,610304.0,90112.0,0.071533558,42,15022,85999616,django__django-10097,lazy
44,46,1,0.261345159,returned,0,0.179383929,returned,0.0,2646016,43765760,0.001034922,0.071818434,0.072853356,16.0,3.0,46714880.0,44068864.0,2646016.0,2117632.0,528384.0,90112.0,0.073443138,36,10512,53436416,django__django-10097,lazy
45,47,1,0.259826935,Submitted,0,0.179388016,Submitted,,2560000,43802624,0.000813909,0.054916013,0.055729922,16.0,3.0,29810688.0,27250688.0,2560000.0,2015232.0,544768.0,90112.0,0.056432674,36,10492,53370880,django__django-10097,lazy
1,1,1,1.073940644,returned,0,0.403837833,returned,0.0,4337664,70615040,,,,,,,,,,,,0.000188352,36,16458,100712448,django__django-10097,regular
2,2,1,0.184891911,returned,0,0.187674612,returned,0.0,69345280,83574784,,,,,,,,,,,,0.000172692,1,4105,114688,django__django-10097,regular
3,3,1,0.190935283,returned,0,0.176890572,returned,0.0,69513216,84045824,,,,,,,,,,,,0.000163565,0,4062,0,django__django-10097,regular
4,4,1,0.187266184,returned,0,0.182199066,returned,0.0,69832704,84074496,,,,,,,,,,,,0.000165269,2,4013,303104,django__django-10097,regular
5,5,1,0.181466307,returned,0,0.172792801,returned,0.0,70111232,84324352,,,,,,,,,,,,0.000167393,0,4001,0,django__django-10097,regular
6,6,1,0.210728171,returned,1,0.190430033,returned,1.0,70258688,84307968,,,,,,,,,,,,0.000161672,2,5889,9109504,django__django-10097,regular
7,7,1,0.188686665,returned,0,0.178987953,returned,0.0,74608640,88940544,,,,,,,,,,,,0.000165028,0,4006,0,django__django-10097,regular
8,8,1,0.202595815,returned,1,0.194356095,returned,1.0,74915840,88612864,,,,,,,,,,,,0.000168865,0,4773,0,django__django-10097,regular
9,9,1,0.186811415,returned,0,0.177969248,returned,0.0,74620928,88842240,,,,,,,,,,,,0.0001715,0,4060,0,django__django-10097,regular
10,10,1,0.349758314,returned,0,0.323385701,returned,0.0,74625024,93331456,,,,,,,,,,,,0.000169827,11,8766,21839872,django__django-10097,regular
11,12,1,0.182572591,returned,2,0.177332296,returned,2.0,85954560,100413440,,,,,,,,,,,,0.000175777,0,4013,0,django__django-10097,regular
12,13,1,0.187613692,returned,0,0.177033976,returned,0.0,85995520,100331520,,,,,,,,,,,,0.000163305,0,4021,8192,django__django-10097,regular
13,14,1,0.191590716,returned,0,0.174800023,returned,0.0,86491136,101007360,,,,,,,,,,,,0.000163956,2,4083,352256,django__django-10097,regular
14,15,1,0.325425982,returned,0,0.315407017,returned,0.0,86966272,99688448,,,,,,,,,,,,0.000173484,0,5921,8192,django__django-10097,regular
15,16,1,0.187206311,returned,0,0.178344955,returned,0.0,85618688,100306944,,,,,,,,,,,,0.000176019,0,4073,0,django__django-10097,regular
16,17,1,0.190741451,returned,0,0.188904289,returned,0.0,86204416,100130816,,,,,,,,,,,,0.000173394,0,4200,0,django__django-10097,regular
17,18,1,0.23015084,returned,1,0.225202039,returned,1.0,86327296,100249600,,,,,,,,,,,,0.000171861,0,5778,0,django__django-10097,regular
18,20,1,0.185190578,returned,0,0.179147055,returned,0.0,85991424,100368384,,,,,,,,,,,,0.000165139,0,4083,0,django__django-10097,regular
19,21,1,0.186613425,returned,0,0.179823321,returned,0.0,86478848,100454400,,,,,,,,,,,,0.000170579,0,3989,0,django__django-10097,regular
20,22,1,0.320508622,returned,0,0.311072559,returned,0.0,86319104,100872192,,,,,,,,,,,,0.000188843,0,5909,0,django__django-10097,regular
21,23,1,0.18369332,returned,0,0.177218541,returned,0.0,86306816,100851712,,,,,,,,,,,,0.000177601,0,4068,0,django__django-10097,regular
22,24,1,0.195328146,returned,1,0.191982083,returned,1.0,86675456,100290560,,,,,,,,,,,,0.000166261,0,4717,0,django__django-10097,regular
23,25,1,0.182765562,returned,0,0.181874128,returned,0.0,86200320,100347904,,,,,,,,,,,,0.00016598,0,3991,8192,django__django-10097,regular
24,26,1,0.196052709,returned,1,0.193595714,returned,1.0,86224896,100229120,,,,,,,,,,,,0.000161642,0,4776,0,django__django-10097,regular
25,27,1,0.1828667,returned,0,0.180706341,returned,0.0,86028288,100298752,,,,,,,,,,,,0.000173464,0,4067,0,django__django-10097,regular
26,28,1,0.200584734,returned,0,0.191807457,returned,0.0,86310912,100311040,,,,,,,,,,,,0.000161922,0,4839,0,django__django-10097,regular
27,29,1,0.188531622,returned,0,0.183227943,returned,0.0,85966848,100294656,,,,,,,,,,,,0.000174155,0,4022,0,django__django-10097,regular
28,30,1,0.184320466,returned,0,0.179596974,returned,0.0,86093824,100261888,,,,,,,,,,,,0.000168995,0,3973,0,django__django-10097,regular
29,31,1,0.322760644,returned,0,0.319128063,returned,0.0,86188032,100597760,,,,,,,,,,,,0.000169948,0,5853,0,django__django-10097,regular
30,32,1,0.186352231,returned,0,0.180614131,returned,0.0,86003712,100089856,,,,,,,,,,,,0.000173013,0,3996,0,django__django-10097,regular
31,33,1,0.204478647,returned,1,0.188219962,returned,1.0,86118400,100139008,,,,,,,,,,,,0.000184765,0,4720,0,django__django-10097,regular
32,34,1,0.188900197,returned,0,0.179711579,returned,0.0,86163456,100433920,,,,,,,,,,,,0.000174336,0,4001,0,django__django-10097,regular
33,35,1,0.204638646,returned,0,0.192399415,returned,0.0,86593536,100671488,,,,,,,,,,,,0.000171701,0,4940,0,django__django-10097,regular
34,36,1,0.190777611,returned,0,0.178532028,returned,0.0,86224896,100630528,,,,,,,,,,,,0.000171019,0,4030,0,django__django-10097,regular
35,37,1,0.186826064,returned,0,0.177945258,returned,0.0,86609920,100610048,,,,,,,,,,,,0.00016599,0,4044,8192,django__django-10097,regular
36,38,1,0.321715479,returned,1,0.3151949,returned,1.0,86507520,100577280,,,,,,,,,,,,0.000158626,0,5912,8192,django__django-10097,regular
37,39,1,0.185709303,returned,0,0.178168173,returned,0.0,86102016,100716544,,,,,,,,,,,,0.000172091,0,4085,8192,django__django-10097,regular
38,40,1,0.185855065,returned,0,0.180035391,returned,0.0,86777856,100827136,,,,,,,,,,,,0.000165248,0,3981,0,django__django-10097,regular
39,41,1,0.32341955,returned,0,0.314854581,returned,0.0,86769664,101113856,,,,,,,,,,,,0.000156342,0,5908,0,django__django-10097,regular
40,42,1,0.184418719,returned,0,0.1801904,returned,0.0,86745088,100900864,,,,,,,,,,,,0.000173464,0,4026,8192,django__django-10097,regular
41,43,1,0.184709282,returned,0,0.18004659,returned,0.0,86855680,100913152,,,,,,,,,,,,0.000165189,0,3977,0,django__django-10097,regular
42,44,1,0.324172727,returned,0,0.312161887,returned,0.0,86667264,100974592,,,,,,,,,,,,0.00016619,0,5853,0,django__django-10097,regular
43,45,1,0.199207019,returned,0,0.18089067,returned,0.0,86630400,100909056,,,,,,,,,,,,0.000174416,3,6310,15245312,django__django-10097,regular
44,46,1,0.185027591,returned,0,0.179383929,returned,0.0,94806016,109064192,,,,,,,,,,,,0.00017156,0,4038,0,django__django-10097,regular
45,47,1,0.181080917,Submitted,0,0.179388016,Submitted,,94441472,108675072,,,,,,,,,,,,0.000169437,0,4028,0,django__django-10097,regular
1,1,1,0.719240117,returned,0,0.310851478,returned,0.0,909312,51806208,6.2607e-05,0.023081552,0.023144159,0.0,3.0,4390912.0,3481600.0,909312.0,700416.0,208896.0,61440.0,0.025202652,40,14049,80281600,django__django-10554,lazy
2,2,1,0.265217223,returned,0,0.177324033,returned,0.0,9256960,40824832,0.000419173,0.089116954,0.089536127,1.0,3.0,50700288.0,41443328.0,9256960.0,8605696.0,651264.0,61440.0,0.090198183,36,9923,48406528,django__django-10554,lazy
3,3,1,0.267143666,returned,0,0.176489404,returned,0.0,2772992,40677376,0.000152605,0.071639226,0.071791831,1.0,3.0,27435008.0,24662016.0,2772992.0,1970176.0,802816.0,98304.0,0.072492511,36,9907,48357376,django__django-10554,lazy
4,4,1,0.265917797,returned,0,0.18061556,returned,0.0,2633728,40550400,0.000144429,0.074498008,0.074642437,1.0,3.0,27484160.0,24850432.0,2633728.0,1941504.0,692224.0,98304.0,0.075275488,36,9912,48340992,django__django-10554,lazy
5,5,1,0.26535404,returned,0,0.174191042,returned,0.0,2768896,40837120,0.000172171,0.077999696,0.078171867,1.0,3.0,27480064.0,24711168.0,2768896.0,1966080.0,802816.0,98304.0,0.078793867,36,9969,48218112,django__django-10554,lazy
6,6,1,0.263655303,returned,0,0.179243948,returned,0.0,2789376,40734720,0.000130112,0.078629862,0.078759974,1.0,3.0,27299840.0,24510464.0,2789376.0,1978368.0,811008.0,98304.0,0.07939579,36,9887,48185344,django__django-10554,lazy
7,7,1,0.264858275,returned,1,0.181530047,returned,1.0,2666496,40771584,0.000147394,0.065715073,0.065862467,1.0,2.0,27222016.0,24555520.0,2666496.0,1945600.0,720896.0,98304.0,0.066483645,38,10064,48291840,django__django-10554,lazy
8,8,1,0.265782249,returned,0,0.182658539,returned,0.0,2711552,40681472,0.000143678,0.07194067,0.072084348,1.0,3.0,27410432.0,24698880.0,2711552.0,1925120.0,786432.0,98304.0,0.072706418,38,10010,48660480,django__django-10554,lazy
9,9,1,0.271058626,returned,0,0.180745608,returned,0.0,2674688,40214528,0.000746231,0.079273873,0.080020104,2.0,3.0,27840512.0,25165824.0,2674688.0,1908736.0,765952.0,98304.0,0.080640801,38,10128,48218112,django__django-10554,lazy
10,10,1,0.262384954,returned,0,0.180804609,returned,0.0,2560000,40529920,0.000212135,0.077214042,0.077426177,2.0,3.0,27463680.0,24903680.0,2560000.0,1941504.0,618496.0,98304.0,0.078057685,36,9991,48267264,django__django-10554,lazy
11,11,1,0.271314223,returned,0,0.182372151,returned,0.0,2617344,40529920,0.000188972,0.077336401,0.077525373,2.0,3.0,27254784.0,24637440.0,2617344.0,1933312.0,684032.0,98304.0,0.078156109,40,10181,49078272,django__django-10554,lazy
12,12,1,0.259125571,returned,1,0.184197694,returned,1.0,2691072,40730624,0.001306449,0.073630276,0.074936725,4.0,3.0,27844608.0,25153536.0,2691072.0,1982464.0,708608.0,98304.0,0.075540313,35,9926,47259648,django__django-10554,lazy
13,13,1,0.263391406,returned,0,0.178476099,returned,0.0,2719744,40669184,0.001230467,0.068324459,0.069554926,6.0,2.0,26980352.0,24260608.0,2719744.0,1937408.0,782336.0,98304.0,0.070165185,36,9927,47915008,django__django-10554,lazy
14,14,1,0.25298817,returned,0,0.181687456,returned,0.0,2797568,38760448,0.000563533,0.068163337,0.06872687,6.0,3.0,27533312.0,24735744.0,2797568.0,1961984.0,835584.0,98304.0,0.069318815,35,9323,42926080,django__django-10554,lazy
15,15,1,0.253964954,returned,1,0.182536962,returned,1.0,2842624,38694912,0.00057312,0.078289345,0.078862465,6.0,3.0,24748032.0,21905408.0,2842624.0,1978368.0,864256.0,98304.0,0.079456345,35,9451,43352064,django__django-10554,lazy
16,16,1,0.250378377,returned,0,0.180141179,returned,0.0,2023424,39034880,0.000704025,0.076835009,0.077539034,6.0,5.0,25018368.0,22994944.0,2023424.0,1236992.0,786432.0,98304.0,0.078171675,36,9444,44400640,django__django-10554,lazy
17,17,1,0.249072539,returned,0,0.179859381,returned,0.0,2908160,38739968,0.000308026,0.051049962,0.051357988,6.0,3.0,25931776.0,23023616.0,2908160.0,1990656.0,917504.0,98304.0,0.051950644,35,9260,42917888,django__django-10554,lazy
18,18,1,0.250824241,returned,1,0.182354083,returned,1.0,2920448,39079936,0.000634695,0.061155442,0.061790137,6.0,3.0,24862720.0,21942272.0,2920448.0,1970176.0,950272.0,98304.0,0.062391941,35,9463,43999232,django__django-10554,lazy
19,19,1,0.263812442,returned,0,0.181085456,returned,0.0,2887680,39043072,0.000660323,0.066977253,0.067637576,6.0,3.0,25595904.0,22708224.0,2887680.0,1974272.0,913408.0,98304.0,0.068234932,40,9733,45940736,django__django-10554,lazy
20,20,1,0.27359284,returned,2,0.190574573,returned,2.0,2867200,39444480,0.001093442,0.055726094,0.056819536,7.0,3.0,26644480.0,23777280.0,2867200.0,1941504.0,925696.0,98304.0,0.057442469,36,11490,55140352,django__django-10554,lazy
21,21,1,0.268639646,returned,0,0.181542994,returned,0.0,3162112,40914944,0.000602605,0.070491815,0.07109442,7.0,3.0,30969856.0,27807744.0,3162112.0,2031616.0,1130496.0,98304.0,0.071787505,38,10097,48635904,django__django-10554,lazy
22,22,1,0.863333479,returned,0,0.666168747,returned,0.0,2404352,95457280,0.000850898,0.083693637,0.084544535,8.0,2.0,27877376.0,25473024.0,2404352.0,1339392.0,1064960.0,98304.0,0.085205289,78,31538,117932032,django__django-10554,lazy
23,23,1,0.286436286,returned,0,0.186937275,returned,0.0,4648960,49725440,0.045927908,0.153303445,0.199231353,204.0,3.0,67371008.0,62722048.0,4648960.0,4419584.0,229376.0,98304.0,0.199912786,42,14656,82042880,django__django-10554,lazy
24,24,1,0.257532241,returned,0,0.181280774,returned,0.0,2674688,40837120,0.006460173,0.095078224,0.101538397,205.0,3.0,44146688.0,41472000.0,2674688.0,2056192.0,618496.0,98304.0,0.10217749,35,9727,47071232,django__django-10554,lazy
25,25,1,0.261885393,Submitted,0,0.17669783,Submitted,,2519040,40964096,0.004706528,0.052977332,0.05768386,205.0,3.0,27066368.0,24547328.0,2519040.0,1953792.0,565248.0,98304.0,0.058328333,35,9783,46940160,django__django-10554,lazy
1,1,1,0.720562436,returned,0,0.310851478,returned,0.0,4243456,52277248,,,,,,,,,,,,0.000173504,36,13420,74629120,django__django-10554,regular
2,2,1,0.181435457,returned,0,0.177324033,returned,0.0,50614272,64643072,,,,,,,,,,,,0.00017625,0,4014,163840,django__django-10554,regular
3,3,1,0.184322638,returned,0,0.176489404,returned,0.0,50597888,64880640,,,,,,,,,,,,0.000184925,0,4106,212992,django__django-10554,regular
4,4,1,0.18330335,returned,0,0.18061556,returned,0.0,50790400,64921600,,,,,,,,,,,,0.000171541,0,4006,139264,django__django-10554,regular
5,5,1,0.184452201,returned,0,0.174191042,returned,0.0,50880512,64962560,,,,,,,,,,,,0.00017143,0,3982,0,django__django-10554,regular
6,6,1,0.18063419,returned,0,0.179243948,returned,0.0,50786304,65073152,,,,,,,,,,,,0.000173574,0,4059,0,django__django-10554,regular
7,7,1,0.188745528,returned,1,0.181530047,returned,1.0,50892800,65310720,,,,,,,,,,,,0.000172943,0,4125,0,django__django-10554,regular
8,8,1,0.185898802,returned,0,0.182658539,returned,0.0,51412992,65310720,,,,,,,,,,,,0.000173364,2,4157,212992,django__django-10554,regular
9,9,1,0.184794715,returned,0,0.180745608,returned,0.0,51634176,65622016,,,,,,,,,,,,0.000170208,0,4191,0,django__django-10554,regular
10,10,1,0.185261075,returned,0,0.180804609,returned,0.0,51601408,65421312,,,,,,,,,,,,0.000167172,0,4056,0,django__django-10554,regular
11,11,1,0.187364429,returned,0,0.182372151,returned,0.0,51286016,65941504,,,,,,,,,,,,0.000171941,3,4162,417792,django__django-10554,regular
12,12,1,0.185801089,returned,1,0.184197694,returned,1.0,52506624,66371584,,,,,,,,,,,,0.000153727,1,4214,614400,django__django-10554,regular
13,13,1,0.183577352,returned,0,0.178476099,returned,0.0,52723712,66895872,,,,,,,,,,,,0.00016636,0,3995,0,django__django-10554,regular
14,14,1,0.186151293,returned,0,0.181687456,returned,0.0,52789248,66813952,,,,,,,,,,,,0.000157986,0,4005,0,django__django-10554,regular
15,15,1,0.185510592,returned,1,0.182536962,returned,1.0,52535296,66617344,,,,,,,,,,,,0.000154889,0,4128,16384,django__django-10554,regular
16,16,1,0.185934308,returned,0,0.180141179,returned,0.0,52805632,67125248,,,,,,,,,,,,0.000173584,0,3991,0,django__django-10554,regular
17,17,1,0.184422094,returned,0,0.179859381,returned,0.0,53010432,66510848,,,,,,,,,,,,0.000168655,0,4014,8192,django__django-10554,regular
18,18,1,0.183319977,returned,1,0.182354083,returned,1.0,52006912,66187264,,,,,,,,,,,,0.000170949,0,4066,8192,django__django-10554,regular
19,19,1,0.185455503,returned,0,0.181085456,returned,0.0,52039680,65994752,,,,,,,,,,,,0.000169256,1,4136,237568,django__django-10554,regular
20,20,1,0.204630812,returned,2,0.190574573,returned,2.0,52228096,66420736,,,,,,,,,,,,0.000174987,2,6179,11829248,django__django-10554,regular
21,21,1,0.18649238,returned,0,0.181542994,returned,0.0,58195968,72577024,,,,,,,,,,,,0.000170608,0,4124,0,django__django-10554,regular
22,22,1,0.770533274,returned,0,0.666168747,returned,0.0,58781696,120279040,,,,,,,,,,,,0.000158506,41,24248,58130432,django__django-10554,regular
23,23,1,0.194459588,returned,0,0.186937275,returned,0.0,92504064,106717184,,,,,,,,,,,,0.000174566,3,6686,16613376,django__django-10554,regular
24,24,1,0.182191835,returned,0,0.181280774,returned,0.0,101113856,114802688,,,,,,,,,,,,0.000163646,0,4030,0,django__django-10554,regular
25,25,1,0.184536267,Submitted,0,0.17669783,Submitted,,100691968,115118080,,,,,,,,,,,,0.000172803,0,3973,0,django__django-10554,regular
1,1,1,0.274268218,returned,0,0.181333099,returned,0.0,991232,41013248,7.1554e-05,0.017196631,0.017268185,0.0,3.0,4657152.0,3665920.0,991232.0,704512.0,286720.0,61440.0,0.020738,37,10209,50757632,django__django-10880,lazy
2,1,2,0.701473095,returned,0,0.323255844,returned,0.0,2654208,52264960,0.000420895,0.052166419,0.052587314,1.0,3.0,28430336.0,25776128.0,2654208.0,2027520.0,626688.0,94208.0,0.053263396,40,14091,80379904,django__django-10880,lazy
3,2,1,1.004383739,returned,0,0.369648116,returned,0.0,9453568,79147008,0.000159728,0.09168714,0.091846868,1.0,3.0,50868224.0,41414656.0,9453568.0,8921088.0,532480.0,94208.0,0.092475471,42,19370,117096448,django__django-10880,lazy
4,3,1,0.262442289,returned,0,0.180608722,returned,0.0,11726848,40935424,0.000146003,0.131639545,0.131785548,1.0,3.0,77484032.0,65757184.0,11726848.0,11620352.0,106496.0,94208.0,0.132471007,35,9960,48930816,django__django-10880,lazy
5,4,1,0.261926827,returned,0,0.176492456,returned,0.0,2371584,41005056,0.000499022,0.04547958,0.045978602,1.0,3.0,27066368.0,24694784.0,2371584.0,1994752.0,376832.0,94208.0,0.046608918,37,10297,49709056,django__django-10880,lazy
6,5,1,0.263277738,returned,1,0.178215893,returned,1.0,2523136,41328640,0.000417058,0.049482781,0.049899839,1.0,3.0,28049408.0,25526272.0,2523136.0,1978368.0,544768.0,94208.0,0.050562305,37,10210,49717248,django__django-10880,lazy
7,6,1,0.271388444,returned,1,0.173487448,returned,1.0,2322432,41029632,0.000358329,0.061409718,0.061768047,1.0,2.0,28602368.0,26279936.0,2322432.0,1978368.0,344064.0,94208.0,0.062421767,36,10167,49627136,django__django-10880,lazy
8,7,1,0.26461949,returned,1,0.1797159,returned,1.0,2588672,41259008,0.000384949,0.055795523,0.056180472,1.0,3.0,27910144.0,25321472.0,2588672.0,1998848.0,589824.0,94208.0,0.056798225,38,10243,49528832,django__django-10880,lazy
9,8,1,0.259807426,returned,0,0.175662624,returned,0.0,1716224,40792064,0.000319196,0.094826697,0.095145893,1.0,7.0,28270592.0,26554368.0,1716224.0,1028096.0,688128.0,94208.0,0.095734041,36,9908,48365568,django__django-10880,lazy
10,9,1,0.260995474,returned,0,0.179093033,returned,0.0,2781184,41037824,0.000162262,0.078405067,0.078567329,1.0,3.0,27435008.0,24653824.0,2781184.0,2015232.0,765952.0,94208.0,0.079209729,38,10162,48939008,django__django-10880,lazy
11,10,1,0.263341965,returned,0,0.17583906,returned,0.0,1904640,41250816,0.000138067,0.10529397,0.105432037,1.0,5.0,28332032.0,26427392.0,1904640.0,1032192.0,872448.0,94208.0,0.106060812,39,10215,49061888,django__django-10880,lazy
12,11,1,0.258142197,returned,0,0.177757182,returned,0.0,1826816,41078784,0.000125745,0.099513648,0.099639393,1.0,6.0,28413952.0,26587136.0,1826816.0,1064960.0,761856.0,94208.0,0.100289336,39,10302,49094656,django__django-10880,lazy
13,12,1,0.559856636,returned,0,0.250060165,returned,0.0,1798144,53088256,0.000151974,0.087865681,0.088017655,1.0,4.0,28274688.0,26476544.0,1798144.0,1028096.0,770048.0,94208.0,0.088647261,41,14848,81780736,django__django-10880,lazy
14,13,1,0.259274344,returned,0,0.179968627,returned,0.0,2764800,41496576,0.000148468,0.212093211,0.212241679,1.0,4.0,51720192.0,48955392.0,2764800.0,1912832.0,851968.0,94208.0,0.212876253,36,9818,47570944,django__django-10880,lazy
15,14,1,0.563671767,returned,0,0.248114491,returned,0.0,1978368,53407744,0.000140813,0.092989163,0.093129976,1.0,5.0,28217344.0,26238976.0,1978368.0,1032192.0,946176.0,94208.0,0.093741648,41,14759,81354752,django__django-10880,lazy
16,15,1,0.261414341,returned,1,0.175560979,returned,1.0,1933312,41365504,0.000140522,0.129940976,0.130081498,1.0,5.0,51912704.0,49979392.0,1933312.0,1011712.0,921600.0,94208.0,0.130735269,36,10044,48930816,django__django-10880,lazy
17,16,1,0.564608267,returned,0,0.247599242,returned,0.0,1949696,52912128,0.000148557,0.086554771,0.086703328,1.0,5.0,28016640.0,26066944.0,1949696.0,1028096.0,921600.0,94208.0,0.087315011,41,14814,81461248,django__django-10880,lazy
18,17,1,0.260515248,returned,0,0.175520905,returned,0.0,1957888,41365504,0.000150361,0.141109906,0.141260267,1.0,3.0,51634176.0,49676288.0,1957888.0,999424.0,958464.0,94208.0,0.141973307,36,10008,48521216,django__django-10880,lazy
19,18,1,0.257512066,returned,0,0.174277656,returned,0.0,2023424,41144320,0.000155199,0.116204773,0.116359972,1.0,7.0,28102656.0,26079232.0,2023424.0,1032192.0,991232.0,94208.0,0.11699135,36,9986,48513024,django__django-10880,lazy
20,19,1,0.260875054,returned,0,0.179406351,returned,0.0,3104768,41574400,0.000154979,0.047468374,0.047623353,1.0,3.0,27852800.0,24748032.0,3104768.0,2027520.0,1077248.0,94208.0,0.048228503,38,10120,48898048,django__django-10880,lazy
21,20,1,0.26583309,returned,0,0.178002632,returned,0.0,3178496,41435136,0.000327221,0.037089078,0.037416299,1.0,3.0,28577792.0,25399296.0,3178496.0,2043904.0,1134592.0,94208.0,0.038045533,38,10122,48898048,django__django-10880,lazy
22,21,1,0.257311492,returned,0,0.177043456,returned,0.0,3108864,41447424,0.00036937,0.041003476,0.041372846,1.0,3.0,28225536.0,25116672.0,3108864.0,2076672.0,1032192.0,94208.0,0.041995057,39,10255,48930816,django__django-10880,lazy
23,22,1,0.264343219,returned,0,0.17801398,returned,0.0,3194880,41615360,0.000312994,0.042230947,0.042543941,1.0,6.0,28868608.0,25673728.0,3194880.0,2056192.0,1138688.0,94208.0,0.043171804,38,10089,49348608,django__django-10880,lazy
24,23,1,0.257947088,returned,0,0.179689257,returned,0.0,3239936,41197568,0.000945936,0.038347177,0.039293113,2.0,3.0,28811264.0,25571328.0,3239936.0,2088960.0,1150976.0,94208.0,0.039942796,35,9787,47382528,django__django-10880,lazy
25,24,1,0.254181658,returned,0,0.179360812,returned,0.0,3198976,41336832,0.000641758,0.038521162,0.03916292,3.0,3.0,27394048.0,24195072.0,3198976.0,2273280.0,925696.0,94208.0,0.039771546,35,9815,47382528,django__django-10880,lazy
26,25,1,0.262068783,returned,0,0.181889496,returned,0.0,3129344,41713664,0.000696701,0.045110081,0.045806782,4.0,3.0,27545600.0,24416256.0,3129344.0,2068480.0,1060864.0,94208.0,0.046416691,38,10108,49307648,django__django-10880,lazy
27,26,1,0.260242013,returned,0,0.174342816,returned,0.0,3313664,41811968,0.000753657,0.039424418,0.040178075,5.0,3.0,29069312.0,25755648.0,3313664.0,2097152.0,1216512.0,94208.0,0.040775691,35,9901,47595520,django__django-10880,lazy
28,27,1,0.260455229,returned,0,0.177891892,returned,0.0,2293760,41484288,0.000693675,0.079328291,0.080021966,6.0,5.0,27975680.0,25681920.0,2293760.0,1077248.0,1216512.0,94208.0,0.080620704,39,10041,49029120,django__django-10880,lazy
29,28,1,0.264635985,returned,0,0.178601917,returned,0.0,3227648,41844736,0.00053042,0.036932897,0.037463317,6.0,3.0,28483584.0,25255936.0,3227648.0,2109440.0,1118208.0,94208.0,0.038073146,38,10185,49422336,django__django-10880,lazy
30,29,1,1.322594377,returned,0,1.067637099,returned,0.0,3174400,107442176,0.000838896,0.055596658,0.056435554,7.0,3.0,29057024.0,25882624.0,3174400.0,2084864.0,1089536.0,94208.0,0.057042849,82,34743,127025152,django__django-10880,lazy
31,30,1,0.382021712,returned,1,0.256341469,returned,1.0,2363392,57503744,0.011247687,0.198315778,0.209563465,52.0,3.0,71507968.0,69144576.0,2363392.0,1720320.0,643072.0,94208.0,0.210262341,54,17136,86892544,django__django-10880,lazy
32,31,1,0.380586225,returned,1,0.248922158,returned,1.0,2027520,56008704,0.00206248,0.138077825,0.140140305,52.0,4.0,48594944.0,46567424.0,2027520.0,1470464.0,557056.0,94208.0,0.140837717,54,16988,85491712,django__django-10880,lazy
33,32,1,0.262253115,returned,0,0.180418731,returned,0.0,3596288,41152512,0.002447648,0.071474375,0.073922023,53.0,3.0,47017984.0,43421696.0,3596288.0,2965504.0,630784.0,94208.0,0.074571526,38,10062,49545216,django__django-10880,lazy
34,33,1,0.479485102,returned,1,0.323248899,returned,1.0,2654208,71770112,0.003479866,0.050573812,0.054053678,53.0,4.0,28119040.0,25464832.0,2654208.0,2076672.0,577536.0,94208.0,0.054677682,72,21290,106053632,django__django-10880,lazy
35,34,1,0.260575243,returned,1,0.179238951,returned,1.0,3936256,41644032,0.008661418,0.071251759,0.079913177,80.0,3.0,57786368.0,53850112.0,3936256.0,3403776.0,532480.0,94208.0,0.080518256,38,10088,49856512,django__django-10880,lazy
36,35,1,0.264030993,returned,0,0.180118599,returned,0.0,2650112,41267200,0.002697786,0.054027549,0.056725335,80.0,3.0,28418048.0,25767936.0,2650112.0,2109440.0,540672.0,94208.0,0.057327148,38,10251,50069504,django__django-10880,lazy
37,36,1,0.260506094,returned,0,0.181180946,returned,0.0,2768896,41353216,0.00267325,0.047752435,0.050425685,80.0,3.0,28311552.0,25542656.0,2768896.0,2117632.0,651264.0,94208.0,0.051024833,36,10101,49471488,django__django-10880,lazy
38,37,1,0.840947863,returned,1,0.634161087,returned,1.0,2723840,97767424,0.002627234,0.046786983,0.049414217,80.0,3.0,28262400.0,25538560.0,2723840.0,2109440.0,614400.0,94208.0,0.050017173,78,30723,121454592,django__django-10880,lazy
39,38,1,0.258114089,returned,0,0.17815359,returned,0.0,5488640,41205760,0.038123071,0.11305533,0.151178401,228.0,3.0,68812800.0,63324160.0,5488640.0,4644864.0,843776.0,94208.0,0.151809289,35,9818,47366144,django__django-10880,lazy
40,39,1,0.650325284,returned,1,0.446721384,returned,1.0,3014656,92418048,0.007040712,0.048630004,0.055670716,228.0,3.0,27430912.0,24416256.0,3014656.0,2097152.0,917504.0,94208.0,0.05627325,78,25875,121135104,django__django-10880,lazy
41,40,1,0.26179831,returned,0,0.179059226,returned,0.0,5140480,41422848,0.005904251,0.112952759,0.11885701,228.0,2.0,66375680.0,61235200.0,5140480.0,4382720.0,757760.0,94208.0,0.119501223,35,9890,48013312,django__django-10880,lazy
42,41,1,0.604362209,returned,1,0.408263044,returned,1.0,2822144,86736896,0.006193451,0.050753537,0.056946988,229.0,3.0,27488256.0,24666112.0,2822144.0,2150400.0,671744.0,94208.0,0.057577515,76,24402,115589120,django__django-10880,lazy
43,42,1,0.265472374,returned,0,0.180479317,returned,0.0,4874240,41619456,0.005775621,0.081402566,0.087178187,229.0,2.0,63430656.0,58556416.0,4874240.0,4112384.0,761856.0,94208.0,0.087814495,35,9879,47939584,django__django-10880,lazy
44,43,1,0.669538002,returned,1,0.466651803,returned,1.0,2822144,94822400,0.007418618,0.050437908,0.057856526,229.0,3.0,27787264.0,24965120.0,2822144.0,2129920.0,692224.0,94208.0,0.058484868,78,26631,121397248,django__django-10880,lazy
45,44,1,0.263267909,returned,0,0.179041016,returned,0.0,5214208,41742336,0.009329695,0.090317558,0.099647253,243.0,3.0,66854912.0,61640704.0,5214208.0,4542464.0,671744.0,94208.0,0.100307765,35,9890,47939584,django__django-10880,lazy
46,45,1,0.625372368,returned,1,0.431184669,returned,1.0,2920448,91037696,0.006534818,0.052060717,0.058595535,243.0,3.0,27799552.0,24879104.0,2920448.0,2158592.0,761856.0,94208.0,0.059215242,78,25231,120266752,django__django-10880,lazy
47,46,1,0.260501835,returned,0,0.178665349,returned,0.0,5353472,41811968,0.006090869,0.100667457,0.106758326,243.0,3.0,66236416.0,60882944.0,5353472.0,4345856.0,1007616.0,94208.0,0.1074138,35,9882,47931392,django__django-10880,lazy
48,47,1,0.636418674,returned,1,0.435487845,returned,1.0,3153920,91004928,0.006124693,0.064866931,0.070991624,243.0,3.0,27746304.0,24592384.0,3153920.0,2166784.0,987136.0,94208.0,0.071603777,78,25330,120324096,django__django-10880,lazy
49,48,1,0.264361138,returned,0,0.187175206,returned,0.0,4784128,41418752,0.006234842,0.108207921,0.114442763,243.0,3.0,66039808.0,61255680.0,4784128.0,4476928.0,307200.0,94208.0,0.115095452,35,10032,48644096,django__django-10880,lazy
50,49,1,0.642213092,returned,0,0.440501511,returned,0.0,2715648,92745728,0.006315863,0.051422238,0.057738101,243.0,3.0,27762688.0,25047040.0,2715648.0,2174976.0,540672.0,94208.0,0.058338212,78,25742,120463360,django__django-10880,lazy
51,50,1,0.25926343,returned,0,0.178325776,returned,0.0,5144576,41144320,0.006216127,0.072450093,0.07866622,243.0,3.0,66289664.0,61145088.0,5144576.0,4485120.0,659456.0,94208.0,0.079306464,36,10057,49561600,django__django-10880,lazy
52,51,1,0.281437934,returned,0,0.179630558,returned,0.0,2711552,48758784,0.006104348,0.037458916,0.043563264,243.0,2.0,28200960.0,25489408.0,2711552.0,2150400.0,561152.0,94208.0,0.044152364,42,14850,85090304,django__django-10880,lazy
53,52,1,0.257059645,returned,0,0.175842956,returned,0.0,2740224,41226240,0.006100261,0.051243485,0.057343746,244.0,3.0,46297088.0,43556864.0,2740224.0,2248704.0,491520.0,94208.0,0.057948244,35,9928,48078848,django__django-10880,lazy
54,53,1,0.260819375,Submitted,0,0.173935346,Submitted,,2662400,41701376,0.005972462,0.036021741,0.041994203,244.0,3.0,27189248.0,24526848.0,2662400.0,2121728.0,540672.0,94208.0,0.042585778,35,9866,48054272,django__django-10880,lazy
1,1,1,0.265443864,returned,0,0.181333099,returned,0.0,4235264,40968192,,,,,,,,,,,,0.000166571,33,9435,44539904,django__django-10880,regular
2,1,2,0.636264744,returned,0,0.323255844,returned,0.0,28520448,52420608,,,,,,,,,,,,0.000204823,4,7899,30187520,django__django-10880,regular
3,2,1,0.610395216,returned,0,0.369648116,returned,0.0,51118080,79671296,,,,,,,,,,,,0.000161542,1,9562,37044224,django__django-10880,regular
4,3,1,0.186738604,returned,0,0.180608722,returned,0.0,78295040,92286976,,,,,,,,,,,,0.000188943,1,4039,73728,django__django-10880,regular
5,4,1,0.180804463,returned,0,0.176492456,returned,0.0,78307328,92643328,,,,,,,,,,,,0.000157464,0,4120,0,django__django-10880,regular
6,5,1,0.185016283,returned,1,0.178215893,returned,1.0,78630912,92254208,,,,,,,,,,,,0.000153296,0,4181,0,django__django-10880,regular
7,6,1,0.191052846,returned,1,0.173487448,returned,1.0,78745600,92282880,,,,,,,,,,,,0.000175147,0,4059,0,django__django-10880,regular
8,7,1,0.182287603,returned,1,0.1797159,returned,1.0,78204928,91942912,,,,,,,,,,,,0.000173063,0,4097,0,django__django-10880,regular
9,8,1,0.185251222,returned,0,0.175662624,returned,0.0,78479360,92372992,,,,,,,,,,,,0.000162043,0,3986,0,django__django-10880,regular
10,9,1,0.188459834,returned,0,0.179093033,returned,0.0,78323712,92172288,,,,,,,,,,,,0.000174056,1,4232,90112,django__django-10880,regular
11,10,1,0.191044084,returned,0,0.17583906,returned,0.0,78782464,92311552,,,,,,,,,,,,0.000189043,0,4169,0,django__django-10880,regular
12,11,1,0.187276229,returned,0,0.177757182,returned,0.0,78639104,92119040,,,,,,,,,,,,0.000157775,0,4175,0,django__django-10880,regular
13,12,1,0.260700933,returned,0,0.250060165,returned,0.0,78594048,91770880,,,,,,,,,,,,0.000173064,0,4392,0,django__django-10880,regular
14,13,1,0.185512265,returned,0,0.179968627,returned,0.0,78864384,91914240,,,,,,,,,,,,0.000179185,0,4066,0,django__django-10880,regular
15,14,1,0.255043634,returned,0,0.248114491,returned,0.0,77852672,92319744,,,,,,,,,,,,0.000162143,0,4389,0,django__django-10880,regular
16,15,1,0.184947039,returned,1,0.175560979,returned,1.0,79306752,92442624,,,,,,,,,,,,0.000172522,0,4052,0,django__django-10880,regular
17,16,1,0.257481686,returned,0,0.247599242,returned,0.0,77910016,92028928,,,,,,,,,,,,0.00016635,0,4453,0,django__django-10880,regular
18,17,1,0.184490232,returned,0,0.175520905,returned,0.0,78721024,92106752,,,,,,,,,,,,0.000193942,0,3994,0,django__django-10880,regular
19,18,1,0.182327042,returned,0,0.174277656,returned,0.0,78028800,92020736,,,,,,,,,,,,0.000173033,0,4062,0,django__django-10880,regular
20,19,1,0.187644727,returned,0,0.179406351,returned,0.0,78229504,92155904,,,,,,,,,,,,0.000176569,0,4105,0,django__django-10880,regular
21,20,1,0.188804517,returned,0,0.178002632,returned,0.0,78520320,92381184,,,,,,,,,,,,0.000167673,0,4106,0,django__django-10880,regular
22,21,1,0.182370202,returned,0,0.177043456,returned,0.0,78688256,92291072,,,,,,,,,,,,0.000400919,0,4179,0,django__django-10880,regular
23,22,1,0.188222625,returned,0,0.17801398,returned,0.0,78512128,92549120,,,,,,,,,,,,0.000163875,2,4087,303104,django__django-10880,regular
24,23,1,0.190078962,returned,0,0.179689257,returned,0.0,78753792,92798976,,,,,,,,,,,,0.000158236,0,4068,0,django__django-10880,regular
25,24,1,0.190701073,returned,0,0.179360812,returned,0.0,78950400,92692480,,,,,,,,,,,,0.000158345,0,4061,0,django__django-10880,regular
26,25,1,0.184967507,returned,0,0.181889496,returned,0.0,78618624,92618752,,,,,,,,,,,,0.000163956,1,4134,139264,django__django-10880,regular
27,26,1,0.185457833,returned,0,0.174342816,returned,0.0,78835712,92696576,,,,,,,,,,,,0.000157113,0,3996,0,django__django-10880,regular
28,27,1,0.182825207,returned,0,0.177891892,returned,0.0,78888960,92516352,,,,,,,,,,,,0.000161341,2,4076,335872,django__django-10880,regular
29,28,1,0.186629791,returned,0,0.178601917,returned,0.0,78827520,92872704,,,,,,,,,,,,0.000167603,0,4119,0,django__django-10880,regular
30,29,1,1.242354322,returned,0,1.067637099,returned,0.0,79097856,157040640,,,,,,,,,,,,0.000154108,47,28427,76267520,django__django-10880,regular
31,30,1,0.265947113,returned,1,0.256341469,returned,1.0,121352192,135290880,,,,,,,,,,,,0.000301477,0,6431,0,django__django-10880,regular
32,31,1,0.264971363,returned,1,0.248922158,returned,1.0,121122816,135360512,,,,,,,,,,,,0.000156843,0,6427,24576,django__django-10880,regular
33,32,1,0.183581744,returned,0,0.180418731,returned,0.0,121380864,134967296,,,,,,,,,,,,0.000315133,0,4014,8192,django__django-10880,regular
34,33,1,0.333849828,returned,1,0.323248899,returned,1.0,121081856,135462912,,,,,,,,,,,,0.000151403,0,8264,278528,django__django-10880,regular
35,34,1,0.18765287,returned,1,0.179238951,returned,1.0,121434112,135782400,,,,,,,,,,,,0.000213689,0,3982,0,django__django-10880,regular
36,35,1,0.188243447,returned,0,0.180118599,returned,0.0,121511936,135544832,,,,,,,,,,,,0.000250347,0,4119,8192,django__django-10880,regular
37,36,1,0.184032875,returned,0,0.181180946,returned,0.0,121479168,135745536,,,,,,,,,,,,0.000172772,0,4037,0,django__django-10880,regular
38,37,1,0.669257125,returned,1,0.634161087,returned,1.0,121688064,156577792,,,,,,,,,,,,0.000176379,3,16470,5660672,django__django-10880,regular
39,38,1,0.185759527,returned,0,0.17815359,returned,0.0,127553536,141357056,,,,,,,,,,,,0.000167463,0,4010,8192,django__django-10880,regular
40,39,1,0.460068373,returned,1,0.446721384,returned,1.0,127455232,153583616,,,,,,,,,,,,0.000152264,0,10977,0,django__django-10880,regular
41,40,1,0.188105922,returned,0,0.179059226,returned,0.0,127217664,141963264,,,,,,,,,,,,0.000175438,0,4089,0,django__django-10880,regular
42,41,1,0.426638785,returned,1,0.408263044,returned,1.0,127815680,150679552,,,,,,,,,,,,0.000169427,0,10162,0,django__django-10880,regular
43,42,1,0.184766199,returned,0,0.180479317,returned,0.0,127119360,141656064,,,,,,,,,,,,0.000178964,0,4010,0,django__django-10880,regular
44,43,1,0.482662163,returned,1,0.466651803,returned,1.0,127729664,156659712,,,,,,,,,,,,0.000248534,0,11716,0,django__django-10880,regular
45,44,1,0.184151642,returned,0,0.179041016,returned,0.0,127991808,142131200,,,,,,,,,,,,0.000153758,0,4005,0,django__django-10880,regular
46,45,1,0.44676236,returned,1,0.431184669,returned,1.0,128294912,152588288,,,,,,,,,,,,0.000151132,0,10489,0,django__django-10880,regular
47,46,1,0.190712398,returned,0,0.178665349,returned,0.0,127848448,142114816,,,,,,,,,,,,0.000174405,0,4010,0,django__django-10880,regular
48,47,1,0.450140017,returned,1,0.435487845,returned,1.0,128409600,153112576,,,,,,,,,,,,0.000165279,0,10500,0,django__django-10880,regular
49,48,1,0.185861736,returned,0,0.187175206,returned,0.0,128106496,142581760,,,,,,,,,,,,0.000196406,0,4002,8192,django__django-10880,regular
50,49,1,0.45271478,returned,0,0.440501511,returned,0.0,128544768,154894336,,,,,,,,,,,,0.00017646,0,11028,0,django__django-10880,regular
51,50,1,0.186943395,returned,0,0.178325776,returned,0.0,128589824,142680064,,,,,,,,,,,,0.000168094,0,3974,0,django__django-10880,regular
52,51,1,0.194833741,returned,0,0.179630558,returned,0.0,128729088,143253504,,,,,,,,,,,,0.000182762,4,6918,19521536,django__django-10880,regular
53,52,1,0.180549563,returned,0,0.175842956,returned,0.0,138706944,152350720,,,,,,,,,,,,0.000169346,0,4024,0,django__django-10880,regular
54,53,1,0.181328391,Submitted,0,0.173935346,Submitted,,138358784,152449024,,,,,,,,,,,,0.00019851,0,3977,0,django__django-10880,regular
1,1,1,0.271541691,returned,0,0.183322776,returned,0.0,843776,40550400,8.2033e-05,0.014636071,0.014718104,0.0,3.0,4362240.0,3518464.0,843776.0,708608.0,135168.0,61440.0,0.016966472,37,10180,49963008,django__django-10914,lazy
2,1,2,0.748224349,returned,0,0.316347892,returned,0.0,2486272,53268480,0.000380856,0.029930741,0.030311597,1.0,3.0,27815936.0,25329664.0,2486272.0,2052096.0,434176.0,61440.0,0.030927929,42,14495,82722816,django__django-10914,lazy
3,1,3,1.985874468,returned,0,0.51977372,returned,0.0,8421376,217300992,0.000133138,0.073943881,0.074077019,1.0,3.0,51486720.0,43065344.0,8421376.0,8417280.0,4096.0,90112.0,0.074744044,36,50409,375275520,django__django-10914,lazy
4,2,1,0.260469778,returned,0,0.178365103,returned,0.0,5754880,40726528,0.000441324,0.264228895,0.264670219,1.0,3.0,216743936.0,210989056.0,5754880.0,5283840.0,471040.0,90112.0,0.265308721,37,10146,48996352,django__django-10914,lazy
5,2,2,0.265917096,returned,0,0.183477916,returned,0.0,2490368,40206336,0.000397532,0.045147037,0.045544569,1.0,3.0,27688960.0,25198592.0,2490368.0,2052096.0,438272.0,90112.0,0.046137304,37,10045,48799744,django__django-10914,lazy
6,3,1,0.267935374,returned,0,0.173123754,returned,0.0,2199552,40906752,0.000399636,0.066056767,0.066456403,1.0,3.0,27365376.0,25165824.0,2199552.0,1847296.0,352256.0,90112.0,0.067089936,36,10008,48570368,django__django-10914,lazy
7,4,1,0.258523114,returned,0,0.176428071,returned,0.0,2523136,40800256,0.000339904,0.053014692,0.053354596,1.0,3.0,27561984.0,25038848.0,2523136.0,2031616.0,491520.0,90112.0,0.053947223,36,9933,48537600,django__django-10914,lazy
8,5,1,0.26106512,returned,0,0.179780298,returned,0.0,2490368,40583168,0.000296273,0.048070503,0.048366776,1.0,3.0,27475968.0,24985600.0,2490368.0,2011136.0,479232.0,90112.0,0.048980812,38,10115,49274880,django__django-10914,lazy
9,6,1,0.276323182,returned,0,0.180601657,returned,0.0,2379776,47955968,0.000791718,0.049747363,0.050539081,2.0,3.0,27680768.0,25300992.0,2379776.0,1998848.0,380928.0,90112.0,0.051139011,42,14888,84664320,django__django-10914,lazy
10,7,1,0.276000199,returned,0,0.18597546,returned,0.0,2519040,48160768,0.000465538,0.07331099,0.073776528,2.0,4.0,45658112.0,43139072.0,2519040.0,2072576.0,446464.0,90112.0,0.074418165,42,14834,84443136,django__django-10914,lazy
11,8,1,0.25908361,returned,0,0.178272427,returned,0.0,2605056,40525824,0.000843545,0.072728131,0.073571676,3.0,3.0,45604864.0,42999808.0,2605056.0,2109440.0,495616.0,90112.0,0.074225216,35,9738,47267840,django__django-10914,lazy
1,1,1,0.268629282,returned,0,0.183322776,returned,0.0,4644864,41603072,,,,,,,,,,,,0.000194484,33,9519,44556288,django__django-10914,regular
2,1,2,0.68430327,returned,0,0.316347892,returned,0.0,29032448,55721984,,,,,,,,,,,,0.000176329,6,8536,33849344,django__django-10914,regular
3,1,3,1.510698244,returned,0,0.51977372,returned,0.0,54394880,225968128,,,,,,,,,,,,0.000171751,0,40524,294051840,django__django-10914,regular
4,2,1,0.192014128,returned,0,0.178365103,returned,0.0,225357824,239411200,,,,,,,,,,,,0.000178673,1,4100,73728,django__django-10914,regular
5,2,2,0.180894555,returned,0,0.183477916,returned,0.0,225714176,239681536,,,,,,,,,,,,0.000164838,0,4085,0,django__django-10914,regular
6,3,1,0.179250475,returned,0,0.173123754,returned,0.0,226291712,239927296,,,,,,,,,,,,0.000162002,0,3975,0,django__django-10914,regular
7,4,1,0.177547666,returned,0,0.176428071,returned,0.0,226037760,239812608,,,,,,,,,,,,0.000157564,0,3982,0,django__django-10914,regular
8,5,1,0.183536047,returned,0,0.179780298,returned,0.0,225804288,240103424,,,,,,,,,,,,0.000162323,2,4065,303104,django__django-10914,regular
9,6,1,0.186007594,returned,0,0.180601657,returned,0.0,226168832,240234496,,,,,,,,,,,,0.000157344,2,5406,7651328,django__django-10914,regular
10,7,1,0.184455002,returned,0,0.18597546,returned,0.0,230199296,243703808,,,,,,,,,,,,0.000150721,0,4508,0,django__django-10914,regular
11,8,1,0.184204763,returned,0,0.178272427,returned,0.0,230236160,243970048,,,,,,,,,,,,0.000173214,0,4028,0,django__django-10914,regular
1,1,1,0.722447388,returned,0,0.306725821,returned,0.0,872448,51298304,6.5442e-05,0.013043206,0.013108648,0.0,3.0,4227072.0,3354624.0,872448.0,724992.0,147456.0,61440.0,0.01665627,39,13937,80355328,django__django-10973,lazy
2,1,2,0.711007144,returned,0,0.285907842,returned,0.0,9117696,49704960,0.000428359,0.082455791,0.08288415,1.0,3.0,50184192.0,41066496.0,9117696.0,8949760.0,167936.0,86016.0,0.083518234,37,13632,78741504,django__django-10973,lazy
3,2,1,0.262789348,returned,0,0.178196554,returned,0.0,8753152,41050112,0.0001501,0.130544472,0.130694572,1.0,3.0,49344512.0,40591360.0,8753152.0,8740864.0,12288.0,86016.0,0.131327444,35,10029,49061888,django__django-10973,lazy
4,3,1,0.263644764,returned,0,0.177568701,returned,0.0,2252800,40845312,0.000452294,0.041481408,0.041933702,1.0,3.0,27115520.0,24862720.0,2252800.0,2023424.0,229376.0,86016.0,0.042772529,35,9998,48357376,django__django-10973,lazy
5,4,1,0.279335143,returned,0,0.182899773,returned,0.0,2281472,50614272,0.000675922,0.030545184,0.031221106,2.0,3.0,27082752.0,24801280.0,2281472.0,2019328.0,262144.0,86016.0,0.031827137,42,14882,85573632,django__django-10973,lazy
6,5,1,0.259950068,returned,0,0.17776456,returned,0.0,2437120,40972288,0.000709444,0.046668511,0.047377955,3.0,3.0,46080000.0,43642880.0,2437120.0,2142208.0,294912.0,86016.0,0.047996049,35,9900,48062464,django__django-10973,lazy
7,7,1,0.258089685,Submitted,0,0.178681516,Submitted,,2383872,41062400,0.000527385,0.032007615,0.032535,3.0,3.0,26968064.0,24584192.0,2383872.0,2043904.0,339968.0,86016.0,0.033140469,35,9841,48054272,django__django-10973,lazy
1,1,1,0.71204447,returned,0,0.306725821,returned,0.0,4423680,52289536,,,,,,,,,,,,0.000166461,35,13430,75563008,django__django-10973,regular
2,1,2,0.291783688,returned,0,0.285907842,returned,0.0,51351552,65540096,,,,,,,,,,,,0.000170889,0,3994,0,django__django-10973,regular
3,2,1,0.181458037,returned,0,0.178196554,returned,0.0,51683328,65724416,,,,,,,,,,,,0.000156622,1,3967,90112,django__django-10973,regular
4,3,1,0.185464104,returned,0,0.177568701,returned,0.0,51871744,66232320,,,,,,,,,,,,0.000160389,0,4077,8192,django__django-10973,regular
5,4,1,0.198322135,returned,0,0.182899773,returned,0.0,52469760,72839168,,,,,,,,,,,,0.00014971,7,8902,36061184,django__django-10973,regular
6,5,1,0.181206386,returned,0,0.17776456,returned,0.0,70270976,84213760,,,,,,,,,,,,0.00014998,0,3963,0,django__django-10973,regular
7,7,1,0.181495306,Submitted,0,0.178681516,Submitted,,70041600,84148224,,,,,,,,,,,,0.000150041,0,4027,0,django__django-10973,regular
1,1,1,12.127491832,returned,0,10.025297155,returned,0.0,876544,153530368,6.0222e-05,0.020234122,0.020294344,0.0,3.0,4698112.0,3821568.0,876544.0,729088.0,147456.0,86016.0,0.022549091,39,347258,245694464,django__django-10999,lazy
2,2,1,0.257311537,returned,0,0.17675822,returned,0.0,4182016,41132032,0.000168645,0.334141947,0.334310592,1.0,4.0,149757952.0,145575936.0,4182016.0,3796992.0,385024.0,90112.0,0.335050132,35,9872,48119808,django__django-10999,lazy
3,3,1,0.258491458,returned,0,0.178410509,returned,0.0,2859008,40824832,0.000408332,0.077360134,0.077768466,1.0,3.0,27295744.0,24436736.0,2859008.0,2011136.0,847872.0,90112.0,0.078446391,34,9767,47120384,django__django-10999,lazy
4,4,1,0.277490683,returned,1,0.189671636,returned,1.0,2752512,40673280,0.000675,0.045907249,0.046582249,2.0,3.0,26689536.0,23937024.0,2752512.0,1937408.0,815104.0,90112.0,0.047193639,36,11784,58032128,django__django-10999,lazy
5,5,1,0.254241908,returned,0,0.17952169,returned,0.0,2887680,40833024,0.000412029,0.05345289,0.053864919,2.0,3.0,32243712.0,29356032.0,2887680.0,2093056.0,794624.0,90112.0,0.054476931,35,9766,47013888,django__django-10999,lazy
6,6,1,0.3452039,returned,0,0.242393802,returned,0.0,2891776,53559296,0.0004286,0.056174809,0.056603409,2.0,3.0,27070464.0,24178688.0,2891776.0,1970176.0,921600.0,90112.0,0.057246118,49,16313,83640320,django__django-10999,lazy
7,7,1,0.25793853,returned,0,0.180759937,returned,0.0,3502080,40951808,0.002464138,0.092709969,0.095174107,10.0,3.0,46051328.0,42549248.0,3502080.0,2523136.0,978944.0,90112.0,0.095957709,38,9996,48947200,django__django-10999,lazy
8,8,1,0.342469321,returned,0,0.235103902,returned,0.0,3039232,52662272,0.000919055,0.058803786,0.059722841,11.0,3.0,28151808.0,25112576.0,3039232.0,2019328.0,1019904.0,90112.0,0.060324234,49,16158,83361792,django__django-10999,lazy
9,9,1,0.260269226,returned,0,0.181764037,returned,0.0,3457024,40955904,0.000752164,0.076464559,0.077216723,11.0,3.0,45678592.0,42221568.0,3457024.0,2523136.0,933888.0,90112.0,0.077813507,35,9799,46850048,django__django-10999,lazy
10,10,1,0.340698085,returned,0,0.231285183,returned,0.0,2899968,52359168,0.000710637,0.037054381,0.037765018,11.0,3.0,27275264.0,24375296.0,2899968.0,1994752.0,905216.0,90112.0,0.038393812,49,16077,83312640,django__django-10999,lazy
11,11,1,0.260127382,returned,0,0.176252791,returned,0.0,3518464,40910848,0.000628794,0.074530098,0.075158892,11.0,3.0,45772800.0,42254336.0,3518464.0,2523136.0,995328.0,90112.0,0.0758383,38,10009,48652288,django__django-10999,lazy
12,12,1,0.344822253,returned,0,0.231433473,returned,0.0,2928640,52432896,0.000798435,0.06115791,0.061956345,11.0,3.0,27893760.0,24965120.0,2928640.0,2027520.0,901120.0,90112.0,0.062579408,49,16156,83419136,django__django-10999,lazy
13,13,1,0.249290154,returned,0,0.180627278,returned,0.0,2478080,39948288,0.000777281,0.130322023,0.131099304,11.0,4.0,45694976.0,43216896.0,2478080.0,1388544.0,1089536.0,90112.0,0.131706487,36,9576,45711360,django__django-10999,lazy
14,14,1,0.259019454,returned,0,0.178279216,returned,0.0,3166208,40837120,0.000507918,0.048467333,0.048975251,11.0,3.0,26640384.0,23474176.0,3166208.0,2142208.0,1024000.0,90112.0,0.049615115,38,9997,48726016,django__django-10999,lazy
15,15,1,0.25593126,returned,0,0.180467042,returned,0.0,3035136,40960000,0.000879221,0.049316278,0.050195499,11.0,3.0,27828224.0,24793088.0,3035136.0,1990656.0,1044480.0,90112.0,0.05081735,36,9902,47898624,django__django-10999,lazy
16,16,1,0.340601284,returned,0,0.229354956,returned,0.0,3018752,52645888,0.000668658,0.049562658,0.050231316,11.0,3.0,27791360.0,24772608.0,3018752.0,2007040.0,1011712.0,90112.0,0.050981817,49,16148,83353600,django__django-10999,lazy
17,17,1,0.253083184,returned,0,0.17727282,returned,0.0,3481600,40939520,0.000827174,0.075466616,0.07629379,11.0,3.0,45830144.0,42348544.0,3481600.0,2527232.0,954368.0,90112.0,0.076925359,35,9717,46678016,django__django-10999,lazy
18,18,1,0.279273858,returned,0,0.192755159,returned,0.0,2904064,40812544,0.000927371,0.048757795,0.049685166,12.0,3.0,27066368.0,24162304.0,2904064.0,1986560.0,917504.0,90112.0,0.050274346,38,12012,59293696,django__django-10999,lazy
19,19,1,0.258657578,returned,0,0.179199934,returned,0.0,3047424,41021440,0.000721787,0.057843644,0.058565431,12.0,3.0,32952320.0,29904896.0,3047424.0,2101248.0,946176.0,90112.0,0.05922386,35,9825,46940160,django__django-10999,lazy
20,20,1,0.341397691,returned,0,0.230146257,returned,0.0,2846720,52662272,0.000912844,0.056005072,0.056917916,13.0,5.0,27099136.0,24252416.0,2846720.0,1961984.0,884736.0,90112.0,0.057564623,49,16190,83607552,django__django-10999,lazy
21,21,1,0.273379616,returned,0,0.186454609,returned,0.0,3444736,48500736,0.000692432,0.053627515,0.054319947,13.0,3.0,45928448.0,42483712.0,3444736.0,2531328.0,913408.0,90112.0,0.054992732,41,14215,79929344,django__django-10999,lazy
22,22,1,0.254250633,returned,0,0.179509033,returned,0.0,3072000,40861696,0.001032292,0.068716948,0.06974924,14.0,3.0,44146688.0,41074688.0,3072000.0,2113536.0,958464.0,90112.0,0.07034353,35,9679,46678016,django__django-10999,lazy
23,23,1,0.257228215,Submitted,0,0.178539327,Submitted,,1998848,40738816,0.000692994,0.053380773,0.054073767,14.0,4.0,26918912.0,24920064.0,1998848.0,1982464.0,16384.0,90112.0,0.054662496,35,9905,47898624,django__django-10999,lazy
1,1,1,12.210071262,returned,0,10.025297155,returned,0.0,4390912,157650944,,,,,,,,,,,,0.000168354,35,356453,240705536,django__django-10999,regular
2,2,1,0.186709746,returned,0,0.17675822,returned,0.0,153559040,165642240,,,,,,,,,,,,0.000175668,1,4055,73728,django__django-10999,regular
3,3,1,0.18438935,returned,0,0.178410509,returned,0.0,151478272,165867520,,,,,,,,,,,,0.000173142,0,4003,0,django__django-10999,regular
4,4,1,0.205558416,returned,1,0.189671636,returned,1.0,151601152,165752832,,,,,,,,,,,,0.000201386,2,6114,11829248,django__django-10999,regular
5,5,1,0.182748567,returned,0,0.17952169,returned,0.0,157663232,171831296,,,,,,,,,,,,0.000174656,0,4068,0,django__django-10999,regular
6,6,1,0.263644286,returned,0,0.242393802,returned,0.0,157966336,172064768,,,,,,,,,,,,0.000172983,9,7622,12099584,django__django-10999,regular
7,7,1,0.183724218,returned,0,0.180759937,returned,0.0,164159488,178589696,,,,,,,,,,,,0.000216284,2,4023,303104,django__django-10999,regular
8,8,1,0.236013677,returned,0,0.235103902,returned,0.0,164581376,178647040,,,,,,,,,,,,0.000167994,0,5883,0,django__django-10999,regular
9,9,1,0.18141063,returned,0,0.181764037,returned,0.0,164216832,178601984,,,,,,,,,,,,0.000174496,0,4059,0,django__django-10999,regular
10,10,1,0.243842692,returned,0,0.231285183,returned,0.0,164610048,178720768,,,,,,,,,,,,0.000161642,0,5884,0,django__django-10999,regular
11,11,1,0.182056295,returned,0,0.176252791,returned,0.0,164438016,178593792,,,,,,,,,,,,0.000154929,0,4050,0,django__django-10999,regular
12,12,1,0.240455379,returned,0,0.231433473,returned,0.0,164528128,178466816,,,,,,,,,,,,0.000157113,0,5886,0,django__django-10999,regular
13,13,1,0.182493952,returned,0,0.180627278,returned,0.0,164089856,178225152,,,,,,,,,,,,0.000173264,0,3986,0,django__django-10999,regular
14,14,1,0.187412033,returned,0,0.178279216,returned,0.0,164220928,178421760,,,,,,,,,,,,0.000167312,0,4034,8192,django__django-10999,regular
15,15,1,0.183673995,returned,0,0.180467042,returned,0.0,164376576,178995200,,,,,,,,,,,,0.000159247,0,3981,0,django__django-10999,regular
16,16,1,0.242741797,returned,0,0.229354956,returned,0.0,164958208,178966528,,,,,,,,,,,,0.000162443,0,5885,0,django__django-10999,regular
17,17,1,0.183329202,returned,0,0.17727282,returned,0.0,164786176,179204096,,,,,,,,,,,,0.000159056,0,4003,0,django__django-10999,regular
18,18,1,0.198005403,returned,0,0.192755159,returned,0.0,165113856,179052544,,,,,,,,,,,,0.000176139,0,4757,0,django__django-10999,regular
19,19,1,0.182933492,returned,0,0.179199934,returned,0.0,164917248,179003392,,,,,,,,,,,,0.000175027,0,4009,0,django__django-10999,regular
20,20,1,0.238952408,returned,0,0.230146257,returned,0.0,164962304,178843648,,,,,,,,,,,,0.000157143,0,5950,0,django__django-10999,regular
21,21,1,0.191332962,returned,0,0.186454609,returned,0.0,164970496,178999296,,,,,,,,,,,,0.000169777,1,5536,8396800,django__django-10999,regular
22,22,1,0.182712503,returned,0,0.179509033,returned,0.0,169607168,183730176,,,,,,,,,,,,0.000168203,0,4022,0,django__django-10999,regular
23,23,1,0.180420573,Submitted,0,0.178539327,Submitted,,169422848,183980032,,,,,,,,,,,,0.000172802,0,3964,0,django__django-10999,regular
1,1,1,0.723255818,returned,0,0.308445526,returned,0.0,864256,51625984,6.6745e-05,0.008418243,0.008484988,0.0,3.0,4378624.0,3514368.0,864256.0,720896.0,143360.0,61440.0,0.010668797,39,13969,80445440,django__django-11066,lazy
2,2,1,0.260860375,returned,0,0.179371567,returned,0.0,9039872,41037824,0.000469637,0.099207706,0.099677343,1.0,3.0,50470912.0,41431040.0,9039872.0,8581120.0,458752.0,94208.0,0.100350321,35,9929,48603136,django__django-11066,lazy
3,3,1,0.256291971,returned,2,0.174127108,returned,2.0,2424832,40722432,0.000138468,0.04963662,0.049775088,1.0,3.0,27189248.0,24764416.0,2424832.0,1863680.0,561152.0,94208.0,0.050412489,34,9766,47669248,django__django-11066,lazy
4,4,1,0.269199641,returned,0,0.180707288,returned,0.0,2211840,40800256,0.000144941,0.055512864,0.055657805,1.0,3.0,26443776.0,24231936.0,2211840.0,1814528.0,397312.0,94208.0,0.056289886,38,10220,49848320,django__django-11066,lazy
5,5,1,0.25918234,returned,0,0.178156762,returned,0.0,2301952,40538112,0.000823519,0.058054011,0.05887753,2.0,3.0,27774976.0,25473024.0,2301952.0,1855488.0,446464.0,94208.0,0.05953117,36,10019,49291264,django__django-11066,lazy
6,6,1,0.273295019,returned,0,0.180880293,returned,0.0,2174976,49029120,0.000459147,0.047391066,0.047850213,2.0,3.0,27246592.0,25071616.0,2174976.0,1835008.0,339968.0,94208.0,0.048465913,41,14460,81854464,django__django-11066,lazy
7,7,1,0.261813976,returned,0,0.184599567,returned,0.0,2527232,40644608,0.000667055,0.044205526,0.044872581,3.0,3.0,44310528.0,41783296.0,2527232.0,1966080.0,561152.0,94208.0,0.04548794,35,9873,47693824,django__django-11066,lazy
8,9,1,0.265295739,Submitted,0,0.179430778,Submitted,,2306048,40665088,0.000510424,0.042747051,0.043257475,3.0,2.0,26640384.0,24334336.0,2306048.0,1822720.0,483328.0,94208.0,0.043895025,35,9872,47652864,django__django-11066,lazy
1,1,1,0.711285532,returned,0,0.308445526,returned,0.0,4325376,52383744,,,,,,,,,,,,0.0001874,35,13382,75161600,django__django-11066,regular
2,2,1,0.187945175,returned,0,0.179371567,returned,0.0,51101696,65572864,,,,,,,,,,,,0.000166952,1,3976,90112,django__django-11066,regular
3,3,1,0.184588851,returned,2,0.174127108,returned,2.0,51367936,65892352,,,,,,,,,,,,0.000153617,0,4001,0,django__django-11066,regular
4,4,1,0.185030345,returned,0,0.180707288,returned,0.0,51253248,65503232,,,,,,,,,,,,0.000174305,2,4134,303104,django__django-11066,regular
5,5,1,0.185213855,returned,0,0.178156762,returned,0.0,51568640,65785856,,,,,,,,,,,,0.000191227,0,4048,0,django__django-11066,regular
6,6,1,0.202959299,returned,0,0.180880293,returned,0.0,51441664,72744960,,,,,,,,,,,,0.000177001,6,8490,32702464,django__django-11066,regular
7,7,1,0.183790417,returned,0,0.184599567,returned,0.0,68149248,82112512,,,,,,,,,,,,0.000166351,0,4033,0,django__django-11066,regular
8,9,1,0.181901763,Submitted,0,0.179430778,Submitted,,67862528,82157568,,,,,,,,,,,,0.000159097,0,3965,0,django__django-11066,regular
1,1,1,0.707706767,returned,0,0.31035168,returned,0.0,901120,50544640,6.1545e-05,0.024964867,0.025026412,0.0,3.0,4616192.0,3715072.0,901120.0,724992.0,176128.0,61440.0,0.027474421,39,14030,80871424,django__django-11087,lazy
2,2,1,0.727477567,returned,0,0.292766459,returned,0.0,8060928,52498432,0.000467192,0.116859306,0.117326498,1.0,3.0,49356800.0,41295872.0,8060928.0,7516160.0,544768.0,90112.0,0.118010925,41,14332,82624512,django__django-11087,lazy
3,3,1,12.230835669,returned,0,10.145052766,returned,0.0,8929280,207106048,0.00013923,0.116309039,0.116448269,1.0,3.0,51269632.0,42340352.0,8929280.0,8208384.0,720896.0,90112.0,0.117144328,40,353335,352239616,django__django-11087,lazy
4,4,1,0.262836222,returned,0,0.178962454,returned,0.0,2813952,41549824,0.000139911,0.407991639,0.40813155,1.0,3.0,203718656.0,200904704.0,2813952.0,2248704.0,565248.0,90112.0,0.408862515,37,10224,50913280,django__django-11087,lazy
5,5,1,0.260614285,returned,0,0.173631483,returned,0.0,2908160,41902080,0.00041272,0.088888082,0.089300802,1.0,3.0,28811264.0,25903104.0,2908160.0,1986560.0,921600.0,90112.0,0.089959292,35,9909,48603136,django__django-11087,lazy
6,6,1,0.262625058,returned,0,0.172790451,returned,0.0,1892352,41029632,0.000344643,0.062287982,0.062632625,1.0,3.0,27992064.0,26099712.0,1892352.0,1892352.0,0.0,90112.0,0.06327324,35,10012,49111040,django__django-11087,lazy
7,7,1,0.259374763,returned,0,0.178486607,returned,0.0,2306048,40759296,0.000322983,0.073557362,0.073880345,1.0,3.0,27045888.0,24739840.0,2306048.0,1892352.0,413696.0,90112.0,0.07450468,36,10045,49537024,django__django-11087,lazy
8,8,1,0.260954261,returned,0,0.174914738,returned,0.0,2330624,40931328,0.000346106,0.05222425,0.052570356,1.0,3.0,27574272.0,25243648.0,2330624.0,1888256.0,442368.0,90112.0,0.05317245,36,9992,49160192,django__django-11087,lazy
9,9,1,0.263171348,returned,0,0.179356475,returned,0.0,2387968,40820736,0.000322732,0.042011722,0.042334454,1.0,3.0,27729920.0,25341952.0,2387968.0,1859584.0,528384.0,90112.0,0.042960222,36,10027,49340416,django__django-11087,lazy
10,10,1,0.257747015,returned,1,0.177206409,returned,1.0,2408448,40669184,0.000321781,0.043390395,0.043712176,1.0,3.0,27701248.0,25292800.0,2408448.0,1884160.0,524288.0,90112.0,0.044371666,36,10088,49340416,django__django-11087,lazy
11,11,1,0.268423344,returned,0,0.178038573,returned,0.0,2441216,41185280,0.000346257,0.038180361,0.038526618,1.0,3.0,27676672.0,25235456.0,2441216.0,1921024.0,520192.0,90112.0,0.039184736,41,10563,51912704,django__django-11087,lazy
12,12,1,0.259555988,returned,0,0.177630329,returned,0.0,2457600,40894464,0.000351737,0.041515601,0.041867338,1.0,3.0,29601792.0,27144192.0,2457600.0,1966080.0,491520.0,90112.0,0.042515567,36,10091,49250304,django__django-11087,lazy
13,13,1,0.261384304,returned,0,0.177370187,returned,0.0,2494464,40787968,0.000394456,0.059117869,0.059512325,1.0,3.0,27615232.0,25120768.0,2494464.0,1900544.0,593920.0,90112.0,0.060167478,36,10019,49266688,django__django-11087,lazy
14,14,1,0.263655803,returned,0,0.178571377,returned,0.0,2453504,41029632,0.000330025,0.039403962,0.039733987,1.0,3.0,27652096.0,25198592.0,2453504.0,1929216.0,524288.0,90112.0,0.040376556,36,10078,49266688,django__django-11087,lazy
15,15,1,0.265874755,returned,0,0.178196008,returned,0.0,2359296,40796160,0.000329946,0.037716853,0.038046799,1.0,3.0,27713536.0,25354240.0,2359296.0,1875968.0,483328.0,90112.0,0.038623544,36,10007,49266688,django__django-11087,lazy
16,16,1,0.266179864,returned,0,0.17923323,returned,0.0,2428928,41132032,0.000299239,0.047941412,0.048240651,1.0,3.0,27455488.0,25026560.0,2428928.0,1970176.0,458752.0,90112.0,0.048870988,36,10037,49266688,django__django-11087,lazy
17,17,1,0.265807709,returned,0,0.18068933,returned,0.0,2486272,41058304,0.000315598,0.048800957,0.049116555,1.0,3.0,27521024.0,25034752.0,2486272.0,1880064.0,606208.0,90112.0,0.049764154,38,10183,49537024,django__django-11087,lazy
18,18,1,0.253063998,returned,0,0.174863686,returned,0.0,1736704,39440384,0.000874501,0.095004727,0.095879228,2.0,3.0,27824128.0,26087424.0,1736704.0,1101824.0,634880.0,90112.0,0.096502331,36,9606,45875200,django__django-11087,lazy
19,19,1,0.265308287,returned,0,0.184127173,returned,0.0,2523136,47161344,0.00041247,0.071912665,0.072325135,2.0,3.0,26116096.0,23592960.0,2523136.0,1880064.0,643072.0,90112.0,0.072970709,41,14008,77545472,django__django-11087,lazy
20,20,1,0.25369755,returned,0,0.184586659,returned,0.0,2654208,38891520,0.000675226,0.093852165,0.094527391,3.0,3.0,42450944.0,39796736.0,2654208.0,1945600.0,708608.0,90112.0,0.09514865,35,9397,43769856,django__django-11087,lazy
21,21,1,0.256384725,Submitted,0,0.174189294,Submitted,,2486272,40947712,0.000488963,0.061707912,0.062196875,3.0,3.0,24891392.0,22405120.0,2486272.0,1875968.0,610304.0,90112.0,0.062860744,35,9791,47554560,django__django-11087,lazy
1,1,1,0.729387783,returned,0,0.31035168,returned,0.0,4382720,51937280,,,,,,,,,,,,0.000159087,35,13339,74653696,django__django-11087,regular
2,2,1,0.328690051,returned,0,0.292766459,returned,0.0,50417664,64720896,,,,,,,,,,,,0.000169907,2,4521,2236416,django__django-11087,regular
3,3,1,11.417952888,returned,0,10.145052766,returned,0.0,52506624,211046400,,,,,,,,,,,,0.000172802,0,343519,270245888,django__django-11087,regular
4,4,1,0.185922275,returned,0,0.178962454,returned,0.0,207802368,219160576,,,,,,,,,,,,0.000173695,1,4011,278528,django__django-11087,regular
5,5,1,0.183654068,returned,0,0.173631483,returned,0.0,205156352,219496448,,,,,,,,,,,,0.000298006,1,4041,73728,django__django-11087,regular
6,6,1,0.1856025,returned,0,0.172790451,returned,0.0,205242368,219267072,,,,,,,,,,,,0.000184735,0,3988,0,django__django-11087,regular
7,7,1,0.187238639,returned,0,0.178486607,returned,0.0,205201408,219398144,,,,,,,,,,,,0.000178904,0,4041,0,django__django-11087,regular
8,8,1,0.18392786,returned,0,0.174914738,returned,0.0,205172736,219119616,,,,,,,,,,,,0.000178564,0,3980,0,django__django-11087,regular
9,9,1,0.181452335,returned,0,0.179356475,returned,0.0,205049856,219385856,,,,,,,,,,,,0.000173804,0,4004,0,django__django-11087,regular
10,10,1,0.181986969,returned,1,0.177206409,returned,1.0,205176832,219197440,,,,,,,,,,,,0.00017684,0,3995,0,django__django-11087,regular
11,11,1,0.184227384,returned,0,0.178038573,returned,0.0,205234176,219631616,,,,,,,,,,,,0.000161312,0,4271,0,django__django-11087,regular
12,12,1,0.184219815,returned,0,0.177630329,returned,0.0,206086144,219467776,,,,,,,,,,,,0.000179585,0,3985,0,django__django-11087,regular
13,13,1,0.184558968,returned,0,0.177370187,returned,0.0,205197312,219746304,,,,,,,,,,,,0.00017148,0,4049,0,django__django-11087,regular
14,14,1,0.187480439,returned,0,0.178571377,returned,0.0,205815808,219979776,,,,,,,,,,,,0.000156472,0,3991,0,django__django-11087,regular
15,15,1,0.186767238,returned,0,0.178196008,returned,0.0,205848576,219930624,,,,,,,,,,,,0.000171109,0,3990,0,django__django-11087,regular
16,16,1,0.184852336,returned,0,0.17923323,returned,0.0,205733888,220106752,,,,,,,,,,,,0.000161892,0,4055,0,django__django-11087,regular
17,17,1,0.187521937,returned,0,0.18068933,returned,0.0,205877248,220024832,,,,,,,,,,,,0.000176269,2,4148,303104,django__django-11087,regular
18,18,1,0.185905911,returned,0,0.174863686,returned,0.0,206295040,219725824,,,,,,,,,,,,0.000184123,0,4055,0,django__django-11087,regular
19,19,1,0.195527366,returned,0,0.184127173,returned,0.0,205697024,219996160,,,,,,,,,,,,0.000178192,2,5410,7815168,django__django-11087,regular
20,20,1,0.184939087,returned,0,0.184586659,returned,0.0,209952768,223727616,,,,,,,,,,,,0.000244797,0,3969,0,django__django-11087,regular
21,21,1,0.18277843,Submitted,0,0.174189294,Submitted,,209555456,223789056,,,,,,,,,,,,0.00015546,0,4048,0,django__django-11087,regular
1,1,1,0.270976073,returned,0,0.180398642,returned,0.0,856064,40718336,7.0582e-05,0.016190676,0.016261258,0.0,2.0,4407296.0,3551232.0,856064.0,724992.0,131072.0,61440.0,0.019946796,37,10239,51036160,django__django-11095,lazy
2,2,1,0.60567765,returned,0,0.271588331,returned,0.0,2285568,46116864,0.000398213,0.047109169,0.047507382,1.0,3.0,28123136.0,25837568.0,2285568.0,1916928.0,368640.0,94208.0,0.048132599,41,13227,73064448,django__django-11095,lazy
3,3,1,0.267418533,returned,0,0.180135699,returned,0.0,7127040,41168896,0.00013953,0.087731554,0.087871084,1.0,2.0,44769280.0,37642240.0,7127040.0,6967296.0,159744.0,94208.0,0.088526958,36,10268,50585600,django__django-11095,lazy
4,4,1,0.26108897,returned,0,0.173019092,returned,0.0,2461696,40882176,0.00013893,0.047131542,0.047270472,1.0,3.0,28020736.0,25559040.0,2461696.0,1859584.0,602112.0,94208.0,0.047904895,36,10087,49815552,django__django-11095,lazy
5,5,1,0.260550154,returned,0,0.179767842,returned,0.0,2482176,40894464,0.000122589,0.051912093,0.052034682,1.0,3.0,27840512.0,25358336.0,2482176.0,1871872.0,610304.0,94208.0,0.052630324,36,10051,49471488,django__django-11095,lazy
6,6,1,0.254136665,returned,0,0.17846256,returned,0.0,2420736,40886272,0.000121667,0.044616788,0.044738455,1.0,3.0,27623424.0,25202688.0,2420736.0,1851392.0,569344.0,94208.0,0.045354464,36,10113,49504256,django__django-11095,lazy
7,7,1,0.259624437,returned,0,0.179468826,returned,0.0,2375680,40595456,0.000122268,0.050726391,0.050848659,1.0,3.0,27774976.0,25399296.0,2375680.0,1880064.0,495616.0,94208.0,0.05146546,37,10157,49594368,django__django-11095,lazy
8,8,1,0.258085325,returned,0,0.179367896,returned,0.0,2355200,40787968,0.000135814,0.030692621,0.030828435,1.0,3.0,27860992.0,25505792.0,2355200.0,1875968.0,479232.0,94208.0,0.031446588,38,10208,49496064,django__django-11095,lazy
9,9,1,0.253775125,returned,0,0.181680005,returned,0.0,2301952,39907328,0.000143378,0.055394122,0.0555375,1.0,3.0,27897856.0,25595904.0,2301952.0,1855488.0,446464.0,94208.0,0.056167225,37,10006,47702016,django__django-11095,lazy
10,11,1,0.258632005,returned,0,0.182446252,returned,0.0,2240512,40611840,0.000139962,0.04706154,0.047201502,1.0,3.0,26767360.0,24526848.0,2240512.0,1839104.0,401408.0,94208.0,0.047852517,38,10185,50044928,django__django-11095,lazy
11,13,1,0.449023702,returned,0,0.219676369,returned,0.0,2277376,40943616,0.000133178,0.057540538,0.057673716,1.0,3.0,27787264.0,25509888.0,2277376.0,1863680.0,413696.0,94208.0,0.058351632,41,12652,67846144,django__django-11095,lazy
12,14,1,0.4329289,returned,0,0.221145526,returned,0.0,5242880,41283584,0.000146483,0.075340468,0.075486951,1.0,3.0,39600128.0,34357248.0,5242880.0,4767744.0,475136.0,94208.0,0.07613447,41,12613,67469312,django__django-11095,lazy
13,15,1,0.266344332,returned,0,0.184282336,returned,0.0,5349376,41021440,0.000143838,0.062141405,0.062285243,1.0,3.0,39886848.0,34537472.0,5349376.0,4775936.0,573440.0,94208.0,0.062935337,41,10542,51666944,django__django-11095,lazy
14,16,1,0.253771182,returned,0,0.178629336,returned,0.0,2637824,41066496,0.000149218,0.048906324,0.049055542,1.0,3.0,29544448.0,26906624.0,2637824.0,1961984.0,675840.0,94208.0,0.049729641,38,10206,49455104,django__django-11095,lazy
15,17,1,0.253852014,returned,0,0.173872816,returned,0.0,2580480,40968192,0.000468745,0.048815304,0.049284049,1.0,3.0,28028928.0,25448448.0,2580480.0,1871872.0,708608.0,94208.0,0.04991169,36,10000,49086464,django__django-11095,lazy
16,18,1,0.251517887,returned,0,0.186165648,returned,0.0,1851392,39428096,0.000332251,0.103446742,0.103778993,1.0,4.0,27648000.0,25796608.0,1851392.0,1105920.0,745472.0,94208.0,0.104415511,36,9649,46063616,django__django-11095,lazy
17,21,1,0.251326614,returned,0,0.182445178,returned,0.0,2543616,40890368,0.000136525,0.040029006,0.040165531,1.0,3.0,26103808.0,23560192.0,2543616.0,1880064.0,663552.0,94208.0,0.040784406,35,9837,47538176,django__django-11095,lazy
18,22,1,0.281197559,returned,1,0.199066454,returned,1.0,2494464,41005056,0.000758135,0.054969678,0.055727813,2.0,3.0,26873856.0,24379392.0,2494464.0,1875968.0,618496.0,94208.0,0.056349513,37,12030,59359232,django__django-11095,lazy
19,23,1,0.257165534,returned,0,0.179733289,returned,0.0,2662400,41091072,0.000386391,0.048912415,0.049298806,2.0,3.0,32686080.0,30023680.0,2662400.0,2015232.0,647168.0,94208.0,0.049932979,35,9860,47579136,django__django-11095,lazy
20,24,1,0.295688551,returned,0,0.197849054,returned,0.0,2600960,41099264,0.000599769,0.048591526,0.049191295,3.0,3.0,27099136.0,24498176.0,2600960.0,1900544.0,700416.0,94208.0,0.049814458,37,12445,60604416,django__django-11095,lazy
21,25,1,0.257780211,returned,0,0.183459257,returned,0.0,2801664,40910848,0.000594169,0.036047899,0.036642068,4.0,3.0,33673216.0,30871552.0,2801664.0,2109440.0,692224.0,94208.0,0.037260251,36,10080,49569792,django__django-11095,lazy
22,26,1,0.256221642,returned,0,0.177827349,returned,0.0,2506752,40951808,0.000485306,0.03798856,0.038473866,4.0,3.0,27803648.0,25296896.0,2506752.0,1912832.0,593920.0,94208.0,0.039096858,35,9862,47693824,django__django-11095,lazy
23,27,1,0.294956847,returned,0,0.206032256,returned,0.0,2551808,40816640,0.000738157,0.045732752,0.046470909,5.0,3.0,26927104.0,24375296.0,2551808.0,1863680.0,688128.0,94208.0,0.047097128,37,12455,60538880,django__django-11095,lazy
24,28,1,0.257127473,returned,0,0.179548581,returned,0.0,2764800,40906752,0.000534778,0.070096396,0.070631174,5.0,3.0,33280000.0,30515200.0,2764800.0,2109440.0,655360.0,94208.0,0.071265908,36,10109,49455104,django__django-11095,lazy
25,29,1,0.256779984,returned,0,0.177332711,returned,0.0,2584576,40726528,0.000507618,0.031786316,0.032293934,5.0,3.0,27824128.0,25239552.0,2584576.0,1937408.0,647168.0,94208.0,0.032893252,35,9837,47652864,django__django-11095,lazy
26,30,1,0.29044698,returned,0,0.199693185,returned,0.0,2461696,40861696,0.000722709,0.03146174,0.032184449,6.0,3.0,26828800.0,24367104.0,2461696.0,1875968.0,585728.0,94208.0,0.032832398,37,12399,60547072,django__django-11095,lazy
27,31,1,0.261584531,returned,0,0.181571788,returned,0.0,2629632,40759296,0.000608726,0.055152589,0.055761315,6.0,3.0,33230848.0,30601216.0,2629632.0,2109440.0,520192.0,94208.0,0.056448718,36,10059,49594368,django__django-11095,lazy
28,32,1,0.260131027,returned,0,0.179949378,returned,0.0,2404352,40796160,0.000535248,0.044124951,0.044660199,6.0,3.0,27627520.0,25223168.0,2404352.0,1871872.0,532480.0,94208.0,0.045301767,35,9846,47726592,django__django-11095,lazy
29,33,1,0.296219501,returned,0,0.199544048,returned,0.0,2363392,40837120,0.000939683,0.028817386,0.029757069,7.0,3.0,26726400.0,24363008.0,2363392.0,1851392.0,512000.0,94208.0,0.030452117,37,12542,60686336,django__django-11095,lazy
30,34,1,0.256245097,returned,0,0.178426226,returned,0.0,2785280,40845312,0.000613956,0.035745485,0.036359441,7.0,4.0,33275904.0,30490624.0,2785280.0,2117632.0,667648.0,94208.0,0.036972033,36,10036,49299456,django__django-11095,lazy
31,35,1,0.256156199,returned,0,0.17930184,returned,0.0,2478080,41107456,0.000531572,0.047015646,0.047547218,7.0,3.0,27590656.0,25112576.0,2478080.0,1884160.0,593920.0,94208.0,0.048191561,35,9886,47464448,django__django-11095,lazy
32,36,1,0.290762584,returned,0,0.202096559,returned,0.0,2383872,40984576,0.000751041,0.055410932,0.056161973,8.0,3.0,26746880.0,24363008.0,2383872.0,1867776.0,516096.0,94208.0,0.056764918,37,12452,60620800,django__django-11095,lazy
33,37,1,0.262705121,returned,0,0.17854523,returned,0.0,2105344,40923136,0.000593547,0.05197461,0.052568157,8.0,3.0,33173504.0,31068160.0,2105344.0,2101248.0,4096.0,94208.0,0.053197621,36,10260,50593792,django__django-11095,lazy
34,38,1,0.257854309,returned,0,0.180465974,returned,0.0,2232320,40574976,0.000633813,0.046430874,0.047064687,8.0,3.0,27705344.0,25473024.0,2232320.0,1875968.0,356352.0,94208.0,0.047766136,35,9950,48013312,django__django-11095,lazy
35,39,1,0.280623198,returned,0,0.19331899,returned,0.0,2228224,40763392,0.000775467,0.042365267,0.043140734,9.0,3.0,26726400.0,24498176.0,2228224.0,1847296.0,380928.0,94208.0,0.043762655,36,12122,60022784,django__django-11095,lazy
36,40,1,0.262547628,returned,0,0.176375824,returned,0.0,2482176,40923136,0.000616721,0.068393798,0.069010519,9.0,3.0,32899072.0,30416896.0,2482176.0,2027520.0,454656.0,94208.0,0.069650584,36,10113,49520640,django__django-11095,lazy
37,41,1,0.253134907,returned,0,0.183473951,returned,0.0,1626112,39739392,0.000574602,0.099762646,0.100337248,9.0,5.0,27574272.0,25948160.0,1626112.0,958464.0,667648.0,94208.0,0.100950502,36,9785,47259648,django__django-11095,lazy
38,42,1,0.258023165,returned,0,0.177843182,returned,0.0,2293760,40923136,0.000355182,0.038564615,0.038919797,9.0,3.0,26431488.0,24137728.0,2293760.0,1867776.0,425984.0,94208.0,0.039549914,38,10164,49897472,django__django-11095,lazy
39,43,1,0.255562312,returned,0,0.181535203,returned,0.0,2482176,40624128,0.000578941,0.040693858,0.041272799,9.0,3.0,27889664.0,25407488.0,2482176.0,1908736.0,573440.0,94208.0,0.041896132,35,9896,47546368,django__django-11095,lazy
40,44,1,0.277840015,returned,0,0.196398937,returned,0.0,1789952,39919616,0.000814881,0.073473688,0.074288569,10.0,3.0,26570752.0,24780800.0,1789952.0,1347584.0,442368.0,94208.0,0.07493205,36,11990,58499072,django__django-11095,lazy
41,45,1,0.257259018,returned,0,0.179034778,returned,0.0,2506752,41271296,0.000614076,0.064061885,0.064675961,10.0,3.0,32284672.0,29777920.0,2506752.0,2031616.0,475136.0,94208.0,0.065312489,35,9900,47595520,django__django-11095,lazy
42,46,1,0.280950413,returned,0,0.192917717,returned,0.0,2396160,40644608,0.00084681,0.048053191,0.048900001,11.0,4.0,27103232.0,24707072.0,2396160.0,1880064.0,516096.0,94208.0,0.049504009,36,12089,59932672,django__django-11095,lazy
43,47,1,0.262716948,returned,0,0.180720826,returned,0.0,2523136,40837120,0.000615218,0.041538803,0.042154021,11.0,3.0,32788480.0,30265344.0,2523136.0,2019328.0,503808.0,94208.0,0.042756125,36,10119,49471488,django__django-11095,lazy
44,48,1,0.256782425,returned,0,0.180920117,returned,0.0,2371584,40906752,0.000552622,0.043858331,0.044410953,11.0,3.0,27664384.0,25292800.0,2371584.0,1871872.0,499712.0,94208.0,0.045043623,35,9899,47693824,django__django-11095,lazy
45,49,1,0.277713472,returned,0,0.193402859,returned,0.0,2318336,40833024,0.000813227,0.050021632,0.050834859,12.0,3.0,26980352.0,24662016.0,2318336.0,1863680.0,454656.0,94208.0,0.05143528,36,12190,60039168,django__django-11095,lazy
46,50,1,0.255507726,returned,0,0.177846852,returned,0.0,2523136,40828928,0.000712018,0.053355112,0.05406713,12.0,3.0,32886784.0,30363648.0,2523136.0,2011136.0,512000.0,94208.0,0.05470445,36,10067,49618944,django__django-11095,lazy
47,51,1,0.256653364,returned,0,0.183488455,returned,0.0,2387968,40988672,0.000635806,0.056845736,0.057481542,12.0,3.0,27598848.0,25210880.0,2387968.0,1859584.0,528384.0,94208.0,0.058120364,35,9913,47775744,django__django-11095,lazy
48,52,1,0.280915438,returned,0,0.196757837,returned,0.0,2351104,40800256,0.000802548,0.02933509,0.030137638,13.0,3.0,26787840.0,24436736.0,2351104.0,1859584.0,491520.0,94208.0,0.030759047,36,12114,60039168,django__django-11095,lazy
49,53,1,0.257408067,returned,0,0.180981017,returned,0.0,2519040,40845312,0.000662567,0.037440104,0.038102671,13.0,2.0,32874496.0,30355456.0,2519040.0,2015232.0,503808.0,94208.0,0.038748145,36,10062,49610752,django__django-11095,lazy
50,54,1,0.262598036,returned,0,0.176882192,returned,0.0,2359296,40747008,0.00067535,0.032018438,0.032693788,13.0,3.0,27566080.0,25206784.0,2359296.0,1884160.0,475136.0,94208.0,0.033447144,35,9848,47742976,django__django-11095,lazy
51,55,1,0.279862373,returned,0,0.192958832,returned,0.0,2338816,39923712,0.000819119,0.062262083,0.063081202,14.0,4.0,26902528.0,24563712.0,2338816.0,1859584.0,479232.0,94208.0,0.063718741,36,12006,58728448,django__django-11095,lazy
52,56,1,0.256811258,returned,0,0.176085981,returned,0.0,2535424,40071168,0.000668377,0.07482716,0.075495537,14.0,2.0,32133120.0,29597696.0,2535424.0,2007040.0,528384.0,94208.0,0.076105194,36,9922,47808512,django__django-11095,lazy
53,57,1,0.257466431,returned,0,0.18231554,returned,0.0,2461696,40468480,0.000688725,0.062545502,0.063234227,14.0,3.0,26918912.0,24457216.0,2461696.0,1908736.0,552960.0,94208.0,0.063872438,35,9752,46882816,django__django-11095,lazy
54,58,1,0.281592821,returned,0,0.195288773,returned,0.0,1540096,40001536,0.000877036,0.077604964,0.078482,15.0,5.0,26505216.0,24965120.0,1540096.0,970752.0,569344.0,94208.0,0.07909844,36,11905,58171392,django__django-11095,lazy
55,59,1,0.256621736,returned,0,0.179060014,returned,0.0,2580480,40869888,0.000673256,0.050359041,0.051032297,15.0,3.0,32268288.0,29687808.0,2580480.0,2035712.0,544768.0,94208.0,0.0516663,36,10063,49553408,django__django-11095,lazy
56,60,1,0.276301929,returned,0,0.182145371,returned,0.0,2412544,49119232,0.000675311,0.058130723,0.058806034,15.0,3.0,27729920.0,25317376.0,2412544.0,1896448.0,516096.0,94208.0,0.05942026,42,14600,80863232,django__django-11095,lazy
57,61,1,0.255304276,returned,0,0.175233859,returned,0.0,2510848,41013248,0.000858001,0.067114769,0.06797277,16.0,4.0,43524096.0,41013248.0,2510848.0,1970176.0,540672.0,94208.0,0.068611652,35,9869,47718400,django__django-11095,lazy
58,62,1,0.275681701,returned,0,0.187944941,returned,0.0,2469888,48246784,0.000679478,0.035145052,0.03582453,16.0,3.0,27029504.0,24559616.0,2469888.0,1871872.0,598016.0,94208.0,0.036442984,44,14869,82976768,django__django-11095,lazy
59,63,1,0.257609569,returned,0,0.179407431,returned,0.0,2494464,40538112,0.000755419,0.04740522,0.048160639,16.0,3.0,44740608.0,42246144.0,2494464.0,2002944.0,491520.0,94208.0,0.048784283,35,9859,47710208,django__django-11095,lazy
60,64,1,0.257477386,Submitted,0,0.177152154,Submitted,,2359296,40738816,0.000716247,0.030970622,0.031686869,16.0,3.0,26566656.0,24207360.0,2359296.0,1855488.0,503808.0,94208.0,0.032312516,35,9815,47661056,django__django-11095,lazy
1,1,1,0.269303703,returned,0,0.180398642,returned,0.0,4349952,41029632,,,,,,,,,,,,0.000168585,33,9474,44736512,django__django-11095,regular
2,2,1,0.534747057,returned,0,0.271588331,returned,0.0,28397568,47468544,,,,,,,,,,,,0.000171981,5,7098,23027712,django__django-11095,regular
3,3,1,0.188978509,returned,0,0.180135699,returned,0.0,45920256,59887616,,,,,,,,,,,,0.000541622,0,4021,188416,django__django-11095,regular
4,4,1,0.184209881,returned,0,0.173019092,returned,0.0,46026752,60461056,,,,,,,,,,,,0.000172321,0,4065,0,django__django-11095,regular
5,5,1,0.18703867,returned,0,0.179767842,returned,0.0,46469120,60354560,,,,,,,,,,,,0.000161581,0,4012,0,django__django-11095,regular
6,6,1,0.184785184,returned,0,0.17846256,returned,0.0,46235648,60235776,,,,,,,,,,,,0.000157013,0,4058,0,django__django-11095,regular
7,7,1,0.182843862,returned,0,0.179468826,returned,0.0,46243840,60350464,,,,,,,,,,,,0.000151523,1,4106,90112,django__django-11095,regular
8,8,1,0.186662909,returned,0,0.179367896,returned,0.0,46649344,60403712,,,,,,,,,,,,0.000148888,0,4102,0,django__django-11095,regular
9,9,1,0.184744688,returned,0,0.181680005,returned,0.0,46686208,60325888,,,,,,,,,,,,0.000154618,0,4168,0,django__django-11095,regular
10,11,1,0.185430299,returned,0,0.182446252,returned,0.0,46563328,60403712,,,,,,,,,,,,0.000178193,2,4095,303104,django__django-11095,regular
11,13,1,0.358888416,returned,0,0.219676369,returned,0.0,46551040,60678144,,,,,,,,,,,,0.000173103,1,6340,16384000,django__django-11095,regular
12,14,1,0.227793161,returned,0,0.221145526,returned,0.0,58019840,71852032,,,,,,,,,,,,0.00017147,0,4272,0,django__django-11095,regular
13,15,1,0.184040219,returned,0,0.184282336,returned,0.0,58142720,71704576,,,,,,,,,,,,0.000256469,1,4217,204800,django__django-11095,regular
14,16,1,0.192324098,returned,0,0.178629336,returned,0.0,58281984,71188480,,,,,,,,,,,,0.000148697,0,4177,0,django__django-11095,regular
15,17,1,0.1844219,returned,0,0.173872816,returned,0.0,57327616,71290880,,,,,,,,,,,,0.000174876,0,3996,0,django__django-11095,regular
16,18,1,0.181779889,returned,0,0.186165648,returned,0.0,57188352,71618560,,,,,,,,,,,,0.000191838,0,4066,0,django__django-11095,regular
17,21,1,0.185568298,returned,0,0.182445178,returned,0.0,57413632,71311360,,,,,,,,,,,,0.000178062,1,4092,73728,django__django-11095,regular
18,22,1,0.206459963,returned,1,0.199066454,returned,1.0,57614336,71389184,,,,,,,,,,,,0.000154237,3,6278,11943936,django__django-11095,regular
19,23,1,0.180401166,returned,0,0.179733289,returned,0.0,63258624,77418496,,,,,,,,,,,,0.000174887,0,4006,0,django__django-11095,regular
20,24,1,0.205412393,returned,0,0.197849054,returned,0.0,63524864,77615104,,,,,,,,,,,,0.000158005,1,5190,614400,django__django-11095,regular
21,25,1,0.181784568,returned,0,0.183459257,returned,0.0,63901696,77836288,,,,,,,,,,,,0.000175688,0,4049,0,django__django-11095,regular
22,26,1,0.183604724,returned,0,0.177827349,returned,0.0,63991808,78000128,,,,,,,,,,,,0.000199653,0,4070,0,django__django-11095,regular
23,27,1,0.20324316,returned,0,0.206032256,returned,0.0,64012288,78266368,,,,,,,,,,,,0.000160169,0,5113,0,django__django-11095,regular
24,28,1,0.18660036,returned,0,0.179548581,returned,0.0,64073728,78307328,,,,,,,,,,,,0.000170568,0,4064,0,django__django-11095,regular
25,29,1,0.181183687,returned,0,0.177332711,returned,0.0,64237568,78249984,,,,,,,,,,,,0.000188121,0,4010,0,django__django-11095,regular
26,30,1,0.208694949,returned,0,0.199693185,returned,0.0,64327680,78192640,,,,,,,,,,,,0.000151693,0,5051,0,django__django-11095,regular
27,31,1,0.182357527,returned,0,0.181571788,returned,0.0,63901696,78213120,,,,,,,,,,,,0.000174736,0,4065,0,django__django-11095,regular
28,32,1,0.188070579,returned,0,0.179949378,returned,0.0,64184320,78032896,,,,,,,,,,,,0.000178743,0,4070,0,django__django-11095,regular
29,33,1,0.209348092,returned,0,0.199544048,returned,0.0,64237568,78245888,,,,,,,,,,,,0.000172031,0,5062,40960,django__django-11095,regular
30,34,1,0.186366527,returned,0,0.178426226,returned,0.0,63995904,78118912,,,,,,,,,,,,0.000175608,0,4062,0,django__django-11095,regular
31,35,1,0.177929194,returned,0,0.17930184,returned,0.0,64151552,78155776,,,,,,,,,,,,0.000155369,0,4073,0,django__django-11095,regular
32,36,1,0.202242839,returned,0,0.202096559,returned,0.0,64229376,78225408,,,,,,,,,,,,0.000149959,0,5026,0,django__django-11095,regular
33,37,1,0.183522541,returned,0,0.17854523,returned,0.0,63983616,78270464,,,,,,,,,,,,0.00017143,0,4002,0,django__django-11095,regular
34,38,1,0.17887016,returned,0,0.180465974,returned,0.0,64368640,78352384,,,,,,,,,,,,0.000170398,0,4075,0,django__django-11095,regular
35,39,1,0.20187945,returned,0,0.19331899,returned,0.0,64315392,78909440,,,,,,,,,,,,0.000151493,0,4760,0,django__django-11095,regular
36,40,1,0.186572772,returned,0,0.176375824,returned,0.0,64946176,79101952,,,,,,,,,,,,0.000176409,0,4058,0,django__django-11095,regular
37,41,1,0.188257697,returned,0,0.183473951,returned,0.0,65097728,79101952,,,,,,,,,,,,0.000175557,0,4063,0,django__django-11095,regular
38,42,1,0.186023648,returned,0,0.177843182,returned,0.0,65015808,79265792,,,,,,,,,,,,0.000175558,0,3972,0,django__django-11095,regular
39,43,1,0.185739207,returned,0,0.181535203,returned,0.0,65056768,79331328,,,,,,,,,,,,0.001388331,0,4002,0,django__django-11095,regular
40,44,1,0.205097111,returned,0,0.196398937,returned,0.0,65404928,79065088,,,,,,,,,,,,0.000160419,0,4764,8192,django__django-11095,regular
41,45,1,0.181512981,returned,0,0.179034778,returned,0.0,64815104,78983168,,,,,,,,,,,,0.000156552,0,4070,0,django__django-11095,regular
42,46,1,0.200194641,returned,0,0.192917717,returned,0.0,65122304,79441920,,,,,,,,,,,,0.00015019,0,4830,8192,django__django-11095,regular
43,47,1,0.18320594,returned,0,0.180720826,returned,0.0,65433600,79216640,,,,,,,,,,,,0.000157303,0,4058,0,django__django-11095,regular
44,48,1,0.185908524,returned,0,0.180920117,returned,0.0,65191936,78696448,,,,,,,,,,,,0.0001769,0,3999,0,django__django-11095,regular
45,49,1,0.199036266,returned,0,0.193402859,returned,0.0,64946176,78913536,,,,,,,,,,,,0.00015559,0,4908,8192,django__django-11095,regular
46,50,1,0.178668177,returned,0,0.177846852,returned,0.0,64872448,78733312,,,,,,,,,,,,0.000176649,0,4003,0,django__django-11095,regular
47,51,1,0.180673464,returned,0,0.183488455,returned,0.0,64786432,78553088,,,,,,,,,,,,0.000170959,0,4077,0,django__django-11095,regular
48,52,1,0.196740686,returned,0,0.196757837,returned,0.0,64688128,78430208,,,,,,,,,,,,0.000154628,0,4763,8192,django__django-11095,regular
49,53,1,0.18245599,returned,0,0.180981017,returned,0.0,64385024,78315520,,,,,,,,,,,,0.000171099,0,4064,0,django__django-11095,regular
50,54,1,0.18134067,returned,0,0.176882192,returned,0.0,64413696,78548992,,,,,,,,,,,,0.000168564,0,3998,0,django__django-11095,regular
51,55,1,0.201535444,returned,0,0.192958832,returned,0.0,64507904,78356480,,,,,,,,,,,,0.00016624,0,4819,0,django__django-11095,regular
52,56,1,0.183326861,returned,0,0.176085981,returned,0.0,64225280,78225408,,,,,,,,,,,,0.000174776,0,3996,0,django__django-11095,regular
53,57,1,0.186964564,returned,0,0.18231554,returned,0.0,64225280,78356480,,,,,,,,,,,,0.000175317,0,4011,0,django__django-11095,regular
54,58,1,0.200792282,returned,0,0.195288773,returned,0.0,64565248,78417920,,,,,,,,,,,,0.000153727,0,4828,8192,django__django-11095,regular
55,59,1,0.182639453,returned,0,0.179060014,returned,0.0,64397312,78540800,,,,,,,,,,,,0.000153487,0,4074,0,django__django-11095,regular
56,60,1,0.201806655,returned,0,0.182145371,returned,0.0,64462848,86302720,,,,,,,,,,,,0.000149308,6,8640,32243712,django__django-11095,regular
57,61,1,0.181655223,returned,0,0.175233859,returned,0.0,81072128,94969856,,,,,,,,,,,,0.000150181,0,3956,0,django__django-11095,regular
58,62,1,0.189283475,returned,0,0.187944941,returned,0.0,80773120,94724096,,,,,,,,,,,,0.000154007,0,4731,8192,django__django-11095,regular
59,63,1,0.180688729,returned,0,0.179407431,returned,0.0,81244160,94769152,,,,,,,,,,,,0.000158064,0,3964,0,django__django-11095,regular
60,64,1,0.18177396,Submitted,0,0.177152154,Submitted,,80564224,94568448,,,,,,,,,,,,0.000173804,0,3960,0,django__django-11095,regular
1,1,1,1.045470839,returned,0,0.398617196,returned,0.0,1134592,78553088,6.987e-05,0.014903632,0.014973502,0.0,2.0,4653056.0,3518464.0,1134592.0,909312.0,225280.0,61440.0,0.01818729,40,19669,120586240,django__django-11099,lazy
2,2,1,0.257369273,returned,0,0.178890092,returned,0.0,10657792,41009152,0.000452364,0.129261248,0.129713612,1.0,4.0,77266944.0,66609152.0,10657792.0,10227712.0,430080.0,98304.0,0.130476465,35,9821,47218688,django__django-11099,lazy
3,3,1,0.258224548,returned,2,0.177180952,returned,2.0,2621440,40681472,0.000419472,0.049504421,0.049923893,1.0,2.0,26746880.0,24125440.0,2621440.0,2084864.0,536576.0,98304.0,0.050544813,34,9759,47087616,django__django-11099,lazy
4,4,1,0.26125352,returned,0,0.182332759,returned,0.0,1597440,40300544,0.000317723,0.086115451,0.086433174,1.0,4.0,26476544.0,24879104.0,1597440.0,1056768.0,540672.0,98304.0,0.087080773,38,9966,48578560,django__django-11099,lazy
5,5,1,0.257752794,returned,0,0.17931094,returned,0.0,2514944,40660992,0.000777441,0.058209596,0.058987037,2.0,3.0,27332608.0,24817664.0,2514944.0,2007040.0,507904.0,98304.0,0.059586937,35,9740,47136768,django__django-11099,lazy
6,6,1,0.281518528,returned,1,0.195865976,returned,1.0,2437120,40386560,0.000538405,0.046372026,0.046910431,2.0,2.0,26435584.0,23998464.0,2437120.0,1974272.0,462848.0,98304.0,0.047551376,36,11870,58310656,django__django-11099,lazy
7,7,1,0.28239352,returned,1,0.19191912,returned,1.0,2420736,40730624,0.00045555,0.056770423,0.057225973,2.0,2.0,31907840.0,29487104.0,2420736.0,2060288.0,360448.0,98304.0,0.057907204,36,11887,58335232,django__django-11099,lazy
8,8,1,0.263301225,returned,0,0.17614242,returned,0.0,2613248,40144896,0.000446333,0.057388276,0.057834609,2.0,3.0,32186368.0,29569024.0,2617344.0,2080768.0,536576.0,98304.0,0.058490492,38,9958,48709632,django__django-11099,lazy
9,9,1,0.255027308,returned,0,0.183399699,returned,0.0,2379776,40394752,0.000634423,0.065855904,0.066490327,2.0,3.0,27136000.0,24756224.0,2379776.0,1998848.0,380928.0,98304.0,0.0671458,35,9724,46891008,django__django-11099,lazy
10,10,1,0.260082741,returned,0,0.181130021,returned,0.0,1470464,39985152,0.000435953,0.104081799,0.104517752,2.0,6.0,26464256.0,24993792.0,1470464.0,1011712.0,458752.0,98304.0,0.105151636,40,10055,48414720,django__django-11099,lazy
11,11,1,0.258044808,returned,0,0.175545669,returned,0.0,2072576,40849408,0.00109356,0.05317205,0.05426561,3.0,3.0,27316224.0,25243648.0,2072576.0,1998848.0,73728.0,98304.0,0.054877993,35,9796,47562752,django__django-11099,lazy
12,12,1,0.294266506,returned,0,0.203878268,returned,0.0,2224128,40701952,0.0004449,0.061163659,0.061608559,3.0,3.0,26554368.0,24330240.0,2224128.0,1982464.0,241664.0,98304.0,0.062242552,37,12269,59916288,django__django-11099,lazy
13,13,1,0.261232036,returned,0,0.177502394,returned,0.0,2482176,40656896,0.00053057,0.058977721,0.059508291,3.0,3.0,32653312.0,30171136.0,2482176.0,2154496.0,327680.0,98304.0,0.06012415,35,9769,47431680,django__django-11099,lazy
14,14,1,0.278998412,returned,1,0.19328362,returned,1.0,2408448,40607744,0.000438207,0.053856047,0.054294254,3.0,3.0,26701824.0,24293376.0,2408448.0,2007040.0,401408.0,98304.0,0.054919189,36,11888,58441728,django__django-11099,lazy
15,15,1,0.282501566,returned,0,0.192047362,returned,0.0,2441216,40898560,0.000585453,0.055070812,0.055656265,3.0,3.0,32157696.0,29716480.0,2441216.0,2097152.0,344064.0,98304.0,0.05648454,36,11918,58580992,django__django-11099,lazy
16,16,1,0.254431278,returned,0,0.180880774,returned,0.0,2580480,40640512,0.000542412,0.052785278,0.05332769,3.0,3.0,32468992.0,29888512.0,2580480.0,2076672.0,503808.0,98304.0,0.053957897,35,9798,47128576,django__django-11099,lazy
17,17,1,0.261800205,returned,0,0.180908631,returned,0.0,2420736,40767488,0.000474415,0.033212342,0.033686757,3.0,3.0,26529792.0,24109056.0,2420736.0,2019328.0,401408.0,98304.0,0.034319427,40,10091,49446912,django__django-11099,lazy
18,18,1,0.25606169,returned,0,0.179022809,returned,0.0,2400256,40669184,0.000539727,0.036034948,0.036574675,3.0,3.0,27717632.0,25317376.0,2400256.0,2019328.0,380928.0,98304.0,0.037226892,35,9770,47448064,django__django-11099,lazy
19,19,1,0.275298427,returned,0,0.180939718,returned,0.0,2387968,50819072,0.000469055,0.046284571,0.046753626,3.0,3.0,26521600.0,24133632.0,2387968.0,1990656.0,397312.0,98304.0,0.047360507,42,14891,85532672,django__django-11099,lazy
20,20,1,0.256200738,returned,0,0.181730028,returned,0.0,2592768,41029632,0.000855887,0.065152552,0.066008439,4.0,3.0,46084096.0,43491328.0,2592768.0,2113536.0,479232.0,98304.0,0.066640718,35,9799,47456256,django__django-11099,lazy
21,22,1,0.253451368,Submitted,0,0.180333383,Submitted,,2695168,39481344,0.000540277,0.038072681,0.038612958,4.0,4.0,26877952.0,24182784.0,2695168.0,2015232.0,679936.0,98304.0,0.039269462,35,9471,44384256,django__django-11099,lazy
1,1,1,1.045979478,returned,0,0.398617196,returned,0.0,4861952,81801216,,,,,,,,,,,,0.00017673,36,19027,114851840,django__django-11099,regular
2,2,1,0.185657862,returned,0,0.178890092,returned,0.0,80363520,94437376,,,,,,,,,,,,0.000170267,1,3974,73728,django__django-11099,regular
3,3,1,0.18120427,returned,2,0.177180952,returned,2.0,80306176,94740480,,,,,,,,,,,,0.000168514,0,4016,0,django__django-11099,regular
4,4,1,0.186381516,returned,0,0.182332759,returned,0.0,80375808,94658560,,,,,,,,,,,,0.000169676,2,4046,303104,django__django-11099,regular
5,5,1,0.182404343,returned,0,0.17931094,returned,0.0,80678912,94691328,,,,,,,,,,,,0.000165058,0,4024,0,django__django-11099,regular
6,6,1,0.204644094,returned,1,0.195865976,returned,1.0,80453632,94781440,,,,,,,,,,,,0.000164988,2,6171,12230656,django__django-11099,regular
7,7,1,0.1932637,returned,1,0.19191912,returned,1.0,86863872,101175296,,,,,,,,,,,,0.000159688,0,4674,0,django__django-11099,regular
8,8,1,0.182143392,returned,0,0.17614242,returned,0.0,86876160,100814848,,,,,,,,,,,,0.000169667,0,3982,0,django__django-11099,regular
9,9,1,0.178502172,returned,0,0.183399699,returned,0.0,86765568,100868096,,,,,,,,,,,,0.000157384,0,3960,0,django__django-11099,regular
10,10,1,0.187219179,returned,0,0.181130021,returned,0.0,86753280,101109760,,,,,,,,,,,,0.000174575,2,4176,352256,django__django-11099,regular
11,11,1,0.176860395,returned,0,0.175545669,returned,0.0,87375872,101453824,,,,,,,,,,,,0.000170057,0,3955,0,django__django-11099,regular
12,12,1,0.20678689,returned,0,0.203878268,returned,0.0,87326720,101396480,,,,,,,,,,,,0.000172071,1,5061,638976,django__django-11099,regular
13,13,1,0.179596828,returned,0,0.177502394,returned,0.0,87355392,101789696,,,,,,,,,,,,0.000188161,0,3964,0,django__django-11099,regular
14,14,1,0.195722192,returned,1,0.19328362,returned,1.0,87629824,101883904,,,,,,,,,,,,0.000169937,0,4678,0,django__django-11099,regular
15,15,1,0.204635879,returned,0,0.192047362,returned,0.0,87552000,101715968,,,,,,,,,,,,0.000172652,0,4677,0,django__django-11099,regular
16,16,1,0.185524222,returned,0,0.180880774,returned,0.0,87482368,102240256,,,,,,,,,,,,0.000172562,0,4040,0,django__django-11099,regular
17,17,1,0.179982341,returned,0,0.180908631,returned,0.0,87760896,101900288,,,,,,,,,,,,0.000168244,1,4071,278528,django__django-11099,regular
18,18,1,0.18290127,returned,0,0.179022809,returned,0.0,88064000,102117376,,,,,,,,,,,,0.000159347,0,3958,0,django__django-11099,regular
19,19,1,0.202133753,returned,0,0.180939718,returned,0.0,87805952,111099904,,,,,,,,,,,,0.000169747,7,8813,35864576,django__django-11099,regular
20,20,1,0.18042303,returned,0,0.181730028,returned,0.0,106176512,120188928,,,,,,,,,,,,0.000153096,0,4028,0,django__django-11099,regular
21,22,1,0.179864337,Submitted,0,0.180333383,Submitted,,105955328,120045568,,,,,,,,,,,,0.00017145,0,3970,0,django__django-11099,regular
1,2,1,0.271495306,returned,0,0.181296706,returned,0.0,946176,41230336,6.384e-05,0.014808701,0.014872541,0.0,3.0,4546560.0,3600384.0,946176.0,720896.0,225280.0,77824.0,0.017748758,37,10286,50921472,django__django-11119,lazy
2,3,1,6.573210171,returned,0,5.739569594,returned,0.0,2453504,86376448,0.000426556,0.032231551,0.032658107,1.0,3.0,28327936.0,25874432.0,2453504.0,2039808.0,413696.0,77824.0,0.033289676,39,186876,127074304,django__django-11119,lazy
3,4,1,0.260710012,returned,0,0.177565585,returned,0.0,9412608,41467904,0.000162984,0.191237181,0.191400165,1.0,4.0,83251200.0,73838592.0,9412608.0,9125888.0,286720.0,90112.0,0.192232488,35,9963,48955392,django__django-11119,lazy
4,5,1,0.25863662,returned,1,0.176964189,returned,1.0,2674688,41451520,0.000399135,0.064416165,0.0648153,1.0,3.0,27475968.0,24801280.0,2674688.0,2043904.0,630784.0,90112.0,0.065546454,37,10166,49659904,django__django-11119,lazy
5,6,1,0.314700833,returned,0,0.221625293,returned,0.0,2727936,41222144,0.00036981,0.070491998,0.070861808,1.0,3.0,28377088.0,25649152.0,2727936.0,2002944.0,724992.0,90112.0,0.071488537,39,11714,51806208,django__django-11119,lazy
6,7,1,0.259432231,returned,0,0.184343867,returned,0.0,2564096,41107456,0.000322873,0.064110119,0.064432992,1.0,3.0,32878592.0,30314496.0,2564096.0,2138112.0,425984.0,90112.0,0.065054993,37,10134,49291264,django__django-11119,lazy
7,8,1,0.261242238,returned,0,0.181035823,returned,0.0,2650112,41275392,0.000337811,0.062783624,0.063121435,1.0,3.0,28090368.0,25440256.0,2650112.0,2015232.0,634880.0,90112.0,0.063748975,38,10180,49709056,django__django-11119,lazy
8,9,1,0.255632832,returned,0,0.173933064,returned,0.0,2764800,41201664,0.000758124,0.048569544,0.049327668,2.0,3.0,28459008.0,25694208.0,2764800.0,2031616.0,733184.0,90112.0,0.049950831,36,9987,49160192,django__django-11119,lazy
9,10,1,0.264331752,returned,0,0.18053778,returned,0.0,2768896,41254912,0.00044444,0.047472506,0.047916946,2.0,3.0,27828224.0,25059328.0,2768896.0,2011136.0,757760.0,90112.0,0.048561869,36,9999,49160192,django__django-11119,lazy
10,11,1,0.256472999,returned,0,0.184227519,returned,0.0,2789376,41218048,0.000465017,0.037547428,0.038012445,2.0,3.0,27897856.0,25108480.0,2789376.0,2011136.0,778240.0,90112.0,0.038665995,37,10106,49266688,django__django-11119,lazy
11,12,1,0.270882014,returned,0,0.182924389,returned,0.0,2723840,48685056,0.000421887,0.037006438,0.037428325,2.0,3.0,28160000.0,25436160.0,2723840.0,2035712.0,688128.0,90112.0,0.038031942,42,14830,84893696,django__django-11119,lazy
12,13,1,0.257522196,returned,0,0.183628807,returned,0.0,1871872,40300544,0.000645314,0.105321393,0.105966707,3.0,6.0,46231552.0,44359680.0,1871872.0,1122304.0,749568.0,90112.0,0.106592135,35,9695,46202880,django__django-11119,lazy
13,14,1,0.256195301,Submitted,0,0.181739857,Submitted,,2740224,41070592,0.000475708,0.031759508,0.032235216,3.0,4.0,26361856.0,23621632.0,2740224.0,2035712.0,704512.0,90112.0,0.032850194,35,9884,47874048,django__django-11119,lazy
1,2,1,0.263779789,returned,0,0.181296706,returned,0.0,4583424,41824256,,,,,,,,,,,,0.00019277,33,9638,45613056,django__django-11119,regular
2,3,1,6.621212296,returned,0,5.739569594,returned,0.0,29155328,88674304,,,,,,,,,,,,0.000174886,3,180917,77389824,django__django-11119,regular
3,4,1,0.179302329,returned,0,0.177565585,returned,0.0,85319680,97173504,,,,,,,,,,,,0.000194363,1,4029,73728,django__django-11119,regular
4,5,1,0.179832649,returned,1,0.176964189,returned,1.0,82911232,97017856,,,,,,,,,,,,0.000163746,0,4147,0,django__django-11119,regular
5,6,1,0.225755301,returned,0,0.221625293,returned,0.0,82862080,97038336,,,,,,,,,,,,0.000157664,0,5302,0,django__django-11119,regular
6,7,1,0.180234659,returned,0,0.184343867,returned,0.0,84946944,97177600,,,,,,,,,,,,0.000171811,0,4076,0,django__django-11119,regular
7,8,1,0.181283327,returned,0,0.181035823,returned,0.0,83001344,96911360,,,,,,,,,,,,0.00016628,2,4076,303104,django__django-11119,regular
8,9,1,0.178655457,returned,0,0.173933064,returned,0.0,83030016,97058816,,,,,,,,,,,,0.000156763,0,3975,0,django__django-11119,regular
9,10,1,0.187075495,returned,0,0.18053778,returned,0.0,82923520,97206272,,,,,,,,,,,,0.00017667,0,4043,0,django__django-11119,regular
10,11,1,0.184636944,returned,0,0.184227519,returned,0.0,83075072,97382400,,,,,,,,,,,,0.000175056,0,4065,0,django__django-11119,regular
11,12,1,0.201514509,returned,0,0.182924389,returned,0.0,83116032,106360832,,,,,,,,,,,,0.000166721,7,8969,36429824,django__django-11119,regular
12,13,1,0.183114413,returned,0,0.183628807,returned,0.0,101548032,115548160,,,,,,,,,,,,0.000170358,0,4027,0,django__django-11119,regular
13,14,1,0.181731714,Submitted,0,0.181739857,Submitted,,101335040,115212288,,,,,,,,,,,,0.000171931,0,3977,0,django__django-11119,regular
1,2,1,0.275307491,returned,0,0.180627025,returned,0.0,823296,40185856,6.5853e-05,0.017366319,0.017432172,0.0,2.0,4501504.0,3678208.0,823296.0,720896.0,102400.0,90112.0,0.0207573,37,10115,49397760,django__django-11133,lazy
2,3,1,0.616766879,returned,0,0.274276933,returned,0.0,2523136,45215744,0.000425293,0.044837084,0.045262377,1.0,3.0,27717632.0,25194496.0,2523136.0,1990656.0,532480.0,90112.0,0.045973321,41,12945,71344128,django__django-11133,lazy
3,4,1,0.261207705,returned,0,0.180691781,returned,0.0,7712768,40460288,0.000140733,0.062370785,0.062511518,1.0,3.0,44036096.0,36323328.0,7712768.0,7180288.0,532480.0,94208.0,0.063161199,35,9637,46235648,django__django-11133,lazy
4,5,1,0.261162629,returned,0,0.180528045,returned,0.0,2662400,39923712,0.000147495,0.043447964,0.043595459,1.0,3.0,26292224.0,23629824.0,2662400.0,1961984.0,700416.0,94208.0,0.044224221,38,9900,47300608,django__django-11133,lazy
5,6,1,0.261733885,returned,0,0.184356844,returned,0.0,2641920,40022016,0.000162363,0.030352816,0.030515179,1.0,3.0,27062272.0,24420352.0,2641920.0,2314240.0,327680.0,94208.0,0.031184376,36,9880,47710208,django__django-11133,lazy
6,7,1,0.259597153,returned,0,0.179937138,returned,0.0,2285568,40083456,0.000398443,0.03073085,0.031129293,1.0,3.0,26660864.0,24375296.0,2285568.0,1978368.0,307200.0,94208.0,0.031788802,34,9681,46358528,django__django-11133,lazy
7,8,1,0.737754439,returned,1,0.55687199,returned,1.0,2359296,85630976,0.000700806,0.030454395,0.031155201,2.0,3.0,25989120.0,23629824.0,2359296.0,1945600.0,413696.0,94208.0,0.031765288,76,28332,112893952,django__django-11133,lazy
8,9,1,0.26040663,returned,0,0.180881704,returned,0.0,4870144,40628224,0.035087588,0.112871591,0.147959179,144.0,3.0,63107072.0,58236928.0,4870144.0,4001792.0,868352.0,94208.0,0.148608771,34,9610,46284800,django__django-11133,lazy
9,10,1,0.634941855,returned,0,0.448746621,returned,0.0,2785280,87003136,0.004586969,0.059309442,0.063896411,144.0,3.0,26554368.0,23769088.0,2785280.0,1957888.0,827392.0,94208.0,0.064512621,76,24827,113704960,django__django-11133,lazy
10,11,1,0.263557588,returned,1,0.180902996,returned,1.0,4550656,40443904,0.012201726,0.099759737,0.111961463,178.0,2.0,62218240.0,57667584.0,4550656.0,3862528.0,688128.0,94208.0,0.112626965,38,9991,48717824,django__django-11133,lazy
11,12,1,0.258088409,returned,0,0.178019612,returned,0.0,2596864,40288256,0.00586369,0.052245492,0.058109182,178.0,3.0,27627520.0,25030656.0,2596864.0,2007040.0,589824.0,94208.0,0.058745991,36,9849,47947776,django__django-11133,lazy
12,13,1,0.266969621,returned,2,0.18007858,returned,2.0,2678784,40300544,0.004392526,0.048046848,0.052439374,178.0,3.0,27123712.0,24444928.0,2678784.0,1966080.0,712704.0,94208.0,0.053087384,40,10167,49135616,django__django-11133,lazy
13,14,1,0.296093034,returned,0,0.201210989,returned,0.0,2629632,40370176,0.005122307,0.051544485,0.056666792,179.0,3.0,27971584.0,25341952.0,2629632.0,1994752.0,634880.0,94208.0,0.057438831,37,12226,58834944,django__django-11133,lazy
14,15,1,0.266886681,returned,2,0.181495138,returned,2.0,2850816,40480768,0.004434374,0.055651387,0.060085761,179.0,3.0,32608256.0,29757440.0,2850816.0,2183168.0,667648.0,94208.0,0.060701601,39,10124,48881664,django__django-11133,lazy
15,16,1,0.260239758,returned,0,0.181252344,returned,0.0,2740224,40611840,0.004341691,0.058703312,0.063045003,179.0,3.0,28221440.0,25481216.0,2740224.0,2031616.0,708608.0,94208.0,0.063698572,35,9753,46415872,django__django-11133,lazy
16,17,1,0.281669021,returned,1,0.191028173,returned,1.0,2600960,40665088,0.004701533,0.067817828,0.072519361,180.0,4.0,26832896.0,24231936.0,2600960.0,1781760.0,819200.0,94208.0,0.073138716,36,11812,58138624,django__django-11133,lazy
17,18,1,0.259600135,returned,0,0.180638692,returned,0.0,3051520,40734720,0.004266691,0.04705619,0.051322881,180.0,2.0,32559104.0,29507584.0,3051520.0,2109440.0,942080.0,94208.0,0.051924924,35,9696,46415872,django__django-11133,lazy
18,19,1,0.282602208,returned,0,0.190027812,returned,0.0,2842624,40767488,0.004323787,0.051562899,0.055886686,180.0,3.0,26804224.0,23961600.0,2842624.0,1982464.0,860160.0,94208.0,0.056487076,36,11898,58187776,django__django-11133,lazy
19,20,1,0.262179656,returned,0,0.179946316,returned,0.0,3031040,40787968,0.0044164,0.052282788,0.056699188,181.0,3.0,32735232.0,29704192.0,3031040.0,2105344.0,925696.0,94208.0,0.05761951,36,9809,47628288,django__django-11133,lazy
20,21,1,0.262715216,returned,0,0.177810094,returned,0.0,2916352,40390656,0.004402414,0.050529025,0.054931439,181.0,3.0,27455488.0,24539136.0,2916352.0,2007040.0,909312.0,94208.0,0.055555924,35,9675,46333952,django__django-11133,lazy
21,22,1,0.281366084,returned,0,0.188218521,returned,0.0,2760704,40566784,0.004547414,0.053521839,0.058069253,182.0,3.0,26497024.0,23736320.0,2760704.0,1986560.0,774144.0,94208.0,0.058664424,36,11831,58155008,django__django-11133,lazy
22,23,1,0.261535124,returned,0,0.177271091,returned,0.0,2949120,40357888,0.004381524,0.050207195,0.054588719,182.0,3.0,32718848.0,29769728.0,2949120.0,2105344.0,843776.0,94208.0,0.055279619,36,9794,47595520,django__django-11133,lazy
23,24,1,0.26181961,returned,0,0.180010354,returned,0.0,2789376,40316928,0.00435718,0.040191678,0.044548858,182.0,3.0,27185152.0,24395776.0,2789376.0,1990656.0,798720.0,94208.0,0.045149338,36,9865,47562752,django__django-11133,lazy
24,25,1,0.257104638,returned,0,0.182123325,returned,0.0,2760704,40538112,0.004391783,0.046771716,0.051163499,182.0,3.0,27070464.0,24309760.0,2760704.0,2002944.0,757760.0,94208.0,0.051807841,35,9661,46268416,django__django-11133,lazy
25,26,1,0.282686308,returned,0,0.196165378,returned,0.0,2760704,40472576,0.004556221,0.039861212,0.044417433,183.0,3.0,26566656.0,23805952.0,2760704.0,2015232.0,745472.0,94208.0,0.04503214,36,11884,58146816,django__django-11133,lazy
26,27,1,0.26332839,returned,0,0.17786376,returned,0.0,2818048,40361984,0.004463337,0.04318347,0.047646807,183.0,3.0,32337920.0,29519872.0,2818048.0,2154496.0,663552.0,94208.0,0.048267576,36,9869,47611904,django__django-11133,lazy
27,28,1,0.256902701,returned,0,0.18050594,returned,0.0,2670592,40222720,0.004425317,0.036626256,0.041051573,183.0,3.0,27029504.0,24358912.0,2670592.0,2002944.0,667648.0,94208.0,0.041678893,35,9680,46333952,django__django-11133,lazy
28,29,1,0.287644759,returned,0,0.199888341,returned,0.0,2678784,40284160,0.004573192,0.034709831,0.039283023,184.0,3.0,26525696.0,23846912.0,2678784.0,2002944.0,675840.0,94208.0,0.03990818,41,12246,60604416,django__django-11133,lazy
29,30,1,0.260609412,returned,0,0.181118988,returned,0.0,2715648,40185856,0.004488054,0.043346264,0.047834318,184.0,3.0,33517568.0,30801920.0,2715648.0,2117632.0,598016.0,94208.0,0.048495091,36,9885,47628288,django__django-11133,lazy
30,31,1,0.557775911,returned,1,0.390494353,returned,1.0,2596864,81182720,0.004359533,0.06235999,0.066719523,184.0,3.0,26963968.0,24367104.0,2596864.0,1978368.0,618496.0,94208.0,0.067373673,76,23347,112033792,django__django-11133,lazy
31,32,1,0.249706695,returned,0,0.177364605,returned,0.0,2646016,39215104,0.004726619,0.142309476,0.147036095,184.0,2.0,60989440.0,58343424.0,2646016.0,1855488.0,790528.0,94208.0,0.147714782,35,9240,42795008,django__django-11133,lazy
32,33,1,0.287927892,returned,0,0.195473478,returned,0.0,2691072,40140800,0.004831906,0.047483983,0.052315889,185.0,3.0,25296896.0,22605824.0,2691072.0,2580480.0,110592.0,94208.0,0.052923152,41,12270,61087744,django__django-11133,lazy
33,34,1,0.259386665,returned,0,0.180394813,returned,0.0,2523136,40173568,0.004858675,0.057998732,0.062857407,185.0,3.0,33492992.0,30969856.0,2523136.0,2134016.0,389120.0,94208.0,0.063568805,36,9824,47726592,django__django-11133,lazy
34,35,1,0.25561624,returned,0,0.18091015,returned,0.0,2519040,39260160,0.004584454,0.063276459,0.067860913,185.0,3.0,26865664.0,24346624.0,2519040.0,2002944.0,516096.0,94208.0,0.068485307,35,9520,44539904,django__django-11133,lazy
35,36,1,0.281721904,returned,0,0.1934772,returned,0.0,2404352,39264256,0.004672918,0.05026882,0.054941738,186.0,4.0,25411584.0,23007232.0,2404352.0,1974272.0,430080.0,94208.0,0.055572706,41,11976,58966016,django__django-11133,lazy
36,37,1,0.260613515,returned,0,0.181850145,returned,0.0,2560000,40099840,0.004569005,0.053779079,0.058348084,186.0,3.0,32706560.0,30146560.0,2560000.0,2134016.0,425984.0,94208.0,0.059375446,36,9839,47849472,django__django-11133,lazy
37,38,1,0.568447792,returned,1,0.393076248,returned,1.0,2416640,81412096,0.004455884,0.045205724,0.049661608,186.0,3.0,26791936.0,24375296.0,2416640.0,1970176.0,446464.0,94208.0,0.050293806,76,23365,112418816,django__django-11133,lazy
38,39,1,0.263854121,returned,0,0.174708117,returned,0.0,4374528,40386560,0.00460407,0.062007672,0.066611742,186.0,2.0,60944384.0,56569856.0,4374528.0,3727360.0,647168.0,94208.0,0.067229585,36,9813,47652864,django__django-11133,lazy
39,40,1,0.257057294,returned,0,0.179051208,returned,0.0,2592768,40132608,0.004506278,0.029962272,0.03446855,186.0,3.0,27025408.0,24432640.0,2592768.0,2015232.0,577536.0,94208.0,0.035120697,36,9819,47669248,django__django-11133,lazy
40,41,1,0.258978905,returned,0,0.179538884,returned,0.0,2543616,40157184,0.004469038,0.02963366,0.034102698,186.0,3.0,26902528.0,24358912.0,2543616.0,1986560.0,557056.0,94208.0,0.034783198,35,9737,46374912,django__django-11133,lazy
41,42,1,0.290114765,returned,0,0.196221267,returned,0.0,2473984,40120320,0.004753309,0.031560885,0.036314194,187.0,3.0,26234880.0,23760896.0,2473984.0,1998848.0,475136.0,94208.0,0.036932889,41,12226,60825600,django__django-11133,lazy
42,43,1,0.258719384,returned,0,0.176619916,returned,0.0,2703360,40620032,0.00457924,0.04484012,0.04941936,187.0,3.0,33603584.0,30900224.0,2703360.0,2121728.0,581632.0,94208.0,0.050050186,36,9822,47669248,django__django-11133,lazy
43,44,1,0.258672567,returned,0,0.178697069,returned,0.0,2617344,40341504,0.004363257,0.044400029,0.048763286,187.0,4.0,27291648.0,24674304.0,2617344.0,1974272.0,643072.0,94208.0,0.049354488,36,9891,47702016,django__django-11133,lazy
44,45,1,0.59579412,returned,0,0.406239208,returned,0.0,2600960,84983808,0.004351685,0.030598147,0.034949832,187.0,3.0,27041792.0,24440832.0,2600960.0,1978368.0,622592.0,94208.0,0.035556815,76,24157,114049024,django__django-11133,lazy
45,46,1,0.273233003,returned,0,0.185612728,returned,0.0,4616192,48791552,0.004642759,0.060813329,0.065456088,187.0,3.0,62124032.0,57507840.0,4616192.0,3911680.0,704512.0,94208.0,0.066110078,41,14296,80355328,django__django-11133,lazy
46,47,1,0.256163238,returned,0,0.180050598,returned,0.0,2723840,40431616,0.004739609,0.042184967,0.046924576,188.0,3.0,44097536.0,41373696.0,2723840.0,2113536.0,610304.0,94208.0,0.047534424,35,9642,46415872,django__django-11133,lazy
47,48,1,0.28277318,returned,1,0.18807501,returned,1.0,2646016,48615424,0.00453611,0.030385531,0.034921641,188.0,3.0,26427392.0,23781376.0,2646016.0,1970176.0,675840.0,94208.0,0.035550784,46,15105,84049920,django__django-11133,lazy
48,49,1,0.280396348,returned,0,0.188621564,returned,0.0,2736128,42598400,0.00604273,0.045192987,0.051235717,189.0,3.0,46632960.0,43896832.0,2736128.0,2129920.0,606208.0,94208.0,0.051903823,42,13165,68878336,django__django-11133,lazy
49,50,1,0.299753505,returned,0,0.204562615,returned,0.0,2715648,51064832,0.004738848,0.040059553,0.044798401,190.0,3.0,38105088.0,35389440.0,2715648.0,2101248.0,614400.0,94208.0,0.045447191,49,16293,88694784,django__django-11133,lazy
50,51,1,0.260365404,returned,0,0.18039302,returned,0.0,2805760,40271872,0.004974328,0.046801306,0.051775634,191.0,3.0,48500736.0,45694976.0,2805760.0,2179072.0,626688.0,94208.0,0.052377927,34,9673,46129152,django__django-11133,lazy
1,2,1,0.261202905,returned,0,0.180627025,returned,0.0,4575232,40931328,,,,,,,,,,,,0.000155239,33,9424,44302336,django__django-11133,regular
2,3,1,0.530750077,returned,0,0.274276933,returned,0.0,28483584,47042560,,,,,,,,,,,,0.000173474,5,7026,23011328,django__django-11133,regular
3,4,1,0.184588434,returned,0,0.180691781,returned,0.0,46026752,59752448,,,,,,,,,,,,0.00017165,1,3985,114688,django__django-11133,regular
4,5,1,0.179017519,returned,0,0.180528045,returned,0.0,45539328,59891712,,,,,,,,,,,,0.00017707,0,4088,0,django__django-11133,regular
5,6,1,0.181907787,returned,0,0.184356844,returned,0.0,45899776,59887616,,,,,,,,,,,,0.000176138,0,4045,0,django__django-11133,regular
6,7,1,0.180414446,returned,0,0.179937138,returned,0.0,45658112,59838464,,,,,,,,,,,,0.000196426,0,4020,0,django__django-11133,regular
7,8,1,0.656311457,returned,1,0.55687199,returned,1.0,45547520,104738816,,,,,,,,,,,,0.000170539,41,22533,64634880,django__django-11133,regular
8,9,1,0.183902454,returned,0,0.180881704,returned,0.0,82092032,96296960,,,,,,,,,,,,0.000175237,0,3940,0,django__django-11133,regular
9,10,1,0.466645148,returned,0,0.448746621,returned,0.0,81899520,108122112,,,,,,,,,,,,0.000167913,0,11140,1556480,django__django-11133,regular
10,11,1,0.186266149,returned,1,0.180902996,returned,1.0,83484672,97886208,,,,,,,,,,,,0.00017648,2,4102,557056,django__django-11133,regular
11,12,1,0.183234929,returned,0,0.178019612,returned,0.0,83808256,97923072,,,,,,,,,,,,0.00017708,0,4040,0,django__django-11133,regular
12,13,1,0.186928996,returned,2,0.18007858,returned,2.0,83824640,98000896,,,,,,,,,,,,0.000235008,2,4196,344064,django__django-11133,regular
13,14,1,0.206842161,returned,0,0.201210989,returned,0.0,84115456,97955840,,,,,,,,,,,,0.000190496,0,5019,0,django__django-11133,regular
14,15,1,0.179307024,returned,2,0.181495138,returned,2.0,83763200,98226176,,,,,,,,,,,,0.000176389,0,4176,0,django__django-11133,regular
15,16,1,0.181975272,returned,0,0.181252344,returned,0.0,84312064,98115584,,,,,,,,,,,,0.000176169,0,4005,0,django__django-11133,regular
16,17,1,0.197078632,returned,1,0.191028173,returned,1.0,84172800,98222080,,,,,,,,,,,,0.000173223,0,4741,0,django__django-11133,regular
17,18,1,0.183795859,returned,0,0.180638692,returned,0.0,84086784,98250752,,,,,,,,,,,,0.000178844,0,4077,0,django__django-11133,regular
18,19,1,0.195765552,returned,0,0.190027812,returned,0.0,84320256,98283520,,,,,,,,,,,,0.00017142,0,4707,8192,django__django-11133,regular
19,20,1,0.1786754,returned,0,0.179946316,returned,0.0,84238336,98123776,,,,,,,,,,,,0.000170318,0,3977,0,django__django-11133,regular
20,21,1,0.182329533,returned,0,0.177810094,returned,0.0,84172800,98193408,,,,,,,,,,,,0.000200394,0,4006,0,django__django-11133,regular
21,22,1,0.195372479,returned,0,0.188218521,returned,0.0,84189184,98525184,,,,,,,,,,,,0.00016058,0,4702,0,django__django-11133,regular
22,23,1,0.183875893,returned,0,0.177271091,returned,0.0,83968000,98340864,,,,,,,,,,,,0.000191387,0,4056,0,django__django-11133,regular
23,24,1,0.178173117,returned,0,0.180010354,returned,0.0,84168704,98111488,,,,,,,,,,,,0.000173514,0,3971,0,django__django-11133,regular
24,25,1,0.180222873,returned,0,0.182123325,returned,0.0,84086784,98205696,,,,,,,,,,,,0.00017146,0,4006,0,django__django-11133,regular
25,26,1,0.193889346,returned,0,0.196165378,returned,0.0,84238336,98295808,,,,,,,,,,,,0.000170058,0,4714,0,django__django-11133,regular
26,27,1,0.182073425,returned,0,0.17786376,returned,0.0,84115456,98119680,,,,,,,,,,,,0.000172372,0,4039,0,django__django-11133,regular
27,28,1,0.187913792,returned,0,0.18050594,returned,0.0,84205568,98353152,,,,,,,,,,,,0.000165248,0,4084,0,django__django-11133,regular
28,29,1,0.199734943,returned,0,0.199888341,returned,0.0,84258816,98668544,,,,,,,,,,,,0.000163215,1,4793,286720,django__django-11133,regular
29,30,1,0.179080235,returned,0,0.181118988,returned,0.0,84574208,98615296,,,,,,,,,,,,0.000172091,0,3981,0,django__django-11133,regular
30,31,1,0.402931319,returned,1,0.390494353,returned,1.0,84316160,104558592,,,,,,,,,,,,0.000181369,0,9550,0,django__django-11133,regular
31,32,1,0.185214676,returned,0,0.177364605,returned,0.0,84168704,98381824,,,,,,,,,,,,0.000175999,0,4013,0,django__django-11133,regular
32,33,1,0.200986057,returned,0,0.195473478,returned,0.0,84361216,98406400,,,,,,,,,,,,0.000170899,0,4769,0,django__django-11133,regular
33,34,1,0.1802592,returned,0,0.180394813,returned,0.0,84525056,98451456,,,,,,,,,,,,0.00017149,0,3985,0,django__django-11133,regular
34,35,1,0.183144944,returned,0,0.18091015,returned,0.0,84287488,98525184,,,,,,,,,,,,0.000172281,0,4021,0,django__django-11133,regular
35,36,1,0.20222577,returned,0,0.1934772,returned,0.0,84480000,98443264,,,,,,,,,,,,0.000179164,0,4755,8192,django__django-11133,regular
36,37,1,0.182407143,returned,0,0.181850145,returned,0.0,84312064,98521088,,,,,,,,,,,,0.000174035,0,3986,0,django__django-11133,regular
37,38,1,0.398303224,returned,1,0.393076248,returned,1.0,84500480,105086976,,,,,,,,,,,,0.000173154,0,9555,0,django__django-11133,regular
38,39,1,0.179854685,returned,0,0.174708117,returned,0.0,84475904,98451456,,,,,,,,,,,,0.000173634,0,3974,0,django__django-11133,regular
39,40,1,0.186226003,returned,0,0.179051208,returned,0.0,84344832,98349056,,,,,,,,,,,,0.000173895,0,4043,0,django__django-11133,regular
40,41,1,0.18961464,returned,0,0.179538884,returned,0.0,84303872,98693120,,,,,,,,,,,,0.000165488,0,4071,0,django__django-11133,regular
41,42,1,0.205769968,returned,0,0.196221267,returned,0.0,84766720,99246080,,,,,,,,,,,,0.000166932,0,4771,8192,django__django-11133,regular
42,43,1,0.18401397,returned,0,0.176619916,returned,0.0,85032960,99307520,,,,,,,,,,,,0.000170869,0,3987,0,django__django-11133,regular
43,44,1,0.179378061,returned,0,0.178697069,returned,0.0,85258240,99241984,,,,,,,,,,,,0.000174876,0,3981,0,django__django-11133,regular
44,45,1,0.424578314,returned,0,0.406239208,returned,0.0,84918272,107741184,,,,,,,,,,,,0.000172943,0,10176,0,django__django-11133,regular
45,46,1,0.195067429,returned,0,0.185612728,returned,0.0,84828160,98869248,,,,,,,,,,,,0.000176019,3,6459,16244736,django__django-11133,regular
46,47,1,0.182959563,returned,0,0.180050598,returned,0.0,93220864,107053056,,,,,,,,,,,,0.000177902,0,4034,0,django__django-11133,regular
47,48,1,0.196101629,returned,1,0.18807501,returned,1.0,92962816,106979328,,,,,,,,,,,,0.000174295,0,4761,8192,django__django-11133,regular
48,49,1,0.192759319,returned,0,0.188621564,returned,0.0,93962240,107921408,,,,,,,,,,,,0.000171761,0,4738,8192,django__django-11133,regular
49,50,1,0.202505488,returned,0,0.204562615,returned,0.0,93896704,107806720,,,,,,,,,,,,0.000173564,1,5912,4390912,django__django-11133,regular
50,51,1,0.181762529,returned,0,0.18039302,returned,0.0,96706560,110161920,,,,,,,,,,,,0.000178303,0,3959,0,django__django-11133,regular
1,1,1,0.715343045,returned,0,0.311758756,returned,0.0,888832,51494912,7.1564e-05,0.021371568,0.021443132,0.0,3.0,4767744.0,3878912.0,888832.0,724992.0,163840.0,94208.0,0.025203587,39,14027,81108992,django__django-11138,lazy
2,2,1,0.265043571,returned,0,0.180375362,returned,0.0,9101312,41127936,0.000416457,0.134350637,0.134767094,1.0,2.0,50593792.0,41492480.0,9101312.0,8712192.0,389120.0,94208.0,0.135480445,37,10171,49766400,django__django-11138,lazy
3,3,1,0.264439184,returned,1,0.181462438,returned,1.0,2637824,41025536,0.000141164,0.048297938,0.048439102,1.0,3.0,28213248.0,25575424.0,2637824.0,2019328.0,618496.0,94208.0,0.049066753,37,10156,49135616,django__django-11138,lazy
4,4,1,0.259688201,returned,0,0.182087297,returned,0.0,2482176,40845312,0.000137045,0.038163083,0.038300128,1.0,5.0,27762688.0,25280512.0,2482176.0,1974272.0,507904.0,94208.0,0.038935914,35,9849,47480832,django__django-11138,lazy
5,5,1,0.720653167,returned,0,0.297173027,returned,0.0,2555904,51699712,0.000414384,0.045290017,0.045704401,1.0,3.0,26857472.0,24301568.0,2555904.0,1974272.0,581632.0,94208.0,0.046322763,39,13904,80101376,django__django-11138,lazy
6,6,1,0.266253368,returned,1,0.181607419,returned,1.0,8364032,40972288,0.000431465,0.10104678,0.101478245,1.0,2.0,50659328.0,42295296.0,8364032.0,7675904.0,688128.0,94208.0,0.102105475,37,10076,48922624,django__django-11138,lazy
7,7,1,0.266654075,returned,0,0.179329185,returned,0.0,2666496,40439808,0.000360733,0.060506312,0.060867045,1.0,3.0,27746304.0,25079808.0,2666496.0,2048000.0,618496.0,94208.0,0.061505016,35,9765,47382528,django__django-11138,lazy
8,8,1,0.261803998,returned,1,0.178737584,returned,1.0,2404352,40755200,0.000334404,0.059219473,0.059553877,1.0,3.0,26546176.0,24141824.0,2404352.0,1953792.0,450560.0,94208.0,0.060205331,36,9948,48676864,django__django-11138,lazy
9,9,1,0.258895972,returned,0,0.180283684,returned,0.0,2551808,40783872,0.000312243,0.060769223,0.061081466,1.0,3.0,27406336.0,24854528.0,2551808.0,1970176.0,581632.0,94208.0,0.061726759,37,10038,48529408,django__django-11138,lazy
10,10,1,0.262542496,returned,0,0.179245315,returned,0.0,2523136,40927232,0.000362446,0.06354417,0.063906616,1.0,3.0,27422720.0,24899584.0,2523136.0,1982464.0,540672.0,94208.0,0.06454699,38,10117,48840704,django__django-11138,lazy
11,11,1,0.260200076,returned,0,0.176526368,returned,0.0,2551808,40812544,0.000324566,0.065371778,0.065696344,1.0,3.0,27987968.0,25436160.0,2551808.0,1994752.0,557056.0,94208.0,0.066318234,35,9766,47480832,django__django-11138,lazy
12,12,1,0.270046664,returned,0,0.182227076,returned,0.0,2555904,40767488,0.000309638,0.052084121,0.052393759,1.0,3.0,26980352.0,24424448.0,2555904.0,1978368.0,577536.0,94208.0,0.052992306,40,10173,49643520,django__django-11138,lazy
13,13,1,0.26209442,returned,0,0.174695373,returned,0.0,2646016,40738816,0.001295867,0.053663087,0.054958954,3.0,3.0,28258304.0,25612288.0,2646016.0,2064384.0,581632.0,94208.0,0.05557331,35,9889,47710208,django__django-11138,lazy
14,14,1,0.264783508,returned,0,0.181486504,returned,0.0,2617344,41111552,0.000471039,0.052508322,0.052979361,3.0,3.0,27140096.0,24522752.0,2617344.0,2031616.0,585728.0,94208.0,0.053635345,36,10011,48701440,django__django-11138,lazy
15,15,1,0.265090128,returned,0,0.177095833,returned,0.0,2699264,41164800,0.00046136,0.06234741,0.06280877,3.0,3.0,27602944.0,24903680.0,2699264.0,2035712.0,663552.0,94208.0,0.063438625,35,9890,47439872,django__django-11138,lazy
16,16,1,0.260481429,returned,0,0.182974297,returned,0.0,2641920,41107456,0.000728679,0.049265706,0.049994385,4.0,3.0,26918912.0,24276992.0,2641920.0,2019328.0,622592.0,94208.0,0.050604423,38,10102,49283072,django__django-11138,lazy
17,17,1,0.26430574,returned,0,0.180015317,returned,0.0,2682880,40878080,0.000593077,0.05428552,0.054878597,4.0,3.0,28037120.0,25354240.0,2682880.0,2048000.0,634880.0,94208.0,0.055490578,36,10000,48726016,django__django-11138,lazy
18,18,1,0.287226574,returned,0,0.186174764,returned,0.0,1978368,50696192,0.000500253,0.072826328,0.073326581,4.0,3.0,27373568.0,25395200.0,1978368.0,1974272.0,4096.0,94208.0,0.073976003,42,15066,86261760,django__django-11138,lazy
19,19,1,0.26684387,returned,0,0.182221512,returned,0.0,2367488,40804352,0.000866888,0.067365711,0.068232599,5.0,3.0,45973504.0,43606016.0,2367488.0,2093056.0,274432.0,94208.0,0.068848558,35,9813,47775744,django__django-11138,lazy
20,20,1,0.257184204,Submitted,0,0.181842799,Submitted,,2375680,40796160,0.000521062,0.051127829,0.051648891,5.0,3.0,26718208.0,24342528.0,2375680.0,1998848.0,376832.0,94208.0,0.052198837,35,9870,47685632,django__django-11138,lazy
1,1,1,0.713400106,returned,0,0.311758756,returned,0.0,4427776,52215808,,,,,,,,,,,,0.000172902,35,13421,75325440,django__django-11138,regular
2,2,1,0.189845871,returned,0,0.180375362,returned,0.0,51269632,65339392,,,,,,,,,,,,0.00016601,1,4162,114688,django__django-11138,regular
3,3,1,0.189645578,returned,1,0.181462438,returned,1.0,51380224,65568768,,,,,,,,,,,,0.00017133,0,4144,0,django__django-11138,regular
4,4,1,0.185738641,returned,0,0.182087297,returned,0.0,51621888,65445888,,,,,,,,,,,,0.000160339,0,4022,0,django__django-11138,regular
5,5,1,0.291453546,returned,0,0.297173027,returned,0.0,51253248,65646592,,,,,,,,,,,,0.000172251,0,4101,0,django__django-11138,regular
6,6,1,0.185879043,returned,1,0.181607419,returned,1.0,52019200,65282048,,,,,,,,,,,,0.000165799,0,4167,32768,django__django-11138,regular
7,7,1,0.182491571,returned,0,0.179329185,returned,0.0,51425280,65462272,,,,,,,,,,,,0.000162182,0,3967,0,django__django-11138,regular
8,8,1,0.18360361,returned,1,0.178737584,returned,1.0,51294208,65294336,,,,,,,,,,,,0.000170708,0,4036,0,django__django-11138,regular
9,9,1,0.183702524,returned,0,0.180283684,returned,0.0,51372032,65699840,,,,,,,,,,,,0.000172632,0,4152,49152,django__django-11138,regular
10,10,1,0.189396069,returned,0,0.179245315,returned,0.0,52162560,66158592,,,,,,,,,,,,0.000170989,0,4172,90112,django__django-11138,regular
11,11,1,0.184308569,returned,0,0.176526368,returned,0.0,52084736,66174976,,,,,,,,,,,,0.000171621,0,4030,0,django__django-11138,regular
12,12,1,0.187728921,returned,0,0.182227076,returned,0.0,51900416,65810432,,,,,,,,,,,,0.000173243,4,4213,647168,django__django-11138,regular
13,13,1,0.185894438,returned,0,0.174695373,returned,0.0,52236288,66363392,,,,,,,,,,,,0.000180116,1,4007,270336,django__django-11138,regular
14,14,1,0.186756453,returned,0,0.181486504,returned,0.0,52228096,66355200,,,,,,,,,,,,0.000168364,0,4039,0,django__django-11138,regular
15,15,1,0.186356964,returned,0,0.177095833,returned,0.0,52252672,65843200,,,,,,,,,,,,0.000174706,0,3998,0,django__django-11138,regular
16,16,1,0.181129411,returned,0,0.182974297,returned,0.0,52080640,66052096,,,,,,,,,,,,0.000172091,0,4067,0,django__django-11138,regular
17,17,1,0.182921405,returned,0,0.180015317,returned,0.0,52154368,66822144,,,,,,,,,,,,0.00018202,0,4045,0,django__django-11138,regular
18,18,1,0.204143364,returned,0,0.186174764,returned,0.0,52269056,72884224,,,,,,,,,,,,0.000174576,7,8926,36208640,django__django-11138,regular
19,19,1,0.184674053,returned,0,0.182221512,returned,0.0,70201344,84221952,,,,,,,,,,,,0.000172942,0,3962,0,django__django-11138,regular
20,20,1,0.18383551,Submitted,0,0.181842799,Submitted,,70000640,84496384,,,,,,,,,,,,0.00017166,0,3962,0,django__django-11138,regular
1,1,1,0.268556392,returned,0,0.183392767,returned,0.0,1056768,41017344,6.975e-05,0.016055753,0.016125503,0.0,2.0,4788224.0,3706880.0,1081344.0,933888.0,147456.0,90112.0,0.019426481,37,10333,51380224,django__django-11141,lazy
2,1,2,0.715420625,returned,0,0.310313012,returned,0.0,2162688,52277248,0.00044517,0.031924817,0.032369987,1.0,3.0,28692480.0,26529792.0,2162688.0,2076672.0,86016.0,98304.0,0.032993311,39,14155,81805312,django__django-11141,lazy
3,1,3,1.039725458,returned,1,0.366768271,returned,1.0,9158656,80089088,0.000146874,0.076864023,0.077010897,1.0,3.0,51191808.0,42033152.0,9158656.0,8765440.0,393216.0,98304.0,0.077837769,40,19570,119316480,django__django-11141,lazy
4,2,1,0.263636284,returned,1,0.179620815,returned,1.0,13828096,41357312,0.0001451,0.096544838,0.096689938,1.0,3.0,78761984.0,64933888.0,13828096.0,13406208.0,421888.0,98304.0,0.097338288,36,10093,49905664,django__django-11141,lazy
5,3,1,0.266807093,returned,0,0.183036666,returned,0.0,2625536,41181184,0.000145351,0.045352758,0.045498109,1.0,3.0,28168192.0,25542656.0,2625536.0,2080768.0,544768.0,98304.0,0.046124908,40,10636,52420608,django__django-11141,lazy
6,4,1,0.259487193,returned,0,0.179827813,returned,0.0,2760704,41512960,0.000113452,0.041422725,0.041536177,1.0,3.0,30191616.0,27430912.0,2760704.0,2146304.0,614400.0,98304.0,0.04220241,36,10036,49504256,django__django-11141,lazy
7,5,1,0.262716218,returned,0,0.177447196,returned,0.0,2719744,41529344,0.000159287,0.032214327,0.032373614,1.0,3.0,28196864.0,25477120.0,2719744.0,2052096.0,667648.0,98304.0,0.033455266,37,10156,49577984,django__django-11141,lazy
8,6,1,0.256847549,returned,0,0.180817622,returned,0.0,1957888,39698432,0.000151553,0.105095359,0.105246912,1.0,4.0,28704768.0,26746880.0,1957888.0,1212416.0,745472.0,98304.0,0.105887107,36,9750,46735360,django__django-11141,lazy
9,7,1,0.263603373,returned,0,0.183001073,returned,0.0,2461696,40435712,0.000155019,0.073879821,0.07403484,1.0,3.0,26324992.0,23863296.0,2461696.0,2007040.0,454656.0,98304.0,0.07475864,40,10198,48988160,django__django-11141,lazy
10,8,1,0.258924985,returned,0,0.181430871,returned,0.0,2482176,41222144,0.00114729,0.050284408,0.051431698,3.0,3.0,27811840.0,25329664.0,2482176.0,2048000.0,434176.0,98304.0,0.052055972,36,10043,49512448,django__django-11141,lazy
11,9,1,0.259546804,returned,0,0.18176173,returned,0.0,2498560,41271296,0.000479294,0.03055431,0.031033604,3.0,3.0,27865088.0,25366528.0,2498560.0,2035712.0,462848.0,98304.0,0.03166358,37,10245,49733632,django__django-11141,lazy
12,10,1,0.26194063,returned,0,0.181869061,returned,0.0,2543616,41447424,0.000207346,0.030470094,0.03067744,3.0,3.0,28286976.0,25743360.0,2543616.0,2039808.0,503808.0,98304.0,0.031283,38,10261,49577984,django__django-11141,lazy
13,11,1,0.263860918,returned,0,0.184889241,returned,0.0,2535424,41213952,0.000518227,0.032033293,0.03255152,3.0,3.0,28467200.0,25931776.0,2535424.0,2093056.0,442368.0,98304.0,0.033174482,40,10594,50413568,django__django-11141,lazy
14,12,1,0.260634535,returned,0,0.177108887,returned,0.0,2609152,41742336,0.000628554,0.030669446,0.031298,3.0,4.0,28794880.0,26185728.0,2609152.0,2060288.0,548864.0,98304.0,0.031884635,36,10089,49405952,django__django-11141,lazy
15,13,1,0.266575826,returned,0,0.185045733,returned,0.0,2752512,41455616,0.000499983,0.063548508,0.064048491,3.0,3.0,28049408.0,25296896.0,2752512.0,2023424.0,729088.0,98304.0,0.064672306,40,10605,50208768,django__django-11141,lazy
16,14,1,0.260865986,returned,0,0.178847305,returned,0.0,2678784,41459712,0.000604488,0.032044002,0.03264849,3.0,3.0,28786688.0,26107904.0,2678784.0,2080768.0,598016.0,98304.0,0.033257748,36,10023,49381376,django__django-11141,lazy
17,15,1,0.281631153,returned,0,0.194025283,returned,0.0,2605056,41541632,0.00043935,0.031853106,0.032292456,3.0,3.0,27942912.0,25337856.0,2605056.0,2027520.0,577536.0,98304.0,0.032888468,37,12118,60030976,django__django-11141,lazy
18,16,1,0.256664402,returned,0,0.175534585,returned,0.0,2797568,41037824,0.000662757,0.036203979,0.036866736,4.0,3.0,33366016.0,30568448.0,2797568.0,2170880.0,626688.0,98304.0,0.037477096,36,10081,49405952,django__django-11141,lazy
19,17,1,0.266059893,returned,0,0.185019164,returned,0.0,2621440,41230336,0.000487861,0.030147071,0.030634932,4.0,3.0,27828224.0,25206784.0,2621440.0,2039808.0,581632.0,98304.0,0.031267022,40,10328,50323456,django__django-11141,lazy
20,18,1,0.257099094,returned,0,0.182746978,returned,0.0,1789952,40751104,0.000988575,0.052646495,0.05363507,5.0,3.0,28610560.0,26820608.0,1789952.0,1085440.0,704512.0,98304.0,0.054424624,36,9861,47996928,django__django-11141,lazy
21,21,1,0.269203362,returned,0,0.184002088,returned,0.0,2719744,41246720,0.00050879,0.031353764,0.031862554,5.0,3.0,27447296.0,24727552.0,2719744.0,2072576.0,647168.0,98304.0,0.032476149,40,10316,50126848,django__django-11141,lazy
22,22,1,0.259263855,returned,0,0.181048587,returned,0.0,2670592,41242624,0.000584601,0.033145419,0.03373002,5.0,3.0,28635136.0,25964544.0,2670592.0,2097152.0,573440.0,98304.0,0.034323077,36,10071,49233920,django__django-11141,lazy
23,23,1,0.294480672,returned,0,0.200727066,returned,0.0,2633728,41582592,0.000518468,0.037266442,0.03778491,5.0,4.0,27910144.0,25276416.0,2633728.0,2035712.0,598016.0,98304.0,0.038392375,38,12393,60424192,django__django-11141,lazy
24,24,1,0.261980678,returned,0,0.180459249,returned,0.0,2822144,41238528,0.000784114,0.058470327,0.059254441,6.0,3.0,33587200.0,30765056.0,2822144.0,2211840.0,610304.0,98304.0,0.059845305,36,10013,49291264,django__django-11141,lazy
25,25,1,0.287573346,returned,0,0.197248247,returned,0.0,2568192,41422848,0.000552912,0.045795004,0.046347916,6.0,3.0,27717632.0,25149440.0,2568192.0,2035712.0,532480.0,98304.0,0.04697099,37,12098,59940864,django__django-11141,lazy
26,26,1,0.262451663,returned,0,0.178900026,returned,0.0,3006464,41558016,0.000626009,0.044859778,0.045485787,6.0,3.0,33628160.0,30621696.0,3006464.0,2195456.0,811008.0,98304.0,0.046099973,35,10009,49225728,django__django-11141,lazy
27,27,1,0.274174742,returned,0,0.183936647,returned,0.0,3022848,47087616,0.000528547,0.0472502,0.047778747,6.0,3.0,28237824.0,25214976.0,3022848.0,2109440.0,913408.0,98304.0,0.048407722,40,14423,81051648,django__django-11141,lazy
28,28,1,0.26189171,returned,0,0.180356869,returned,0.0,3022848,41476096,0.000741885,0.057179708,0.057921593,7.0,4.0,44482560.0,41459712.0,3022848.0,2207744.0,815104.0,98304.0,0.05856829,34,9843,48087040,django__django-11141,lazy
29,29,1,0.260871137,Submitted,0,0.177691493,Submitted,,2965504,41549824,0.000498159,0.045099049,0.045597208,7.0,3.0,27475968.0,24510464.0,2965504.0,2084864.0,880640.0,98304.0,0.046230439,34,9894,47841280,django__django-11141,lazy
1,1,1,0.266896398,returned,0,0.183392767,returned,0.0,4497408,41422848,,,,,,,,,,,,0.00019289,33,9529,45137920,django__django-11141,regular
2,1,2,0.631590917,returned,0,0.310313012,returned,0.0,28999680,53288960,,,,,,,,,,,,0.000181278,3,7963,30875648,django__django-11141,regular
3,1,3,0.612383075,returned,1,0.366768271,returned,1.0,52023296,81223680,,,,,,,,,,,,0.000189023,1,9691,38035456,django__django-11141,regular
4,2,1,0.179010215,returned,1,0.179620815,returned,1.0,79622144,93282304,,,,,,,,,,,,0.00017177,0,3981,0,django__django-11141,regular
5,3,1,0.185805135,returned,0,0.183036666,returned,0.0,79319040,93331456,,,,,,,,,,,,0.000153586,0,4147,0,django__django-11141,regular
6,4,1,0.183201705,returned,0,0.179827813,returned,0.0,79863808,93368320,,,,,,,,,,,,0.000175628,0,3975,0,django__django-11141,regular
7,5,1,0.17843399,returned,0,0.177447196,returned,0.0,79568896,93528064,,,,,,,,,,,,0.000168905,1,4097,73728,django__django-11141,regular
8,6,1,0.18034738,returned,0,0.180817622,returned,0.0,79618048,93519872,,,,,,,,,,,,0.000284992,0,4039,0,django__django-11141,regular
9,7,1,0.1832692,returned,0,0.183001073,returned,0.0,79581184,93319168,,,,,,,,,,,,0.000179595,4,4282,647168,django__django-11141,regular
10,8,1,0.185842706,returned,0,0.181430871,returned,0.0,79884288,93757440,,,,,,,,,,,,0.000154288,0,4033,0,django__django-11141,regular
11,9,1,0.182844373,returned,0,0.18176173,returned,0.0,79724544,93822976,,,,,,,,,,,,0.000174947,0,4089,0,django__django-11141,regular
12,10,1,0.18410002,returned,0,0.181869061,returned,0.0,80048128,94027776,,,,,,,,,,,,0.000171189,0,4091,0,django__django-11141,regular
13,11,1,0.194003845,returned,0,0.184889241,returned,0.0,80101376,93917184,,,,,,,,,,,,0.000154108,0,4417,24576,django__django-11141,regular
14,12,1,0.182891285,returned,0,0.177108887,returned,0.0,79724544,93675520,,,,,,,,,,,,0.000167382,0,4035,0,django__django-11141,regular
15,13,1,0.186228501,returned,0,0.185045733,returned,0.0,79646720,93794304,,,,,,,,,,,,0.00016086,0,4396,8192,django__django-11141,regular
16,14,1,0.182592538,returned,0,0.178847305,returned,0.0,80175104,93618176,,,,,,,,,,,,0.000177561,0,3981,0,django__django-11141,regular
17,15,1,0.21124033,returned,0,0.194025283,returned,0.0,79626240,93892608,,,,,,,,,,,,0.000150932,2,6220,11862016,django__django-11141,regular
18,16,1,0.183694083,returned,0,0.175534585,returned,0.0,85860352,100282368,,,,,,,,,,,,0.000150671,0,3976,0,django__django-11141,regular
19,17,1,0.181919061,returned,0,0.185019164,returned,0.0,86171648,100560896,,,,,,,,,,,,0.000158095,0,4152,16384,django__django-11141,regular
20,18,1,0.182436969,returned,0,0.182746978,returned,0.0,86884352,100274176,,,,,,,,,,,,0.000151773,0,3972,0,django__django-11141,regular
21,21,1,0.183591316,returned,0,0.184002088,returned,0.0,86327296,100519936,,,,,,,,,,,,0.000151092,0,4102,8192,django__django-11141,regular
22,22,1,0.177603627,returned,0,0.181048587,returned,0.0,86446080,100503552,,,,,,,,,,,,0.000151132,0,4039,0,django__django-11141,regular
23,23,1,0.209987549,returned,0,0.200727066,returned,0.0,86425600,100532224,,,,,,,,,,,,0.00017148,1,5130,614400,django__django-11141,regular
24,24,1,0.181858969,returned,0,0.180459249,returned,0.0,86642688,101031936,,,,,,,,,,,,0.00014991,0,4041,0,django__django-11141,regular
25,25,1,0.198657683,returned,0,0.197248247,returned,0.0,86986752,100802560,,,,,,,,,,,,0.000176239,0,4775,16384,django__django-11141,regular
26,26,1,0.180639955,returned,0,0.178900026,returned,0.0,86966272,101072896,,,,,,,,,,,,0.000174696,0,3980,0,django__django-11141,regular
27,27,1,0.195689576,returned,0,0.183936647,returned,0.0,86872064,107618304,,,,,,,,,,,,0.000180477,6,8382,31629312,django__django-11141,regular
28,28,1,0.181308488,returned,0,0.180356869,returned,0.0,103186432,116908032,,,,,,,,,,,,0.000167523,0,3978,0,django__django-11141,regular
29,29,1,0.181273446,Submitted,0,0.177691493,Submitted,,102907904,116707328,,,,,,,,,,,,0.000174756,0,4028,0,django__django-11141,regular
1,1,1,0.726684738,returned,0,0.310727304,returned,0.0,929792,52060160,7.2776e-05,0.016163666,0.016236442,0.0,3.0,4476928.0,3547136.0,929792.0,745472.0,184320.0,61440.0,0.019213556,39,14039,80904192,django__django-11149,lazy
2,2,1,0.264045339,returned,0,0.18210124,returned,0.0,9576448,41369600,0.000438988,0.061964806,0.062403794,1.0,3.0,50896896.0,41320448.0,9576448.0,9015296.0,561152.0,61440.0,0.06306067,37,10379,50561024,django__django-11149,lazy
3,3,1,0.25583408,returned,0,0.177285077,returned,0.0,1970176,41119744,0.000136595,0.098801881,0.098938476,1.0,5.0,28688384.0,26718208.0,1970176.0,1081344.0,888832.0,61440.0,0.099564554,36,9924,48414720,django__django-11149,lazy
4,4,1,0.259008733,returned,0,0.174669991,returned,0.0,1835008,40984576,0.000120264,0.072225889,0.072346153,1.0,7.0,27701248.0,25866240.0,1835008.0,1011712.0,823296.0,61440.0,0.072957904,36,9988,48971776,django__django-11149,lazy
5,5,1,0.25803178,returned,0,0.18101533,returned,0.0,2908160,41480192,0.0001502,0.029194738,0.029344938,1.0,3.0,28004352.0,25096192.0,2908160.0,2072576.0,835584.0,61440.0,0.029975935,36,10029,49266688,django__django-11149,lazy
6,6,1,0.259570411,returned,0,0.181142608,returned,0.0,2990080,41398272,0.000149019,0.030689726,0.030838745,1.0,3.0,28409856.0,25419776.0,2990080.0,2134016.0,856064.0,61440.0,0.031461997,36,10054,49315840,django__django-11149,lazy
7,7,1,0.261131223,returned,0,0.179616942,returned,0.0,2932736,41226240,0.000132767,0.030148828,0.030281595,1.0,3.0,28160000.0,25227264.0,2932736.0,2072576.0,860160.0,98304.0,0.030906431,36,10109,49414144,django__django-11149,lazy
8,8,1,0.26147301,returned,0,0.180635032,returned,0.0,3055616,41230336,0.000130484,0.030803328,0.030933812,1.0,3.0,28151808.0,25096192.0,3055616.0,2347008.0,708608.0,98304.0,0.031546626,38,10270,49446912,django__django-11149,lazy
9,9,1,0.261662584,returned,0,0.180678354,returned,0.0,2695168,40910848,0.000442756,0.029156957,0.029599713,1.0,4.0,28065792.0,25370624.0,2695168.0,2121728.0,573440.0,98304.0,0.030210252,36,10047,49430528,django__django-11149,lazy
10,10,1,0.266914782,returned,0,0.180507632,returned,0.0,2486272,40837120,0.000309217,0.03087349,0.031182707,1.0,3.0,27656192.0,25169920.0,2486272.0,2031616.0,454656.0,98304.0,0.031778819,38,10169,49414144,django__django-11149,lazy
11,11,1,0.255892369,returned,0,0.183853339,returned,0.0,2801664,41009152,0.000361775,0.029784869,0.030146644,1.0,3.0,27824128.0,25022464.0,2801664.0,2355200.0,446464.0,98304.0,0.030841109,35,9866,47775744,django__django-11149,lazy
12,12,1,0.25802044,returned,0,0.180920917,returned,0.0,2617344,41005056,0.000716036,0.029541224,0.03025726,2.0,3.0,27258880.0,24641536.0,2617344.0,2060288.0,557056.0,98304.0,0.030851669,35,9872,47939584,django__django-11149,lazy
13,13,1,0.976526332,returned,1,0.76757101,returned,1.0,2551808,100814848,0.000597465,0.02925497,0.029852435,3.0,3.0,27369472.0,24817664.0,2551808.0,2052096.0,499712.0,98304.0,0.030441594,78,33064,124526592,django__django-11149,lazy
14,14,1,0.258951437,returned,0,0.176638466,returned,0.0,6328320,41836544,0.066676616,0.069227165,0.135903781,269.0,3.0,72241152.0,65912832.0,6328320.0,5361664.0,966656.0,98304.0,0.136552301,38,10149,49750016,django__django-11149,lazy
15,15,1,0.262265831,returned,0,0.178753216,returned,0.0,1802240,40734720,0.008730318,0.089095703,0.097826021,270.0,4.0,28921856.0,27119616.0,1802240.0,1118208.0,684032.0,98304.0,0.098430308,35,9769,46956544,django__django-11149,lazy
16,16,1,0.262454643,returned,0,0.179718524,returned,0.0,1888256,40730624,0.012521982,0.125473592,0.137995574,271.0,3.0,26918912.0,25030656.0,1888256.0,1101824.0,786432.0,98304.0,0.138595793,38,9936,48267264,django__django-11149,lazy
17,17,1,0.256540769,returned,0,0.178511878,returned,0.0,2015232,40992768,0.007491056,0.124001115,0.131492171,271.0,6.0,27656192.0,25640960.0,2015232.0,1134592.0,880640.0,98304.0,0.132130322,35,9709,46514176,django__django-11149,lazy
18,18,1,0.753583394,returned,1,0.5339125,returned,1.0,2215936,97886208,0.006526727,0.09757352,0.104100247,271.0,3.0,27029504.0,24813568.0,2215936.0,1175552.0,1040384.0,98304.0,0.104721326,78,27037,122568704,django__django-11149,lazy
19,19,1,0.843129815,returned,0,0.648764356,returned,0.0,3350528,99774464,0.008055018,0.131366806,0.139421824,273.0,3.0,67813376.0,64462848.0,3350528.0,2256896.0,1093632.0,98304.0,0.140085733,78,27969,122437632,django__django-11149,lazy
20,20,1,0.750572027,returned,1,0.519164044,returned,1.0,5128192,96145408,0.015136319,0.163422973,0.178559292,304.0,3.0,67891200.0,62763008.0,5128192.0,4956160.0,172032.0,98304.0,0.179207,78,26672,125067264,django__django-11149,lazy
21,21,1,0.751601011,returned,1,0.51169138,returned,1.0,2523136,98377728,0.007968948,0.147209734,0.155178682,304.0,2.0,68464640.0,65941504.0,2523136.0,1970176.0,552960.0,98304.0,0.155820238,79,27836,122028032,django__django-11149,lazy
22,22,1,0.261418239,returned,0,0.178332526,returned,0.0,5996544,41447424,0.011685221,0.097041326,0.108726547,319.0,3.0,68096000.0,62099456.0,5996544.0,4968448.0,1028096.0,98304.0,0.109397148,35,9873,47972352,django__django-11149,lazy
23,23,1,0.836669976,returned,0,0.617145247,returned,0.0,3022848,99643392,0.008717554,0.031258047,0.039975601,320.0,3.0,27561984.0,24539136.0,3022848.0,2125824.0,897024.0,98304.0,0.040614733,79,27477,123625472,django__django-11149,lazy
24,24,1,0.742227354,returned,1,0.517723098,returned,1.0,2179072,94957568,0.00787936,0.146601349,0.154480709,320.0,5.0,68063232.0,65884160.0,2179072.0,1384448.0,794624.0,98304.0,0.155128227,78,26340,121905152,django__django-11149,lazy
25,25,1,0.26412445,returned,0,0.181609487,returned,0.0,2166784,42348544,0.008067421,0.137972912,0.146040333,320.0,6.0,67514368.0,65347584.0,2166784.0,1376256.0,790528.0,98304.0,0.146693282,38,10250,49856512,django__django-11149,lazy
26,26,1,0.274514384,returned,2,0.191371834,returned,2.0,2838528,39657472,0.008410431,0.093432114,0.101842545,321.0,5.0,29356032.0,26517504.0,2838528.0,1880064.0,958464.0,98304.0,0.102466839,36,11401,54460416,django__django-11149,lazy
27,27,1,0.260228302,returned,0,0.181159146,returned,0.0,3559424,41422848,0.00771321,0.035124861,0.042838071,321.0,3.0,31395840.0,27836416.0,3559424.0,2772992.0,786432.0,98304.0,0.043444733,35,9885,47972352,django__django-11149,lazy
28,28,1,0.693613236,returned,1,0.486922843,returned,1.0,2895872,95436800,0.008183296,0.049490664,0.05767396,322.0,3.0,27615232.0,24719360.0,2895872.0,2088960.0,806912.0,98304.0,0.058283197,78,26428,123338752,django__django-11149,lazy
29,29,1,0.262531118,returned,0,0.183233399,returned,0.0,5689344,41668608,0.008449263,0.080851723,0.089300986,323.0,3.0,67899392.0,62210048.0,5689344.0,4829184.0,860160.0,98304.0,0.089936562,38,10131,50012160,django__django-11149,lazy
30,30,1,0.260932305,returned,0,0.180281442,returned,0.0,3010560,41734144,0.008274768,0.034734082,0.04300885,323.0,3.0,28639232.0,25628672.0,3010560.0,2170880.0,839680.0,98304.0,0.043616534,38,10226,49905664,django__django-11149,lazy
31,31,1,0.714728691,returned,1,0.483835653,returned,1.0,3121152,96288768,0.008505238,0.038966439,0.047471677,324.0,3.0,28954624.0,25833472.0,3121152.0,2154496.0,966656.0,98304.0,0.048096172,78,26619,123461632,django__django-11149,lazy
32,32,1,0.258745896,returned,0,0.181813437,returned,0.0,5636096,41562112,0.011540771,0.071905312,0.083446083,335.0,4.0,68145152.0,62509056.0,5636096.0,4812800.0,823296.0,98304.0,0.084070679,35,9909,48218112,django__django-11149,lazy
33,33,1,0.772142687,returned,1,0.56234059,returned,1.0,2994176,97898496,0.008772175,0.033227612,0.041999787,335.0,3.0,27746304.0,24752128.0,2994176.0,2138112.0,856064.0,98304.0,0.042640363,78,27103,124329984,django__django-11149,lazy
34,34,1,0.844976522,returned,0,0.632543543,returned,0.0,5050368,100777984,0.010728516,0.073224893,0.083953409,344.0,4.0,69140480.0,64090112.0,5050368.0,4141056.0,909312.0,98304.0,0.084587162,78,27742,124100608,django__django-11149,lazy
35,35,1,0.757346801,returned,1,0.533310712,returned,1.0,3002368,95604736,0.008373603,0.185066544,0.193440147,344.0,4.0,68636672.0,65634304.0,3002368.0,1937408.0,1064960.0,98304.0,0.194054001,78,26386,121094144,django__django-11149,lazy
36,36,1,0.689349056,returned,0,0.464266099,returned,0.0,5255168,95539200,0.008041574,0.097505092,0.105546666,344.0,3.0,67014656.0,61759488.0,5255168.0,4882432.0,372736.0,98304.0,0.106168546,78,26551,124067840,django__django-11149,lazy
37,37,1,0.259107696,returned,0,0.17917196,returned,0.0,5337088,41701376,0.009329977,0.07004175,0.079371727,345.0,3.0,67833856.0,62496768.0,5337088.0,4825088.0,512000.0,98304.0,0.080058538,38,10253,50397184,django__django-11149,lazy
38,38,1,1.186058845,returned,0,0.967532898,returned,0.0,2936832,100892672,0.008535486,0.047242948,0.055778434,345.0,3.0,28721152.0,25784320.0,2936832.0,2146304.0,790528.0,98304.0,0.056391668,78,35371,123633664,django__django-11149,lazy
39,39,1,0.76476258,returned,1,0.553145004,returned,1.0,2674688,94605312,0.008267957,0.203481335,0.211749292,346.0,5.0,68149248.0,65474560.0,2674688.0,1994752.0,679936.0,98304.0,0.212359901,78,26300,118644736,django__django-11149,lazy
40,40,1,0.257048092,returned,0,0.177707054,returned,0.0,2924544,41824256,0.008377801,0.141143142,0.149520943,346.0,2.0,65810432.0,62885888.0,2924544.0,2072576.0,851968.0,98304.0,0.150172359,35,9767,46514176,django__django-11149,lazy
41,41,1,0.747171367,returned,1,0.555759755,returned,1.0,3104768,92270592,0.008207424,0.243139551,0.251346975,346.0,5.0,27783168.0,24678400.0,3104768.0,2338816.0,765952.0,98304.0,0.251953587,78,25685,115040256,django__django-11149,lazy
42,42,1,0.258812885,returned,0,0.183244318,returned,0.0,2928640,41140224,0.008249302,0.27004357,0.278292872,346.0,4.0,63660032.0,60731392.0,2928640.0,2158592.0,770048.0,98304.0,0.278898192,35,9646,46055424,django__django-11149,lazy
43,43,1,0.721855628,returned,0,0.49388785,returned,0.0,3600384,97042432,0.008310957,0.051309446,0.059620403,346.0,3.0,27336704.0,23736320.0,3600384.0,3108864.0,491520.0,98304.0,0.060224249,78,26947,124190720,django__django-11149,lazy
44,45,1,0.268225829,returned,0,0.178219736,returned,0.0,5582848,41365504,0.008097138,0.072579573,0.080676711,346.0,3.0,68161536.0,62578688.0,5582848.0,4927488.0,655360.0,98304.0,0.081382347,40,10372,50462720,django__django-11149,lazy
45,46,1,0.268382921,returned,0,0.188993403,returned,0.0,2994176,41541632,0.008988131,0.035863145,0.044851276,348.0,3.0,29167616.0,26173440.0,2994176.0,2207744.0,786432.0,98304.0,0.045456294,38,11147,50651136,django__django-11149,lazy
46,47,1,0.2585633,returned,0,0.178494784,returned,0.0,2867200,41439232,0.008079545,0.035173027,0.043252572,349.0,3.0,29401088.0,26533888.0,2867200.0,2146304.0,720896.0,98304.0,0.043863834,36,10161,49922048,django__django-11149,lazy
47,48,1,0.265821402,returned,1,0.18398795,returned,1.0,2756608,41390080,0.008107888,0.036570404,0.044678292,349.0,3.0,28340224.0,25583616.0,2756608.0,2113536.0,643072.0,98304.0,0.04529313,37,10272,49684480,django__django-11149,lazy
48,49,1,0.258699163,returned,1,0.175490305,returned,1.0,2813952,41328640,0.008432875,0.03513674,0.043569615,349.0,3.0,28475392.0,25661440.0,2813952.0,2150400.0,663552.0,98304.0,0.044211002,38,10226,49651712,django__django-11149,lazy
49,50,1,0.259102816,returned,0,0.178346327,returned,0.0,2678784,41365504,0.008321266,0.035895776,0.044217042,349.0,3.0,28524544.0,25845760.0,2678784.0,2154496.0,524288.0,98304.0,0.044835547,38,10233,49676288,django__django-11149,lazy
50,51,1,0.260898111,returned,0,0.178370975,returned,0.0,2707456,41746432,0.008150437,0.034905358,0.043055795,349.0,3.0,28483584.0,25776128.0,2707456.0,2125824.0,581632.0,98304.0,0.04368533,36,10088,49651712,django__django-11149,lazy
51,52,1,0.259826146,returned,1,0.181528453,returned,1.0,2473984,41271296,0.008533011,0.07197805,0.080511061,349.0,4.0,28037120.0,25563136.0,2473984.0,1941504.0,532480.0,98304.0,0.081161475,38,10177,49340416,django__django-11149,lazy
52,53,1,0.261318014,returned,0,0.183997291,returned,0.0,2658304,41299968,0.008298583,0.049669547,0.05796813,349.0,3.0,28381184.0,25722880.0,2658304.0,2109440.0,548864.0,98304.0,0.058581915,36,10112,49414144,django__django-11149,lazy
53,54,1,0.263540004,returned,1,0.180300433,returned,1.0,1826816,40955904,0.00838219,0.099963557,0.108345747,349.0,4.0,28041216.0,26214400.0,1826816.0,1142784.0,684032.0,98304.0,0.109069506,38,10087,48414720,django__django-11149,lazy
54,55,1,0.257482938,returned,0,0.175909732,returned,0.0,1863680,41037824,0.008254525,0.102899643,0.111154168,349.0,5.0,28008448.0,26144768.0,1863680.0,1085440.0,778240.0,98304.0,0.111789638,36,10055,48791552,django__django-11149,lazy
55,56,1,0.263696911,returned,0,0.181130042,returned,0.0,2252800,41185280,0.008429529,0.053031995,0.061461524,349.0,3.0,27779072.0,25526272.0,2252800.0,2113536.0,139264.0,98304.0,0.062112974,36,10214,50184192,django__django-11149,lazy
56,57,1,0.380899611,returned,0,0.204229358,returned,0.0,2506752,41324544,0.008332454,0.053606679,0.061939133,349.0,4.0,28110848.0,25604096.0,2506752.0,2121728.0,385024.0,98304.0,0.062560734,36,12123,66347008,django__django-11149,lazy
57,58,1,0.376646737,returned,1,0.204008614,returned,1.0,4694016,41136128,0.008294243,0.066974498,0.075268741,349.0,3.0,38211584.0,33517568.0,4694016.0,4128768.0,565248.0,98304.0,0.075895642,38,12183,65781760,django__django-11149,lazy
58,59,1,0.376644183,returned,1,0.195672676,returned,1.0,4595712,41381888,0.008306345,0.06453975,0.072846095,349.0,3.0,38264832.0,33669120.0,4595712.0,4153344.0,442368.0,98304.0,0.073493676,36,12146,66043904,django__django-11149,lazy
59,60,1,0.258523292,returned,0,0.180557553,returned,0.0,4546560,41279488,0.008285095,0.069526675,0.07781177,349.0,3.0,38260736.0,33619968.0,4640768.0,4120576.0,520192.0,98304.0,0.078521996,36,10045,49258496,django__django-11149,lazy
60,61,1,0.258129145,returned,0,0.174630025,returned,0.0,2797568,40902656,0.008045077,0.038159256,0.046204333,349.0,3.0,28028928.0,25231360.0,2797568.0,2174976.0,622592.0,98304.0,0.046811677,36,10001,48513024,django__django-11149,lazy
61,62,1,0.257759494,returned,0,0.175776528,returned,0.0,1835008,40697856,0.008384621,0.088789115,0.097173736,349.0,4.0,27648000.0,25812992.0,1835008.0,1134592.0,700416.0,98304.0,0.097816166,36,9990,48455680,django__django-11149,lazy
62,63,1,0.257418899,returned,0,0.178633056,returned,0.0,2584576,41222144,0.008251343,0.03243333,0.040684673,349.0,3.0,27443200.0,24858624.0,2584576.0,2113536.0,471040.0,98304.0,0.041299311,36,10105,49430528,django__django-11149,lazy
63,64,1,0.280693142,returned,0,0.187239967,returned,0.0,2584576,49586176,0.00798759,0.030611006,0.038598596,349.0,3.0,27992064.0,25407488.0,2584576.0,2142208.0,442368.0,98304.0,0.039194649,43,15212,85762048,django__django-11149,lazy
64,65,1,0.258785571,returned,0,0.179591055,returned,0.0,2781184,41095168,0.008647622,0.048157,0.056804622,350.0,4.0,46346240.0,43565056.0,2781184.0,2228224.0,552960.0,98304.0,0.057449668,35,9830,47931392,django__django-11149,lazy
65,67,1,0.248445427,Submitted,0,0.191109818,Submitted,,2732032,38785024,0.008271871,0.051180217,0.059452088,350.0,3.0,27123712.0,24391680.0,2732032.0,2109440.0,622592.0,98304.0,0.060081413,35,9313,43270144,django__django-11149,lazy
1,1,1,0.715621052,returned,0,0.310727304,returned,0.0,4853760,52711424,,,,,,,,,,,,0.000157995,35,13415,75300864,django__django-11149,regular
2,2,1,0.184356403,returned,0,0.18210124,returned,0.0,51527680,65630208,,,,,,,,,,,,0.000165809,1,4168,278528,django__django-11149,regular
3,3,1,0.180927927,returned,0,0.177285077,returned,0.0,52019200,66125824,,,,,,,,,,,,0.000157234,0,4011,0,django__django-11149,regular
4,4,1,0.186777915,returned,0,0.174669991,returned,0.0,52068352,65851392,,,,,,,,,,,,0.000167603,0,4013,0,django__django-11149,regular
5,5,1,0.183245755,returned,0,0.18101533,returned,0.0,51675136,65908736,,,,,,,,,,,,0.000165749,0,4060,0,django__django-11149,regular
6,6,1,0.179301697,returned,0,0.181142608,returned,0.0,51892224,65806336,,,,,,,,,,,,0.000170869,0,4080,0,django__django-11149,regular
7,7,1,0.185690701,returned,0,0.179616942,returned,0.0,51793920,65662976,,,,,,,,,,,,0.00015577,0,4003,0,django__django-11149,regular
8,8,1,0.183676808,returned,0,0.180635032,returned,0.0,51662848,65941504,,,,,,,,,,,,0.000178022,0,4165,0,django__django-11149,regular
9,9,1,0.181244531,returned,0,0.180678354,returned,0.0,52195328,66154496,,,,,,,,,,,,0.000173644,0,3995,0,django__django-11149,regular
10,10,1,0.182503681,returned,0,0.180507632,returned,0.0,52084736,65765376,,,,,,,,,,,,0.000153236,0,4168,0,django__django-11149,regular
11,11,1,0.183438304,returned,0,0.183853339,returned,0.0,52195328,65896448,,,,,,,,,,,,0.000170659,0,4090,0,django__django-11149,regular
12,12,1,0.181016146,returned,0,0.180920917,returned,0.0,52076544,65855488,,,,,,,,,,,,0.000150841,0,4002,0,django__django-11149,regular
13,13,1,0.889604993,returned,1,0.76757101,returned,1.0,52006912,122810368,,,,,,,,,,,,0.000149078,43,26965,71876608,django__django-11149,regular
14,14,1,0.183403789,returned,0,0.176638466,returned,0.0,94347264,108052480,,,,,,,,,,,,0.000165398,1,4124,139264,django__django-11149,regular
15,15,1,0.186993307,returned,0,0.178753216,returned,0.0,94732288,108593152,,,,,,,,,,,,0.000163856,0,4068,0,django__django-11149,regular
16,16,1,0.184879773,returned,0,0.179718524,returned,0.0,94683136,108421120,,,,,,,,,,,,0.000162313,2,4039,303104,django__django-11149,regular
17,17,1,0.178923061,returned,0,0.178511878,returned,0.0,94584832,108814336,,,,,,,,,,,,0.000149599,0,4005,0,django__django-11149,regular
18,18,1,0.54181539,returned,1,0.5339125,returned,1.0,94814208,125042688,,,,,,,,,,,,0.00015539,0,12119,147456,django__django-11149,regular
19,19,1,0.64825185,returned,0,0.648764356,returned,0.0,94859264,127483904,,,,,,,,,,,,0.000156411,0,13068,475136,django__django-11149,regular
20,20,1,0.536455205,returned,1,0.519164044,returned,1.0,95637504,123310080,,,,,,,,,,,,0.000177471,0,11354,0,django__django-11149,regular
21,21,1,0.544195006,returned,1,0.51169138,returned,1.0,95588352,127807488,,,,,,,,,,,,0.00018248,1,12914,1933312,django__django-11149,regular
22,22,1,0.184108735,returned,0,0.178332526,returned,0.0,97316864,111505408,,,,,,,,,,,,0.00017137,0,4060,0,django__django-11149,regular
23,23,1,0.620737328,returned,0,0.617145247,returned,0.0,97492992,128806912,,,,,,,,,,,,0.000164537,0,12395,0,django__django-11149,regular
24,24,1,0.537924882,returned,1,0.517723098,returned,1.0,97210368,124715008,,,,,,,,,,,,0.000171429,0,11409,0,django__django-11149,regular
25,25,1,0.185240491,returned,0,0.181609487,returned,0.0,97173504,111349760,,,,,,,,,,,,0.000177792,0,4127,0,django__django-11149,regular
26,26,1,0.192165801,returned,2,0.191371834,returned,2.0,97521664,111333376,,,,,,,,,,,,0.000164727,0,4673,0,django__django-11149,regular
27,27,1,0.180858961,returned,0,0.181159146,returned,0.0,97222656,111067136,,,,,,,,,,,,0.000210332,0,4071,0,django__django-11149,regular
28,28,1,0.501550344,returned,1,0.486922843,returned,1.0,96997376,124465152,,,,,,,,,,,,0.00015558,0,11353,16384,django__django-11149,regular
29,29,1,0.186006345,returned,0,0.183233399,returned,0.0,96980992,111222784,,,,,,,,,,,,0.000250989,0,4066,8192,django__django-11149,regular
30,30,1,0.187717528,returned,0,0.180281442,returned,0.0,97316864,111296512,,,,,,,,,,,,0.000157414,0,4072,0,django__django-11149,regular
31,31,1,0.508267311,returned,1,0.483835653,returned,1.0,97689600,126005248,,,,,,,,,,,,0.000159808,0,11524,131072,django__django-11149,regular
32,32,1,0.184768607,returned,0,0.181813437,returned,0.0,97767424,111820800,,,,,,,,,,,,0.000178273,0,3997,0,django__django-11149,regular
33,33,1,0.570483054,returned,1,0.56234059,returned,1.0,97812480,126963712,,,,,,,,,,,,0.000153146,0,11927,163840,django__django-11149,regular
34,34,1,0.635222534,returned,0,0.632543543,returned,0.0,98021376,130039808,,,,,,,,,,,,0.000185366,0,12471,0,django__django-11149,regular
35,35,1,0.552661777,returned,1,0.533310712,returned,1.0,97890304,126402560,,,,,,,,,,,,0.00016116,0,11558,0,django__django-11149,regular
36,36,1,0.484893018,returned,0,0.464266099,returned,0.0,97964032,125087744,,,,,,,,,,,,0.000176429,0,11325,8192,django__django-11149,regular
37,37,1,0.184658571,returned,0,0.17917196,returned,0.0,97521664,112119808,,,,,,,,,,,,0.000175017,0,4014,0,django__django-11149,regular
38,38,1,0.968674417,returned,0,0.967532898,returned,0.0,98009088,130445312,,,,,,,,,,,,0.000167803,0,20178,16384,django__django-11149,regular
39,39,1,0.563093088,returned,1,0.553145004,returned,1.0,97718272,126779392,,,,,,,,,,,,0.000159137,0,11660,0,django__django-11149,regular
40,40,1,0.192919974,returned,0,0.177707054,returned,0.0,97808384,111800320,,,,,,,,,,,,0.000148637,0,4009,0,django__django-11149,regular
41,41,1,0.559702521,returned,1,0.555759755,returned,1.0,97857536,126246912,,,,,,,,,,,,0.000165508,0,11665,0,django__django-11149,regular
42,42,1,0.188891278,returned,0,0.183244318,returned,0.0,97607680,112041984,,,,,,,,,,,,0.000149759,0,4069,8192,django__django-11149,regular
43,43,1,0.518211108,returned,0,0.49388785,returned,0.0,98263040,126472192,,,,,,,,,,,,0.00015539,0,11673,0,django__django-11149,regular
44,45,1,0.185181417,returned,0,0.178219736,returned,0.0,97611776,111931392,,,,,,,,,,,,0.000152835,2,4164,344064,django__django-11149,regular
45,46,1,0.191912253,returned,0,0.188993403,returned,0.0,98697216,112283648,,,,,,,,,,,,0.000147375,0,4873,0,django__django-11149,regular
46,47,1,0.186409338,returned,0,0.178494784,returned,0.0,98979840,112439296,,,,,,,,,,,,0.000156853,0,4074,0,django__django-11149,regular
47,48,1,0.184291697,returned,1,0.18398795,returned,1.0,98402304,112730112,,,,,,,,,,,,0.000179234,0,4172,0,django__django-11149,regular
48,49,1,0.183107498,returned,1,0.175490305,returned,1.0,99086336,112635904,,,,,,,,,,,,0.000155891,0,4167,0,django__django-11149,regular
49,50,1,0.183313392,returned,0,0.178346327,returned,0.0,99147776,112959488,,,,,,,,,,,,0.000168555,0,4116,0,django__django-11149,regular
50,51,1,0.185899411,returned,0,0.178370975,returned,0.0,99246080,113221632,,,,,,,,,,,,0.000149629,0,4054,0,django__django-11149,regular
51,52,1,0.186147589,returned,1,0.181528453,returned,1.0,99205120,113577984,,,,,,,,,,,,0.000190906,0,4102,0,django__django-11149,regular
52,53,1,0.186741988,returned,0,0.183997291,returned,0.0,99971072,113553408,,,,,,,,,,,,0.000173213,0,4003,0,django__django-11149,regular
53,54,1,0.179842265,returned,1,0.180300433,returned,1.0,99389440,113303552,,,,,,,,,,,,0.000158536,0,4112,0,django__django-11149,regular
54,55,1,0.188625026,returned,0,0.175909732,returned,0.0,99643392,113590272,,,,,,,,,,,,0.000154839,0,4000,0,django__django-11149,regular
55,56,1,0.184487647,returned,0,0.181130042,returned,0.0,99512320,113520640,,,,,,,,,,,,0.000184745,0,4003,0,django__django-11149,regular
56,57,1,0.274634866,returned,0,0.204229358,returned,0.0,99344384,113688576,,,,,,,,,,,,0.000177521,0,5665,12902400,django__django-11149,regular
57,58,1,0.21455678,returned,1,0.204008614,returned,1.0,107462656,121618432,,,,,,,,,,,,0.000302193,0,4194,0,django__django-11149,regular
58,59,1,0.207516316,returned,1,0.195672676,returned,1.0,107905024,121507840,,,,,,,,,,,,0.000151202,0,4072,0,django__django-11149,regular
59,60,1,0.186717091,returned,0,0.180557553,returned,0.0,108077056,121790464,,,,,,,,,,,,0.000154779,0,4012,0,django__django-11149,regular
60,61,1,0.1811958,returned,0,0.174630025,returned,0.0,107745280,121389056,,,,,,,,,,,,0.000175828,0,3996,0,django__django-11149,regular
61,62,1,0.183404551,returned,0,0.175776528,returned,0.0,107433984,120692736,,,,,,,,,,,,0.000176599,0,4002,0,django__django-11149,regular
62,63,1,0.182228121,returned,0,0.178633056,returned,0.0,106659840,121077760,,,,,,,,,,,,0.000161531,0,4063,0,django__django-11149,regular
63,64,1,0.199409129,returned,0,0.187239967,returned,0.0,107196416,122703872,,,,,,,,,,,,0.00017687,4,7100,19816448,django__django-11149,regular
64,65,1,0.183714809,returned,0,0.179591055,returned,0.0,117387264,130633728,,,,,,,,,,,,0.000158866,0,3961,0,django__django-11149,regular
65,67,1,0.183633223,Submitted,0,0.191109818,Submitted,,116436992,130355200,,,,,,,,,,,,0.000196186,0,3971,0,django__django-11149,regular
1,1,1,1.039918772,returned,0,0.382857465,returned,0.0,778240,77737984,7.4812e-05,0.007814533,0.007889345,0.0,3.0,4280320.0,3502080.0,778240.0,696320.0,81920.0,61440.0,0.011306077,40,19202,116228096,django__django-11163,lazy
2,2,1,0.259687697,returned,0,0.180489645,returned,0.0,6041600,40312832,0.000426799,0.120879202,0.121306001,1.0,4.0,76410880.0,70369280.0,6041600.0,5672960.0,368640.0,94208.0,0.124221604,36,9986,48472064,django__django-11163,lazy
3,3,1,0.261957959,returned,0,0.180019314,returned,0.0,1925120,40169472,0.000137671,0.05424932,0.054386991,1.0,3.0,26955776.0,25030656.0,1925120.0,1921024.0,4096.0,94208.0,0.055006725,38,10096,49438720,django__django-11163,lazy
4,4,1,0.260933718,returned,0,0.180650104,returned,0.0,2076672,40222720,0.000830753,0.047920012,0.048750765,2.0,3.0,27406336.0,25329664.0,2076672.0,1904640.0,172032.0,94208.0,0.049376029,36,9924,48324608,django__django-11163,lazy
5,5,1,0.278550848,returned,0,0.188331748,returned,0.0,2195456,50122752,0.0004065,0.055425078,0.055831578,2.0,3.0,26816512.0,24621056.0,2195456.0,1896448.0,299008.0,94208.0,0.056449779,43,14809,84099072,django__django-11163,lazy
6,6,1,0.253990375,returned,0,0.182672211,returned,0.0,1089536,39104512,0.000717649,0.101355811,0.10207346,3.0,7.0,44802048.0,43712512.0,1089536.0,950272.0,139264.0,98304.0,0.10271694,35,9532,45236224,django__django-11163,lazy
7,8,1,0.256598786,Submitted,0,0.179607914,Submitted,,2039808,39755776,0.000483356,0.046524027,0.047007383,3.0,3.0,25128960.0,23089152.0,2039808.0,1896448.0,143360.0,98304.0,0.047758105,35,9704,46325760,django__django-11163,lazy
1,1,1,1.029024073,returned,0,0.382857465,returned,0.0,4485120,79171584,,,,,,,,,,,,0.000170979,36,18583,111812608,django__django-11163,regular
2,2,1,0.185203356,returned,0,0.180489645,returned,0.0,77877248,92286976,,,,,,,,,,,,0.000183473,0,3986,0,django__django-11163,regular
3,3,1,0.189299873,returned,0,0.180019314,returned,0.0,77803520,92016640,,,,,,,,,,,,0.000166631,2,4084,303104,django__django-11163,regular
4,4,1,0.18045926,returned,0,0.180650104,returned,0.0,78360576,92286976,,,,,,,,,,,,0.000163546,0,3990,0,django__django-11163,regular
5,5,1,0.204486624,returned,0,0.188331748,returned,0.0,78151680,99491840,,,,,,,,,,,,0.000168495,7,8946,36118528,django__django-11163,regular
6,6,1,0.18413765,returned,0,0.182672211,returned,0.0,96481280,110616576,,,,,,,,,,,,0.000166892,1,4038,73728,django__django-11163,regular
7,8,1,0.184937094,Submitted,0,0.179607914,Submitted,,96448512,110567424,,,,,,,,,,,,0.000167683,0,3968,0,django__django-11163,regular
1,1,1,0.269293,returned,0,0.186703717,returned,0.0,913408,40546304,5.7729e-05,0.01196866,0.012026389,0.0,3.0,3989504.0,3076096.0,913408.0,684032.0,229376.0,61440.0,0.015279631,36,10073,49725440,django__django-11179,lazy
2,2,1,0.264064998,returned,0,0.183764972,returned,0.0,2547712,40579072,0.000404567,0.06653804,0.066942607,1.0,3.0,27807744.0,25260032.0,2547712.0,2023424.0,524288.0,73728.0,0.067602366,36,10049,48848896,django__django-11179,lazy
3,3,1,0.257297489,returned,0,0.179527156,returned,0.0,2371584,40431616,0.000128574,0.034975437,0.035104011,1.0,3.0,27492352.0,25120768.0,2371584.0,2023424.0,348160.0,73728.0,0.035726951,36,10043,48586752,django__django-11179,lazy
4,4,1,0.257102315,returned,0,0.185624037,returned,0.0,2449408,40460288,0.000120368,0.054144816,0.054265184,1.0,4.0,27709440.0,25260032.0,2449408.0,1974272.0,475136.0,77824.0,0.054882653,36,10021,48447488,django__django-11179,lazy
5,5,1,0.258693864,returned,0,0.179115912,returned,0.0,2404352,40493056,0.000155184,0.04451179,0.044666974,1.0,4.0,27439104.0,25034752.0,2404352.0,1953792.0,450560.0,77824.0,0.045297959,37,10017,48816128,django__django-11179,lazy
6,6,1,0.259554509,returned,0,0.182676737,returned,0.0,2498560,40161280,0.000993933,0.050450288,0.051444221,2.0,3.0,27398144.0,24899584.0,2498560.0,2002944.0,495616.0,77824.0,0.052079655,36,10033,48177152,django__django-11179,lazy
7,7,1,0.261833536,returned,0,0.179286309,returned,0.0,2396160,40525824,0.00041172,0.061310448,0.061722168,2.0,3.0,27222016.0,24825856.0,2396160.0,1974272.0,421888.0,77824.0,0.06237243,38,10160,48914432,django__django-11179,lazy
8,8,1,0.268905446,returned,0,0.182944443,returned,0.0,1437696,45887488,0.000510016,0.08515848,0.085668496,2.0,6.0,27553792.0,26116096.0,1437696.0,835584.0,602112.0,77824.0,0.086287238,40,14251,79306752,django__django-11179,lazy
9,9,1,0.256077589,returned,0,0.179794591,returned,0.0,2662400,40374272,0.000673676,0.084172171,0.084845847,3.0,3.0,42905600.0,40243200.0,2662400.0,2072576.0,589824.0,77824.0,0.085461213,34,9707,46383104,django__django-11179,lazy
10,10,1,0.257483832,Submitted,0,0.176135931,Submitted,,2441216,40587264,0.000489778,0.06131641,0.061806188,3.0,3.0,26320896.0,23879680.0,2441216.0,1945600.0,495616.0,77824.0,0.062434758,34,9731,46555136,django__django-11179,lazy
1,1,1,0.268899456,returned,0,0.186703717,returned,0.0,4702208,41082880,,,,,,,,,,,,0.000186473,33,9411,44294144,django__django-11179,regular
2,2,1,0.186089155,returned,0,0.183764972,returned,0.0,28913664,42926080,,,,,,,,,,,,0.000171004,0,4088,286720,django__django-11179,regular
3,3,1,0.185424085,returned,0,0.179527156,returned,0.0,29204480,43225088,,,,,,,,,,,,0.00015789,3,4270,1564672,django__django-11179,regular
4,4,1,0.187919737,returned,0,0.185624037,returned,0.0,30187520,44195840,,,,,,,,,,,,0.000162688,0,4083,0,django__django-11179,regular
5,5,1,0.185087598,returned,0,0.179115912,returned,0.0,30015488,44253184,,,,,,,,,,,,0.000169952,2,4018,303104,django__django-11179,regular
6,6,1,0.185880298,returned,0,0.182676737,returned,0.0,30236672,44339200,,,,,,,,,,,,0.000151487,0,4082,0,django__django-11179,regular
7,7,1,0.190218788,returned,0,0.179286309,returned,0.0,30265344,44437504,,,,,,,,,,,,0.000173138,0,4073,0,django__django-11179,regular
8,8,1,0.202545977,returned,0,0.182944443,returned,0.0,30294016,51191808,,,,,,,,,,,,0.00017394,6,8362,31973376,django__django-11179,regular
9,9,1,0.180666193,returned,0,0.179794591,returned,0.0,46223360,60682240,,,,,,,,,,,,0.000171404,1,3988,73728,django__django-11179,regular
10,10,1,0.182033873,Submitted,0,0.176135931,Submitted,,46489600,60755968,,,,,,,,,,,,0.000161646,0,3964,0,django__django-11179,regular
1,1,1,0.716765132,returned,0,0.307831241,returned,0.0,1052672,51572736,6.6266e-05,0.020799085,0.020865351,0.0,3.0,4403200.0,3350528.0,1052672.0,888832.0,163840.0,61440.0,0.02258718,39,14032,80412672,django__django-11206,lazy
2,2,1,0.262565094,returned,0,0.176001528,returned,0.0,9449472,40734720,0.000460592,0.074876686,0.075337278,1.0,2.0,50331648.0,40882176.0,9449472.0,8916992.0,532480.0,94208.0,0.076009751,35,9830,47374336,django__django-11206,lazy
3,3,1,0.250388827,returned,0,0.176591653,returned,0.0,2633728,40099840,0.000120778,0.069231847,0.069352625,1.0,3.0,26738688.0,24104960.0,2633728.0,1978368.0,655360.0,94208.0,0.069974844,34,9508,45391872,django__django-11206,lazy
4,4,1,0.274046275,returned,1,0.191514252,returned,1.0,1785856,39841792,0.000699335,0.10762586,0.108325195,2.0,4.0,25841664.0,24055808.0,1785856.0,1085440.0,700416.0,94208.0,0.108929579,36,11680,57196544,django__django-11206,lazy
5,5,1,0.266311407,returned,0,0.174362198,returned,0.0,2494464,40751104,0.000399196,0.054600251,0.054999447,2.0,3.0,31535104.0,29040640.0,2494464.0,2064384.0,430080.0,94208.0,0.055660258,35,9790,47079424,django__django-11206,lazy
6,6,1,0.347473475,returned,1,0.239547543,returned,1.0,2486272,53587968,0.000445303,0.040278171,0.040723474,2.0,3.0,26525696.0,24039424.0,2486272.0,1941504.0,544768.0,94208.0,0.041370841,49,16577,85508096,django__django-11206,lazy
7,7,1,0.254759683,returned,0,0.176398412,returned,0.0,3170304,40640512,0.00285141,0.070398556,0.073249966,10.0,3.0,46268416.0,43098112.0,3170304.0,2523136.0,647168.0,94208.0,0.073870911,35,9844,47161344,django__django-11206,lazy
8,8,1,0.342307363,returned,0,0.23421621,returned,0.0,2478080,52920320,0.000752465,0.043494782,0.044247247,10.0,3.0,26640384.0,24162304.0,2478080.0,1986560.0,491520.0,94208.0,0.044870076,49,16326,85401600,django__django-11206,lazy
9,9,1,0.258383314,returned,0,0.18641764,returned,0.0,2940928,40521728,0.000716858,0.071309201,0.072026059,10.0,3.0,46018560.0,43077632.0,2940928.0,2510848.0,430080.0,94208.0,0.072700366,40,10152,49299456,django__django-11206,lazy
10,10,1,0.263500033,returned,0,0.17800506,returned,0.0,2437120,40615936,0.001175866,0.045229086,0.046404952,12.0,3.0,27717632.0,25280512.0,2437120.0,2011136.0,425984.0,94208.0,0.047039654,35,9847,47464448,django__django-11206,lazy
11,11,1,0.342521639,returned,0,0.229343917,returned,0.0,2342912,53411840,0.000732548,0.046526943,0.047259491,12.0,3.0,26791936.0,24449024.0,2342912.0,1970176.0,372736.0,94208.0,0.047871549,49,16430,85499904,django__django-11206,lazy
12,12,1,0.261513612,returned,0,0.178743643,returned,0.0,3203072,40771584,0.000778985,0.08659638,0.087375365,12.0,3.0,46268416.0,43065344.0,3203072.0,2539520.0,663552.0,94208.0,0.088016578,35,9738,46866432,django__django-11206,lazy
13,13,1,0.339381442,returned,0,0.228578226,returned,0.0,2588672,53170176,0.000916065,0.044742955,0.04565902,13.0,3.0,26558464.0,23969792.0,2588672.0,1990656.0,598016.0,94208.0,0.046267372,49,16267,85073920,django__django-11206,lazy
14,14,1,0.279661287,returned,0,0.182039616,returned,0.0,2715648,46202880,0.000817989,0.086382745,0.087200734,13.0,3.0,46145536.0,43429888.0,2715648.0,2539520.0,176128.0,94208.0,0.087849632,41,14356,81092608,django__django-11206,lazy
15,15,1,0.260112525,returned,0,0.177499836,returned,0.0,2572288,40857600,0.001083482,0.063987136,0.065070618,14.0,3.0,43765760.0,41193472.0,2572288.0,2088960.0,483328.0,94208.0,0.065688207,35,9781,47505408,django__django-11206,lazy
16,16,1,0.260131491,Submitted,0,0.180130641,Submitted,,2527232,40677376,0.000716896,0.044232773,0.044949669,14.0,3.0,26685440.0,24158208.0,2527232.0,1970176.0,557056.0,94208.0,0.045598215,35,9744,47226880,django__django-11206,lazy
1,1,1,0.716410729,returned,0,0.307831241,returned,0.0,4345856,52535296,,,,,,,,,,,,0.000228403,35,13454,75595776,django__django-11206,regular
2,2,1,0.183543862,returned,0,0.176001528,returned,0.0,51306496,65396736,,,,,,,,,,,,0.00017975,1,4039,90112,django__django-11206,regular
3,3,1,0.182472042,returned,0,0.176591653,returned,0.0,51265536,65613824,,,,,,,,,,,,0.000155495,0,3936,0,django__django-11206,regular
4,4,1,0.208850089,returned,1,0.191514252,returned,1.0,51265536,65388544,,,,,,,,,,,,0.000166866,2,6185,11829248,django__django-11206,regular
5,5,1,0.185810926,returned,0,0.174362198,returned,0.0,57131008,71540736,,,,,,,,,,,,0.000181293,0,4004,8192,django__django-11206,regular
6,6,1,0.263419195,returned,1,0.239547543,returned,1.0,57667584,77828096,,,,,,,,,,,,0.000173148,12,9108,24772608,django__django-11206,regular
7,7,1,0.182598571,returned,0,0.176398412,returned,0.0,70320128,84557824,,,,,,,,,,,,0.00017431,0,4003,0,django__django-11206,regular
8,8,1,0.232426531,returned,0,0.23421621,returned,0.0,70537216,84541440,,,,,,,,,,,,0.000162838,0,5907,0,django__django-11206,regular
9,9,1,0.185831574,returned,0,0.18641764,returned,0.0,70250496,84770816,,,,,,,,,,,,0.000198125,4,4251,647168,django__django-11206,regular
10,10,1,0.184860256,returned,0,0.17800506,returned,0.0,70873088,85139456,,,,,,,,,,,,0.000168749,0,4010,8192,django__django-11206,regular
11,11,1,0.236297848,returned,0,0.229343917,returned,0.0,71045120,85037056,,,,,,,,,,,,0.000176565,0,5893,0,django__django-11206,regular
12,12,1,0.180553566,returned,0,0.178743643,returned,0.0,70651904,85057536,,,,,,,,,,,,0.000171525,0,4012,0,django__django-11206,regular
13,13,1,0.232514635,returned,0,0.228578226,returned,0.0,70942720,84688896,,,,,,,,,,,,0.000162488,0,5853,0,django__django-11206,regular
14,14,1,0.190165777,returned,0,0.182039616,returned,0.0,70762496,84967424,,,,,,,,,,,,0.000176725,3,6327,15409152,django__django-11206,regular
15,15,1,0.184124954,returned,0,0.177499836,returned,0.0,78614528,92753920,,,,,,,,,,,,0.000170964,0,4019,0,django__django-11206,regular
16,16,1,0.18447148,Submitted,0,0.180130641,Submitted,,78352384,92667904,,,,,,,,,,,,0.000175552,0,3968,0,django__django-11206,regular
1,1,1,0.267412971,returned,0,0.18532054,returned,0.0,864256,40493056,5.6707e-05,0.015770327,0.015827034,0.0,2.0,4468736.0,3604480.0,864256.0,700416.0,163840.0,61440.0,0.018305083,37,10091,49807360,django__django-11211,lazy
2,1,2,0.714989447,returned,0,0.305945551,returned,0.0,2461696,51232768,0.000401379,0.031278318,0.031679697,1.0,3.0,27865088.0,25403392.0,2461696.0,2002944.0,458752.0,61440.0,0.032407895,40,13922,79020032,django__django-11211,lazy
3,2,1,1.007779998,returned,0,0.367314951,returned,0.0,9281536,76328960,0.000141558,0.075892406,0.076033964,1.0,3.0,49684480.0,40402944.0,9281536.0,8470528.0,811008.0,90112.0,0.076699353,41,19085,115556352,django__django-11211,lazy
4,3,1,1.010250743,returned,0,0.355519369,returned,0.0,10399744,76140544,0.000144193,0.117293485,0.117437678,1.0,3.0,74850304.0,64450560.0,10399744.0,9736192.0,663552.0,94208.0,0.118143604,41,19078,115482624,django__django-11211,lazy
5,4,1,0.255548009,returned,0,0.183883445,returned,0.0,2383872,40464384,0.00014775,0.12013137,0.12027912,1.0,4.0,74809344.0,72425472.0,2383872.0,1654784.0,729088.0,94208.0,0.120937765,35,9783,47030272,django__django-11211,lazy
6,5,1,0.260297294,returned,0,0.181004689,returned,0.0,2580480,40747008,0.000149833,0.044659986,0.044809819,1.0,3.0,26574848.0,23994368.0,2580480.0,1933312.0,647168.0,94208.0,0.045543757,35,9683,46776320,django__django-11211,lazy
7,6,1,0.695278785,returned,0,0.282707172,returned,0.0,2805760,53047296,0.000131388,0.061068175,0.061199563,1.0,4.0,26607616.0,23801856.0,2805760.0,1929216.0,876544.0,94208.0,0.061808933,40,14606,83279872,django__django-11211,lazy
8,7,1,0.257136418,returned,0,0.17687626,returned,0.0,8794112,40411136,0.000137278,0.088948325,0.089085603,1.0,3.0,52072448.0,43278336.0,8794112.0,8171520.0,622592.0,94208.0,0.089782584,35,9691,46792704,django__django-11211,lazy
9,8,1,0.689471391,returned,0,0.286120318,returned,0.0,2625536,53354496,0.000472788,0.043892374,0.044365162,1.0,3.0,26480640.0,23855104.0,2625536.0,2019328.0,606208.0,94208.0,0.044981831,40,14625,84000768,django__django-11211,lazy
10,9,1,0.254212137,returned,0,0.179326447,returned,0.0,8757248,40304640,0.000360408,0.084689801,0.085050209,1.0,3.0,52301824.0,43544576.0,8757248.0,8175616.0,581632.0,94208.0,0.085712914,36,9897,48119808,django__django-11211,lazy
11,10,1,0.25927095,returned,0,0.173801899,returned,0.0,2510848,40349696,0.000337885,0.03031217,0.030650055,1.0,3.0,27049984.0,24539136.0,2510848.0,2048000.0,462848.0,94208.0,0.031288295,36,9968,48095232,django__django-11211,lazy
12,11,1,0.251262929,returned,0,0.175911913,returned,0.0,2576384,40161280,0.000348866,0.029365581,0.029714447,1.0,3.0,27279360.0,24702976.0,2576384.0,1921024.0,655360.0,94208.0,0.030338971,36,9827,47734784,django__django-11211,lazy
13,12,1,0.254557402,returned,0,0.182862147,returned,0.0,2596864,40296448,0.000322726,0.042740399,0.043063125,1.0,3.0,26902528.0,24305664.0,2596864.0,1941504.0,655360.0,94208.0,0.0436775,36,9832,47783936,django__django-11211,lazy
14,13,1,0.255323491,returned,0,0.180811528,returned,0.0,2568192,40189952,0.000331554,0.042474579,0.042806133,1.0,3.0,27058176.0,24489984.0,2568192.0,1949696.0,618496.0,94208.0,0.043438781,36,9832,47759360,django__django-11211,lazy
15,14,1,0.702415637,returned,0,0.289300045,returned,0.0,2465792,53153792,0.00032996,0.029607747,0.029937707,1.0,3.0,26898432.0,24432640.0,2465792.0,1953792.0,512000.0,94208.0,0.030571859,40,14636,83738624,django__django-11211,lazy
16,15,1,0.256110242,returned,0,0.179567798,returned,0.0,8744960,40480768,0.000367865,0.062745389,0.063113254,1.0,3.0,52088832.0,43343872.0,8744960.0,8171520.0,573440.0,94208.0,0.063748716,36,9850,47849472,django__django-11211,lazy
17,16,1,0.256195573,returned,0,0.181895527,returned,0.0,2629632,40034304,0.00032816,0.043242392,0.043570552,1.0,3.0,27136000.0,24506368.0,2629632.0,2048000.0,581632.0,94208.0,0.044185806,37,10059,48218112,django__django-11211,lazy
18,17,1,0.256820564,returned,0,0.17624394,returned,0.0,2371584,40235008,0.00031724,0.031230114,0.031547354,1.0,5.0,27340800.0,24969216.0,2371584.0,1961984.0,409600.0,94208.0,0.032144734,36,9958,48144384,django__django-11211,lazy
19,18,1,0.258186466,returned,1,0.177756015,returned,1.0,2441216,40448000,0.00033878,0.043763517,0.044102297,1.0,3.0,27119616.0,24678400.0,2441216.0,1949696.0,491520.0,94208.0,0.044753829,38,10096,48144384,django__django-11211,lazy
20,19,1,0.260320911,returned,0,0.178924019,returned,0.0,2342912,40263680,0.000342428,0.028346554,0.028688982,1.0,3.0,27541504.0,25198592.0,2342912.0,1974272.0,368640.0,94208.0,0.02932292,36,9909,48144384,django__django-11211,lazy
21,20,1,0.260877664,returned,0,0.176103801,returned,0.0,2510848,40464384,0.000340674,0.046040942,0.046381616,1.0,3.0,27172864.0,24662016.0,2510848.0,1953792.0,557056.0,94208.0,0.047000346,38,9991,48660480,django__django-11211,lazy
22,21,1,0.256530497,returned,1,0.179190662,returned,1.0,2600960,40251392,0.000334742,0.054113432,0.054448174,1.0,3.0,27533312.0,24932352.0,2600960.0,1961984.0,638976.0,94208.0,0.055092693,38,10102,48111616,django__django-11211,lazy
23,23,1,0.256608854,returned,1,0.176335746,returned,1.0,2195456,40394752,0.000371843,0.045027025,0.045398868,1.0,3.0,27258880.0,25063424.0,2195456.0,1978368.0,217088.0,94208.0,0.046002429,38,10114,48537600,django__django-11211,lazy
24,24,1,0.252297324,returned,0,0.181972386,returned,0.0,2375680,40181760,0.000342528,0.031289377,0.031631905,1.0,4.0,27537408.0,25161728.0,2375680.0,1953792.0,421888.0,94208.0,0.032229504,36,9886,48111616,django__django-11211,lazy
25,25,1,0.255488136,returned,0,0.17575861,returned,0.0,2519040,40144896,0.000307571,0.031024697,0.031332268,1.0,3.0,27086848.0,24567808.0,2519040.0,1978368.0,540672.0,94208.0,0.031924838,35,9685,46686208,django__django-11211,lazy
26,26,1,0.347808471,returned,0,0.204674134,returned,0.0,2564096,40210432,0.000337749,0.034493864,0.034831613,1.0,3.0,26275840.0,23711744.0,2564096.0,2052096.0,512000.0,94208.0,0.035417491,37,10726,54968320,django__django-11211,lazy
27,27,1,0.347268641,returned,0,0.206060034,returned,0.0,3907584,40456192,0.000298073,0.035323142,0.035621215,1.0,3.0,31911936.0,28004352.0,3907584.0,3297280.0,610304.0,94208.0,0.036230096,37,10780,54812672,django__django-11211,lazy
28,28,1,0.258178347,returned,0,0.17361102,returned,0.0,3981312,40243200,0.000341566,0.043340678,0.043682244,1.0,3.0,32083968.0,28098560.0,3985408.0,3309568.0,675840.0,94208.0,0.044374793,37,9945,48201728,django__django-11211,lazy
29,29,1,0.259376438,returned,0,0.178185085,returned,0.0,2650112,40189952,0.000332428,0.036856521,0.037188949,1.0,3.0,27287552.0,24637440.0,2650112.0,1986560.0,663552.0,94208.0,0.037882409,35,9734,46645248,django__django-11211,lazy
30,30,1,0.254192074,returned,0,0.175790782,returned,0.0,2514944,40341504,0.000348859,0.05012248,0.050471339,1.0,3.0,26529792.0,24014848.0,2514944.0,1974272.0,540672.0,94208.0,0.051099736,35,9716,46309376,django__django-11211,lazy
31,31,1,0.251658078,returned,0,0.174880542,returned,0.0,2580480,40382464,0.000362915,0.038191413,0.038554328,1.0,2.0,26337280.0,23756800.0,2580480.0,2002944.0,577536.0,94208.0,0.039182175,34,9704,46522368,django__django-11211,lazy
32,32,1,0.251724082,returned,0,0.181227409,returned,0.0,2523136,40394752,0.000486118,0.02909467,0.029580788,2.0,3.0,26435584.0,23912448.0,2523136.0,1957888.0,565248.0,94208.0,0.030195269,34,9727,46604288,django__django-11211,lazy
33,33,1,0.70596207,returned,1,0.5460334,returned,1.0,2523136,83247104,0.000500385,0.043384182,0.043884567,3.0,3.0,26632192.0,24109056.0,2523136.0,1953792.0,569344.0,94208.0,0.044493988,74,27086,108945408,django__django-11211,lazy
34,34,1,0.256789982,returned,0,0.176535209,returned,0.0,4210688,40751104,0.03402894,0.087864615,0.121893555,136.0,2.0,61169664.0,56958976.0,4210688.0,3440640.0,770048.0,94208.0,0.122533023,34,9653,46571520,django__django-11211,lazy
35,35,1,0.793737557,returned,1,0.588356642,returned,1.0,2981888,95535104,0.004258294,0.053666525,0.057924819,137.0,3.0,26836992.0,23855104.0,2981888.0,2199552.0,782336.0,94208.0,0.058534822,79,28679,118726656,django__django-11211,lazy
36,36,1,0.251924542,returned,0,0.175830279,returned,0.0,4968448,40886272,0.028995953,0.094461787,0.12345774,236.0,2.0,66252800.0,61284352.0,4968448.0,4145152.0,823296.0,94208.0,0.124097257,34,9647,46596096,django__django-11211,lazy
37,37,1,0.640751759,returned,0,0.447472443,returned,0.0,3043328,90202112,0.007976457,0.043847778,0.051824235,236.0,3.0,26759168.0,23715840.0,3043328.0,2220032.0,823296.0,94208.0,0.052436822,78,25438,117358592,django__django-11211,lazy
38,38,1,0.250310452,returned,0,0.179081907,returned,0.0,4521984,39661568,0.005863236,0.070271532,0.076134768,236.0,3.0,63406080.0,58884096.0,4521984.0,3751936.0,770048.0,94208.0,0.076767973,37,9592,45858816,django__django-11211,lazy
39,39,1,0.255821022,returned,0,0.180640777,returned,0.0,2998272,40648704,0.005540215,0.028508302,0.034048517,236.0,3.0,26619904.0,23621632.0,2998272.0,2297856.0,700416.0,94208.0,0.034653019,35,9732,46653440,django__django-11211,lazy
40,40,1,0.254726765,returned,0,0.180815062,returned,0.0,2752512,40493056,0.005693865,0.029786486,0.035480351,236.0,3.0,26746880.0,23994368.0,2752512.0,2158592.0,593920.0,94208.0,0.036086266,34,9633,46522368,django__django-11211,lazy
41,41,1,0.715191595,returned,1,0.516714279,returned,1.0,2813952,96186368,0.007164493,0.030001953,0.037166446,236.0,3.0,26554368.0,23740416.0,2813952.0,2150400.0,663552.0,94208.0,0.03777143,78,27131,119103488,django__django-11211,lazy
42,42,1,0.254495849,returned,0,0.181507309,returned,0.0,4517888,40714240,0.00628928,0.065110121,0.071399401,237.0,3.0,65155072.0,60637184.0,4517888.0,3895296.0,622592.0,94208.0,0.072056323,34,9654,46645248,django__django-11211,lazy
43,43,1,0.753408636,returned,1,0.554222746,returned,1.0,2732032,95043584,0.00577057,0.046985495,0.052756065,237.0,3.0,26767360.0,24035328.0,2732032.0,2183168.0,548864.0,94208.0,0.053378752,78,26730,119660544,django__django-11211,lazy
44,44,1,0.25313107,returned,0,0.181294441,returned,0.0,4370432,40677376,0.005918079,0.082467861,0.08838594,237.0,2.0,64708608.0,60338176.0,4370432.0,3874816.0,495616.0,94208.0,0.089011572,34,9708,46587904,django__django-11211,lazy
45,45,1,0.771474611,returned,1,0.575471777,returned,1.0,2691072,96346112,0.005941613,0.055877061,0.061818674,237.0,4.0,26591232.0,23900160.0,2691072.0,2174976.0,516096.0,94208.0,0.062431411,78,27609,119554048,django__django-11211,lazy
46,46,1,0.258244509,returned,2,0.179707239,returned,2.0,4018176,40792064,0.00937247,0.099598277,0.108970747,249.0,3.0,64745472.0,60727296.0,4018176.0,3940352.0,77824.0,94208.0,0.109617486,34,9768,47521792,django__django-11211,lazy
47,47,1,0.253690934,returned,0,0.17784621,returned,0.0,2248704,39829504,0.006082256,0.074285374,0.08036763,249.0,3.0,26710016.0,24461312.0,2248704.0,1843200.0,405504.0,94208.0,0.08097727,34,9602,45662208,django__django-11211,lazy
48,48,1,0.277099228,returned,1,0.191793962,returned,1.0,2543616,40599552,0.006166145,0.039590011,0.045756156,250.0,3.0,25833472.0,23289856.0,2543616.0,2154496.0,389120.0,94208.0,0.046380623,36,11752,57630720,django__django-11211,lazy
49,49,1,0.255743926,returned,0,0.1773688,returned,0.0,2813952,40747008,0.006016573,0.039711049,0.045727622,250.0,3.0,31772672.0,28958720.0,2813952.0,2256896.0,557056.0,94208.0,0.046416762,34,9642,46530560,django__django-11211,lazy
50,50,1,0.280153495,returned,1,0.192173781,returned,1.0,2899968,40906752,0.006289598,0.059277308,0.065566906,250.0,3.0,26677248.0,23777280.0,2899968.0,2183168.0,716800.0,94208.0,0.066220098,36,11762,57221120,django__django-11211,lazy
51,51,1,0.256073015,returned,0,0.181214878,returned,0.0,2875392,40620032,0.006045077,0.055485389,0.061530466,250.0,3.0,32108544.0,29233152.0,2875392.0,2260992.0,614400.0,94208.0,0.062134334,34,9707,46522368,django__django-11211,lazy
52,52,1,0.278068074,returned,1,0.192812723,returned,1.0,2695168,40779776,0.006067569,0.040849145,0.046916714,250.0,3.0,26542080.0,23846912.0,2695168.0,2158592.0,536576.0,94208.0,0.047536442,36,11709,57368576,django__django-11211,lazy
53,53,1,0.25828201,returned,0,0.182875993,returned,0.0,2854912,40841216,0.005949266,0.040884942,0.046834208,250.0,3.0,31969280.0,29114368.0,2854912.0,2256896.0,598016.0,94208.0,0.047470188,35,9795,46759936,django__django-11211,lazy
54,54,1,0.59869779,returned,1,0.419999642,returned,1.0,2715648,84738048,0.006146879,0.034901542,0.041048421,250.0,3.0,26976256.0,24260608.0,2715648.0,2183168.0,532480.0,94208.0,0.041660835,76,23977,112640000,django__django-11211,lazy
55,55,1,0.261223205,returned,0,0.177000171,returned,0.0,4337664,40923136,0.006034407,0.064089641,0.070124048,250.0,2.0,61206528.0,56868864.0,4337664.0,3624960.0,712704.0,94208.0,0.070837453,35,9745,46751744,django__django-11211,lazy
56,56,1,0.649945746,returned,1,0.459290148,returned,1.0,2981888,91504640,0.006040729,0.041988382,0.048029111,250.0,3.0,27013120.0,24031232.0,2981888.0,2224128.0,757760.0,94208.0,0.048660171,78,25814,117964800,django__django-11211,lazy
57,57,1,0.258597054,returned,0,0.179284317,returned,0.0,4513792,41082880,0.006105972,0.068693781,0.074799753,250.0,3.0,64167936.0,59654144.0,4513792.0,3792896.0,720896.0,94208.0,0.075502718,35,9722,46596096,django__django-11211,lazy
58,58,1,0.633140791,returned,1,0.447363983,returned,1.0,3059712,88961024,0.005968512,0.04923238,0.055200892,250.0,3.0,27140096.0,24080384.0,3059712.0,2215936.0,843776.0,94208.0,0.055842312,78,25032,117194752,django__django-11211,lazy
59,59,1,0.261528673,returned,0,0.179094934,returned,0.0,4583424,40759296,0.006091256,0.092347133,0.098438389,250.0,3.0,63725568.0,59142144.0,4583424.0,3764224.0,819200.0,94208.0,0.0990898,35,9744,46596096,django__django-11211,lazy
60,60,1,0.650513386,returned,0,0.454726312,returned,0.0,2965504,91226112,0.006043156,0.043530353,0.049573509,250.0,3.0,26914816.0,23949312.0,2965504.0,2232320.0,733184.0,94208.0,0.050209851,78,25732,117350400,django__django-11211,lazy
61,61,1,0.255081966,returned,0,0.182713023,returned,0.0,4538368,40898560,0.006117166,0.060594088,0.066711254,250.0,3.0,63922176.0,59383808.0,4538368.0,3809280.0,729088.0,94208.0,0.067371351,35,9729,46628864,django__django-11211,lazy
62,62,1,0.645020437,returned,0,0.460932294,returned,0.0,2945024,91328512,0.006030863,0.044448077,0.05047894,250.0,3.0,26931200.0,23986176.0,2945024.0,2224128.0,720896.0,94208.0,0.051102758,78,25768,117293056,django__django-11211,lazy
63,64,1,0.58458493,returned,0,0.264815938,returned,0.0,4526080,45735936,0.00618839,0.098937974,0.105126364,250.0,4.0,63889408.0,59363328.0,4526080.0,3727360.0,798720.0,94208.0,0.105800468,39,12875,71155712,django__django-11211,lazy
1,1,1,0.265610955,returned,0,0.18532054,returned,0.0,4526080,41402368,,,,,,,,,,,,0.000169771,33,9491,44883968,django__django-11211,regular
2,1,2,0.632522723,returned,0,0.305945551,returned,0.0,28758016,52981760,,,,,,,,,,,,0.000170332,5,7935,29999104,django__django-11211,regular
3,2,1,0.602262547,returned,0,0.367314951,returned,0.0,51232768,80244736,,,,,,,,,,,,0.000165002,2,9588,37347328,django__django-11211,regular
4,3,1,0.352913542,returned,0,0.355519369,returned,0.0,78536704,92405760,,,,,,,,,,,,0.000173308,0,4453,0,django__django-11211,regular
5,4,1,0.19283298,returned,0,0.183883445,returned,0.0,79368192,92729344,,,,,,,,,,,,0.000173188,1,3973,73728,django__django-11211,regular
6,5,1,0.182017133,returned,0,0.181004689,returned,0.0,78532608,92925952,,,,,,,,,,,,0.000173328,0,3982,0,django__django-11211,regular
7,6,1,0.285135324,returned,0,0.282707172,returned,0.0,78733312,92827648,,,,,,,,,,,,0.000249071,0,4288,0,django__django-11211,regular
8,7,1,0.187688009,returned,0,0.17687626,returned,0.0,79208448,92954624,,,,,,,,,,,,0.00017438,0,3963,0,django__django-11211,regular
9,8,1,0.291867508,returned,0,0.286120318,returned,0.0,78594048,92815360,,,,,,,,,,,,0.000183598,0,4229,0,django__django-11211,regular
10,9,1,0.182892203,returned,0,0.179326447,returned,0.0,79339520,92876800,,,,,,,,,,,,0.000178868,0,3993,0,django__django-11211,regular
11,10,1,0.184547093,returned,0,0.173801899,returned,0.0,78721024,92954624,,,,,,,,,,,,0.000176073,0,4055,0,django__django-11211,regular
12,11,1,0.181595295,returned,0,0.175911913,returned,0.0,78798848,92905472,,,,,,,,,,,,0.000200289,0,3992,0,django__django-11211,regular
13,12,1,0.185268181,returned,0,0.182862147,returned,0.0,78823424,93163520,,,,,,,,,,,,0.000173288,0,3992,0,django__django-11211,regular
14,13,1,0.184610684,returned,0,0.180811528,returned,0.0,78798848,92598272,,,,,,,,,,,,0.000171584,0,4042,0,django__django-11211,regular
15,14,1,0.290261845,returned,0,0.289300045,returned,0.0,78073856,92438528,,,,,,,,,,,,0.000184559,0,4238,0,django__django-11211,regular
16,15,1,0.179541225,returned,0,0.179567798,returned,0.0,79073280,92377088,,,,,,,,,,,,0.000173809,0,4055,0,django__django-11211,regular
17,16,1,0.185675096,returned,0,0.181895527,returned,0.0,78376960,92479488,,,,,,,,,,,,0.000159371,0,4095,0,django__django-11211,regular
18,17,1,0.181982367,returned,0,0.17624394,returned,0.0,78626816,92487680,,,,,,,,,,,,0.000169441,0,3984,0,django__django-11211,regular
19,18,1,0.186597657,returned,1,0.177756015,returned,1.0,78442496,92729344,,,,,,,,,,,,0.000175332,0,4110,0,django__django-11211,regular
20,19,1,0.185544575,returned,0,0.178924019,returned,0.0,78876672,92717056,,,,,,,,,,,,0.000165614,0,4009,0,django__django-11211,regular
21,20,1,0.185799577,returned,0,0.176103801,returned,0.0,78520320,92512256,,,,,,,,,,,,0.00016386,2,4011,303104,django__django-11211,regular
22,21,1,0.181920551,returned,1,0.179190662,returned,1.0,78499840,92700672,,,,,,,,,,,,0.00016416,0,4108,0,django__django-11211,regular
23,23,1,0.190742065,returned,1,0.176335746,returned,1.0,78753792,92971008,,,,,,,,,,,,0.000167717,0,4170,0,django__django-11211,regular
24,24,1,0.181121017,returned,0,0.181972386,returned,0.0,78860288,92803072,,,,,,,,,,,,0.000164571,0,3997,0,django__django-11211,regular
25,25,1,0.184319227,returned,0,0.17575861,returned,0.0,78614528,92516352,,,,,,,,,,,,0.000172085,0,3965,0,django__django-11211,regular
26,26,1,0.212319048,returned,0,0.204674134,returned,0.0,78462976,92663808,,,,,,,,,,,,0.000173057,0,4059,0,django__django-11211,regular
27,27,1,0.213209944,returned,0,0.206060034,returned,0.0,78725120,92798976,,,,,,,,,,,,0.0001901,0,3993,0,django__django-11211,regular
28,28,1,0.187895148,returned,0,0.17361102,returned,0.0,78954496,92934144,,,,,,,,,,,,0.000173384,0,4043,0,django__django-11211,regular
29,29,1,0.181564197,returned,0,0.178185085,returned,0.0,78827520,93200384,,,,,,,,,,,,0.00017186,0,4021,0,django__django-11211,regular
30,30,1,0.181749303,returned,0,0.175790782,returned,0.0,78872576,93036544,,,,,,,,,,,,0.000172632,0,4031,0,django__django-11211,regular
31,31,1,0.182815869,returned,0,0.174880542,returned,0.0,78942208,93077504,,,,,,,,,,,,0.000172753,0,3936,0,django__django-11211,regular
32,32,1,0.185706577,returned,0,0.181227409,returned,0.0,78893056,93069312,,,,,,,,,,,,0.000167081,0,4015,8192,django__django-11211,regular
33,33,1,0.615321367,returned,1,0.5460334,returned,1.0,78974976,133652480,,,,,,,,,,,,0.00016059,39,20866,58474496,django__django-11211,regular
34,34,1,0.179214264,returned,0,0.176535209,returned,0.0,111108096,125497344,,,,,,,,,,,,0.000172743,0,4011,0,django__django-11211,regular
35,35,1,0.630958434,returned,1,0.588356642,returned,1.0,111353856,147038208,,,,,,,,,,,,0.000173424,5,15058,8577024,django__django-11211,regular
36,36,1,0.179368368,returned,0,0.175830279,returned,0.0,117678080,132251648,,,,,,,,,,,,0.000192204,0,4012,0,django__django-11211,regular
37,37,1,0.456987397,returned,0,0.447472443,returned,0.0,117927936,144773120,,,,,,,,,,,,0.000154122,0,11137,0,django__django-11211,regular
38,38,1,0.186890001,returned,0,0.179081907,returned,0.0,117927936,131940352,,,,,,,,,,,,0.000176784,0,3973,0,django__django-11211,regular
39,39,1,0.187669097,returned,0,0.180640777,returned,0.0,117850112,132132864,,,,,,,,,,,,0.000173468,1,3975,139264,django__django-11211,regular
40,40,1,0.180965271,returned,0,0.180815062,returned,0.0,117882880,132149248,,,,,,,,,,,,0.000177737,0,3940,0,django__django-11211,regular
41,41,1,0.521557568,returned,1,0.516714279,returned,1.0,117870592,149155840,,,,,,,,,,,,0.000157769,0,12556,0,django__django-11211,regular
42,42,1,0.179574398,returned,0,0.181507309,returned,0.0,117727232,132292608,,,,,,,,,,,,0.000175382,0,3946,0,django__django-11211,regular
43,43,1,0.561208034,returned,1,0.554222746,returned,1.0,117948416,148475904,,,,,,,,,,,,0.000158911,0,12092,0,django__django-11211,regular
44,44,1,0.187198897,returned,0,0.181294441,returned,0.0,117891072,132046848,,,,,,,,,,,,0.000173008,0,3935,0,django__django-11211,regular
45,45,1,0.586767921,returned,1,0.575471777,returned,1.0,117874688,149700608,,,,,,,,,,,,0.00016346,0,12910,16384,django__django-11211,regular
46,46,1,0.186390701,returned,2,0.179707239,returned,2.0,118140928,132403200,,,,,,,,,,,,0.000194128,0,3944,0,django__django-11211,regular
47,47,1,0.184096131,returned,0,0.17784621,returned,0.0,118120448,132337664,,,,,,,,,,,,0.000179279,0,3947,0,django__django-11211,regular
48,48,1,0.196932339,returned,1,0.191793962,returned,1.0,118210560,132448256,,,,,,,,,,,,0.000170443,0,4699,0,django__django-11211,regular
49,49,1,0.185411923,returned,0,0.1773688,returned,0.0,118292480,132403200,,,,,,,,,,,,0.000171264,0,3960,8192,django__django-11211,regular
50,50,1,0.195920873,returned,1,0.192173781,returned,1.0,118390784,132485120,,,,,,,,,,,,0.000160023,0,4763,0,django__django-11211,regular
51,51,1,0.181851189,returned,0,0.181214878,returned,0.0,118321152,132546560,,,,,,,,,,,,0.000193106,0,4017,0,django__django-11211,regular
52,52,1,0.197097391,returned,1,0.192812723,returned,1.0,118280192,132665344,,,,,,,,,,,,0.000158811,0,4696,0,django__django-11211,regular
53,53,1,0.182423062,returned,0,0.182875993,returned,0.0,118312960,132423680,,,,,,,,,,,,0.000169431,0,4007,0,django__django-11211,regular
54,54,1,0.419924571,returned,1,0.419999642,returned,1.0,118505472,142073856,,,,,,,,,,,,0.000161055,0,10170,0,django__django-11211,regular
55,55,1,0.18618655,returned,0,0.177000171,returned,0.0,118345728,132624384,,,,,,,,,,,,0.000165704,0,4008,0,django__django-11211,regular
56,56,1,0.468889903,returned,1,0.459290148,returned,1.0,118706176,146092032,,,,,,,,,,,,0.000167798,0,11292,0,django__django-11211,regular
57,57,1,0.185273952,returned,0,0.179284317,returned,0.0,118460416,132763648,,,,,,,,,,,,0.0001756,0,4062,0,django__django-11211,regular
58,58,1,0.45280867,returned,1,0.447363983,returned,1.0,118665216,144064512,,,,,,,,,,,,0.00016498,0,10782,0,django__django-11211,regular
59,59,1,0.184571581,returned,0,0.179094934,returned,0.0,118558720,132698112,,,,,,,,,,,,0.000171763,0,4009,8192,django__django-11211,regular
60,60,1,0.470949956,returned,0,0.454726312,returned,0.0,118579200,146042880,,,,,,,,,,,,0.000182493,0,11392,0,django__django-11211,regular
61,61,1,0.188852731,returned,0,0.182713023,returned,0.0,118431744,132780032,,,,,,,,,,,,0.000174629,0,4078,0,django__django-11211,regular
62,62,1,0.468559305,returned,0,0.460932294,returned,0.0,118558720,145915904,,,,,,,,,,,,0.000157756,0,11331,0,django__django-11211,regular
63,64,1,0.271869966,returned,0,0.264815938,returned,0.0,118165504,132640768,,,,,,,,,,,,0.000174158,0,4094,0,django__django-11211,regular
1,1,1,0.267143762,returned,0,0.184251492,returned,0.0,1028096,40730624,8.0492e-05,0.019110036,0.019190528,0.0,3.0,4575232.0,3547136.0,1028096.0,880640.0,147456.0,94208.0,0.022594496,37,10225,50274304,django__django-11239,lazy
2,1,2,0.714092113,returned,0,0.314127228,returned,0.0,2498560,51494912,0.000458914,0.048710044,0.049168958,1.0,3.0,28024832.0,25526272.0,2498560.0,2031616.0,466944.0,94208.0,0.049848518,39,13884,79806464,django__django-11239,lazy
3,1,3,0.709638016,returned,0,0.291157391,returned,0.0,9420800,51793920,0.000155393,0.113583988,0.113739381,1.0,3.0,50352128.0,40931328.0,9420800.0,8548352.0,872448.0,94208.0,0.114459557,38,13869,79208448,django__django-11239,lazy
4,2,1,0.259581734,returned,0,0.174473518,returned,0.0,5435392,44134400,0.000501596,0.60633443,0.606836026,1.0,4.0,50593792.0,45158400.0,5435392.0,4382720.0,1052672.0,94208.0,0.60762404,35,9680,46194688,django__django-11239,lazy
5,2,2,0.258930223,returned,0,0.175811277,returned,0.0,6402048,41172992,0.000140374,0.066280179,0.066420553,1.0,3.0,30130176.0,23728128.0,6402048.0,5361664.0,1040384.0,94208.0,0.067083482,35,9766,46899200,django__django-11239,lazy
6,2,3,0.256376742,returned,0,0.174598627,returned,0.0,3018752,41000960,0.000368083,0.059432965,0.059801048,1.0,3.0,27136000.0,24117248.0,3018752.0,1970176.0,1048576.0,98304.0,0.060471701,35,9699,46915584,django__django-11239,lazy
7,3,1,0.724547359,returned,0,0.292504883,returned,0.0,3031040,50765824,0.000336665,0.063075747,0.063412412,1.0,3.0,27033600.0,24002560.0,3031040.0,1974272.0,1056768.0,98304.0,0.064049752,38,13745,78725120,django__django-11239,lazy
8,4,1,0.262249752,returned,0,0.179547502,returned,0.0,7929856,41115648,0.000375998,0.110264775,0.110640773,1.0,3.0,49770496.0,41840640.0,7929856.0,7258112.0,671744.0,98304.0,0.111309053,35,9816,47185920,django__django-11239,lazy
9,5,1,0.25260148,returned,0,0.178766331,returned,0.0,2220032,39800832,0.000329631,0.116959627,0.117289258,1.0,3.0,27049984.0,24829952.0,2220032.0,1183744.0,1036288.0,98304.0,0.117939022,35,9554,45195264,django__django-11239,lazy
10,6,1,0.261284248,returned,1,0.177934693,returned,1.0,2011136,40660992,0.000151345,0.077981187,0.078132532,1.0,3.0,25821184.0,23810048.0,2011136.0,1953792.0,57344.0,98304.0,0.078792335,36,10116,49463296,django__django-11239,lazy
11,7,1,0.259811654,returned,0,0.175888305,returned,0.0,2224128,40538112,0.000331003,0.053323715,0.053654718,1.0,3.0,27332608.0,25108480.0,2224128.0,1978368.0,245760.0,98304.0,0.05428672,36,9954,48750592,django__django-11239,lazy
12,8,1,0.253458204,returned,1,0.180847417,returned,1.0,2342912,40923136,0.000347466,0.047760853,0.048108319,1.0,3.0,27340800.0,24997888.0,2342912.0,1961984.0,380928.0,98304.0,0.048772623,36,10052,48979968,django__django-11239,lazy
13,10,1,0.261082404,returned,1,0.179573867,returned,1.0,2523136,41046016,0.000305827,0.070115875,0.070421702,1.0,3.0,28012544.0,25489408.0,2523136.0,2011136.0,512000.0,98304.0,0.071024812,36,9964,48848896,django__django-11239,lazy
14,11,1,0.258410812,returned,1,0.182276628,returned,1.0,2543616,41013248,0.000373125,0.054731569,0.055104694,1.0,3.0,27758592.0,25214976.0,2543616.0,2019328.0,524288.0,98304.0,0.055720396,36,10004,48734208,django__django-11239,lazy
15,13,1,0.257957336,returned,0,0.180543668,returned,0.0,2527232,40927232,0.000345553,0.046656428,0.047001981,1.0,3.0,27607040.0,25079808.0,2527232.0,2002944.0,524288.0,98304.0,0.047598898,35,9783,47480832,django__django-11239,lazy
16,14,1,0.261078226,returned,0,0.177341757,returned,0.0,2584576,40722432,0.00033921,0.064042753,0.064381963,1.0,3.0,26882048.0,24297472.0,2584576.0,2002944.0,581632.0,98304.0,0.064988809,34,9739,47398912,django__django-11239,lazy
17,15,1,0.261079032,returned,1,0.179997943,returned,1.0,2662400,40681472,0.000305888,0.066056484,0.066362372,1.0,3.0,26746880.0,24084480.0,2662400.0,1982464.0,679936.0,98304.0,0.067008571,40,10083,49291264,django__django-11239,lazy
18,16,1,0.261534797,returned,0,0.180529685,returned,0.0,2633728,40615936,0.000821541,0.052000134,0.052821675,2.0,3.0,28069888.0,25436160.0,2633728.0,1998848.0,634880.0,98304.0,0.053570404,40,10057,49086464,django__django-11239,lazy
19,17,1,0.256542923,returned,1,0.175581329,returned,1.0,2682880,40685568,0.000699961,0.053781697,0.054481658,3.0,3.0,27856896.0,25174016.0,2682880.0,2015232.0,667648.0,98304.0,0.055112829,35,9750,47128576,django__django-11239,lazy
20,18,1,0.275306522,returned,0,0.191342801,returned,0.0,2633728,48369664,0.00051533,0.063968048,0.064483378,3.0,3.0,26730496.0,24096768.0,2633728.0,1966080.0,667648.0,98304.0,0.065119235,42,14757,84328448,django__django-11239,lazy
21,19,1,0.256613234,returned,0,0.178979922,returned,0.0,2674688,40853504,0.000917746,0.076698946,0.077616692,4.0,3.0,46080000.0,43405312.0,2674688.0,2088960.0,585728.0,98304.0,0.078222142,35,9813,47194112,django__django-11239,lazy
22,20,1,0.256428601,Submitted,0,0.180004271,Submitted,,2703360,40321024,0.000515299,0.04948191,0.049997209,4.0,4.0,26812416.0,24109056.0,2703360.0,1974272.0,729088.0,98304.0,0.050695792,35,9776,46899200,django__django-11239,lazy
1,1,1,0.267188444,returned,0,0.184251492,returned,0.0,4349952,41164800,,,,,,,,,,,,0.000174809,33,9477,44261376,django__django-11239,regular
2,1,2,0.647216051,returned,0,0.314127228,returned,0.0,28295168,51892224,,,,,,,,,,,,0.000172455,3,7828,30269440,django__django-11239,regular
3,1,3,0.297918653,returned,0,0.291157391,returned,0.0,50786304,64663552,,,,,,,,,,,,0.000173457,0,4192,0,django__django-11239,regular
4,2,1,0.186129513,returned,0,0.174473518,returned,0.0,52240384,64909312,,,,,,,,,,,,0.000180841,1,4025,81920,django__django-11239,regular
5,2,2,0.186448094,returned,0,0.175811277,returned,0.0,50720768,65044480,,,,,,,,,,,,0.000166894,0,4019,8192,django__django-11239,regular
6,2,3,0.179958162,returned,0,0.174598627,returned,0.0,50888704,65306624,,,,,,,,,,,,0.00017525,0,3959,8192,django__django-11239,regular
7,3,1,0.299975638,returned,0,0.292504883,returned,0.0,51032064,64966656,,,,,,,,,,,,0.000173837,0,4148,0,django__django-11239,regular
8,4,1,0.187046004,returned,0,0.179547502,returned,0.0,51376128,64991232,,,,,,,,,,,,0.000171543,0,3964,8192,django__django-11239,regular
9,5,1,0.182860699,returned,0,0.178766331,returned,0.0,50933760,64913408,,,,,,,,,,,,0.000174589,0,4032,24576,django__django-11239,regular
10,6,1,0.184893244,returned,1,0.177934693,returned,1.0,50745344,65146880,,,,,,,,,,,,0.000168797,0,3985,0,django__django-11239,regular
11,7,1,0.186523886,returned,0,0.175888305,returned,0.0,50995200,65081344,,,,,,,,,,,,0.000168899,0,3983,0,django__django-11239,regular
12,8,1,0.182929219,returned,1,0.180847417,returned,1.0,50835456,64929792,,,,,,,,,,,,0.000171945,0,4107,0,django__django-11239,regular
13,10,1,0.182633555,returned,1,0.179573867,returned,1.0,51240960,65413120,,,,,,,,,,,,0.000173798,0,3992,90112,django__django-11239,regular
14,11,1,0.181452234,returned,1,0.182276628,returned,1.0,51179520,65359872,,,,,,,,,,,,0.000162327,0,3969,0,django__django-11239,regular
15,13,1,0.183063537,returned,0,0.180543668,returned,0.0,50929664,65097728,,,,,,,,,,,,0.00016975,0,3959,0,django__django-11239,regular
16,14,1,0.182602256,returned,0,0.177341757,returned,0.0,50888704,64917504,,,,,,,,,,,,0.000170933,0,4014,0,django__django-11239,regular
17,15,1,0.186738547,returned,1,0.179997943,returned,1.0,50704384,65204224,,,,,,,,,,,,0.00017446,4,4186,647168,django__django-11239,regular
18,16,1,0.185223516,returned,0,0.180529685,returned,0.0,51408896,65552384,,,,,,,,,,,,0.000173187,1,4094,278528,django__django-11239,regular
19,17,1,0.184534439,returned,1,0.175581329,returned,1.0,51494912,65564672,,,,,,,,,,,,0.000163859,1,4069,270336,django__django-11239,regular
20,18,1,0.202106477,returned,0,0.191342801,returned,0.0,51519488,72687616,,,,,,,,,,,,0.000177406,7,8889,36470784,django__django-11239,regular
21,19,1,0.185121748,returned,0,0.178979922,returned,0.0,70250496,84185088,,,,,,,,,,,,0.000169039,0,4030,0,django__django-11239,regular
22,20,1,0.183368673,Submitted,0,0.180004271,Submitted,,70164480,84135936,,,,,,,,,,,,0.000175712,0,3964,0,django__django-11239,regular
