qwen-run-20260923T053154Z-PF12hU: 42 tasks
[1/42] astropy__astropy-12907
  call 0 step 0 action 0: resident=639 accessed=0 reused=0 not_reused=0 (3.1s)
  call 1 step 1 action 1: resident=5427 accessed=5312 reused=0 not_reused=5312 (2.7s)
  call 2 step 1 action 2: resident=5427 accessed=3331 reused=3308 not_reused=23 (4.0s)
  call 3 step 2 action 1: resident=5439 accessed=3108 reused=3096 not_reused=12 (4.0s)
  call 4 step 3 action 1: resident=5440 accessed=3130 reused=3129 not_reused=1 (4.1s)
  call 5 step 4 action 1: resident=24889 accessed=22618 reused=3169 not_reused=19449 (5.9s)
  call 6 step 5 action 1: resident=24890 accessed=3116 reused=3115 not_reused=1 (9.3s)
  call 7 step 6 action 1: resident=24893 accessed=3112 reused=3109 not_reused=3 (9.3s)
  call 8 step 7 action 1: resident=24893 accessed=10774 reused=10770 not_reused=4 (9.4s)
  call 9 step 8 action 1: resident=28322 accessed=6566 reused=3137 not_reused=3429 (9.4s)
  call 10 step 9 action 1: resident=28322 accessed=3099 reused=3099 not_reused=0 (9.6s)
  call 11 step 10 action 1: resident=28322 accessed=3107 reused=3107 not_reused=0 (9.5s)
[1/42] astropy__astropy-12907: steps=10 reused=0.5803071068630803 not_reused=0.4196928931369197 err=None
[2/42] astropy__astropy-13033
  call 0 step 0 action 0: resident=639 accessed=0 reused=0 not_reused=0 (3.0s)
  call 1 step 1 action 1: resident=5427 accessed=5316 reused=0 not_reused=5316 (2.8s)
  call 2 step 2 action 1: resident=5428 accessed=3191 reused=3179 not_reused=12 (4.3s)
  call 3 step 3 action 1: resident=5432 accessed=3175 reused=3171 not_reused=4 (4.3s)
  call 4 step 4 action 1: resident=5443 accessed=3200 reused=3189 not_reused=11 (4.3s)
  call 5 step 5 action 1: resident=5443 accessed=3192 reused=3190 not_reused=2 (4.3s)
  call 6 step 6 action 1: resident=5443 accessed=3174 reused=3173 not_reused=1 (4.3s)
  call 7 step 7 action 1: resident=5443 accessed=3188 reused=3188 not_reused=0 (4.3s)
  call 8 step 8 action 1: resident=5443 accessed=3166 reused=3166 not_reused=0 (4.3s)
  call 9 step 9 action 1: resident=5444 accessed=3090 reused=3084 not_reused=6 (4.2s)
  call 10 step 10 action 1: resident=6994 accessed=4641 reused=3090 not_reused=1551 (4.4s)
  call 11 step 11 action 1: resident=7003 accessed=3092 reused=3083 not_reused=9 (4.8s)
  call 12 step 12 action 1: resident=23567 accessed=20626 reused=4062 not_reused=16564 (5.8s)
  call 13 step 15 action 1: resident=23647 accessed=3286 reused=3206 not_reused=80 (7.4s)
  call 14 step 16 action 1: resident=23647 accessed=3163 reused=3163 not_reused=0 (7.5s)
  call 15 step 17 action 1: resident=23648 accessed=3141 reused=3140 not_reused=1 (7.4s)
  call 16 step 18 action 1: resident=23649 accessed=3865 reused=3864 not_reused=1 (7.4s)
  call 17 step 19 action 1: resident=23649 accessed=3179 reused=3179 not_reused=0 (7.4s)
  call 18 step 20 action 1: resident=23649 accessed=3176 reused=3176 not_reused=0 (7.4s)
  call 19 step 21 action 1: resident=23650 accessed=3241 reused=3240 not_reused=1 (7.4s)
  call 20 step 22 action 1: resident=23650 accessed=3094 reused=3093 not_reused=1 (7.5s)
  call 21 step 23 action 1: resident=23650 accessed=3900 reused=3900 not_reused=0 (7.4s)
  call 22 step 24 action 1: resident=23650 accessed=3120 reused=3120 not_reused=0 (7.4s)
  call 23 step 25 action 1: resident=23650 accessed=3907 reused=3907 not_reused=0 (7.4s)
  call 24 step 26 action 1: resident=23650 accessed=3101 reused=3101 not_reused=0 (7.4s)
  call 25 step 27 action 1: resident=23650 accessed=3863 reused=3863 not_reused=0 (7.4s)
  call 26 step 28 action 1: resident=23650 accessed=3171 reused=3171 not_reused=0 (7.4s)
  call 27 step 29 action 1: resident=23651 accessed=3243 reused=3242 not_reused=1 (7.4s)
  call 28 step 30 action 1: resident=23651 accessed=3124 reused=3124 not_reused=0 (7.5s)
  call 29 step 31 action 1: resident=23651 accessed=3882 reused=3882 not_reused=0 (7.4s)
  call 30 step 32 action 1: resident=23651 accessed=3202 reused=3202 not_reused=0 (7.5s)
  call 31 step 33 action 1: resident=23651 accessed=3134 reused=3134 not_reused=0 (7.4s)
  call 32 step 34 action 1: resident=23651 accessed=3900 reused=3900 not_reused=0 (7.4s)
  call 33 step 35 action 1: resident=23651 accessed=3152 reused=3152 not_reused=0 (7.5s)
  call 34 step 36 action 1: resident=23651 accessed=3891 reused=3891 not_reused=0 (7.4s)
  call 35 step 37 action 1: resident=23651 accessed=3208 reused=3208 not_reused=0 (7.4s)
  call 36 step 38 action 1: resident=23651 accessed=10063 reused=10062 not_reused=1 (7.5s)
  call 37 step 39 action 1: resident=27088 accessed=6601 reused=3164 not_reused=3437 (7.6s)
  call 38 step 40 action 1: resident=27088 accessed=3112 reused=3112 not_reused=0 (7.6s)
  call 39 step 41 action 1: resident=27088 accessed=3101 reused=3101 not_reused=0 (7.6s)
[2/42] astropy__astropy-13033: steps=39 reused=0.8311200905730245 not_reused=0.1688799094269755 err=None
[3/42] astropy__astropy-13236
  call 0 step 0 action 0: resident=639 accessed=0 reused=0 not_reused=0 (3.0s)
  call 1 step 1 action 1: resident=5427 accessed=5312 reused=0 not_reused=5312 (2.9s)
  call 2 step 2 action 1: resident=9020 accessed=6869 reused=3265 not_reused=3604 (5.3s)
  call 3 step 3 action 1: resident=9020 accessed=3183 reused=3174 not_reused=9 (6.6s)
  call 4 step 4 action 1: resident=9083 accessed=3326 reused=3258 not_reused=68 (6.6s)
  call 5 step 5 action 1: resident=9142 accessed=3236 reused=3160 not_reused=76 (6.7s)
  call 6 step 6 action 1: resident=9179 accessed=3234 reused=3197 not_reused=37 (6.6s)
  call 7 step 7 action 1: resident=9179 accessed=3189 reused=3189 not_reused=0 (6.8s)
  call 8 step 8 action 1: resident=12634 accessed=6620 reused=3165 not_reused=3455 (7.0s)
  call 9 step 9 action 1: resident=12634 accessed=3262 reused=3262 not_reused=0 (7.6s)
  call 10 step 10 action 1: resident=31314 accessed=22885 reused=4168 not_reused=18717 (9.2s)
  call 11 step 11 action 1: resident=31318 accessed=3897 reused=3893 not_reused=4 (12.2s)
  call 12 step 12 action 1: resident=31418 accessed=5069 reused=4881 not_reused=188 (12.1s)
  call 13 step 13 action 1: resident=37687 accessed=14670 reused=8312 not_reused=6358 (13.3s)
  call 14 step 14 action 1: resident=37688 accessed=4177 reused=4089 not_reused=88 (15.2s)
  call 15 step 15 action 1: resident=37688 accessed=3208 reused=3208 not_reused=0 (15.3s)
  call 16 step 16 action 1: resident=37688 accessed=3973 reused=3973 not_reused=0 (15.1s)
  call 17 step 17 action 1: resident=37688 accessed=3128 reused=3128 not_reused=0 (15.3s)
[3/42] astropy__astropy-13236: steps=17 reused=0.617928616054334 not_reused=0.382071383945666 err=None
[4/42] astropy__astropy-13398
  call 0 step 0 action 0: resident=640 accessed=0 reused=0 not_reused=0 (2.9s)
  call 1 step 1 action 1: resident=5453 accessed=5346 reused=0 not_reused=5346 (2.9s)
  call 2 step 2 action 1: resident=5463 accessed=3133 reused=3123 not_reused=10 (4.4s)
  call 3 step 3 action 1: resident=5465 accessed=3104 reused=3091 not_reused=13 (4.4s)
  call 4 step 4 action 1: resident=5467 accessed=3122 reused=3120 not_reused=2 (4.4s)
  call 5 step 5 action 1: resident=9073 accessed=6926 reused=3320 not_reused=3606 (4.8s)
  call 6 step 6 action 1: resident=9073 accessed=3129 reused=3128 not_reused=1 (5.3s)
  call 7 step 7 action 1: resident=9073 accessed=6901 reused=6901 not_reused=0 (5.4s)
  call 8 step 8 action 1: resident=9073 accessed=3224 reused=3224 not_reused=0 (5.3s)
  call 9 step 9 action 1: resident=9073 accessed=3126 reused=3123 not_reused=3 (5.3s)
  call 10 step 10 action 1: resident=9073 accessed=6905 reused=6905 not_reused=0 (5.3s)
  call 11 step 11 action 1: resident=9073 accessed=3090 reused=3090 not_reused=0 (5.4s)
  call 12 step 12 action 1: resident=9073 accessed=6895 reused=6895 not_reused=0 (5.4s)
  call 13 step 13 action 1: resident=9073 accessed=3183 reused=3183 not_reused=0 (5.3s)
  call 14 step 14 action 1: resident=9073 accessed=6906 reused=6906 not_reused=0 (5.4s)
  call 15 step 15 action 1: resident=9073 accessed=6914 reused=6914 not_reused=0 (5.5s)
  call 16 step 16 action 1: resident=9073 accessed=6906 reused=6906 not_reused=0 (5.5s)
  call 17 step 17 action 1: resident=9073 accessed=6921 reused=6921 not_reused=0 (5.4s)
  call 18 step 18 action 1: resident=9073 accessed=3110 reused=3110 not_reused=0 (5.4s)
  call 19 step 19 action 1: resident=9073 accessed=3126 reused=3126 not_reused=0 (5.3s)
  call 20 step 20 action 1: resident=9130 accessed=3237 reused=3180 not_reused=57 (5.3s)
  call 21 step 21 action 1: resident=9130 accessed=3095 reused=3095 not_reused=0 (5.4s)
  call 22 step 22 action 1: resident=12593 accessed=6606 reused=3143 not_reused=3463 (5.5s)
  call 23 step 23 action 1: resident=12593 accessed=3120 reused=3120 not_reused=0 (5.7s)
  call 24 step 24 action 1: resident=12593 accessed=3195 reused=3195 not_reused=0 (5.7s)
  call 25 step 25 action 1: resident=18822 accessed=13714 reused=7484 not_reused=6230 (5.9s)
  call 26 step 26 action 1: resident=18839 accessed=3122 reused=3105 not_reused=17 (6.1s)
  call 27 step 27 action 1: resident=18840 accessed=3102 reused=3101 not_reused=1 (6.1s)
  call 28 step 28 action 1: resident=18841 accessed=3926 reused=3926 not_reused=0 (6.1s)
  call 29 step 29 action 1: resident=18841 accessed=3114 reused=3114 not_reused=0 (6.1s)
  call 30 step 30 action 1: resident=18874 accessed=3137 reused=3104 not_reused=33 (6.1s)
  call 31 step 31 action 1: resident=18874 accessed=3136 reused=3136 not_reused=0 (6.2s)
  call 32 step 32 action 1: resident=18874 accessed=3126 reused=3126 not_reused=0 (6.2s)
[4/42] astropy__astropy-13398: steps=32 reused=0.8727480910858622 not_reused=0.12725190891413782 err=None
[5/42] astropy__astropy-13453
  call 0 step 0 action 0: resident=638 accessed=0 reused=0 not_reused=0 (3.0s)
  call 1 step 1 action 1: resident=5426 accessed=5321 reused=0 not_reused=5321 (2.8s)
  call 2 step 2 action 1: resident=5440 accessed=3109 reused=3085 not_reused=24 (4.4s)
  call 3 step 3 action 1: resident=5628 accessed=3517 reused=3329 not_reused=188 (4.4s)
  call 4 step 4 action 1: resident=5628 accessed=3201 reused=3201 not_reused=0 (4.4s)
  call 5 step 5 action 1: resident=5628 accessed=3219 reused=3214 not_reused=5 (4.4s)
  call 6 step 6 action 1: resident=5628 accessed=3211 reused=3211 not_reused=0 (4.4s)
  call 7 step 7 action 1: resident=5628 accessed=3196 reused=3196 not_reused=0 (4.4s)
  call 8 step 8 action 1: resident=5628 accessed=3180 reused=3180 not_reused=0 (4.4s)
  call 9 step 9 action 1: resident=5628 accessed=3211 reused=3211 not_reused=0 (4.4s)
  call 10 step 10 action 1: resident=5628 accessed=3171 reused=3171 not_reused=0 (4.4s)
  call 11 step 11 action 1: resident=5628 accessed=3190 reused=3190 not_reused=0 (4.4s)
  call 12 step 12 action 1: resident=5628 accessed=3186 reused=3186 not_reused=0 (4.5s)
  call 13 step 13 action 1: resident=5628 accessed=3174 reused=3174 not_reused=0 (4.5s)
  call 14 step 14 action 1: resident=5628 accessed=3169 reused=3169 not_reused=0 (4.5s)
  call 15 step 15 action 1: resident=5639 accessed=3209 reused=3198 not_reused=11 (4.4s)
  call 16 step 16 action 1: resident=5639 accessed=3192 reused=3192 not_reused=0 (4.5s)
  call 17 step 17 action 1: resident=5656 accessed=3196 reused=3179 not_reused=17 (4.4s)
  call 18 step 18 action 1: resident=5656 accessed=3189 reused=3189 not_reused=0 (4.5s)
  call 19 step 19 action 1: resident=5656 accessed=3197 reused=3197 not_reused=0 (4.4s)
  call 20 step 20 action 1: resident=5656 accessed=3221 reused=3221 not_reused=0 (4.4s)
  call 21 step 21 action 1: resident=5656 accessed=3191 reused=3190 not_reused=1 (4.4s)
  call 22 step 22 action 1: resident=5656 accessed=3187 reused=3187 not_reused=0 (4.4s)
  call 23 step 23 action 1: resident=5656 accessed=3216 reused=3216 not_reused=0 (4.5s)
  call 24 step 24 action 1: resident=5656 accessed=3156 reused=3156 not_reused=0 (4.5s)
  call 25 step 25 action 1: resident=9063 accessed=6910 reused=3503 not_reused=3407 (4.8s)
  call 26 step 26 action 1: resident=9063 accessed=3172 reused=3172 not_reused=0 (5.4s)
  call 27 step 27 action 1: resident=9063 accessed=3197 reused=3197 not_reused=0 (5.4s)
  call 28 step 28 action 1: resident=9063 accessed=3323 reused=3323 not_reused=0 (5.3s)
  call 29 step 29 action 1: resident=9063 accessed=3136 reused=3136 not_reused=0 (5.3s)
  call 30 step 30 action 1: resident=9063 accessed=3242 reused=3242 not_reused=0 (5.4s)
  call 31 step 31 action 1: resident=9063 accessed=3119 reused=3119 not_reused=0 (5.3s)
  call 32 step 32 action 1: resident=9063 accessed=3183 reused=3183 not_reused=0 (5.3s)
  call 33 step 33 action 1: resident=9063 accessed=3208 reused=3208 not_reused=0 (5.3s)
  call 34 step 34 action 1: resident=9063 accessed=3192 reused=3192 not_reused=0 (5.3s)
  call 35 step 35 action 1: resident=9063 accessed=3188 reused=3188 not_reused=0 (5.3s)
  call 36 step 36 action 1: resident=9063 accessed=3201 reused=3201 not_reused=0 (5.3s)
  call 37 step 37 action 1: resident=9063 accessed=3197 reused=3197 not_reused=0 (5.3s)
  call 38 step 38 action 1: resident=9063 accessed=3214 reused=3214 not_reused=0 (5.3s)
  call 39 step 39 action 1: resident=9063 accessed=3170 reused=3170 not_reused=0 (5.4s)
  call 40 step 40 action 1: resident=9063 accessed=3169 reused=3169 not_reused=0 (5.3s)
  call 41 step 41 action 1: resident=9063 accessed=3194 reused=3194 not_reused=0 (5.3s)
  call 42 step 42 action 1: resident=9063 accessed=3191 reused=3191 not_reused=0 (5.3s)
  call 43 step 43 action 1: resident=9063 accessed=3219 reused=3219 not_reused=0 (5.3s)
  call 44 step 44 action 1: resident=9063 accessed=3197 reused=3197 not_reused=0 (5.3s)
  call 45 step 45 action 1: resident=9100 accessed=3315 reused=3278 not_reused=37 (5.3s)
  call 46 step 46 action 1: resident=9100 accessed=3187 reused=3187 not_reused=0 (5.3s)
  call 47 step 47 action 1: resident=9133 accessed=3138 reused=3105 not_reused=33 (5.3s)
  call 48 step 48 action 1: resident=9180 accessed=3249 reused=3202 not_reused=47 (5.3s)
  call 49 step 49 action 1: resident=9180 accessed=3201 reused=3201 not_reused=0 (5.3s)
  call 50 step 50 action 1: resident=22937 accessed=18219 reused=4462 not_reused=13757 (6.5s)
  call 51 step 51 action 1: resident=29059 accessed=10713 reused=4591 not_reused=6122 (9.5s)
  call 52 step 52 action 1: resident=31537 accessed=6612 reused=4134 not_reused=2478 (11.4s)
  call 53 step 53 action 1: resident=31984 accessed=3646 reused=3199 not_reused=447 (11.9s)
  call 54 step 54 action 1: resident=31984 accessed=3131 reused=3131 not_reused=0 (11.9s)
[5/42] astropy__astropy-13453: steps=54 reused=0.844446503643156 not_reused=0.15555349635684396 err=None
[6/42] astropy__astropy-13579
  call 0 step 0 action 0: resident=639 accessed=0 reused=0 not_reused=0 (3.0s)
  call 1 step 1 action 1: resident=5427 accessed=5318 reused=0 not_reused=5318 (2.9s)
  call 2 step 2 action 1: resident=6402 accessed=4201 reused=3207 not_reused=994 (4.8s)
  call 3 step 3 action 1: resident=6405 accessed=3907 reused=3904 not_reused=3 (5.0s)
  call 4 step 4 action 1: resident=6406 accessed=3098 reused=3097 not_reused=1 (5.0s)
  call 5 step 5 action 1: resident=25394 accessed=22156 reused=3168 not_reused=18988 (6.1s)
  call 6 step 6 action 1: resident=25394 accessed=3132 reused=3132 not_reused=0 (7.7s)
  call 7 step 7 action 1: resident=25394 accessed=10664 reused=10664 not_reused=0 (7.7s)
  call 8 step 8 action 1: resident=25476 accessed=3300 reused=3218 not_reused=82 (7.7s)
  call 9 step 9 action 1: resident=25476 accessed=3899 reused=3899 not_reused=0 (7.7s)
  call 10 step 10 action 1: resident=25476 accessed=3889 reused=3889 not_reused=0 (7.7s)
  call 11 step 11 action 1: resident=25477 accessed=3126 reused=3125 not_reused=1 (7.6s)
  call 12 step 12 action 1: resident=25498 accessed=3961 reused=3940 not_reused=21 (7.7s)
  call 13 step 13 action 1: resident=25498 accessed=3186 reused=3186 not_reused=0 (7.7s)
  call 14 step 14 action 1: resident=25498 accessed=3114 reused=3114 not_reused=0 (7.7s)
  call 15 step 15 action 1: resident=25501 accessed=3878 reused=3875 not_reused=3 (7.7s)
  call 16 step 16 action 1: resident=25501 accessed=3177 reused=3177 not_reused=0 (7.6s)
  call 17 step 17 action 1: resident=25501 accessed=10671 reused=10668 not_reused=3 (7.6s)
  call 18 step 18 action 1: resident=28034 accessed=6257 reused=3724 not_reused=2533 (7.8s)
  call 19 step 19 action 1: resident=28034 accessed=3109 reused=3109 not_reused=0 (7.8s)
  call 20 step 20 action 1: resident=28034 accessed=3097 reused=3097 not_reused=0 (7.8s)
[6/42] astropy__astropy-13579: steps=20 reused=0.7391543774500653 not_reused=0.26084562254993465 err=None
[7/42] astropy__astropy-13977
  call 0 step 0 action 0: resident=4218 accessed=0 reused=0 not_reused=0 (3.6s)
  call 1 step 1 action 1: resident=27006 accessed=25321 reused=0 not_reused=25321 (6.6s)
  call 2 step 2 action 1: resident=28938 accessed=14603 reused=12461 not_reused=2142 (12.4s)
  call 3 step 3 action 1: resident=29767 accessed=4762 reused=3930 not_reused=832 (12.6s)
  call 4 step 4 action 1: resident=29767 accessed=3213 reused=3213 not_reused=0 (12.7s)
  call 5 step 5 action 1: resident=29767 accessed=3194 reused=3194 not_reused=0 (12.6s)
  call 6 step 6 action 1: resident=30099 accessed=6955 reused=6623 not_reused=332 (12.7s)
  call 7 step 7 action 1: resident=30108 accessed=3121 reused=3112 not_reused=9 (12.7s)
  call 8 step 8 action 1: resident=30109 accessed=3132 reused=3131 not_reused=1 (12.8s)
  call 9 step 9 action 1: resident=30360 accessed=9322 reused=9071 not_reused=251 (12.7s)
  call 10 step 10 action 1: resident=30444 accessed=3336 reused=3252 not_reused=84 (12.8s)
  call 11 step 11 action 1: resident=30444 accessed=3228 reused=3228 not_reused=0 (12.8s)
  call 12 step 12 action 1: resident=30465 accessed=3273 reused=3231 not_reused=42 (12.9s)
  call 13 step 13 action 1: resident=30465 accessed=3214 reused=3214 not_reused=0 (12.8s)
  call 14 step 14 action 1: resident=30486 accessed=3309 reused=3266 not_reused=43 (12.8s)
  call 15 step 15 action 1: resident=30486 accessed=3210 reused=3210 not_reused=0 (13.3s)
  call 16 step 16 action 1: resident=30487 accessed=3128 reused=3126 not_reused=2 (13.3s)
  call 17 step 17 action 1: resident=30478 accessed=3921 reused=3917 not_reused=4 (12.9s)
  call 18 step 18 action 1: resident=30478 accessed=3162 reused=3162 not_reused=0 (12.8s)
  call 19 step 19 action 1: resident=30479 accessed=3137 reused=3136 not_reused=1 (12.8s)
  call 20 step 20 action 1: resident=30469 accessed=8628 reused=8622 not_reused=6 (12.8s)
  call 21 step 21 action 1: resident=30469 accessed=3114 reused=3114 not_reused=0 (12.7s)
  call 22 step 22 action 1: resident=30469 accessed=8686 reused=8686 not_reused=0 (12.8s)
  call 23 step 23 action 1: resident=30470 accessed=3127 reused=3126 not_reused=1 (12.8s)
  call 24 step 24 action 1: resident=30470 accessed=3904 reused=3904 not_reused=0 (12.9s)
  call 25 step 25 action 1: resident=33014 accessed=6367 reused=3803 not_reused=2564 (13.0s)
  call 26 step 26 action 1: resident=33014 accessed=3117 reused=3117 not_reused=0 (13.1s)
  call 27 step 27 action 1: resident=33015 accessed=4038 reused=4021 not_reused=17 (13.2s)
  call 28 step 28 action 1: resident=34603 accessed=5630 reused=4041 not_reused=1589 (13.3s)
  call 29 step 29 action 1: resident=34603 accessed=3140 reused=3140 not_reused=0 (13.4s)
  call 30 step 30 action 1: resident=34603 accessed=3810 reused=3804 not_reused=6 (13.4s)
  call 31 step 31 action 1: resident=54259 accessed=25618 reused=5926 not_reused=19692 (13.7s)
  call 32 step 32 action 1: resident=54259 accessed=3889 reused=3889 not_reused=0 (14.2s)
  call 33 step 33 action 1: resident=54280 accessed=3272 reused=3251 not_reused=21 (14.2s)
  call 34 step 34 action 1: resident=54281 accessed=3228 reused=3226 not_reused=2 (14.1s)
  call 35 step 35 action 1: resident=54317 accessed=13366 reused=13330 not_reused=36 (14.2s)
  call 36 step 36 action 1: resident=54311 accessed=4113 reused=4056 not_reused=57 (14.3s)
  call 37 step 37 action 1: resident=54311 accessed=3104 reused=3104 not_reused=0 (14.2s)
  call 38 step 38 action 1: resident=54311 accessed=3114 reused=3114 not_reused=0 (14.1s)
[7/42] astropy__astropy-13977: steps=38 reused=0.7586280629282185 not_reused=0.24137193707178148 err=None
[8/42] astropy__astropy-14096
  call 0 step 0 action 0: resident=639 accessed=0 reused=0 not_reused=0 (3.0s)
  call 1 step 2 action 1: resident=5230 accessed=5099 reused=0 not_reused=5099 (2.8s)
  call 2 step 3 action 1: resident=5461 accessed=3417 reused=3157 not_reused=260 (4.3s)
  call 3 step 4 action 1: resident=5484 accessed=3196 reused=3170 not_reused=26 (4.4s)
  call 4 step 5 action 1: resident=5521 accessed=3195 reused=3152 not_reused=43 (4.3s)
  call 5 step 6 action 1: resident=5521 accessed=3221 reused=3221 not_reused=0 (4.4s)
  call 6 step 7 action 1: resident=7072 accessed=4693 reused=3142 not_reused=1551 (4.7s)
  call 7 step 8 action 1: resident=23958 accessed=20984 reused=4096 not_reused=16888 (5.9s)
  call 8 step 9 action 1: resident=27424 accessed=12794 reused=9328 not_reused=3466 (6.8s)
  call 9 step 10 action 1: resident=27425 accessed=3214 reused=3213 not_reused=1 (7.0s)
  call 10 step 11 action 1: resident=27425 accessed=3215 reused=3215 not_reused=0 (6.8s)
  call 11 step 12 action 1: resident=27425 accessed=3193 reused=3193 not_reused=0 (7.1s)
  call 12 step 13 action 1: resident=27425 accessed=3227 reused=3227 not_reused=0 (6.9s)
  call 13 step 14 action 1: resident=27425 accessed=11584 reused=11583 not_reused=1 (6.8s)
  call 14 step 15 action 1: resident=29874 accessed=6978 reused=4529 not_reused=2449 (7.0s)
  call 15 step 16 action 1: resident=29874 accessed=3175 reused=3175 not_reused=0 (7.0s)
  call 16 step 17 action 1: resident=29874 accessed=3167 reused=3167 not_reused=0 (7.0s)
  call 17 step 18 action 1: resident=29874 accessed=3214 reused=3214 not_reused=0 (7.0s)
  call 18 step 19 action 1: resident=29875 accessed=10298 reused=10297 not_reused=1 (7.0s)
  call 19 step 20 action 1: resident=29875 accessed=3238 reused=3238 not_reused=0 (7.0s)
  call 20 step 21 action 1: resident=29875 accessed=3167 reused=3167 not_reused=0 (7.0s)
  call 21 step 22 action 1: resident=29875 accessed=6943 reused=6943 not_reused=0 (7.0s)
  call 22 step 23 action 1: resident=29875 accessed=3178 reused=3178 not_reused=0 (7.0s)
  call 23 step 24 action 1: resident=29875 accessed=3196 reused=3196 not_reused=0 (7.0s)
  call 24 step 25 action 1: resident=29876 accessed=10239 reused=10238 not_reused=1 (7.1s)
  call 25 step 26 action 1: resident=29877 accessed=10222 reused=10221 not_reused=1 (7.1s)
  call 26 step 27 action 1: resident=29877 accessed=3187 reused=3187 not_reused=0 (7.0s)
  call 27 step 29 action 1: resident=29878 accessed=10226 reused=10225 not_reused=1 (7.1s)
  call 28 step 30 action 1: resident=29879 accessed=10286 reused=10285 not_reused=1 (7.0s)
  call 29 step 31 action 1: resident=29880 accessed=10148 reused=10147 not_reused=1 (7.0s)
  call 30 step 32 action 1: resident=29880 accessed=3166 reused=3166 not_reused=0 (7.0s)
  call 31 step 33 action 1: resident=29881 accessed=10262 reused=10261 not_reused=1 (7.0s)
  call 32 step 34 action 1: resident=29904 accessed=3935 reused=3912 not_reused=23 (7.0s)
  call 33 step 35 action 1: resident=29905 accessed=10182 reused=10163 not_reused=19 (7.1s)
  call 34 step 36 action 1: resident=29908 accessed=10168 reused=10165 not_reused=3 (7.0s)
  call 35 step 37 action 1: resident=29910 accessed=10108 reused=10106 not_reused=2 (7.0s)
  call 36 step 38 action 1: resident=29911 accessed=3321 reused=3320 not_reused=1 (7.1s)
  call 37 step 39 action 1: resident=29912 accessed=3916 reused=3915 not_reused=1 (7.1s)
  call 38 step 40 action 1: resident=29912 accessed=3938 reused=3938 not_reused=0 (7.1s)
  call 39 step 41 action 1: resident=29912 accessed=3243 reused=3243 not_reused=0 (7.1s)
  call 40 step 42 action 1: resident=31182 accessed=7343 reused=6073 not_reused=1270 (7.2s)
  call 41 step 43 action 1: resident=31247 accessed=3293 reused=3228 not_reused=65 (7.1s)
  call 42 step 44 action 1: resident=31249 accessed=3927 reused=3925 not_reused=2 (7.1s)
  call 43 step 45 action 1: resident=31249 accessed=10045 reused=10045 not_reused=0 (7.1s)
  call 44 step 46 action 1: resident=31250 accessed=3887 reused=3886 not_reused=1 (7.1s)
  call 45 step 47 action 1: resident=31251 accessed=10155 reused=10154 not_reused=1 (7.0s)
  call 46 step 48 action 1: resident=31252 accessed=3120 reused=3119 not_reused=1 (7.0s)
  call 47 step 49 action 1: resident=31264 accessed=3156 reused=3144 not_reused=12 (7.1s)
  call 48 step 50 action 1: resident=31264 accessed=3238 reused=3238 not_reused=0 (7.1s)
  call 49 step 51 action 1: resident=31264 accessed=3231 reused=3231 not_reused=0 (7.1s)
  call 50 step 52 action 1: resident=31319 accessed=3303 reused=3247 not_reused=56 (7.1s)
  call 51 step 53 action 1: resident=31319 accessed=3301 reused=3301 not_reused=0 (7.0s)
  call 52 step 54 action 1: resident=31319 accessed=3943 reused=3943 not_reused=0 (7.1s)
  call 53 step 55 action 1: resident=31319 accessed=3949 reused=3949 not_reused=0 (7.2s)
  call 54 step 56 action 1: resident=31320 accessed=3947 reused=3947 not_reused=0 (7.1s)
  call 55 step 57 action 1: resident=31320 accessed=3125 reused=3125 not_reused=0 (7.1s)
  call 56 step 58 action 1: resident=31320 accessed=3132 reused=3132 not_reused=0 (7.2s)
[8/42] astropy__astropy-14096: steps=56 reused=0.9024195260876625 not_reused=0.09758047391233746 err=None
[9/42] astropy__astropy-14182
  call 0 step 0 action 0: resident=638 accessed=0 reused=0 not_reused=0 (3.0s)
  call 1 step 1 action 1: resident=5426 accessed=5326 reused=0 not_reused=5326 (2.9s)
  call 2 step 1 action 2: resident=5426 accessed=3322 reused=3322 not_reused=0 (4.4s)
  call 3 step 2 action 1: resident=5436 accessed=3140 reused=3122 not_reused=18 (4.4s)
  call 4 step 3 action 1: resident=5441 accessed=3128 reused=3123 not_reused=5 (4.3s)
  call 5 step 4 action 1: resident=5469 accessed=3206 reused=3178 not_reused=28 (4.3s)
  call 6 step 5 action 1: resident=5469 accessed=3218 reused=3218 not_reused=0 (4.3s)
  call 7 step 6 action 1: resident=5469 accessed=3203 reused=3203 not_reused=0 (4.3s)
  call 8 step 7 action 1: resident=5469 accessed=3202 reused=3202 not_reused=0 (4.3s)
  call 9 step 8 action 1: resident=5515 accessed=3343 reused=3294 not_reused=49 (4.4s)
  call 10 step 9 action 1: resident=23770 accessed=21571 reused=3316 not_reused=18255 (5.8s)
  call 11 step 10 action 1: resident=25694 accessed=13128 reused=11204 not_reused=1924 (8.2s)
  call 12 step 11 action 1: resident=27906 accessed=5880 reused=3668 not_reused=2212 (8.8s)
  call 13 step 12 action 1: resident=27906 accessed=5448 reused=5448 not_reused=0 (9.1s)
  call 14 step 13 action 1: resident=27907 accessed=3864 reused=3858 not_reused=6 (9.1s)
  call 15 step 14 action 1: resident=27907 accessed=3796 reused=3794 not_reused=2 (9.1s)
  call 16 step 15 action 1: resident=27907 accessed=3776 reused=3776 not_reused=0 (9.1s)
  call 17 step 16 action 1: resident=27908 accessed=3787 reused=3786 not_reused=1 (9.1s)
  call 18 step 17 action 1: resident=27909 accessed=3789 reused=3786 not_reused=3 (9.1s)
  call 19 step 18 action 1: resident=28660 accessed=11632 reused=10881 not_reused=751 (9.1s)
  call 20 step 19 action 1: resident=28660 accessed=3104 reused=3104 not_reused=0 (9.1s)
  call 21 step 20 action 1: resident=28660 accessed=9934 reused=9933 not_reused=1 (9.2s)
  call 22 step 21 action 1: resident=28661 accessed=3123 reused=3122 not_reused=1 (9.2s)
  call 23 step 22 action 1: resident=28661 accessed=9919 reused=9918 not_reused=1 (9.1s)
  call 24 step 23 action 1: resident=28661 accessed=3093 reused=3093 not_reused=0 (9.2s)
  call 25 step 24 action 1: resident=28661 accessed=9926 reused=9925 not_reused=1 (9.1s)
  call 26 step 25 action 1: resident=28660 accessed=3105 reused=3105 not_reused=0 (9.2s)
  call 27 step 26 action 1: resident=28660 accessed=9891 reused=9890 not_reused=1 (9.1s)
  call 28 step 27 action 1: resident=28660 accessed=3207 reused=3207 not_reused=0 (9.1s)
  call 29 step 28 action 1: resident=28660 accessed=3106 reused=3106 not_reused=0 (9.2s)
  call 30 step 29 action 1: resident=28660 accessed=9909 reused=9908 not_reused=1 (9.1s)
  call 31 step 30 action 1: resident=28660 accessed=3101 reused=3101 not_reused=0 (9.1s)
  call 32 step 31 action 1: resident=28660 accessed=3136 reused=3136 not_reused=0 (9.1s)
  call 33 step 32 action 1: resident=28660 accessed=9926 reused=9925 not_reused=1 (9.2s)
  call 34 step 33 action 1: resident=28661 accessed=3099 reused=3098 not_reused=1 (9.2s)
  call 35 step 34 action 1: resident=28661 accessed=10357 reused=10356 not_reused=1 (9.2s)
  call 36 step 35 action 1: resident=28662 accessed=3123 reused=3123 not_reused=0 (9.1s)
  call 37 step 36 action 1: resident=28663 accessed=9924 reused=9922 not_reused=2 (9.2s)
  call 38 step 37 action 1: resident=28663 accessed=3119 reused=3119 not_reused=0 (9.2s)
  call 39 step 38 action 1: resident=28663 accessed=10258 reused=10256 not_reused=2 (9.2s)
  call 40 step 39 action 1: resident=28663 accessed=3543 reused=3543 not_reused=0 (9.1s)
  call 41 step 40 action 1: resident=28663 accessed=10326 reused=10324 not_reused=2 (9.2s)
  call 42 step 41 action 1: resident=28663 accessed=3558 reused=3558 not_reused=0 (9.1s)
  call 43 step 42 action 1: resident=28663 accessed=10011 reused=10009 not_reused=2 (9.1s)
  call 44 step 43 action 1: resident=28663 accessed=3563 reused=3563 not_reused=0 (9.2s)
  call 45 step 44 action 1: resident=28663 accessed=9931 reused=9929 not_reused=2 (9.1s)
  call 46 step 45 action 1: resident=28663 accessed=3194 reused=3194 not_reused=0 (9.2s)
  call 47 step 46 action 1: resident=28663 accessed=3190 reused=3190 not_reused=0 (9.2s)
  call 48 step 47 action 1: resident=28663 accessed=3213 reused=3213 not_reused=0 (9.1s)
  call 49 step 48 action 1: resident=28663 accessed=3120 reused=3120 not_reused=0 (9.2s)
  call 50 step 49 action 1: resident=28663 accessed=9866 reused=9864 not_reused=2 (9.2s)
  call 51 step 50 action 1: resident=28662 accessed=3116 reused=3116 not_reused=0 (9.2s)
  call 52 step 51 action 1: resident=28661 accessed=9912 reused=9911 not_reused=1 (9.1s)
  call 53 step 52 action 1: resident=31245 accessed=6351 reused=3767 not_reused=2584 (9.3s)
  call 54 step 53 action 1: resident=31245 accessed=3092 reused=3092 not_reused=0 (9.3s)
  call 55 step 54 action 1: resident=31245 accessed=3099 reused=3099 not_reused=0 (9.4s)
[9/42] astropy__astropy-14182: steps=54 reused=0.9029090546817599 not_reused=0.09709094531824013 err=None
[10/42] astropy__astropy-14309
  call 0 step 0 action 0: resident=640 accessed=0 reused=0 not_reused=0 (3.0s)
  call 1 step 1 action 1: resident=5428 accessed=5323 reused=0 not_reused=5323 (2.9s)
  call 2 step 1 action 2: resident=5428 accessed=3297 reused=3293 not_reused=4 (4.6s)
  call 3 step 1 action 3: resident=5501 accessed=3373 reused=3298 not_reused=75 (4.5s)
  call 4 step 2 action 1: resident=5558 accessed=3235 reused=3178 not_reused=57 (4.6s)
  call 5 step 2 action 2: resident=5563 accessed=3183 reused=3174 not_reused=9 (4.7s)
  call 6 step 3 action 1: resident=5572 accessed=3203 reused=3191 not_reused=12 (4.6s)
  call 7 step 3 action 2: resident=5572 accessed=3184 reused=3184 not_reused=0 (4.7s)
  call 8 step 4 action 1: resident=5573 accessed=3089 reused=3088 not_reused=1 (4.6s)
  call 9 step 5 action 1: resident=7123 accessed=4668 reused=3118 not_reused=1550 (4.8s)
  call 10 step 6 action 1: resident=7123 accessed=3148 reused=3148 not_reused=0 (5.2s)
  call 11 step 7 action 1: resident=23233 accessed=20131 reused=4020 not_reused=16111 (6.2s)
  call 12 step 8 action 1: resident=23233 accessed=3190 reused=3190 not_reused=0 (7.7s)
  call 13 step 9 action 1: resident=23275 accessed=3223 reused=3181 not_reused=42 (7.7s)
  call 14 step 10 action 1: resident=23275 accessed=9660 reused=9660 not_reused=0 (7.7s)
  call 15 step 11 action 1: resident=23271 accessed=3102 reused=3102 not_reused=0 (7.6s)
  call 16 step 12 action 1: resident=23269 accessed=9788 reused=9787 not_reused=1 (7.6s)
  call 17 step 13 action 1: resident=23269 accessed=3115 reused=3115 not_reused=0 (7.7s)
  call 18 step 14 action 1: resident=23270 accessed=3126 reused=3125 not_reused=1 (7.6s)
  call 19 step 15 action 1: resident=23270 accessed=9846 reused=9845 not_reused=1 (7.7s)
  call 20 step 16 action 1: resident=26807 accessed=6642 reused=3105 not_reused=3537 (8.3s)
  call 21 step 17 action 1: resident=26807 accessed=3118 reused=3118 not_reused=0 (9.4s)
  call 22 step 18 action 1: resident=27368 accessed=4616 reused=4050 not_reused=566 (9.4s)
  call 23 step 19 action 1: resident=27368 accessed=3104 reused=3104 not_reused=0 (9.4s)
  call 24 step 20 action 1: resident=27369 accessed=4003 reused=3949 not_reused=54 (9.5s)
  call 25 step 21 action 1: resident=27370 accessed=4065 reused=4014 not_reused=51 (9.5s)
  call 26 step 22 action 1: resident=27371 accessed=4094 reused=4041 not_reused=53 (9.4s)
  call 27 step 23 action 1: resident=27371 accessed=3136 reused=3136 not_reused=0 (9.4s)
  call 28 step 24 action 1: resident=27371 accessed=3188 reused=3188 not_reused=0 (9.5s)
  call 29 step 25 action 1: resident=27371 accessed=3193 reused=3193 not_reused=0 (9.5s)
  call 30 step 26 action 1: resident=27371 accessed=4124 reused=4071 not_reused=53 (9.5s)
  call 31 step 27 action 1: resident=27372 accessed=3955 reused=3901 not_reused=54 (9.4s)
  call 32 step 28 action 1: resident=27433 accessed=4157 reused=4047 not_reused=110 (9.9s)
  call 33 step 29 action 1: resident=27405 accessed=4051 reused=3998 not_reused=53 (9.5s)
  call 34 step 30 action 1: resident=27405 accessed=4722 reused=4674 not_reused=48 (9.5s)
  call 35 step 31 action 1: resident=27416 accessed=4643 reused=4584 not_reused=59 (9.5s)
  call 36 step 32 action 1: resident=27444 accessed=4161 reused=4080 not_reused=81 (9.5s)
  call 37 step 33 action 1: resident=27444 accessed=3227 reused=3227 not_reused=0 (9.4s)
  call 38 step 34 action 1: resident=27463 accessed=4049 reused=3949 not_reused=100 (9.7s)
  call 39 step 35 action 1: resident=27491 accessed=4194 reused=4113 not_reused=81 (9.5s)
  call 40 step 36 action 1: resident=27491 accessed=3155 reused=3155 not_reused=0 (9.5s)
  call 41 step 37 action 1: resident=27463 accessed=4067 reused=4014 not_reused=53 (9.4s)
  call 42 step 38 action 1: resident=27463 accessed=4626 reused=4578 not_reused=48 (9.4s)
  call 43 step 39 action 1: resident=27463 accessed=4630 reused=4582 not_reused=48 (9.5s)
  call 44 step 40 action 1: resident=27464 accessed=3884 reused=3835 not_reused=49 (9.5s)
  call 45 step 41 action 1: resident=27465 accessed=3889 reused=3840 not_reused=49 (9.5s)
  call 46 step 42 action 1: resident=27465 accessed=3894 reused=3846 not_reused=48 (9.6s)
  call 47 step 43 action 1: resident=27465 accessed=3104 reused=3104 not_reused=0 (9.6s)
  call 48 step 44 action 1: resident=27512 accessed=3304 reused=3252 not_reused=52 (9.5s)
  call 49 step 45 action 1: resident=27479 accessed=3892 reused=3892 not_reused=0 (9.5s)
  call 50 step 46 action 1: resident=27479 accessed=3125 reused=3125 not_reused=0 (9.5s)
  call 51 step 47 action 1: resident=27479 accessed=9688 reused=9688 not_reused=0 (9.8s)
  call 52 step 48 action 1: resident=27479 accessed=3959 reused=3955 not_reused=4 (9.8s)
  call 53 step 49 action 1: resident=27479 accessed=3109 reused=3109 not_reused=0 (9.4s)
  call 54 step 50 action 1: resident=27480 accessed=4057 reused=4004 not_reused=53 (9.4s)
  call 55 step 51 action 1: resident=27480 accessed=4677 reused=4629 not_reused=48 (9.8s)
  call 56 step 52 action 1: resident=27481 accessed=3906 reused=3857 not_reused=49 (9.4s)
  call 57 step 53 action 1: resident=27481 accessed=3901 reused=3853 not_reused=48 (9.4s)
  call 58 step 54 action 1: resident=27481 accessed=3103 reused=3103 not_reused=0 (9.4s)
  call 59 step 55 action 1: resident=27481 accessed=3855 reused=3855 not_reused=0 (9.4s)
  call 60 step 56 action 1: resident=27481 accessed=4080 reused=4080 not_reused=0 (9.5s)
  call 61 step 57 action 1: resident=27879 accessed=3528 reused=3130 not_reused=398 (9.6s)
  call 62 step 58 action 1: resident=27881 accessed=9878 reused=9875 not_reused=3 (9.5s)
  call 63 step 59 action 1: resident=27881 accessed=9913 reused=9913 not_reused=0 (9.4s)
  call 64 step 60 action 1: resident=27881 accessed=3130 reused=3130 not_reused=0 (9.5s)
[10/42] astropy__astropy-14309: steps=60 reused=0.9011270770907109 not_reused=0.09887292290928902 err=None
[11/42] astropy__astropy-14365
  call 0 step 0 action 0: resident=638 accessed=0 reused=0 not_reused=0 (3.1s)
  call 1 step 1 action 1: resident=5426 accessed=5284 reused=0 not_reused=5284 (2.8s)
  call 2 step 2 action 1: resident=5440 accessed=3127 reused=3077 not_reused=50 (4.4s)
  call 3 step 3 action 1: resident=5440 accessed=3195 reused=3191 not_reused=4 (4.4s)
  call 4 step 4 action 1: resident=5477 accessed=3187 reused=3142 not_reused=45 (4.4s)
  call 5 step 5 action 1: resident=5477 accessed=3179 reused=3178 not_reused=1 (4.4s)
  call 6 step 6 action 1: resident=5482 accessed=3231 reused=3224 not_reused=7 (4.5s)
  call 7 step 7 action 1: resident=5482 accessed=3168 reused=3168 not_reused=0 (4.5s)
  call 8 step 8 action 1: resident=23158 accessed=20842 reused=3164 not_reused=17678 (5.7s)
  call 9 step 9 action 1: resident=26716 accessed=6723 reused=3165 not_reused=3558 (7.6s)
  call 10 step 10 action 1: resident=26716 accessed=3063 reused=3063 not_reused=0 (7.7s)
  call 11 step 13 action 1: resident=26716 accessed=3111 reused=3111 not_reused=0 (7.6s)
[11/42] astropy__astropy-14365: steps=11 reused=0.5417828256754431 not_reused=0.4582171743245569 err=None
[12/42] astropy__astropy-14369
  call 0 step 0 action 0: resident=640 accessed=0 reused=0 not_reused=0 (3.0s)
  call 1 step 1 action 1: resident=5428 accessed=5312 reused=0 not_reused=5312 (2.8s)
  call 2 step 2 action 1: resident=5441 accessed=3132 reused=3095 not_reused=37 (4.4s)
  call 3 step 3 action 1: resident=5444 accessed=3161 reused=3158 not_reused=3 (4.4s)
  call 4 step 5 action 1: resident=6741 accessed=4567 reused=3269 not_reused=1298 (4.5s)
[12/42] astropy__astropy-14369: steps=4 reused=0.5887954489240663 not_reused=0.41120455107593373 err=None
[13/42] astropy__astropy-14508
  call 0 step 0 action 0: resident=640 accessed=0 reused=0 not_reused=0 (2.7s)
  call 1 step 1 action 1: resident=5428 accessed=5312 reused=0 not_reused=5312 (2.9s)
  call 2 step 2 action 1: resident=5441 accessed=3188 reused=3170 not_reused=18 (4.6s)
  call 3 step 3 action 1: resident=5441 accessed=3197 reused=3197 not_reused=0 (4.7s)
  call 4 step 4 action 1: resident=5468 accessed=3272 reused=3233 not_reused=39 (4.6s)
  call 5 step 5 action 1: resident=6517 accessed=4284 reused=3229 not_reused=1055 (4.8s)
  call 6 step 6 action 1: resident=6517 accessed=3077 reused=3077 not_reused=0 (5.0s)
  call 7 step 7 action 1: resident=20750 accessed=17375 reused=3142 not_reused=14233 (5.7s)
  call 8 step 8 action 1: resident=21114 accessed=4271 reused=3907 not_reused=364 (6.5s)
  call 9 step 9 action 1: resident=21115 accessed=3129 reused=3128 not_reused=1 (6.6s)
  call 10 step 10 action 1: resident=21115 accessed=3870 reused=3869 not_reused=1 (6.6s)
  call 11 step 11 action 1: resident=21115 accessed=8439 reused=8439 not_reused=0 (6.6s)
  call 12 step 12 action 1: resident=21115 accessed=3188 reused=3188 not_reused=0 (6.7s)
  call 13 step 13 action 1: resident=21116 accessed=3096 reused=3095 not_reused=1 (6.6s)
  call 14 step 14 action 1: resident=21116 accessed=3868 reused=3868 not_reused=0 (6.6s)
  call 15 step 15 action 1: resident=21116 accessed=8473 reused=8473 not_reused=0 (6.7s)
  call 16 step 16 action 1: resident=21116 accessed=3181 reused=3181 not_reused=0 (6.7s)
  call 17 step 17 action 1: resident=21116 accessed=3213 reused=3200 not_reused=13 (6.6s)
  call 18 step 18 action 1: resident=21116 accessed=3184 reused=3184 not_reused=0 (6.6s)
  call 19 step 19 action 1: resident=21116 accessed=3235 reused=3222 not_reused=13 (6.7s)
  call 20 step 20 action 1: resident=21116 accessed=3233 reused=3220 not_reused=13 (6.7s)
  call 21 step 21 action 1: resident=21116 accessed=3193 reused=3193 not_reused=0 (6.7s)
  call 22 step 22 action 1: resident=21117 accessed=3092 reused=3091 not_reused=1 (6.7s)
  call 23 step 23 action 1: resident=21117 accessed=3881 reused=3881 not_reused=0 (6.7s)
  call 24 step 24 action 1: resident=21117 accessed=3206 reused=3206 not_reused=0 (6.7s)
  call 25 step 25 action 1: resident=22125 accessed=9495 reused=8487 not_reused=1008 (6.7s)
  call 26 step 26 action 1: resident=22126 accessed=3120 reused=3119 not_reused=1 (6.8s)
  call 27 step 27 action 1: resident=22126 accessed=8945 reused=8945 not_reused=0 (6.8s)
  call 28 step 28 action 1: resident=24744 accessed=6365 reused=3747 not_reused=2618 (6.8s)
  call 29 step 29 action 1: resident=24744 accessed=3123 reused=3123 not_reused=0 (6.8s)
  call 30 step 30 action 1: resident=24744 accessed=3132 reused=3132 not_reused=0 (6.8s)
[13/42] astropy__astropy-14508: steps=30 reused=0.8256740823372424 not_reused=0.17432591766275762 err=None
[14/42] astropy__astropy-14539
  call 0 step 0 action 0: resident=639 accessed=0 reused=0 not_reused=0 (3.1s)
  call 1 step 1 action 1: resident=5427 accessed=5313 reused=0 not_reused=5313 (2.8s)
  call 2 step 2 action 1: resident=5461 accessed=3226 reused=3180 not_reused=46 (4.6s)
  call 3 step 3 action 1: resident=5486 accessed=3269 reused=3236 not_reused=33 (4.6s)
  call 4 step 4 action 1: resident=5510 accessed=3175 reused=3151 not_reused=24 (4.6s)
  call 5 step 5 action 1: resident=5519 accessed=3154 reused=3145 not_reused=9 (4.6s)
  call 6 step 6 action 1: resident=5519 accessed=3177 reused=3177 not_reused=0 (4.5s)
  call 7 step 7 action 1: resident=5519 accessed=3182 reused=3181 not_reused=1 (4.5s)
  call 8 step 8 action 1: resident=5520 accessed=3116 reused=3115 not_reused=1 (4.6s)
  call 9 step 9 action 1: resident=7070 accessed=4679 reused=3128 not_reused=1551 (4.8s)
  call 10 step 10 action 1: resident=7070 accessed=3110 reused=3110 not_reused=0 (5.1s)
  call 11 step 11 action 1: resident=23187 accessed=20145 reused=4028 not_reused=16117 (6.2s)
  call 12 step 13 action 1: resident=23187 accessed=3182 reused=3182 not_reused=0 (7.8s)
  call 13 step 14 action 1: resident=23204 accessed=3194 reused=3176 not_reused=18 (7.7s)
  call 14 step 15 action 1: resident=23204 accessed=3218 reused=3218 not_reused=0 (7.8s)
  call 15 step 16 action 1: resident=23215 accessed=3207 reused=3196 not_reused=11 (7.8s)
  call 16 step 17 action 1: resident=23267 accessed=3212 reused=3160 not_reused=52 (7.7s)
  call 17 step 18 action 1: resident=23267 accessed=8881 reused=8880 not_reused=1 (7.8s)
  call 18 step 19 action 1: resident=23267 accessed=3201 reused=3201 not_reused=0 (7.7s)
  call 19 step 20 action 1: resident=23268 accessed=3132 reused=3131 not_reused=1 (7.7s)
  call 20 step 21 action 1: resident=23268 accessed=3899 reused=3899 not_reused=0 (7.7s)
  call 21 step 22 action 1: resident=23268 accessed=9889 reused=9875 not_reused=14 (7.7s)
  call 22 step 23 action 1: resident=23268 accessed=3120 reused=3120 not_reused=0 (7.7s)
  call 23 step 24 action 1: resident=23268 accessed=3903 reused=3903 not_reused=0 (7.7s)
  call 24 step 25 action 1: resident=23268 accessed=8831 reused=8831 not_reused=0 (7.7s)
  call 25 step 26 action 1: resident=23268 accessed=3119 reused=3119 not_reused=0 (7.7s)
  call 26 step 27 action 1: resident=23268 accessed=3916 reused=3916 not_reused=0 (7.6s)
  call 27 step 28 action 1: resident=23268 accessed=8820 reused=8820 not_reused=0 (7.8s)
  call 28 step 29 action 1: resident=23268 accessed=3209 reused=3209 not_reused=0 (7.7s)
  call 29 step 30 action 1: resident=23268 accessed=3207 reused=3207 not_reused=0 (7.7s)
  call 30 step 31 action 1: resident=23269 accessed=3136 reused=3135 not_reused=1 (7.8s)
  call 31 step 32 action 1: resident=23269 accessed=3909 reused=3909 not_reused=0 (7.7s)
  call 32 step 33 action 1: resident=23269 accessed=3184 reused=3184 not_reused=0 (7.9s)
  call 33 step 34 action 1: resident=23269 accessed=3116 reused=3116 not_reused=0 (8.0s)
  call 34 step 35 action 1: resident=23269 accessed=3873 reused=3873 not_reused=0 (7.8s)
  call 35 step 36 action 1: resident=23269 accessed=3193 reused=3193 not_reused=0 (7.7s)
  call 36 step 37 action 1: resident=23269 accessed=3228 reused=3213 not_reused=15 (7.7s)
  call 37 step 38 action 1: resident=23269 accessed=3171 reused=3171 not_reused=0 (7.7s)
  call 38 step 39 action 1: resident=23269 accessed=3197 reused=3197 not_reused=0 (7.8s)
  call 39 step 40 action 1: resident=23269 accessed=3117 reused=3117 not_reused=0 (7.7s)
  call 40 step 41 action 1: resident=23269 accessed=3884 reused=3884 not_reused=0 (7.7s)
  call 41 step 42 action 1: resident=23269 accessed=3113 reused=3113 not_reused=0 (7.7s)
  call 42 step 43 action 1: resident=23269 accessed=3882 reused=3882 not_reused=0 (7.7s)
  call 43 step 44 action 1: resident=23269 accessed=3200 reused=3200 not_reused=0 (7.7s)
  call 44 step 45 action 1: resident=23269 accessed=3254 reused=3239 not_reused=15 (7.7s)
  call 45 step 46 action 1: resident=23269 accessed=3144 reused=3144 not_reused=0 (7.8s)
  call 46 step 47 action 1: resident=23269 accessed=3895 reused=3895 not_reused=0 (7.8s)
  call 47 step 48 action 1: resident=23269 accessed=3232 reused=3232 not_reused=0 (7.8s)
  call 48 step 49 action 1: resident=23269 accessed=3208 reused=3208 not_reused=0 (7.8s)
  call 49 step 50 action 1: resident=23270 accessed=3151 reused=3150 not_reused=1 (7.8s)
  call 50 step 51 action 1: resident=23270 accessed=3907 reused=3907 not_reused=0 (7.8s)
  call 51 step 52 action 1: resident=23284 accessed=3174 reused=3160 not_reused=14 (7.8s)
  call 52 step 53 action 1: resident=23284 accessed=3116 reused=3116 not_reused=0 (7.8s)
  call 53 step 54 action 1: resident=23284 accessed=3085 reused=3085 not_reused=0 (7.8s)
  call 54 step 55 action 1: resident=23311 accessed=3285 reused=3243 not_reused=42 (7.8s)
  call 55 step 56 action 1: resident=23311 accessed=3227 reused=3227 not_reused=0 (7.7s)
  call 56 step 57 action 1: resident=23311 accessed=3202 reused=3202 not_reused=0 (7.6s)
  call 57 step 58 action 1: resident=23311 accessed=9818 reused=9804 not_reused=14 (7.7s)
  call 58 step 59 action 1: resident=23325 accessed=3172 reused=3158 not_reused=14 (7.7s)
  call 59 step 60 action 1: resident=23325 accessed=3141 reused=3141 not_reused=0 (8.0s)
  call 60 step 61 action 1: resident=23325 accessed=3107 reused=3107 not_reused=0 (8.0s)
  call 61 step 62 action 1: resident=23311 accessed=3244 reused=3243 not_reused=1 (8.0s)
  call 62 step 63 action 1: resident=23311 accessed=8727 reused=8727 not_reused=0 (7.8s)
  call 63 step 64 action 1: resident=23311 accessed=3239 reused=3239 not_reused=0 (7.8s)
  call 64 step 65 action 1: resident=23325 accessed=3157 reused=3143 not_reused=14 (7.7s)
  call 65 step 66 action 1: resident=23325 accessed=3115 reused=3115 not_reused=0 (7.8s)
  call 66 step 67 action 1: resident=23311 accessed=3255 reused=3254 not_reused=1 (7.7s)
  call 67 step 68 action 1: resident=23311 accessed=3213 reused=3213 not_reused=0 (7.7s)
  call 68 step 69 action 1: resident=23311 accessed=3223 reused=3223 not_reused=0 (7.8s)
  call 69 step 70 action 1: resident=23311 accessed=3216 reused=3216 not_reused=0 (7.8s)
  call 70 step 71 action 1: resident=23311 accessed=3207 reused=3207 not_reused=0 (7.8s)
  call 71 step 72 action 1: resident=23311 accessed=3219 reused=3219 not_reused=0 (7.8s)
  call 72 step 73 action 1: resident=23325 accessed=3146 reused=3132 not_reused=14 (7.8s)
  call 73 step 74 action 1: resident=23325 accessed=3126 reused=3126 not_reused=0 (7.8s)
  call 74 step 75 action 1: resident=23326 accessed=3127 reused=3126 not_reused=1 (7.8s)
  call 75 step 76 action 1: resident=23312 accessed=3277 reused=3276 not_reused=1 (7.8s)
  call 76 step 77 action 1: resident=23323 accessed=9833 reused=9808 not_reused=25 (7.8s)
  call 77 step 78 action 1: resident=23337 accessed=3143 reused=3129 not_reused=14 (7.6s)
  call 78 step 79 action 1: resident=23337 accessed=3160 reused=3160 not_reused=0 (7.7s)
  call 79 step 80 action 1: resident=23337 accessed=3115 reused=3115 not_reused=0 (7.7s)
  call 80 step 81 action 1: resident=23339 accessed=3168 reused=3166 not_reused=2 (7.8s)
  call 81 step 82 action 1: resident=23323 accessed=3225 reused=3225 not_reused=0 (7.8s)
  call 82 step 83 action 1: resident=23323 accessed=8898 reused=8898 not_reused=0 (7.8s)
  call 83 step 84 action 1: resident=23323 accessed=3213 reused=3213 not_reused=0 (7.7s)
  call 84 step 85 action 1: resident=23337 accessed=3141 reused=3127 not_reused=14 (7.7s)
  call 85 step 86 action 1: resident=23337 accessed=3129 reused=3129 not_reused=0 (7.7s)
  call 86 step 87 action 1: resident=23323 accessed=3253 reused=3251 not_reused=2 (7.7s)
  call 87 step 88 action 1: resident=23323 accessed=9824 reused=9809 not_reused=15 (7.7s)
  call 88 step 89 action 1: resident=23337 accessed=3148 reused=3134 not_reused=14 (7.7s)
  call 89 step 90 action 1: resident=23337 accessed=3159 reused=3159 not_reused=0 (7.8s)
  call 90 step 91 action 1: resident=23337 accessed=3147 reused=3147 not_reused=0 (7.8s)
  call 91 step 92 action 1: resident=23338 accessed=3196 reused=3195 not_reused=1 (7.8s)
  call 92 step 93 action 1: resident=23322 accessed=3171 reused=3171 not_reused=0 (7.8s)
  call 93 step 94 action 1: resident=23322 accessed=8763 reused=8763 not_reused=0 (7.8s)
  call 94 step 95 action 1: resident=23322 accessed=3194 reused=3194 not_reused=0 (7.8s)
  call 95 step 96 action 1: resident=23336 accessed=3165 reused=3151 not_reused=14 (7.8s)
  call 96 step 97 action 1: resident=23336 accessed=3144 reused=3144 not_reused=0 (7.8s)
  call 97 step 98 action 1: resident=23336 accessed=3120 reused=3120 not_reused=0 (7.7s)
  call 98 step 99 action 1: resident=23337 accessed=3222 reused=3221 not_reused=1 (7.8s)
  call 99 step 100 action 1: resident=23322 accessed=3200 reused=3200 not_reused=0 (7.8s)
  call 100 step 101 action 1: resident=23322 accessed=8729 reused=8729 not_reused=0 (7.8s)
  call 101 step 102 action 1: resident=23322 accessed=3180 reused=3180 not_reused=0 (7.7s)
  call 102 step 103 action 1: resident=23336 accessed=3180 reused=3166 not_reused=14 (7.8s)
  call 103 step 104 action 1: resident=23336 accessed=3160 reused=3160 not_reused=0 (7.8s)
  call 104 step 105 action 1: resident=23336 accessed=3133 reused=3133 not_reused=0 (7.8s)
  call 105 step 106 action 1: resident=23337 accessed=3217 reused=3216 not_reused=1 (7.8s)
  call 106 step 107 action 1: resident=23322 accessed=3235 reused=3235 not_reused=0 (7.7s)
  call 107 step 108 action 1: resident=23321 accessed=9889 reused=9875 not_reused=14 (7.7s)
  call 108 step 109 action 1: resident=23321 accessed=3190 reused=3190 not_reused=0 (7.7s)
  call 109 step 110 action 1: resident=23321 accessed=3179 reused=3179 not_reused=0 (7.7s)
  call 110 step 111 action 1: resident=23321 accessed=3176 reused=3176 not_reused=0 (7.7s)
  call 111 step 112 action 1: resident=23321 accessed=3227 reused=3227 not_reused=0 (7.7s)
  call 112 step 113 action 1: resident=23321 accessed=3197 reused=3197 not_reused=0 (7.8s)
  call 113 step 114 action 1: resident=23321 accessed=3187 reused=3187 not_reused=0 (7.7s)
  call 114 step 115 action 1: resident=23321 accessed=3149 reused=3149 not_reused=0 (7.8s)
  call 115 step 116 action 1: resident=23321 accessed=3896 reused=3896 not_reused=0 (7.8s)
  call 116 step 117 action 1: resident=23321 accessed=9889 reused=9875 not_reused=14 (7.8s)
  call 117 step 118 action 1: resident=23321 accessed=3117 reused=3117 not_reused=0 (7.8s)
  call 118 step 119 action 1: resident=23321 accessed=3860 reused=3860 not_reused=0 (7.7s)
  call 119 step 120 action 1: resident=23321 accessed=9839 reused=9825 not_reused=14 (7.7s)
  call 120 step 121 action 1: resident=23321 accessed=3226 reused=3226 not_reused=0 (7.7s)
  call 121 step 122 action 1: resident=23321 accessed=3138 reused=3138 not_reused=0 (7.7s)
  call 122 step 123 action 1: resident=23321 accessed=3916 reused=3916 not_reused=0 (7.7s)
  call 123 step 124 action 1: resident=23321 accessed=9849 reused=9835 not_reused=14 (7.7s)
  call 124 step 125 action 1: resident=23321 accessed=3227 reused=3227 not_reused=0 (7.8s)
  call 125 step 126 action 1: resident=23321 accessed=3088 reused=3088 not_reused=0 (7.8s)
  call 126 step 127 action 1: resident=23321 accessed=3930 reused=3930 not_reused=0 (7.8s)
  call 127 step 128 action 1: resident=23321 accessed=8823 reused=8823 not_reused=0 (7.8s)
  call 128 step 129 action 1: resident=23321 accessed=3198 reused=3198 not_reused=0 (7.8s)
  call 129 step 130 action 1: resident=23321 accessed=3105 reused=3105 not_reused=0 (7.8s)
  call 130 step 131 action 1: resident=23321 accessed=3927 reused=3927 not_reused=0 (7.8s)
  call 131 step 132 action 1: resident=23321 accessed=9866 reused=9852 not_reused=14 (7.7s)
  call 132 step 133 action 1: resident=23321 accessed=3211 reused=3211 not_reused=0 (7.8s)
  call 133 step 134 action 1: resident=23321 accessed=3106 reused=3106 not_reused=0 (7.7s)
  call 134 step 135 action 1: resident=23321 accessed=3876 reused=3876 not_reused=0 (7.7s)
  call 135 step 136 action 1: resident=23321 accessed=9888 reused=9874 not_reused=14 (7.7s)
  call 136 step 137 action 1: resident=23321 accessed=3194 reused=3194 not_reused=0 (7.8s)
  call 137 step 138 action 1: resident=23321 accessed=3177 reused=3177 not_reused=0 (7.7s)
  call 138 step 139 action 1: resident=23321 accessed=3192 reused=3192 not_reused=0 (7.7s)
  call 139 step 140 action 1: resident=23321 accessed=3219 reused=3219 not_reused=0 (7.7s)
  call 140 step 141 action 1: resident=23321 accessed=3204 reused=3204 not_reused=0 (7.7s)
  call 141 step 142 action 1: resident=23321 accessed=3210 reused=3210 not_reused=0 (7.7s)
  call 142 step 143 action 1: resident=23321 accessed=3191 reused=3191 not_reused=0 (7.7s)
  call 143 step 144 action 1: resident=23321 accessed=3132 reused=3132 not_reused=0 (7.7s)
  call 144 step 145 action 1: resident=23321 accessed=3117 reused=3117 not_reused=0 (7.8s)
  call 145 step 146 action 1: resident=23321 accessed=3876 reused=3876 not_reused=0 (7.7s)
  call 146 step 147 action 1: resident=23321 accessed=9858 reused=9844 not_reused=14 (7.8s)
  call 147 step 148 action 1: resident=23321 accessed=3202 reused=3202 not_reused=0 (7.8s)
  call 148 step 149 action 1: resident=23321 accessed=3223 reused=3223 not_reused=0 (7.7s)
  call 149 step 150 action 1: resident=23321 accessed=3226 reused=3226 not_reused=0 (7.8s)
  call 150 step 151 action 1: resident=23321 accessed=3081 reused=3081 not_reused=0 (7.7s)
  call 151 step 152 action 1: resident=23321 accessed=3893 reused=3893 not_reused=0 (7.6s)
  call 152 step 153 action 1: resident=23321 accessed=9918 reused=9904 not_reused=14 (7.7s)
  call 153 step 154 action 1: resident=23321 accessed=3191 reused=3191 not_reused=0 (7.7s)
  call 154 step 155 action 1: resident=23321 accessed=9956 reused=9953 not_reused=3 (7.7s)
  call 155 step 156 action 1: resident=23321 accessed=3188 reused=3188 not_reused=0 (7.7s)
  call 156 step 157 action 1: resident=23321 accessed=3182 reused=3182 not_reused=0 (7.7s)
  call 157 step 158 action 1: resident=23321 accessed=3231 reused=3231 not_reused=0 (7.6s)
  call 158 step 159 action 1: resident=23321 accessed=3185 reused=3185 not_reused=0 (7.7s)
  call 159 step 160 action 1: resident=23321 accessed=3176 reused=3176 not_reused=0 (7.7s)
  call 160 step 161 action 1: resident=23321 accessed=3202 reused=3202 not_reused=0 (7.7s)
  call 161 step 162 action 1: resident=23321 accessed=3201 reused=3201 not_reused=0 (7.7s)
  call 162 step 163 action 1: resident=23321 accessed=3102 reused=3102 not_reused=0 (7.8s)
  call 163 step 164 action 1: resident=23321 accessed=3885 reused=3885 not_reused=0 (7.8s)
  call 164 step 165 action 1: resident=23321 accessed=9993 reused=9979 not_reused=14 (7.8s)
  call 165 step 166 action 1: resident=23321 accessed=3186 reused=3186 not_reused=0 (7.8s)
  call 166 step 167 action 1: resident=23321 accessed=3204 reused=3204 not_reused=0 (7.7s)
  call 167 step 168 action 1: resident=23321 accessed=3202 reused=3202 not_reused=0 (7.8s)
  call 168 step 169 action 1: resident=23321 accessed=3217 reused=3217 not_reused=0 (7.7s)
  call 169 step 170 action 1: resident=23321 accessed=3201 reused=3186 not_reused=15 (7.8s)
  call 170 step 171 action 1: resident=23321 accessed=3216 reused=3216 not_reused=0 (7.7s)
  call 171 step 172 action 1: resident=23321 accessed=3239 reused=3224 not_reused=15 (7.7s)
  call 172 step 173 action 1: resident=23321 accessed=8798 reused=8798 not_reused=0 (7.7s)
  call 173 step 174 action 1: resident=23321 accessed=3198 reused=3198 not_reused=0 (7.7s)
  call 174 step 175 action 1: resident=23321 accessed=3236 reused=3221 not_reused=15 (7.8s)
  call 175 step 176 action 1: resident=23321 accessed=9882 reused=9868 not_reused=14 (7.7s)
  call 176 step 177 action 1: resident=23321 accessed=3178 reused=3178 not_reused=0 (7.6s)
  call 177 step 178 action 1: resident=23321 accessed=3229 reused=3214 not_reused=15 (7.8s)
  call 178 step 179 action 1: resident=23321 accessed=3206 reused=3206 not_reused=0 (7.8s)
  call 179 step 180 action 1: resident=23321 accessed=3205 reused=3190 not_reused=15 (7.8s)
  call 180 step 181 action 1: resident=23321 accessed=9873 reused=9859 not_reused=14 (7.8s)
  call 181 step 182 action 1: resident=26872 accessed=6716 reused=3165 not_reused=3551 (7.8s)
  call 182 step 183 action 1: resident=26874 accessed=3945 reused=3943 not_reused=2 (8.0s)
  call 183 step 184 action 1: resident=26874 accessed=3111 reused=3111 not_reused=0 (7.9s)
[14/42] astropy__astropy-14539: steps=183 reused=0.9649701226341459 not_reused=0.035029877365854035 err=None
[15/42] astropy__astropy-14598
  call 0 step 0 action 0: resident=638 accessed=0 reused=0 not_reused=0 (3.0s)
  call 1 step 1 action 1: resident=5426 accessed=5326 reused=0 not_reused=5326 (2.8s)
  call 2 step 2 action 1: resident=5460 accessed=3169 reused=3130 not_reused=39 (4.3s)
  call 3 step 3 action 1: resident=5460 accessed=3165 reused=3165 not_reused=0 (4.3s)
  call 4 step 4 action 1: resident=5482 accessed=3138 reused=3111 not_reused=27 (4.3s)
  call 5 step 5 action 1: resident=5482 accessed=3201 reused=3201 not_reused=0 (4.3s)
  call 6 step 6 action 1: resident=5482 accessed=3182 reused=3182 not_reused=0 (4.3s)
  call 7 step 7 action 1: resident=5482 accessed=3191 reused=3190 not_reused=1 (4.2s)
  call 8 step 8 action 1: resident=5482 accessed=3190 reused=3190 not_reused=0 (4.2s)
  call 9 step 9 action 1: resident=5482 accessed=3202 reused=3202 not_reused=0 (4.3s)
  call 10 step 10 action 1: resident=5483 accessed=3104 reused=3103 not_reused=1 (4.2s)
  call 11 step 11 action 1: resident=7033 accessed=4684 reused=3134 not_reused=1550 (4.5s)
  call 12 step 12 action 1: resident=7033 accessed=3108 reused=3108 not_reused=0 (4.9s)
  call 13 step 13 action 1: resident=20724 accessed=17749 reused=4058 not_reused=13691 (5.9s)
  call 14 step 14 action 1: resident=20724 accessed=3181 reused=3181 not_reused=0 (7.5s)
  call 15 step 15 action 1: resident=20724 accessed=3139 reused=3139 not_reused=0 (7.4s)
  call 16 step 16 action 1: resident=20725 accessed=3940 reused=3939 not_reused=1 (7.4s)
  call 17 step 17 action 1: resident=20738 accessed=3916 reused=3903 not_reused=13 (7.4s)
  call 18 step 18 action 1: resident=20738 accessed=3211 reused=3211 not_reused=0 (7.5s)
  call 19 step 19 action 1: resident=20738 accessed=3110 reused=3110 not_reused=0 (7.5s)
  call 20 step 20 action 1: resident=20739 accessed=3924 reused=3923 not_reused=1 (7.5s)
[15/42] astropy__astropy-14598: steps=20 reused=0.7536681378981271 not_reused=0.24633186210187283 err=None
[16/42] astropy__astropy-14995
  call 0 step 0 action 0: resident=639 accessed=0 reused=0 not_reused=0 (3.1s)
  call 1 step 1 action 1: resident=5427 accessed=5328 reused=0 not_reused=5328 (2.8s)
  call 2 step 2 action 1: resident=5431 accessed=3189 reused=3179 not_reused=10 (4.4s)
  call 3 step 3 action 1: resident=5432 accessed=3208 reused=3207 not_reused=1 (4.3s)
  call 4 step 4 action 1: resident=9061 accessed=6970 reused=3340 not_reused=3630 (4.7s)
  call 5 step 5 action 1: resident=9061 accessed=3211 reused=3211 not_reused=0 (5.1s)
  call 6 step 6 action 1: resident=9070 accessed=3126 reused=3117 not_reused=9 (5.1s)
  call 7 step 7 action 1: resident=9070 accessed=3193 reused=3193 not_reused=0 (5.1s)
  call 8 step 8 action 1: resident=9107 accessed=3189 reused=3152 not_reused=37 (5.1s)
  call 9 step 9 action 1: resident=9107 accessed=3141 reused=3141 not_reused=0 (5.2s)
  call 10 step 10 action 1: resident=10657 accessed=4674 reused=3124 not_reused=1550 (5.2s)
  call 11 step 11 action 1: resident=10714 accessed=3260 reused=3203 not_reused=57 (5.3s)
  call 12 step 12 action 1: resident=10714 accessed=3874 reused=3873 not_reused=1 (5.3s)
  call 13 step 13 action 1: resident=10714 accessed=3096 reused=3096 not_reused=0 (5.3s)
  call 14 step 14 action 1: resident=10714 accessed=3875 reused=3875 not_reused=0 (5.3s)
  call 15 step 15 action 1: resident=10714 accessed=3132 reused=3132 not_reused=0 (5.3s)
  call 16 step 16 action 1: resident=10714 accessed=3872 reused=3872 not_reused=0 (5.3s)
  call 17 step 17 action 1: resident=10714 accessed=3879 reused=3879 not_reused=0 (5.3s)
  call 18 step 18 action 1: resident=10714 accessed=3112 reused=3112 not_reused=0 (5.2s)
  call 19 step 19 action 1: resident=23294 accessed=16694 reused=4114 not_reused=12580 (5.7s)
  call 20 step 20 action 1: resident=23294 accessed=3873 reused=3873 not_reused=0 (6.1s)
  call 21 step 21 action 1: resident=23294 accessed=3137 reused=3137 not_reused=0 (6.1s)
  call 22 step 22 action 1: resident=23328 accessed=3228 reused=3194 not_reused=34 (6.1s)
  call 23 step 23 action 1: resident=23329 accessed=3079 reused=3078 not_reused=1 (6.1s)
  call 24 step 24 action 1: resident=23329 accessed=3970 reused=3970 not_reused=0 (6.0s)
  call 25 step 25 action 1: resident=23329 accessed=3121 reused=3121 not_reused=0 (6.1s)
  call 26 step 26 action 1: resident=26646 accessed=13408 reused=10091 not_reused=3317 (6.2s)
  call 27 step 27 action 1: resident=26647 accessed=3284 reused=3276 not_reused=8 (6.2s)
  call 28 step 28 action 1: resident=26647 accessed=10496 reused=10496 not_reused=0 (6.2s)
  call 29 step 29 action 1: resident=26647 accessed=3155 reused=3155 not_reused=0 (6.2s)
  call 30 step 30 action 1: resident=26647 accessed=3286 reused=3278 not_reused=8 (6.2s)
  call 31 step 31 action 1: resident=26647 accessed=3192 reused=3192 not_reused=0 (6.2s)
  call 32 step 32 action 1: resident=26647 accessed=3233 reused=3225 not_reused=8 (6.2s)
  call 33 step 33 action 1: resident=26665 accessed=10471 reused=10453 not_reused=18 (6.2s)
  call 34 step 34 action 1: resident=30239 accessed=6721 reused=3147 not_reused=3574 (6.3s)
  call 35 step 35 action 1: resident=30239 accessed=3127 reused=3126 not_reused=1 (6.3s)
  call 36 step 36 action 1: resident=30239 accessed=3125 reused=3125 not_reused=0 (6.3s)
[16/42] astropy__astropy-14995: steps=36 reused=0.8203288294457777 not_reused=0.17967117055422233 err=None
[17/42] astropy__astropy-7166
  call 0 step 0 action 0: resident=639 accessed=0 reused=0 not_reused=0 (2.9s)
  call 1 step 1 action 1: resident=5427 accessed=5322 reused=0 not_reused=5322 (2.7s)
  call 2 step 2 action 1: resident=34338 accessed=32109 reused=3198 not_reused=28911 (5.6s)
  call 3 step 3 action 1: resident=34347 accessed=3223 reused=3206 not_reused=17 (6.7s)
  call 4 step 4 action 1: resident=34348 accessed=3105 reused=3104 not_reused=1 (6.7s)
  call 5 step 5 action 1: resident=47535 accessed=16801 reused=3613 not_reused=13188 (7.0s)
  call 6 step 6 action 1: resident=47634 accessed=3315 reused=3215 not_reused=100 (7.0s)
  call 7 step 7 action 1: resident=47625 accessed=3129 reused=3129 not_reused=0 (7.0s)
  call 8 step 8 action 1: resident=47626 accessed=8107 reused=8102 not_reused=5 (7.0s)
  call 9 step 9 action 1: resident=47626 accessed=3123 reused=3123 not_reused=0 (7.0s)
  call 10 step 10 action 1: resident=47635 accessed=3265 reused=3264 not_reused=1 (7.0s)
  call 11 step 11 action 1: resident=47635 accessed=7745 reused=7745 not_reused=0 (7.1s)
  call 12 step 12 action 1: resident=47636 accessed=3888 reused=3887 not_reused=1 (7.0s)
  call 13 step 13 action 1: resident=47636 accessed=3258 reused=3248 not_reused=10 (7.1s)
  call 14 step 14 action 1: resident=47636 accessed=7773 reused=7773 not_reused=0 (7.0s)
  call 15 step 15 action 1: resident=47636 accessed=3283 reused=3273 not_reused=10 (7.0s)
  call 16 step 16 action 1: resident=47636 accessed=3076 reused=3076 not_reused=0 (7.0s)
  call 17 step 17 action 1: resident=47636 accessed=3915 reused=3915 not_reused=0 (7.0s)
  call 18 step 18 action 1: resident=47647 accessed=3157 reused=3146 not_reused=11 (7.0s)
  call 19 step 19 action 1: resident=47647 accessed=3859 reused=3859 not_reused=0 (7.0s)
  call 20 step 20 action 1: resident=47647 accessed=3245 reused=3235 not_reused=10 (7.0s)
  call 21 step 21 action 1: resident=47647 accessed=3214 reused=3214 not_reused=0 (7.0s)
  call 22 step 22 action 1: resident=47647 accessed=3827 reused=3827 not_reused=0 (7.0s)
  call 23 step 23 action 1: resident=47647 accessed=3208 reused=3208 not_reused=0 (7.1s)
  call 24 step 24 action 1: resident=47642 accessed=3776 reused=3776 not_reused=0 (7.1s)
  call 25 step 25 action 1: resident=47642 accessed=3216 reused=3216 not_reused=0 (7.1s)
  call 26 step 26 action 1: resident=47642 accessed=3127 reused=3127 not_reused=0 (7.0s)
  call 27 step 27 action 1: resident=47646 accessed=8364 reused=8359 not_reused=5 (7.0s)
  call 28 step 28 action 1: resident=47647 accessed=3114 reused=3113 not_reused=1 (7.1s)
  call 29 step 29 action 1: resident=47647 accessed=8349 reused=8349 not_reused=0 (7.0s)
  call 30 step 30 action 1: resident=47658 accessed=3878 reused=3867 not_reused=11 (7.0s)
  call 31 step 31 action 1: resident=47658 accessed=3151 reused=3151 not_reused=0 (7.1s)
  call 32 step 32 action 1: resident=55891 accessed=17578 reused=9330 not_reused=8248 (7.2s)
  call 33 step 33 action 1: resident=55891 accessed=3088 reused=3088 not_reused=0 (7.2s)
  call 34 step 34 action 1: resident=55939 accessed=3298 reused=3250 not_reused=48 (7.2s)
  call 35 step 35 action 1: resident=55939 accessed=3082 reused=3082 not_reused=0 (7.3s)
  call 36 step 36 action 1: resident=56848 accessed=18034 reused=17080 not_reused=954 (7.2s)
  call 37 step 37 action 1: resident=56848 accessed=4743 reused=4743 not_reused=0 (7.2s)
  call 38 step 38 action 1: resident=56848 accessed=3990 reused=3990 not_reused=0 (7.3s)
  call 39 step 39 action 1: resident=56848 accessed=3111 reused=3111 not_reused=0 (7.3s)
  call 40 step 40 action 1: resident=56848 accessed=3189 reused=3189 not_reused=0 (7.3s)
  call 41 step 41 action 1: resident=56848 accessed=3104 reused=3104 not_reused=0 (7.3s)
  call 42 step 42 action 1: resident=56849 accessed=3075 reused=3075 not_reused=0 (7.2s)
  call 43 step 43 action 1: resident=56849 accessed=3103 reused=3103 not_reused=0 (7.3s)
  call 44 step 44 action 1: resident=56849 accessed=3122 reused=3122 not_reused=0 (7.3s)
[17/42] astropy__astropy-7166: steps=44 reused=0.767410274137924 not_reused=0.23258972586207602 err=None
[18/42] astropy__astropy-7336
  call 0 step 0 action 0: resident=639 accessed=0 reused=0 not_reused=0 (2.9s)
  call 1 step 1 action 1: resident=5006 accessed=4863 reused=0 not_reused=4863 (2.8s)
  call 2 step 1 action 2: resident=5428 accessed=3546 reused=3086 not_reused=460 (4.5s)
  call 3 step 2 action 1: resident=5431 accessed=3215 reused=3205 not_reused=10 (4.6s)
  call 4 step 3 action 1: resident=5440 accessed=3184 reused=3173 not_reused=11 (4.5s)
  call 5 step 4 action 1: resident=5440 accessed=3198 reused=3198 not_reused=0 (4.6s)
  call 6 step 5 action 1: resident=6741 accessed=4425 reused=3124 not_reused=1301 (4.7s)
  call 7 step 6 action 1: resident=6741 accessed=3087 reused=3087 not_reused=0 (5.0s)
  call 8 step 7 action 1: resident=6741 accessed=3796 reused=3794 not_reused=2 (5.0s)
  call 9 step 8 action 1: resident=6741 accessed=3132 reused=3129 not_reused=3 (5.0s)
  call 10 step 9 action 1: resident=20118 accessed=17203 reused=3826 not_reused=13377 (5.6s)
  call 11 step 10 action 1: resident=20203 accessed=3256 reused=3170 not_reused=86 (6.8s)
  call 12 step 11 action 1: resident=20205 accessed=8530 reused=8528 not_reused=2 (6.8s)
  call 13 step 12 action 1: resident=20206 accessed=3099 reused=3098 not_reused=1 (6.7s)
  call 14 step 13 action 1: resident=20206 accessed=8505 reused=8505 not_reused=0 (6.8s)
  call 15 step 14 action 1: resident=21283 accessed=4891 reused=3814 not_reused=1077 (6.8s)
  call 16 step 15 action 1: resident=21283 accessed=3116 reused=3116 not_reused=0 (6.8s)
  call 17 step 16 action 1: resident=21283 accessed=4023 reused=4020 not_reused=3 (6.8s)
  call 18 step 17 action 1: resident=21283 accessed=3130 reused=3130 not_reused=0 (6.8s)
  call 19 step 18 action 1: resident=21298 accessed=4146 reused=4128 not_reused=18 (6.8s)
  call 20 step 19 action 1: resident=21298 accessed=3117 reused=3117 not_reused=0 (6.9s)
  call 21 step 20 action 1: resident=21298 accessed=3120 reused=3120 not_reused=0 (6.9s)
[18/42] astropy__astropy-7336: steps=20 reused=0.7848085857458765 not_reused=0.21519141425412347 err=None
[19/42] astropy__astropy-7606
  call 0 step 0 action 0: resident=640 accessed=0 reused=0 not_reused=0 (2.9s)
  call 1 step 1 action 1: resident=5428 accessed=5313 reused=0 not_reused=5313 (2.6s)
  call 2 step 2 action 1: resident=5448 accessed=3208 reused=3170 not_reused=38 (4.3s)
  call 3 step 3 action 1: resident=5448 accessed=3206 reused=3206 not_reused=0 (4.3s)
  call 4 step 4 action 1: resident=5485 accessed=3209 reused=3172 not_reused=37 (4.3s)
  call 5 step 5 action 1: resident=5485 accessed=3230 reused=3230 not_reused=0 (4.3s)
  call 6 step 6 action 1: resident=5505 accessed=3274 reused=3254 not_reused=20 (4.3s)
  call 7 step 7 action 1: resident=5506 accessed=3094 reused=3093 not_reused=1 (4.3s)
  call 8 step 8 action 1: resident=6807 accessed=4396 reused=3095 not_reused=1301 (4.5s)
  call 9 step 9 action 1: resident=6816 accessed=3118 reused=3109 not_reused=9 (5.0s)
  call 10 step 10 action 1: resident=19313 accessed=16366 reused=3863 not_reused=12503 (6.3s)
  call 11 step 11 action 1: resident=19313 accessed=3237 reused=3217 not_reused=20 (8.9s)
  call 12 step 12 action 1: resident=19314 accessed=3118 reused=3117 not_reused=1 (8.8s)
  call 13 step 13 action 1: resident=19314 accessed=3236 reused=3216 not_reused=20 (8.8s)
  call 14 step 14 action 1: resident=19314 accessed=7956 reused=7956 not_reused=0 (8.9s)
  call 15 step 15 action 1: resident=19314 accessed=3186 reused=3186 not_reused=0 (8.8s)
  call 16 step 16 action 1: resident=19315 accessed=3111 reused=3110 not_reused=1 (8.9s)
  call 17 step 17 action 1: resident=19315 accessed=3233 reused=3213 not_reused=20 (8.9s)
  call 18 step 18 action 1: resident=19315 accessed=3201 reused=3201 not_reused=0 (8.8s)
  call 19 step 19 action 1: resident=19315 accessed=3201 reused=3201 not_reused=0 (8.8s)
  call 20 step 20 action 1: resident=19315 accessed=3192 reused=3172 not_reused=20 (8.9s)
  call 21 step 21 action 1: resident=19315 accessed=3210 reused=3210 not_reused=0 (8.9s)
  call 22 step 22 action 1: resident=19315 accessed=3186 reused=3186 not_reused=0 (8.8s)
  call 23 step 23 action 1: resident=19315 accessed=3194 reused=3194 not_reused=0 (8.9s)
  call 24 step 24 action 1: resident=19315 accessed=3177 reused=3177 not_reused=0 (8.9s)
  call 25 step 25 action 1: resident=19316 accessed=3108 reused=3107 not_reused=1 (8.9s)
  call 26 step 26 action 1: resident=19316 accessed=3216 reused=3216 not_reused=0 (8.9s)
  call 27 step 27 action 1: resident=19316 accessed=3222 reused=3202 not_reused=20 (8.8s)
  call 28 step 28 action 1: resident=19316 accessed=3205 reused=3205 not_reused=0 (8.8s)
  call 29 step 29 action 1: resident=19316 accessed=3192 reused=3192 not_reused=0 (8.9s)
  call 30 step 30 action 1: resident=19317 accessed=3115 reused=3114 not_reused=1 (8.9s)
  call 31 step 31 action 1: resident=19318 accessed=3801 reused=3800 not_reused=1 (8.9s)
  call 32 step 32 action 1: resident=19318 accessed=3098 reused=3098 not_reused=0 (8.9s)
  call 33 step 33 action 1: resident=19318 accessed=3811 reused=3811 not_reused=0 (8.9s)
  call 34 step 34 action 1: resident=19318 accessed=3211 reused=3211 not_reused=0 (8.9s)
  call 35 step 35 action 1: resident=19318 accessed=3202 reused=3202 not_reused=0 (8.8s)
  call 36 step 36 action 1: resident=19318 accessed=3217 reused=3217 not_reused=0 (8.9s)
  call 37 step 37 action 1: resident=19318 accessed=7921 reused=7921 not_reused=0 (8.9s)
  call 38 step 38 action 1: resident=19318 accessed=3197 reused=3197 not_reused=0 (8.8s)
  call 39 step 39 action 1: resident=19319 accessed=3133 reused=3132 not_reused=1 (8.9s)
  call 40 step 40 action 1: resident=19319 accessed=3220 reused=3200 not_reused=20 (8.9s)
  call 41 step 41 action 1: resident=19319 accessed=3204 reused=3204 not_reused=0 (8.8s)
  call 42 step 42 action 1: resident=19320 accessed=3079 reused=3078 not_reused=1 (8.8s)
  call 43 step 43 action 1: resident=19320 accessed=3226 reused=3206 not_reused=20 (8.9s)
  call 44 step 44 action 1: resident=19320 accessed=3184 reused=3184 not_reused=0 (8.9s)
  call 45 step 45 action 1: resident=20271 accessed=8974 reused=8023 not_reused=951 (8.9s)
  call 46 step 46 action 1: resident=21349 accessed=4925 reused=3847 not_reused=1078 (9.1s)
  call 47 step 47 action 1: resident=21349 accessed=3114 reused=3114 not_reused=0 (9.2s)
  call 48 step 48 action 1: resident=21397 accessed=4025 reused=3957 not_reused=68 (9.2s)
  call 49 step 49 action 1: resident=21397 accessed=3816 reused=3816 not_reused=0 (9.1s)
  call 50 step 50 action 1: resident=21397 accessed=3904 reused=3904 not_reused=0 (9.1s)
  call 51 step 51 action 1: resident=21397 accessed=3111 reused=3111 not_reused=0 (9.1s)
  call 52 step 52 action 1: resident=21397 accessed=3105 reused=3105 not_reused=0 (9.1s)
[19/42] astropy__astropy-7606: steps=52 reused=0.8939363993912682 not_reused=0.10606360060873174 err=None
[20/42] astropy__astropy-7671
  call 0 step 0 action 0: resident=639 accessed=0 reused=0 not_reused=0 (3.0s)
  call 1 step 1 action 1: resident=5447 accessed=5348 reused=0 not_reused=5348 (2.7s)
  call 2 step 2 action 1: resident=5456 accessed=3206 reused=3196 not_reused=10 (4.4s)
  call 3 step 3 action 1: resident=5456 accessed=3199 reused=3199 not_reused=0 (4.3s)
  call 4 step 4 action 1: resident=5456 accessed=3199 reused=3192 not_reused=7 (4.3s)
  call 5 step 5 action 1: resident=5456 accessed=3186 reused=3186 not_reused=0 (4.3s)
  call 6 step 6 action 1: resident=5467 accessed=3116 reused=3105 not_reused=11 (4.4s)
  call 7 step 7 action 1: resident=5508 accessed=3250 reused=3209 not_reused=41 (4.4s)
  call 8 step 8 action 1: resident=5508 accessed=3214 reused=3214 not_reused=0 (4.4s)
  call 9 step 9 action 1: resident=5508 accessed=3183 reused=3183 not_reused=0 (4.4s)
  call 10 step 10 action 1: resident=5508 accessed=3181 reused=3181 not_reused=0 (4.4s)
  call 11 step 11 action 1: resident=5508 accessed=3203 reused=3203 not_reused=0 (4.4s)
  call 12 step 12 action 1: resident=5509 accessed=3090 reused=3089 not_reused=1 (4.4s)
  call 13 step 13 action 1: resident=6810 accessed=4410 reused=3109 not_reused=1301 (4.5s)
  call 14 step 14 action 1: resident=6810 accessed=3112 reused=3112 not_reused=0 (4.8s)
  call 15 step 15 action 1: resident=19703 accessed=16751 reused=3858 not_reused=12893 (6.1s)
  call 16 step 16 action 1: resident=19703 accessed=3184 reused=3180 not_reused=4 (8.4s)
  call 17 step 17 action 1: resident=19703 accessed=3122 reused=3122 not_reused=0 (8.4s)
  call 18 step 18 action 1: resident=19769 accessed=8200 reused=8131 not_reused=69 (8.3s)
  call 19 step 19 action 1: resident=19769 accessed=3112 reused=3112 not_reused=0 (8.3s)
  call 20 step 20 action 1: resident=19770 accessed=3129 reused=3128 not_reused=1 (8.3s)
  call 21 step 21 action 1: resident=19770 accessed=8227 reused=8227 not_reused=0 (8.3s)
  call 22 step 22 action 1: resident=20847 accessed=4904 reused=3827 not_reused=1077 (8.5s)
  call 23 step 23 action 1: resident=20847 accessed=3122 reused=3122 not_reused=0 (8.9s)
  call 24 step 24 action 1: resident=20847 accessed=3105 reused=3105 not_reused=0 (8.8s)
[20/42] astropy__astropy-7671: steps=24 reused=0.8017908794974845 not_reused=0.19820912050251543 err=None
[21/42] astropy__astropy-8707
  call 0 step 0 action 0: resident=638 accessed=0 reused=0 not_reused=0 (3.4s)
  call 1 step 1 action 1: resident=5426 accessed=5311 reused=0 not_reused=5311 (3.2s)
  call 2 step 2 action 1: resident=5446 accessed=3172 reused=3148 not_reused=24 (5.0s)
  call 3 step 3 action 1: resident=5446 accessed=3229 reused=3220 not_reused=9 (5.0s)
  call 4 step 4 action 1: resident=5446 accessed=3187 reused=3179 not_reused=8 (5.0s)
  call 5 step 5 action 1: resident=5483 accessed=3204 reused=3165 not_reused=39 (5.1s)
  call 6 step 6 action 1: resident=5483 accessed=3182 reused=3182 not_reused=0 (5.1s)
  call 7 step 7 action 1: resident=5483 accessed=3171 reused=3169 not_reused=2 (5.0s)
  call 8 step 8 action 1: resident=5483 accessed=3220 reused=3220 not_reused=0 (5.0s)
  call 9 step 9 action 1: resident=5483 accessed=3204 reused=3204 not_reused=0 (5.0s)
  call 10 step 10 action 1: resident=5483 accessed=3212 reused=3211 not_reused=1 (5.1s)
  call 11 step 11 action 1: resident=9420 accessed=7268 reused=3331 not_reused=3937 (5.4s)
  call 12 step 12 action 1: resident=9420 accessed=3168 reused=3168 not_reused=0 (6.3s)
  call 13 step 13 action 1: resident=9420 accessed=3196 reused=3196 not_reused=0 (6.2s)
  call 14 step 14 action 1: resident=9421 accessed=3092 reused=3091 not_reused=1 (6.3s)
  call 15 step 15 action 1: resident=10820 accessed=4504 reused=3105 not_reused=1399 (6.3s)
  call 16 step 16 action 1: resident=10820 accessed=3139 reused=3139 not_reused=0 (6.6s)
  call 17 step 17 action 1: resident=10820 accessed=3742 reused=3742 not_reused=0 (6.5s)
  call 18 step 18 action 1: resident=10829 accessed=3123 reused=3114 not_reused=9 (6.6s)
  call 19 step 19 action 1: resident=26210 accessed=19609 reused=4228 not_reused=15381 (7.1s)
  call 20 step 20 action 1: resident=26210 accessed=3215 reused=3215 not_reused=0 (8.0s)
  call 21 step 21 action 1: resident=26210 accessed=3198 reused=3198 not_reused=0 (8.1s)
  call 22 step 22 action 1: resident=26210 accessed=7281 reused=7281 not_reused=0 (7.8s)
  call 23 step 23 action 1: resident=26210 accessed=3168 reused=3168 not_reused=0 (7.8s)
  call 24 step 24 action 1: resident=26210 accessed=3222 reused=3222 not_reused=0 (7.8s)
  call 25 step 25 action 1: resident=26210 accessed=3189 reused=3189 not_reused=0 (7.8s)
  call 26 step 26 action 1: resident=26230 accessed=3235 reused=3215 not_reused=20 (7.8s)
  call 27 step 27 action 1: resident=26241 accessed=3104 reused=3093 not_reused=11 (7.9s)
  call 28 step 28 action 1: resident=26253 accessed=3213 reused=3201 not_reused=12 (7.9s)
  call 29 step 29 action 1: resident=26253 accessed=3126 reused=3126 not_reused=0 (7.7s)
  call 30 step 30 action 1: resident=26253 accessed=3211 reused=3199 not_reused=12 (7.8s)
  call 31 step 31 action 1: resident=26302 accessed=9761 reused=9690 not_reused=71 (7.8s)
  call 32 step 32 action 1: resident=26303 accessed=3125 reused=3124 not_reused=1 (7.9s)
  call 33 step 33 action 1: resident=26303 accessed=9669 reused=9669 not_reused=0 (7.9s)
  call 34 step 34 action 1: resident=27406 accessed=5016 reused=3913 not_reused=1103 (7.8s)
  call 35 step 35 action 1: resident=27406 accessed=3108 reused=3108 not_reused=0 (7.8s)
  call 36 step 36 action 1: resident=27406 accessed=3118 reused=3118 not_reused=0 (7.8s)
[21/42] astropy__astropy-8707: steps=36 reused=0.8267739974159553 not_reused=0.1732260025840448 err=None
[22/42] astropy__astropy-8872
  call 0 step 0 action 0: resident=639 accessed=0 reused=0 not_reused=0 (3.4s)
  call 1 step 1 action 1: resident=5230 accessed=5114 reused=0 not_reused=5114 (3.0s)
  call 2 step 2 action 1: resident=5230 accessed=3233 reused=3217 not_reused=16 (4.6s)
  call 3 step 3 action 1: resident=5420 accessed=3305 reused=3114 not_reused=191 (4.7s)
  call 4 step 4 action 1: resident=5596 accessed=3391 reused=3212 not_reused=179 (4.8s)
  call 5 step 5 action 1: resident=5596 accessed=3224 reused=3223 not_reused=1 (4.7s)
  call 6 step 6 action 1: resident=21912 accessed=19614 reused=3295 not_reused=16319 (5.5s)
  call 7 step 7 action 1: resident=21949 accessed=3209 reused=3172 not_reused=37 (6.7s)
  call 8 step 8 action 1: resident=21949 accessed=3209 reused=3209 not_reused=0 (6.7s)
  call 9 step 9 action 1: resident=21949 accessed=7842 reused=7842 not_reused=0 (6.7s)
  call 10 step 10 action 1: resident=22025 accessed=3294 reused=3218 not_reused=76 (6.7s)
  call 11 step 11 action 1: resident=22025 accessed=9286 reused=9286 not_reused=0 (6.6s)
  call 12 step 12 action 1: resident=22025 accessed=9404 reused=9387 not_reused=17 (6.7s)
  call 13 step 13 action 1: resident=22025 accessed=3188 reused=3188 not_reused=0 (6.7s)
  call 14 step 14 action 1: resident=22025 accessed=9350 reused=9333 not_reused=17 (6.7s)
  call 15 step 15 action 1: resident=22025 accessed=3184 reused=3182 not_reused=2 (6.8s)
  call 16 step 16 action 1: resident=22025 accessed=9538 reused=9508 not_reused=30 (6.7s)
  call 17 step 17 action 1: resident=22026 accessed=9496 reused=9495 not_reused=1 (6.7s)
  call 18 step 18 action 1: resident=23149 accessed=4943 reused=3820 not_reused=1123 (6.8s)
  call 19 step 19 action 1: resident=23149 accessed=3085 reused=3085 not_reused=0 (7.0s)
[22/42] astropy__astropy-8872: steps=19 reused=0.8022136875689639 not_reused=0.19778631243103612 err=None
[23/42] django__django-10097
  call 0 step 0 action 0: resident=639 accessed=0 reused=0 not_reused=0 (4.3s)
  call 1 step 1 action 1: resident=6172 accessed=6067 reused=0 not_reused=6067 (3.3s)
  call 2 step 2 action 1: resident=6186 accessed=3174 reused=3153 not_reused=21 (5.1s)
  call 3 step 3 action 1: resident=6186 accessed=3210 reused=3209 not_reused=1 (5.1s)
  call 4 step 4 action 1: resident=6223 accessed=3226 reused=3189 not_reused=37 (5.1s)
  call 5 step 5 action 1: resident=6224 accessed=3130 reused=3129 not_reused=1 (5.1s)
  call 6 step 6 action 1: resident=7159 accessed=4085 reused=3145 not_reused=940 (5.3s)
  call 7 step 7 action 1: resident=7159 accessed=3130 reused=3130 not_reused=0 (5.4s)
  call 8 step 8 action 1: resident=7159 accessed=3820 reused=3820 not_reused=0 (5.4s)
  call 9 step 9 action 1: resident=7159 accessed=3131 reused=3131 not_reused=0 (5.3s)
  call 10 step 10 action 1: resident=9802 accessed=6552 reused=3909 not_reused=2643 (5.5s)
  call 11 step 12 action 1: resident=9802 accessed=3074 reused=3074 not_reused=0 (5.7s)
  call 12 step 13 action 1: resident=9804 accessed=3128 reused=3126 not_reused=2 (5.7s)
  call 13 step 14 action 1: resident=9848 accessed=3249 reused=3204 not_reused=45 (5.8s)
  call 14 step 15 action 1: resident=9844 accessed=4826 reused=4825 not_reused=1 (5.8s)
  call 15 step 16 action 1: resident=9844 accessed=3227 reused=3226 not_reused=1 (5.7s)
  call 16 step 17 action 1: resident=9844 accessed=3199 reused=3197 not_reused=2 (5.7s)
  call 17 step 18 action 1: resident=9844 accessed=4841 reused=4840 not_reused=1 (5.8s)
  call 18 step 20 action 1: resident=9846 accessed=3104 reused=3102 not_reused=2 (5.8s)
  call 19 step 21 action 1: resident=9846 accessed=3238 reused=3238 not_reused=0 (5.8s)
  call 20 step 22 action 1: resident=9846 accessed=4860 reused=4859 not_reused=1 (5.7s)
  call 21 step 23 action 1: resident=9847 accessed=3139 reused=3138 not_reused=1 (5.7s)
  call 22 step 24 action 1: resident=9847 accessed=3828 reused=3828 not_reused=0 (5.8s)
  call 23 step 25 action 1: resident=9847 accessed=3107 reused=3107 not_reused=0 (5.7s)
  call 24 step 26 action 1: resident=9847 accessed=3879 reused=3879 not_reused=0 (5.8s)
  call 25 step 27 action 1: resident=9847 accessed=3110 reused=3110 not_reused=0 (5.7s)
  call 26 step 28 action 1: resident=9847 accessed=3879 reused=3879 not_reused=0 (5.7s)
  call 27 step 29 action 1: resident=9849 accessed=3130 reused=3128 not_reused=2 (5.7s)
  call 28 step 30 action 1: resident=9849 accessed=3213 reused=3213 not_reused=0 (5.7s)
  call 29 step 31 action 1: resident=9850 accessed=4830 reused=4828 not_reused=2 (5.8s)
  call 30 step 32 action 1: resident=9851 accessed=3154 reused=3153 not_reused=1 (5.7s)
  call 31 step 33 action 1: resident=9851 accessed=3841 reused=3841 not_reused=0 (5.7s)
  call 32 step 34 action 1: resident=9851 accessed=3102 reused=3102 not_reused=0 (5.8s)
  call 33 step 35 action 1: resident=9851 accessed=3894 reused=3894 not_reused=0 (5.8s)
  call 34 step 36 action 1: resident=9851 accessed=3152 reused=3152 not_reused=0 (5.8s)
  call 35 step 37 action 1: resident=9851 accessed=3253 reused=3253 not_reused=0 (5.8s)
  call 36 step 38 action 1: resident=9851 accessed=4871 reused=4869 not_reused=2 (5.8s)
  call 37 step 39 action 1: resident=9851 accessed=3117 reused=3117 not_reused=0 (5.8s)
  call 38 step 40 action 1: resident=9851 accessed=3237 reused=3237 not_reused=0 (5.8s)
  call 39 step 41 action 1: resident=9851 accessed=4863 reused=4861 not_reused=2 (5.8s)
  call 40 step 42 action 1: resident=9851 accessed=3128 reused=3128 not_reused=0 (5.9s)
  call 41 step 43 action 1: resident=9851 accessed=3266 reused=3266 not_reused=0 (5.8s)
  call 42 step 44 action 1: resident=9851 accessed=4910 reused=4908 not_reused=2 (5.8s)
  call 43 step 45 action 1: resident=11718 accessed=5690 reused=3823 not_reused=1867 (5.9s)
  call 44 step 46 action 1: resident=11718 accessed=3134 reused=3134 not_reused=0 (6.3s)
  call 45 step 47 action 1: resident=11718 accessed=3136 reused=3136 not_reused=0 (6.2s)
[23/42] django__django-10097: steps=45 reused=0.9307457147275388 not_reused=0.06925428527246125 err=None
[24/42] django__django-10554
  call 0 step 0 action 0: resident=638 accessed=0 reused=0 not_reused=0 (3.4s)
  call 1 step 1 action 1: resident=5451 accessed=5333 reused=0 not_reused=5333 (3.0s)
  call 2 step 2 action 1: resident=5471 accessed=3195 reused=3172 not_reused=23 (4.7s)
  call 3 step 3 action 1: resident=5497 accessed=3201 reused=3174 not_reused=27 (4.6s)
  call 4 step 4 action 1: resident=5514 accessed=3202 reused=3173 not_reused=29 (4.7s)
  call 5 step 5 action 1: resident=5514 accessed=3194 reused=3192 not_reused=2 (4.7s)
  call 6 step 6 action 1: resident=5514 accessed=3204 reused=3201 not_reused=3 (4.7s)
  call 7 step 7 action 1: resident=5514 accessed=3219 reused=3219 not_reused=0 (4.7s)
  call 8 step 8 action 1: resident=5541 accessed=3179 reused=3152 not_reused=27 (4.7s)
  call 9 step 9 action 1: resident=5541 accessed=3216 reused=3210 not_reused=6 (4.7s)
  call 10 step 10 action 1: resident=5541 accessed=3228 reused=3228 not_reused=0 (4.7s)
  call 11 step 11 action 1: resident=5613 accessed=3270 reused=3198 not_reused=72 (4.8s)
  call 12 step 12 action 1: resident=5681 accessed=3206 reused=3138 not_reused=68 (4.8s)
  call 13 step 13 action 1: resident=5681 accessed=3179 reused=3179 not_reused=0 (4.8s)
  call 14 step 14 action 1: resident=5681 accessed=3130 reused=3130 not_reused=0 (4.8s)
  call 15 step 15 action 1: resident=5681 accessed=3204 reused=3203 not_reused=1 (4.7s)
  call 16 step 16 action 1: resident=5681 accessed=3200 reused=3200 not_reused=0 (4.9s)
  call 17 step 17 action 1: resident=5681 accessed=3104 reused=3104 not_reused=0 (4.9s)
  call 18 step 18 action 1: resident=5681 accessed=3208 reused=3207 not_reused=1 (4.9s)
  call 19 step 19 action 1: resident=5729 accessed=3306 reused=3258 not_reused=48 (4.9s)
  call 20 step 20 action 1: resident=7030 accessed=4427 reused=3126 not_reused=1301 (4.9s)
  call 21 step 21 action 1: resident=7031 accessed=3162 reused=3160 not_reused=2 (5.1s)
  call 22 step 22 action 1: resident=14471 accessed=11351 reused=3910 not_reused=7441 (5.6s)
  call 23 step 23 action 1: resident=16499 accessed=5864 reused=3836 not_reused=2028 (6.1s)
  call 24 step 24 action 1: resident=16499 accessed=3118 reused=3118 not_reused=0 (6.1s)
  call 25 step 25 action 1: resident=16499 accessed=3137 reused=3137 not_reused=0 (6.2s)
[24/42] django__django-10554: steps=25 reused=0.8254729521358615 not_reused=0.17452704786413858 err=None
[25/42] django__django-10880
  call 0 step 0 action 0: resident=640 accessed=0 reused=0 not_reused=0 (3.5s)
  call 1 step 1 action 1: resident=5231 accessed=5117 reused=0 not_reused=5117 (2.8s)
  call 2 step 1 action 2: resident=5487 accessed=3450 reused=3184 not_reused=266 (4.2s)
  call 3 step 2 action 1: resident=10009 accessed=7890 reused=3368 not_reused=4522 (5.0s)
  call 4 step 3 action 1: resident=10018 accessed=3130 reused=3115 not_reused=15 (6.3s)
  call 5 step 4 action 1: resident=10018 accessed=3205 reused=3205 not_reused=0 (6.3s)
  call 6 step 5 action 1: resident=10018 accessed=3189 reused=3189 not_reused=0 (6.2s)
  call 7 step 6 action 1: resident=10018 accessed=3238 reused=3234 not_reused=4 (6.2s)
  call 8 step 7 action 1: resident=10018 accessed=3231 reused=3231 not_reused=0 (6.3s)
  call 9 step 8 action 1: resident=10018 accessed=3185 reused=3185 not_reused=0 (6.3s)
  call 10 step 9 action 1: resident=10029 accessed=3206 reused=3194 not_reused=12 (6.3s)
  call 11 step 10 action 1: resident=10029 accessed=3203 reused=3203 not_reused=0 (6.3s)
  call 12 step 11 action 1: resident=10029 accessed=3205 reused=3205 not_reused=0 (6.3s)
  call 13 step 12 action 1: resident=10029 accessed=6259 reused=6259 not_reused=0 (6.3s)
  call 14 step 13 action 1: resident=10029 accessed=3187 reused=3187 not_reused=0 (6.3s)
  call 15 step 14 action 1: resident=10029 accessed=6291 reused=6291 not_reused=0 (6.3s)
  call 16 step 15 action 1: resident=10029 accessed=3192 reused=3192 not_reused=0 (6.3s)
  call 17 step 16 action 1: resident=10029 accessed=6267 reused=6267 not_reused=0 (6.3s)
  call 18 step 17 action 1: resident=10029 accessed=3217 reused=3217 not_reused=0 (6.3s)
  call 19 step 18 action 1: resident=10029 accessed=3196 reused=3196 not_reused=0 (6.3s)
  call 20 step 19 action 1: resident=10029 accessed=3219 reused=3219 not_reused=0 (6.3s)
  call 21 step 20 action 1: resident=10029 accessed=3207 reused=3207 not_reused=0 (6.3s)
  call 22 step 21 action 1: resident=10029 accessed=3190 reused=3189 not_reused=1 (6.3s)
  call 23 step 22 action 1: resident=10068 accessed=3230 reused=3191 not_reused=39 (6.3s)
  call 24 step 23 action 1: resident=10069 accessed=3134 reused=3133 not_reused=1 (6.3s)
  call 25 step 24 action 1: resident=10070 accessed=3124 reused=3123 not_reused=1 (6.3s)
  call 26 step 25 action 1: resident=10088 accessed=3203 reused=3184 not_reused=19 (6.3s)
  call 27 step 26 action 1: resident=10089 accessed=3085 reused=3084 not_reused=1 (6.4s)
  call 28 step 27 action 1: resident=10130 accessed=3231 reused=3190 not_reused=41 (6.3s)
  call 29 step 28 action 1: resident=10131 accessed=3182 reused=3181 not_reused=1 (6.4s)
  call 30 step 29 action 1: resident=18890 accessed=12046 reused=3287 not_reused=8759 (7.3s)
  call 31 step 30 action 1: resident=18890 accessed=5039 reused=5039 not_reused=0 (9.0s)
  call 32 step 31 action 1: resident=18894 accessed=5112 reused=5108 not_reused=4 (9.0s)
  call 33 step 32 action 1: resident=18894 accessed=3213 reused=3212 not_reused=1 (9.0s)
  call 34 step 33 action 1: resident=18956 accessed=6182 reused=6119 not_reused=63 (9.0s)
  call 35 step 34 action 1: resident=18956 accessed=3202 reused=3202 not_reused=0 (9.1s)
  call 36 step 35 action 1: resident=18956 accessed=3202 reused=3200 not_reused=2 (9.1s)
  call 37 step 36 action 1: resident=18956 accessed=3163 reused=3163 not_reused=0 (9.1s)
  call 38 step 37 action 1: resident=20072 accessed=8132 reused=7016 not_reused=1116 (9.2s)
  call 39 step 38 action 1: resident=20072 accessed=3122 reused=3122 not_reused=0 (9.1s)
  call 40 step 39 action 1: resident=20072 accessed=7528 reused=7528 not_reused=0 (9.2s)
  call 41 step 40 action 1: resident=20073 accessed=3127 reused=3126 not_reused=1 (9.1s)
  call 42 step 41 action 1: resident=20073 accessed=7046 reused=7046 not_reused=0 (9.1s)
  call 43 step 42 action 1: resident=20073 accessed=3115 reused=3115 not_reused=0 (9.1s)
  call 44 step 43 action 1: resident=20106 accessed=7580 reused=7547 not_reused=33 (9.2s)
  call 45 step 44 action 1: resident=20106 accessed=3116 reused=3116 not_reused=0 (9.2s)
  call 46 step 45 action 1: resident=20106 accessed=7189 reused=7189 not_reused=0 (9.2s)
  call 47 step 46 action 1: resident=20106 accessed=3107 reused=3107 not_reused=0 (9.2s)
  call 48 step 47 action 1: resident=20106 accessed=7435 reused=7435 not_reused=0 (9.2s)
  call 49 step 48 action 1: resident=20106 accessed=3106 reused=3106 not_reused=0 (9.1s)
  call 50 step 49 action 1: resident=20106 accessed=7417 reused=7417 not_reused=0 (9.2s)
  call 51 step 50 action 1: resident=20106 accessed=3166 reused=3166 not_reused=0 (9.1s)
  call 52 step 51 action 1: resident=22490 accessed=6180 reused=3796 not_reused=2384 (9.3s)
  call 53 step 52 action 1: resident=22490 accessed=3127 reused=3127 not_reused=0 (9.4s)
  call 54 step 53 action 1: resident=22490 accessed=3120 reused=3120 not_reused=0 (9.5s)
[25/42] django__django-10880: steps=53 reused=0.9052466851354495 not_reused=0.0947533148645505 err=None
[26/42] django__django-10914
  call 0 step 0 action 0: resident=640 accessed=0 reused=0 not_reused=0 (3.6s)
  call 1 step 1 action 1: resident=5231 accessed=5111 reused=0 not_reused=5111 (3.0s)
  call 2 step 1 action 2: resident=5487 accessed=3440 reused=3172 not_reused=268 (4.7s)
  call 3 step 1 action 3: resident=41382 accessed=39079 reused=3182 not_reused=35897 (7.2s)
  call 4 step 2 action 1: resident=41391 accessed=3187 reused=3173 not_reused=14 (9.5s)
  call 5 step 2 action 2: resident=41391 accessed=3180 reused=3178 not_reused=2 (9.2s)
  call 6 step 3 action 1: resident=41391 accessed=3171 reused=3171 not_reused=0 (9.2s)
  call 7 step 4 action 1: resident=41391 accessed=3209 reused=3209 not_reused=0 (9.2s)
  call 8 step 5 action 1: resident=41434 accessed=3201 reused=3158 not_reused=43 (9.3s)
  call 9 step 6 action 1: resident=42368 accessed=4403 reused=3467 not_reused=936 (9.5s)
  call 10 step 7 action 1: resident=42369 accessed=4061 reused=4060 not_reused=1 (9.6s)
  call 11 step 8 action 1: resident=42369 accessed=3103 reused=3103 not_reused=0 (9.7s)
[26/42] django__django-10914: steps=8 reused=0.4374609089094417 not_reused=0.5625390910905582 err=None
[27/42] django__django-10973
  call 0 step 0 action 0: resident=640 accessed=0 reused=0 not_reused=0 (3.5s)
  call 1 step 1 action 1: resident=5428 accessed=5329 reused=0 not_reused=5329 (3.0s)
  call 2 step 1 action 2: resident=5428 accessed=3245 reused=3241 not_reused=4 (4.7s)
  call 3 step 2 action 1: resident=5438 accessed=3111 reused=3101 not_reused=10 (4.7s)
  call 4 step 3 action 1: resident=5439 accessed=3123 reused=3122 not_reused=1 (4.7s)
  call 5 step 4 action 1: resident=9810 accessed=7509 reused=3137 not_reused=4372 (5.1s)
  call 6 step 5 action 1: resident=9810 accessed=3108 reused=3108 not_reused=0 (5.8s)
  call 7 step 7 action 1: resident=9810 accessed=3139 reused=3139 not_reused=0 (5.8s)
[27/42] django__django-10973: steps=6 reused=0.6598515614059656 not_reused=0.34014843859403443 err=None
[28/42] django__django-10999
  call 0 step 0 action 0: resident=640 accessed=0 reused=0 not_reused=0 (3.5s)
  call 1 step 1 action 1: resident=25672 accessed=25563 reused=0 not_reused=25563 (4.6s)
  call 2 step 2 action 1: resident=25681 accessed=3096 reused=3086 not_reused=10 (8.0s)
  call 3 step 3 action 1: resident=25682 accessed=3090 reused=3079 not_reused=11 (8.1s)
  call 4 step 4 action 1: resident=26983 accessed=4418 reused=3117 not_reused=1301 (8.0s)
  call 5 step 5 action 1: resident=26983 accessed=3122 reused=3118 not_reused=4 (8.2s)
  call 6 step 6 action 1: resident=28370 accessed=5359 reused=3972 not_reused=1387 (8.2s)
  call 7 step 7 action 1: resident=28409 accessed=3213 reused=3174 not_reused=39 (8.2s)
  call 8 step 8 action 1: resident=28409 accessed=4826 reused=4824 not_reused=2 (8.2s)
  call 9 step 9 action 1: resident=28409 accessed=3103 reused=3103 not_reused=0 (8.1s)
  call 10 step 10 action 1: resident=28409 accessed=4851 reused=4851 not_reused=0 (8.2s)
  call 11 step 11 action 1: resident=28409 accessed=3218 reused=3216 not_reused=2 (8.1s)
  call 12 step 12 action 1: resident=28409 accessed=4869 reused=4867 not_reused=2 (8.2s)
  call 13 step 13 action 1: resident=28409 accessed=3164 reused=3164 not_reused=0 (8.2s)
  call 14 step 14 action 1: resident=28409 accessed=3211 reused=3209 not_reused=2 (8.1s)
  call 15 step 15 action 1: resident=28409 accessed=3150 reused=3150 not_reused=0 (8.2s)
  call 16 step 16 action 1: resident=28409 accessed=4907 reused=4905 not_reused=2 (8.2s)
  call 17 step 17 action 1: resident=28410 accessed=3128 reused=3127 not_reused=1 (8.2s)
  call 18 step 18 action 1: resident=28410 accessed=3875 reused=3872 not_reused=3 (8.1s)
  call 19 step 19 action 1: resident=28411 accessed=3126 reused=3125 not_reused=1 (8.1s)
  call 20 step 20 action 1: resident=28411 accessed=4868 reused=4868 not_reused=0 (8.1s)
  call 21 step 21 action 1: resident=29437 accessed=5060 reused=4034 not_reused=1026 (8.3s)
  call 22 step 22 action 1: resident=29437 accessed=3121 reused=3121 not_reused=0 (8.6s)
  call 23 step 23 action 1: resident=29437 accessed=3112 reused=3112 not_reused=0 (8.7s)
[28/42] django__django-10999: steps=23 reused=0.7317862037460028 not_reused=0.26821379625399727 err=None
[29/42] django__django-11066
  call 0 step 0 action 0: resident=639 accessed=0 reused=0 not_reused=0 (3.4s)
  call 1 step 1 action 1: resident=5427 accessed=5314 reused=0 not_reused=5314 (2.8s)
  call 2 step 2 action 1: resident=5438 accessed=3124 reused=3097 not_reused=27 (4.1s)
  call 3 step 3 action 1: resident=5438 accessed=3119 reused=3116 not_reused=3 (4.1s)
  call 4 step 4 action 1: resident=5477 accessed=3212 reused=3171 not_reused=41 (4.2s)
  call 5 step 5 action 1: resident=5477 accessed=3179 reused=3179 not_reused=0 (4.2s)
  call 6 step 6 action 1: resident=9438 accessed=7098 reused=3137 not_reused=3961 (4.7s)
  call 7 step 7 action 1: resident=9438 accessed=3087 reused=3087 not_reused=0 (5.6s)
  call 8 step 9 action 1: resident=9438 accessed=3110 reused=3109 not_reused=1 (5.5s)
[29/42] django__django-11066: steps=8 reused=0.7008289856927952 not_reused=0.29917101430720483 err=None
[30/42] django__django-11087
  call 0 step 0 action 0: resident=638 accessed=0 reused=0 not_reused=0 (3.4s)
  call 1 step 1 action 1: resident=5426 accessed=5298 reused=0 not_reused=5298 (2.8s)
  call 2 step 2 action 1: resident=5699 accessed=3587 reused=3294 not_reused=293 (4.4s)
  call 3 step 3 action 1: resident=38688 accessed=36565 reused=3568 not_reused=32997 (6.1s)
  call 4 step 4 action 1: resident=38722 accessed=3209 reused=3171 not_reused=38 (7.2s)
  call 5 step 5 action 1: resident=38731 accessed=3138 reused=3129 not_reused=9 (7.2s)
  call 6 step 6 action 1: resident=38731 accessed=3166 reused=3161 not_reused=5 (7.2s)
  call 7 step 7 action 1: resident=38731 accessed=3206 reused=3206 not_reused=0 (7.3s)
  call 8 step 8 action 1: resident=38731 accessed=3171 reused=3170 not_reused=1 (7.3s)
  call 9 step 9 action 1: resident=38731 accessed=3202 reused=3202 not_reused=0 (7.2s)
  call 10 step 10 action 1: resident=38731 accessed=3233 reused=3233 not_reused=0 (7.2s)
  call 11 step 11 action 1: resident=38731 accessed=3369 reused=3369 not_reused=0 (7.3s)
  call 12 step 12 action 1: resident=38731 accessed=3211 reused=3211 not_reused=0 (7.3s)
  call 13 step 13 action 1: resident=38731 accessed=3195 reused=3195 not_reused=0 (7.3s)
  call 14 step 14 action 1: resident=38731 accessed=3211 reused=3210 not_reused=1 (7.2s)
  call 15 step 15 action 1: resident=38731 accessed=3182 reused=3182 not_reused=0 (7.2s)
  call 16 step 16 action 1: resident=38731 accessed=3222 reused=3222 not_reused=0 (7.2s)
  call 17 step 17 action 1: resident=38772 accessed=3251 reused=3210 not_reused=41 (7.2s)
  call 18 step 18 action 1: resident=38772 accessed=3184 reused=3184 not_reused=0 (7.2s)
  call 19 step 19 action 1: resident=39707 accessed=4383 reused=3448 not_reused=935 (7.2s)
  call 20 step 20 action 1: resident=39707 accessed=3118 reused=3118 not_reused=0 (7.3s)
  call 21 step 21 action 1: resident=39707 accessed=3127 reused=3127 not_reused=0 (7.2s)
[30/42] django__django-11087: steps=21 reused=0.6198910081743869 not_reused=0.3801089918256131 err=None
[31/42] django__django-11095
  call 0 step 0 action 0: resident=639 accessed=0 reused=0 not_reused=0 (3.4s)
  call 1 step 1 action 1: resident=5230 accessed=5106 reused=0 not_reused=5106 (2.9s)
  call 2 step 2 action 1: resident=5461 accessed=3413 reused=3174 not_reused=239 (4.5s)
  call 3 step 3 action 1: resident=5484 accessed=3238 reused=3203 not_reused=35 (4.6s)
  call 4 step 4 action 1: resident=5484 accessed=3238 reused=3232 not_reused=6 (4.6s)
  call 5 step 5 action 1: resident=5484 accessed=3194 reused=3193 not_reused=1 (4.6s)
  call 6 step 6 action 1: resident=5484 accessed=3201 reused=3197 not_reused=4 (4.6s)
  call 7 step 7 action 1: resident=5495 accessed=3246 reused=3232 not_reused=14 (4.6s)
  call 8 step 8 action 1: resident=5495 accessed=3217 reused=3217 not_reused=0 (4.6s)
  call 9 step 9 action 1: resident=5495 accessed=3213 reused=3213 not_reused=0 (4.6s)
  call 10 step 11 action 1: resident=5532 accessed=3212 reused=3175 not_reused=37 (4.6s)
  call 11 step 13 action 1: resident=6754 accessed=4571 reused=3349 not_reused=1222 (4.8s)
  call 12 step 14 action 1: resident=6754 accessed=4525 reused=4525 not_reused=0 (5.1s)
  call 13 step 15 action 1: resident=6779 accessed=3335 reused=3310 not_reused=25 (5.1s)
  call 14 step 16 action 1: resident=6779 accessed=3205 reused=3205 not_reused=0 (5.1s)
  call 15 step 17 action 1: resident=6779 accessed=3216 reused=3216 not_reused=0 (5.1s)
  call 16 step 18 action 1: resident=6779 accessed=3197 reused=3197 not_reused=0 (5.2s)
  call 17 step 21 action 1: resident=6789 accessed=3151 reused=3141 not_reused=10 (5.2s)
  call 18 step 22 action 1: resident=8104 accessed=4412 reused=3097 not_reused=1315 (5.4s)
  call 19 step 23 action 1: resident=8105 accessed=3106 reused=3105 not_reused=1 (5.9s)
  call 20 step 24 action 1: resident=8200 accessed=3918 reused=3823 not_reused=95 (5.9s)
  call 21 step 25 action 1: resident=8200 accessed=3204 reused=3204 not_reused=0 (5.9s)
  call 22 step 26 action 1: resident=8201 accessed=3114 reused=3113 not_reused=1 (5.8s)
  call 23 step 27 action 1: resident=8201 accessed=3916 reused=3916 not_reused=0 (5.9s)
  call 24 step 28 action 1: resident=8201 accessed=3209 reused=3209 not_reused=0 (5.9s)
  call 25 step 29 action 1: resident=8202 accessed=3144 reused=3143 not_reused=1 (5.9s)
  call 26 step 30 action 1: resident=8202 accessed=3856 reused=3856 not_reused=0 (5.9s)
  call 27 step 31 action 1: resident=8202 accessed=3237 reused=3237 not_reused=0 (5.9s)
  call 28 step 32 action 1: resident=8203 accessed=3104 reused=3103 not_reused=1 (5.9s)
  call 29 step 33 action 1: resident=8207 accessed=3888 reused=3884 not_reused=4 (5.9s)
  call 30 step 34 action 1: resident=8207 accessed=3225 reused=3225 not_reused=0 (5.8s)
  call 31 step 35 action 1: resident=8208 accessed=3119 reused=3118 not_reused=1 (5.8s)
  call 32 step 36 action 1: resident=8208 accessed=3857 reused=3857 not_reused=0 (5.8s)
  call 33 step 37 action 1: resident=8208 accessed=3190 reused=3190 not_reused=0 (5.8s)
  call 34 step 38 action 1: resident=8209 accessed=3115 reused=3114 not_reused=1 (5.9s)
  call 35 step 39 action 1: resident=8209 accessed=3814 reused=3814 not_reused=0 (5.9s)
  call 36 step 40 action 1: resident=8209 accessed=3222 reused=3222 not_reused=0 (5.9s)
  call 37 step 41 action 1: resident=8209 accessed=3211 reused=3211 not_reused=0 (5.9s)
  call 38 step 42 action 1: resident=8209 accessed=3184 reused=3184 not_reused=0 (5.9s)
  call 39 step 43 action 1: resident=8210 accessed=3104 reused=3103 not_reused=1 (5.9s)
  call 40 step 44 action 1: resident=8210 accessed=3791 reused=3791 not_reused=0 (5.9s)
  call 41 step 45 action 1: resident=8211 accessed=3122 reused=3121 not_reused=1 (5.8s)
  call 42 step 46 action 1: resident=8211 accessed=3815 reused=3815 not_reused=0 (5.8s)
  call 43 step 47 action 1: resident=8211 accessed=3225 reused=3225 not_reused=0 (5.9s)
  call 44 step 48 action 1: resident=8212 accessed=3100 reused=3099 not_reused=1 (5.9s)
  call 45 step 49 action 1: resident=8212 accessed=3819 reused=3819 not_reused=0 (5.9s)
  call 46 step 50 action 1: resident=8212 accessed=3187 reused=3187 not_reused=0 (5.9s)
  call 47 step 51 action 1: resident=8213 accessed=3139 reused=3138 not_reused=1 (5.8s)
  call 48 step 52 action 1: resident=8213 accessed=3818 reused=3818 not_reused=0 (5.9s)
  call 49 step 53 action 1: resident=8213 accessed=3157 reused=3157 not_reused=0 (5.9s)
  call 50 step 54 action 1: resident=8214 accessed=3110 reused=3109 not_reused=1 (5.8s)
  call 51 step 55 action 1: resident=8214 accessed=3800 reused=3800 not_reused=0 (5.8s)
  call 52 step 56 action 1: resident=8214 accessed=3225 reused=3225 not_reused=0 (5.9s)
  call 53 step 57 action 1: resident=8215 accessed=3109 reused=3108 not_reused=1 (5.8s)
  call 54 step 58 action 1: resident=8215 accessed=3797 reused=3797 not_reused=0 (5.8s)
  call 55 step 59 action 1: resident=8215 accessed=3185 reused=3185 not_reused=0 (5.9s)
  call 56 step 60 action 1: resident=12111 accessed=7042 reused=3146 not_reused=3896 (6.5s)
  call 57 step 61 action 1: resident=12111 accessed=3148 reused=3148 not_reused=0 (7.9s)
  call 58 step 62 action 1: resident=12111 accessed=4125 reused=4125 not_reused=0 (7.8s)
  call 59 step 63 action 1: resident=12111 accessed=3102 reused=3102 not_reused=0 (7.9s)
  call 60 step 64 action 1: resident=12111 accessed=3109 reused=3109 not_reused=0 (7.9s)
[31/42] django__django-11095: steps=60 reused=0.9426347636863404 not_reused=0.05736523631365962 err=None
[32/42] django__django-11099
  call 0 step 0 action 0: resident=639 accessed=0 reused=0 not_reused=0 (3.6s)
  call 1 step 1 action 1: resident=9967 accessed=9860 reused=0 not_reused=9860 (3.7s)
  call 2 step 2 action 1: resident=9976 accessed=3119 reused=3105 not_reused=14 (6.3s)
  call 3 step 3 action 1: resident=9976 accessed=3101 reused=3101 not_reused=0 (6.3s)
  call 4 step 4 action 1: resident=10014 accessed=3194 reused=3156 not_reused=38 (6.3s)
  call 5 step 5 action 1: resident=10014 accessed=3117 reused=3111 not_reused=6 (6.3s)
  call 6 step 6 action 1: resident=11315 accessed=4422 reused=3121 not_reused=1301 (6.5s)
  call 7 step 7 action 1: resident=11315 accessed=3783 reused=3780 not_reused=3 (7.0s)
  call 8 step 8 action 1: resident=11315 accessed=3199 reused=3198 not_reused=1 (7.0s)
  call 9 step 9 action 1: resident=11315 accessed=3094 reused=3094 not_reused=0 (6.9s)
  call 10 step 10 action 1: resident=11358 accessed=3251 reused=3207 not_reused=44 (6.9s)
  call 11 step 11 action 1: resident=11358 accessed=3128 reused=3128 not_reused=0 (7.0s)
  call 12 step 12 action 1: resident=11434 accessed=3853 reused=3777 not_reused=76 (7.0s)
  call 13 step 13 action 1: resident=11434 accessed=3117 reused=3117 not_reused=0 (7.0s)
  call 14 step 14 action 1: resident=11434 accessed=3780 reused=3780 not_reused=0 (6.9s)
  call 15 step 15 action 1: resident=11434 accessed=3798 reused=3797 not_reused=1 (6.9s)
  call 16 step 16 action 1: resident=11434 accessed=3122 reused=3122 not_reused=0 (7.0s)
  call 17 step 17 action 1: resident=11468 accessed=3217 reused=3182 not_reused=35 (7.0s)
  call 18 step 18 action 1: resident=11468 accessed=3126 reused=3126 not_reused=0 (7.0s)
  call 19 step 19 action 1: resident=15847 accessed=7542 reused=3163 not_reused=4379 (7.3s)
  call 20 step 20 action 1: resident=15847 accessed=3128 reused=3128 not_reused=0 (7.9s)
  call 21 step 22 action 1: resident=15847 accessed=3109 reused=3109 not_reused=0 (7.8s)
[32/42] django__django-11099: steps=21 reused=0.8056007895386134 not_reused=0.19439921046138664 err=None
[33/42] django__django-11119
  call 0 step 0 action 0: resident=639 accessed=0 reused=0 not_reused=0 (3.4s)
  call 1 step 2 action 1: resident=5230 accessed=5124 reused=0 not_reused=5124 (2.9s)
  call 2 step 3 action 1: resident=12131 accessed=10079 reused=3167 not_reused=6912 (5.9s)
  call 3 step 4 action 1: resident=12140 accessed=3128 reused=3119 not_reused=9 (8.0s)
  call 4 step 5 action 1: resident=12140 accessed=3193 reused=3193 not_reused=0 (7.9s)
  call 5 step 6 action 1: resident=12140 accessed=3363 reused=3361 not_reused=2 (7.9s)
  call 6 step 7 action 1: resident=12140 accessed=3195 reused=3194 not_reused=1 (8.0s)
  call 7 step 8 action 1: resident=12179 accessed=3211 reused=3172 not_reused=39 (8.0s)
  call 8 step 9 action 1: resident=12179 accessed=3204 reused=3204 not_reused=0 (7.9s)
  call 9 step 10 action 1: resident=12179 accessed=3195 reused=3195 not_reused=0 (7.9s)
  call 10 step 11 action 1: resident=12179 accessed=3199 reused=3199 not_reused=0 (8.0s)
  call 11 step 12 action 1: resident=16557 accessed=7520 reused=3142 not_reused=4378 (8.3s)
  call 12 step 13 action 1: resident=16557 accessed=3139 reused=3139 not_reused=0 (9.1s)
  call 13 step 14 action 1: resident=16557 accessed=3121 reused=3121 not_reused=0 (9.1s)
[33/42] django__django-11119: steps=13 reused=0.6988348484571345 not_reused=0.3011651515428655 err=None
[34/42] django__django-11133
  call 0 step 0 action 0: resident=639 accessed=0 reused=0 not_reused=0 (3.6s)
  call 1 step 2 action 1: resident=5230 accessed=5109 reused=0 not_reused=5109 (3.1s)
  call 2 step 3 action 1: resident=5461 accessed=3382 reused=3139 not_reused=243 (4.8s)
  call 3 step 4 action 1: resident=5475 accessed=3096 reused=3080 not_reused=16 (4.8s)
  call 4 step 5 action 1: resident=5475 accessed=3205 reused=3195 not_reused=10 (4.8s)
  call 5 step 6 action 1: resident=5475 accessed=3182 reused=3178 not_reused=4 (4.8s)
  call 6 step 7 action 1: resident=5476 accessed=3108 reused=3107 not_reused=1 (4.8s)
  call 7 step 8 action 1: resident=13356 accessed=11053 reused=3173 not_reused=7880 (5.4s)
  call 8 step 9 action 1: resident=13356 accessed=3109 reused=3109 not_reused=0 (6.1s)
  call 9 step 10 action 1: resident=13636 accessed=7017 reused=6736 not_reused=281 (6.1s)
  call 10 step 11 action 1: resident=13673 accessed=3180 reused=3142 not_reused=38 (6.2s)
  call 11 step 12 action 1: resident=13673 accessed=3188 reused=3188 not_reused=0 (6.2s)
  call 12 step 13 action 1: resident=13720 accessed=3246 reused=3199 not_reused=47 (6.2s)
  call 13 step 14 action 1: resident=13720 accessed=3876 reused=3876 not_reused=0 (6.2s)
  call 14 step 15 action 1: resident=13720 accessed=3230 reused=3230 not_reused=0 (6.0s)
  call 15 step 16 action 1: resident=13721 accessed=3117 reused=3116 not_reused=1 (6.2s)
  call 16 step 17 action 1: resident=13721 accessed=3779 reused=3779 not_reused=0 (6.1s)
  call 17 step 18 action 1: resident=13721 accessed=3139 reused=3139 not_reused=0 (6.2s)
  call 18 step 19 action 1: resident=13726 accessed=3803 reused=3798 not_reused=5 (6.2s)
  call 19 step 20 action 1: resident=13726 accessed=3164 reused=3164 not_reused=0 (6.2s)
  call 20 step 21 action 1: resident=13727 accessed=3114 reused=3113 not_reused=1 (6.2s)
  call 21 step 22 action 1: resident=13727 accessed=3806 reused=3806 not_reused=0 (6.1s)
  call 22 step 23 action 1: resident=13727 accessed=3155 reused=3155 not_reused=0 (6.2s)
  call 23 step 24 action 1: resident=13727 accessed=3207 reused=3207 not_reused=0 (6.4s)
  call 24 step 25 action 1: resident=13728 accessed=3145 reused=3144 not_reused=1 (6.4s)
  call 25 step 26 action 1: resident=13728 accessed=3808 reused=3808 not_reused=0 (6.4s)
  call 26 step 27 action 1: resident=13728 accessed=3197 reused=3197 not_reused=0 (6.4s)
  call 27 step 28 action 1: resident=13729 accessed=3105 reused=3104 not_reused=1 (6.2s)
  call 28 step 29 action 1: resident=13763 accessed=3912 reused=3873 not_reused=39 (6.1s)
  call 29 step 30 action 1: resident=13763 accessed=3158 reused=3158 not_reused=0 (6.1s)
  call 30 step 31 action 1: resident=13763 accessed=6822 reused=6817 not_reused=5 (6.2s)
  call 31 step 32 action 1: resident=13764 accessed=3112 reused=3111 not_reused=1 (6.2s)
  call 32 step 33 action 1: resident=13764 accessed=3872 reused=3867 not_reused=5 (6.2s)
  call 33 step 34 action 1: resident=13764 accessed=3187 reused=3187 not_reused=0 (6.2s)
  call 34 step 35 action 1: resident=13765 accessed=3137 reused=3135 not_reused=2 (6.1s)
  call 35 step 36 action 1: resident=13765 accessed=3883 reused=3878 not_reused=5 (6.1s)
  call 36 step 37 action 1: resident=13765 accessed=3203 reused=3203 not_reused=0 (6.2s)
  call 37 step 38 action 1: resident=13765 accessed=6804 reused=6799 not_reused=5 (6.2s)
  call 38 step 39 action 1: resident=13765 accessed=3194 reused=3194 not_reused=0 (6.2s)
  call 39 step 40 action 1: resident=13765 accessed=3155 reused=3155 not_reused=0 (6.1s)
  call 40 step 41 action 1: resident=13766 accessed=3121 reused=3120 not_reused=1 (6.1s)
  call 41 step 42 action 1: resident=13766 accessed=3918 reused=3913 not_reused=5 (6.1s)
  call 42 step 43 action 1: resident=13766 accessed=3189 reused=3189 not_reused=0 (6.2s)
  call 43 step 44 action 1: resident=13766 accessed=3190 reused=3190 not_reused=0 (6.2s)
  call 44 step 45 action 1: resident=13766 accessed=6991 reused=6986 not_reused=5 (6.2s)
  call 45 step 46 action 1: resident=15685 accessed=5748 reused=3829 not_reused=1919 (6.2s)
  call 46 step 47 action 1: resident=15685 accessed=3111 reused=3111 not_reused=0 (6.2s)
  call 47 step 48 action 1: resident=15874 accessed=4394 reused=4200 not_reused=194 (6.2s)
  call 48 step 49 action 1: resident=15875 accessed=4044 reused=3854 not_reused=190 (6.2s)
  call 49 step 50 action 1: resident=16380 accessed=4774 reused=4074 not_reused=700 (6.3s)
  call 50 step 51 action 1: resident=16380 accessed=3124 reused=3124 not_reused=0 (6.3s)
[34/42] django__django-11133: steps=50 reused=0.91453393535587 not_reused=0.08546606464413002 err=None
[35/42] django__django-11138
  call 0 step 0 action 0: resident=640 accessed=0 reused=0 not_reused=0 (3.5s)
  call 1 step 1 action 1: resident=5428 accessed=5315 reused=0 not_reused=5315 (2.9s)
  call 2 step 2 action 1: resident=5441 accessed=3206 reused=3187 not_reused=19 (4.5s)
  call 3 step 3 action 1: resident=5441 accessed=3197 reused=3193 not_reused=4 (4.5s)
  call 4 step 4 action 1: resident=5441 accessed=3140 reused=3134 not_reused=6 (4.5s)
  call 5 step 5 action 1: resident=5441 accessed=3307 reused=3306 not_reused=1 (4.5s)
  call 6 step 6 action 1: resident=5445 accessed=3193 reused=3188 not_reused=5 (4.5s)
  call 7 step 7 action 1: resident=5445 accessed=3117 reused=3117 not_reused=0 (4.5s)
  call 8 step 8 action 1: resident=5445 accessed=3184 reused=3184 not_reused=0 (4.5s)
  call 9 step 9 action 1: resident=5451 accessed=3208 reused=3201 not_reused=7 (4.5s)
  call 10 step 10 action 1: resident=5462 accessed=3172 reused=3161 not_reused=11 (4.4s)
  call 11 step 11 action 1: resident=5462 accessed=3090 reused=3090 not_reused=0 (4.5s)
  call 12 step 12 action 1: resident=5549 accessed=3256 reused=3169 not_reused=87 (4.5s)
  call 13 step 13 action 1: resident=5582 accessed=3178 reused=3143 not_reused=35 (4.6s)
  call 14 step 14 action 1: resident=5582 accessed=3172 reused=3172 not_reused=0 (4.7s)
  call 15 step 15 action 1: resident=5583 accessed=3129 reused=3128 not_reused=1 (4.7s)
  call 16 step 16 action 1: resident=5583 accessed=3215 reused=3211 not_reused=4 (4.7s)
  call 17 step 17 action 1: resident=5583 accessed=3196 reused=3196 not_reused=0 (4.5s)
  call 18 step 18 action 1: resident=9972 accessed=7534 reused=3145 not_reused=4389 (5.1s)
  call 19 step 19 action 1: resident=9972 accessed=3143 reused=3143 not_reused=0 (6.1s)
  call 20 step 20 action 1: resident=9972 accessed=3142 reused=3142 not_reused=0 (6.1s)
[35/42] django__django-11138: steps=20 reused=0.8589893571489714 not_reused=0.14101064285102863 err=None
[36/42] django__django-11141
  call 0 step 0 action 0: resident=639 accessed=0 reused=0 not_reused=0 (3.4s)
  call 1 step 1 action 1: resident=5230 accessed=5121 reused=0 not_reused=5121 (2.9s)
  call 2 step 1 action 2: resident=5461 accessed=3425 reused=3187 not_reused=238 (4.7s)
  call 3 step 1 action 3: resident=10104 accessed=7940 reused=3296 not_reused=4644 (5.8s)
  call 4 step 2 action 1: resident=10104 accessed=3177 reused=3177 not_reused=0 (7.4s)
  call 5 step 3 action 1: resident=10104 accessed=3366 reused=3366 not_reused=0 (7.4s)
  call 6 step 4 action 1: resident=10104 accessed=3176 reused=3171 not_reused=5 (7.3s)
  call 7 step 5 action 1: resident=10113 accessed=3192 reused=3178 not_reused=14 (7.4s)
  call 8 step 6 action 1: resident=10113 accessed=3195 reused=3195 not_reused=0 (7.4s)
  call 9 step 7 action 1: resident=10200 accessed=3281 reused=3194 not_reused=87 (7.4s)
  call 10 step 8 action 1: resident=10200 accessed=3175 reused=3175 not_reused=0 (7.4s)
  call 11 step 9 action 1: resident=10200 accessed=3189 reused=3189 not_reused=0 (7.3s)
  call 12 step 10 action 1: resident=10200 accessed=3208 reused=3208 not_reused=0 (7.4s)
  call 13 step 11 action 1: resident=10200 accessed=3269 reused=3265 not_reused=4 (7.4s)
  call 14 step 12 action 1: resident=10200 accessed=3164 reused=3163 not_reused=1 (7.4s)
  call 15 step 13 action 1: resident=10200 accessed=3281 reused=3277 not_reused=4 (7.3s)
  call 16 step 14 action 1: resident=10200 accessed=3170 reused=3170 not_reused=0 (7.4s)
  call 17 step 15 action 1: resident=11506 accessed=4438 reused=3132 not_reused=1306 (7.5s)
  call 18 step 16 action 1: resident=11506 accessed=3179 reused=3179 not_reused=0 (7.8s)
  call 19 step 17 action 1: resident=11510 accessed=3264 reused=3256 not_reused=8 (7.7s)
  call 20 step 18 action 1: resident=11510 accessed=3173 reused=3173 not_reused=0 (7.7s)
  call 21 step 21 action 1: resident=11510 accessed=3255 reused=3251 not_reused=4 (7.7s)
  call 22 step 22 action 1: resident=11510 accessed=3183 reused=3183 not_reused=0 (7.7s)
  call 23 step 23 action 1: resident=11583 accessed=3869 reused=3796 not_reused=73 (7.8s)
  call 24 step 24 action 1: resident=11583 accessed=3156 reused=3156 not_reused=0 (7.7s)
  call 25 step 25 action 1: resident=11583 accessed=3772 reused=3772 not_reused=0 (8.0s)
  call 26 step 26 action 1: resident=11583 accessed=3201 reused=3201 not_reused=0 (7.9s)
  call 27 step 27 action 1: resident=15428 accessed=6984 reused=3139 not_reused=3845 (8.0s)
  call 28 step 28 action 1: resident=15428 accessed=3089 reused=3089 not_reused=0 (8.5s)
  call 29 step 29 action 1: resident=15428 accessed=3144 reused=3144 not_reused=0 (8.3s)
[36/42] django__django-11141: steps=27 reused=0.8552001207137199 not_reused=0.14479987928628013 err=None
[37/42] django__django-11149
  call 0 step 0 action 0: resident=639 accessed=0 reused=0 not_reused=0 (3.5s)
  call 1 step 1 action 1: resident=5427 accessed=5304 reused=0 not_reused=5304 (3.0s)
  call 2 step 2 action 1: resident=5459 accessed=3192 reused=3139 not_reused=53 (4.4s)
  call 3 step 3 action 1: resident=5459 accessed=3188 reused=3187 not_reused=1 (4.4s)
  call 4 step 4 action 1: resident=5459 accessed=3226 reused=3226 not_reused=0 (4.4s)
  call 5 step 5 action 1: resident=5459 accessed=3212 reused=3206 not_reused=6 (4.4s)
  call 6 step 6 action 1: resident=5459 accessed=3223 reused=3223 not_reused=0 (4.4s)
  call 7 step 7 action 1: resident=5459 accessed=3192 reused=3192 not_reused=0 (4.4s)
  call 8 step 8 action 1: resident=5459 accessed=3200 reused=3199 not_reused=1 (4.4s)
  call 9 step 9 action 1: resident=5459 accessed=3196 reused=3195 not_reused=1 (4.4s)
  call 10 step 10 action 1: resident=5459 accessed=3202 reused=3202 not_reused=0 (4.4s)
  call 11 step 11 action 1: resident=5460 accessed=3140 reused=3139 not_reused=1 (4.4s)
  call 12 step 12 action 1: resident=5461 accessed=3104 reused=3103 not_reused=1 (4.4s)
  call 13 step 13 action 1: resident=14549 accessed=12283 reused=3193 not_reused=9090 (5.5s)
  call 14 step 14 action 1: resident=14567 accessed=3178 reused=3160 not_reused=18 (7.6s)
  call 15 step 15 action 1: resident=14568 accessed=3105 reused=3104 not_reused=1 (7.7s)
  call 16 step 16 action 1: resident=14605 accessed=3229 reused=3191 not_reused=38 (7.5s)
  call 17 step 17 action 1: resident=14605 accessed=3108 reused=3108 not_reused=0 (7.7s)
  call 18 step 18 action 1: resident=14634 accessed=7669 reused=7639 not_reused=30 (7.6s)
  call 19 step 19 action 1: resident=14743 accessed=7696 reused=7587 not_reused=109 (7.6s)
  call 20 step 20 action 1: resident=14743 accessed=7667 reused=7667 not_reused=0 (7.6s)
  call 21 step 21 action 1: resident=15012 accessed=7603 reused=7333 not_reused=270 (7.7s)
  call 22 step 22 action 1: resident=15013 accessed=3124 reused=3123 not_reused=1 (7.7s)
  call 23 step 23 action 1: resident=15013 accessed=7611 reused=7611 not_reused=0 (7.8s)
  call 24 step 24 action 1: resident=15013 accessed=7692 reused=7692 not_reused=0 (8.0s)
  call 25 step 25 action 1: resident=15014 accessed=3189 reused=3188 not_reused=1 (8.0s)
  call 26 step 26 action 1: resident=15014 accessed=3807 reused=3807 not_reused=0 (7.7s)
  call 27 step 27 action 1: resident=15015 accessed=3122 reused=3121 not_reused=1 (7.7s)
  call 28 step 28 action 1: resident=15018 accessed=7346 reused=7343 not_reused=3 (7.7s)
  call 29 step 29 action 1: resident=15018 accessed=3205 reused=3204 not_reused=1 (7.7s)
  call 30 step 30 action 1: resident=15019 accessed=3217 reused=3216 not_reused=1 (7.7s)
  call 31 step 31 action 1: resident=15050 accessed=7341 reused=7309 not_reused=32 (7.7s)
  call 32 step 32 action 1: resident=15050 accessed=3115 reused=3115 not_reused=0 (7.7s)
  call 33 step 33 action 1: resident=15084 accessed=7683 reused=7648 not_reused=35 (7.7s)
  call 34 step 34 action 1: resident=15084 accessed=7686 reused=7686 not_reused=0 (7.7s)
  call 35 step 35 action 1: resident=15084 accessed=7678 reused=7678 not_reused=0 (7.8s)
  call 36 step 36 action 1: resident=15086 accessed=7566 reused=7564 not_reused=2 (7.8s)
  call 37 step 37 action 1: resident=15086 accessed=3194 reused=3193 not_reused=1 (7.7s)
  call 38 step 38 action 1: resident=15118 accessed=7786 reused=7753 not_reused=33 (7.8s)
  call 39 step 39 action 1: resident=15118 accessed=7642 reused=7642 not_reused=0 (7.8s)
  call 40 step 40 action 1: resident=15118 accessed=3138 reused=3138 not_reused=0 (7.8s)
  call 41 step 41 action 1: resident=15118 accessed=7637 reused=7636 not_reused=1 (7.9s)
  call 42 step 42 action 1: resident=15118 accessed=3131 reused=3131 not_reused=0 (7.8s)
  call 43 step 43 action 1: resident=15118 accessed=7584 reused=7583 not_reused=1 (7.8s)
  call 44 step 45 action 1: resident=15184 accessed=3279 reused=3213 not_reused=66 (7.8s)
  call 45 step 46 action 1: resident=15207 accessed=3242 reused=3219 not_reused=23 (7.8s)
  call 46 step 47 action 1: resident=15207 accessed=3185 reused=3185 not_reused=0 (7.9s)
  call 47 step 48 action 1: resident=15207 accessed=3203 reused=3203 not_reused=0 (7.8s)
  call 48 step 49 action 1: resident=15207 accessed=3211 reused=3211 not_reused=0 (7.9s)
  call 49 step 50 action 1: resident=15207 accessed=3207 reused=3207 not_reused=0 (7.8s)
  call 50 step 51 action 1: resident=15207 accessed=3195 reused=3195 not_reused=0 (7.9s)
  call 51 step 52 action 1: resident=15207 accessed=3225 reused=3225 not_reused=0 (7.8s)
  call 52 step 53 action 1: resident=15207 accessed=3235 reused=3235 not_reused=0 (7.8s)
  call 53 step 54 action 1: resident=15207 accessed=3236 reused=3236 not_reused=0 (7.8s)
  call 54 step 55 action 1: resident=15207 accessed=3226 reused=3226 not_reused=0 (7.8s)
  call 55 step 56 action 1: resident=15207 accessed=3194 reused=3194 not_reused=0 (7.8s)
  call 56 step 57 action 1: resident=16782 accessed=4930 reused=3355 not_reused=1575 (8.2s)
  call 57 step 58 action 1: resident=16782 accessed=4952 reused=4952 not_reused=0 (8.4s)
  call 58 step 59 action 1: resident=16782 accessed=4922 reused=4922 not_reused=0 (8.5s)
  call 59 step 60 action 1: resident=16782 accessed=3176 reused=3176 not_reused=0 (8.5s)
  call 60 step 61 action 1: resident=16782 accessed=3166 reused=3166 not_reused=0 (8.5s)
  call 61 step 62 action 1: resident=16782 accessed=3218 reused=3218 not_reused=0 (8.4s)
  call 62 step 63 action 1: resident=16782 accessed=3181 reused=3181 not_reused=0 (8.4s)
  call 63 step 64 action 1: resident=19202 accessed=6240 reused=3820 not_reused=2420 (8.9s)
  call 64 step 65 action 1: resident=19202 accessed=3114 reused=3114 not_reused=0 (10.1s)
  call 65 step 67 action 1: resident=19202 accessed=3100 reused=3100 not_reused=0 (10.1s)
[37/42] django__django-11149: steps=65 reused=0.9358459040154606 not_reused=0.0641540959845394 err=None
[38/42] django__django-11163
  call 0 step 0 action 0: resident=639 accessed=0 reused=0 not_reused=0 (3.5s)
  call 1 step 1 action 1: resident=9972 accessed=9860 reused=0 not_reused=9860 (3.5s)
  call 2 step 2 action 1: resident=9972 accessed=3209 reused=3194 not_reused=15 (5.9s)
  call 3 step 3 action 1: resident=10023 accessed=3217 reused=3166 not_reused=51 (5.9s)
  call 4 step 4 action 1: resident=10023 accessed=3219 reused=3215 not_reused=4 (5.9s)
  call 5 step 5 action 1: resident=14411 accessed=7511 reused=3123 not_reused=4388 (6.1s)
  call 6 step 6 action 1: resident=14420 accessed=3092 reused=3083 not_reused=9 (6.6s)
  call 7 step 8 action 1: resident=14420 accessed=3100 reused=3099 not_reused=1 (6.4s)
[38/42] django__django-11163: steps=7 reused=0.5685377017586124 not_reused=0.4314622982413876 err=None
[39/42] django__django-11179
  call 0 step 0 action 0: resident=640 accessed=0 reused=0 not_reused=0 (3.6s)
  call 1 step 1 action 1: resident=5231 accessed=5115 reused=0 not_reused=5115 (3.0s)
  call 2 step 2 action 1: resident=5231 accessed=3222 reused=3210 not_reused=12 (4.5s)
  call 3 step 3 action 1: resident=5422 accessed=3310 reused=3113 not_reused=197 (4.4s)
  call 4 step 4 action 1: resident=5422 accessed=3185 reused=3181 not_reused=4 (4.5s)
  call 5 step 5 action 1: resident=5463 accessed=3199 reused=3158 not_reused=41 (4.5s)
  call 6 step 6 action 1: resident=5463 accessed=3215 reused=3215 not_reused=0 (4.5s)
  call 7 step 7 action 1: resident=5463 accessed=3235 reused=3235 not_reused=0 (4.5s)
  call 8 step 8 action 1: resident=9294 accessed=6987 reused=3154 not_reused=3833 (5.2s)
  call 9 step 9 action 1: resident=9303 accessed=3108 reused=3099 not_reused=9 (6.5s)
  call 10 step 10 action 1: resident=9303 accessed=3123 reused=3122 not_reused=1 (6.6s)
[39/42] django__django-11179: steps=10 reused=0.7556433857662007 not_reused=0.2443566142337993 err=None
[40/42] django__django-11206
  call 0 step 0 action 0: resident=639 accessed=0 reused=0 not_reused=0 (3.5s)
  call 1 step 1 action 1: resident=5427 accessed=5319 reused=0 not_reused=5319 (2.9s)
  call 2 step 2 action 1: resident=5437 accessed=3138 reused=3121 not_reused=17 (4.7s)
  call 3 step 3 action 1: resident=5438 accessed=3097 reused=3095 not_reused=2 (4.7s)
  call 4 step 4 action 1: resident=6739 accessed=4419 reused=3117 not_reused=1302 (4.8s)
  call 5 step 5 action 1: resident=6739 accessed=3118 reused=3115 not_reused=3 (5.0s)
  call 6 step 6 action 1: resident=9706 accessed=6799 reused=3832 not_reused=2967 (5.4s)
  call 7 step 7 action 1: resident=9706 accessed=3140 reused=3140 not_reused=0 (5.7s)
  call 8 step 8 action 1: resident=9706 accessed=4852 reused=4852 not_reused=0 (5.7s)
  call 9 step 9 action 1: resident=9787 accessed=3246 reused=3163 not_reused=83 (5.6s)
  call 10 step 10 action 1: resident=9787 accessed=3146 reused=3146 not_reused=0 (5.6s)
  call 11 step 11 action 1: resident=9787 accessed=4893 reused=4892 not_reused=1 (5.6s)
  call 12 step 12 action 1: resident=9788 accessed=3106 reused=3105 not_reused=1 (5.7s)
  call 13 step 13 action 1: resident=9788 accessed=4884 reused=4883 not_reused=1 (5.7s)
  call 14 step 14 action 1: resident=11670 accessed=5687 reused=3803 not_reused=1884 (5.8s)
  call 15 step 15 action 1: resident=11670 accessed=3130 reused=3130 not_reused=0 (5.8s)
  call 16 step 16 action 1: resident=11670 accessed=3102 reused=3102 not_reused=0 (5.8s)
[40/42] django__django-11206: steps=16 reused=0.8220542135349438 not_reused=0.17794578646505624 err=None
[41/42] django__django-11211
  call 0 step 0 action 0: resident=639 accessed=0 reused=0 not_reused=0 (3.4s)
  call 1 step 1 action 1: resident=5230 accessed=5117 reused=0 not_reused=5117 (2.9s)
  call 2 step 1 action 2: resident=5461 accessed=3389 reused=3144 not_reused=245 (4.5s)
  call 3 step 2 action 1: resident=10020 accessed=7884 reused=3320 not_reused=4564 (5.8s)
  call 4 step 3 action 1: resident=10020 accessed=7861 reused=7861 not_reused=0 (7.3s)
  call 5 step 4 action 1: resident=10029 accessed=3136 reused=3124 not_reused=12 (7.2s)
  call 6 step 5 action 1: resident=10029 accessed=3114 reused=3114 not_reused=0 (7.2s)
  call 7 step 6 action 1: resident=10029 accessed=4850 reused=4850 not_reused=0 (7.2s)
  call 8 step 7 action 1: resident=10029 accessed=3138 reused=3138 not_reused=0 (7.2s)
  call 9 step 8 action 1: resident=10029 accessed=4874 reused=4874 not_reused=0 (7.2s)
  call 10 step 9 action 1: resident=10029 accessed=3200 reused=3200 not_reused=0 (7.2s)
  call 11 step 10 action 1: resident=10029 accessed=3217 reused=3217 not_reused=0 (7.2s)
  call 12 step 11 action 1: resident=10029 accessed=3187 reused=3187 not_reused=0 (7.2s)
  call 13 step 12 action 1: resident=10029 accessed=3197 reused=3197 not_reused=0 (7.3s)
  call 14 step 13 action 1: resident=10029 accessed=3203 reused=3203 not_reused=0 (7.3s)
  call 15 step 14 action 1: resident=10029 accessed=4880 reused=4880 not_reused=0 (7.2s)
  call 16 step 15 action 1: resident=10029 accessed=3211 reused=3210 not_reused=1 (7.2s)
  call 17 step 16 action 1: resident=10029 accessed=3196 reused=3196 not_reused=0 (7.2s)
  call 18 step 17 action 1: resident=10029 accessed=3197 reused=3197 not_reused=0 (7.2s)
  call 19 step 18 action 1: resident=10029 accessed=3222 reused=3222 not_reused=0 (7.2s)
  call 20 step 19 action 1: resident=10029 accessed=3182 reused=3182 not_reused=0 (7.2s)
  call 21 step 20 action 1: resident=10066 accessed=3218 reused=3181 not_reused=37 (7.2s)
  call 22 step 21 action 1: resident=10066 accessed=3203 reused=3203 not_reused=0 (7.3s)
  call 23 step 23 action 1: resident=10066 accessed=3211 reused=3211 not_reused=0 (7.2s)
  call 24 step 24 action 1: resident=10066 accessed=3191 reused=3191 not_reused=0 (7.2s)
  call 25 step 25 action 1: resident=10066 accessed=3152 reused=3152 not_reused=0 (7.2s)
  call 26 step 26 action 1: resident=10066 accessed=3229 reused=3229 not_reused=0 (7.2s)
  call 27 step 27 action 1: resident=10066 accessed=3223 reused=3223 not_reused=0 (7.2s)
  call 28 step 28 action 1: resident=10066 accessed=3201 reused=3201 not_reused=0 (7.3s)
  call 29 step 29 action 1: resident=10066 accessed=3089 reused=3089 not_reused=0 (7.2s)
  call 30 step 30 action 1: resident=10066 accessed=3124 reused=3124 not_reused=0 (7.3s)
  call 31 step 31 action 1: resident=10068 accessed=3117 reused=3115 not_reused=2 (7.3s)
  call 32 step 32 action 1: resident=10075 accessed=3130 reused=3123 not_reused=7 (7.2s)
  call 33 step 33 action 1: resident=17253 accessed=10762 reused=3584 not_reused=7178 (8.0s)
  call 34 step 34 action 1: resident=17254 accessed=3102 reused=3101 not_reused=1 (9.2s)
  call 35 step 35 action 1: resident=18513 accessed=8263 reused=7004 not_reused=1259 (9.3s)
  call 36 step 36 action 1: resident=18513 accessed=3120 reused=3120 not_reused=0 (9.5s)
  call 37 step 37 action 1: resident=18513 accessed=7218 reused=7218 not_reused=0 (9.6s)
  call 38 step 38 action 1: resident=18513 accessed=3215 reused=3215 not_reused=0 (9.6s)
  call 39 step 39 action 1: resident=18530 accessed=3085 reused=3068 not_reused=17 (9.6s)
  call 40 step 40 action 1: resident=18530 accessed=3093 reused=3093 not_reused=0 (9.6s)
  call 41 step 41 action 1: resident=18541 accessed=7698 reused=7687 not_reused=11 (9.7s)
  call 42 step 42 action 1: resident=18541 accessed=3105 reused=3105 not_reused=0 (9.6s)
  call 43 step 43 action 1: resident=18541 accessed=7713 reused=7713 not_reused=0 (9.5s)
  call 44 step 44 action 1: resident=18541 accessed=3093 reused=3093 not_reused=0 (9.7s)
  call 45 step 45 action 1: resident=18575 accessed=7765 reused=7731 not_reused=34 (9.6s)
  call 46 step 46 action 1: resident=18575 accessed=3096 reused=3096 not_reused=0 (9.6s)
  call 47 step 47 action 1: resident=18576 accessed=3113 reused=3112 not_reused=1 (9.6s)
  call 48 step 48 action 1: resident=18576 accessed=3782 reused=3782 not_reused=0 (9.7s)
  call 49 step 49 action 1: resident=18576 accessed=3075 reused=3075 not_reused=0 (9.6s)
  call 50 step 50 action 1: resident=18576 accessed=3794 reused=3794 not_reused=0 (9.7s)
  call 51 step 51 action 1: resident=18576 accessed=3091 reused=3091 not_reused=0 (9.7s)
  call 52 step 52 action 1: resident=18576 accessed=3790 reused=3790 not_reused=0 (9.6s)
  call 53 step 53 action 1: resident=18576 accessed=3090 reused=3090 not_reused=0 (9.7s)
  call 54 step 54 action 1: resident=18576 accessed=7016 reused=7016 not_reused=0 (9.5s)
  call 55 step 55 action 1: resident=18576 accessed=3139 reused=3139 not_reused=0 (9.6s)
  call 56 step 56 action 1: resident=18576 accessed=7494 reused=7494 not_reused=0 (9.9s)
  call 57 step 57 action 1: resident=18576 accessed=3096 reused=3096 not_reused=0 (10.0s)
  call 58 step 58 action 1: resident=18576 accessed=7464 reused=7464 not_reused=0 (10.0s)
  call 59 step 59 action 1: resident=18576 accessed=3137 reused=3137 not_reused=0 (10.0s)
  call 60 step 60 action 1: resident=18576 accessed=7464 reused=7464 not_reused=0 (10.0s)
  call 61 step 61 action 1: resident=18576 accessed=3135 reused=3135 not_reused=0 (10.0s)
  call 62 step 62 action 1: resident=18576 accessed=7513 reused=7513 not_reused=0 (9.6s)
  call 63 step 64 action 1: resident=18576 accessed=3279 reused=3279 not_reused=0 (9.6s)
[41/42] django__django-11211: steps=62 reused=0.9313153230810387 not_reused=0.0686846769189613 err=None
[42/42] django__django-11239
  call 0 step 0 action 0: resident=639 accessed=0 reused=0 not_reused=0 (3.4s)
  call 1 step 1 action 1: resident=5230 accessed=5114 reused=0 not_reused=5114 (3.0s)
  call 2 step 1 action 2: resident=5461 accessed=3376 reused=3126 not_reused=250 (4.7s)
  call 3 step 1 action 3: resident=5461 accessed=3316 reused=3313 not_reused=3 (4.7s)
  call 4 step 2 action 1: resident=5471 accessed=3143 reused=3133 not_reused=10 (4.7s)
  call 5 step 2 action 2: resident=5472 accessed=3129 reused=3128 not_reused=1 (4.7s)
  call 6 step 2 action 3: resident=5473 accessed=3124 reused=3119 not_reused=5 (4.7s)
  call 7 step 3 action 1: resident=5473 accessed=3348 reused=3348 not_reused=0 (4.8s)
  call 8 step 4 action 1: resident=5474 accessed=3124 reused=3123 not_reused=1 (4.7s)
  call 9 step 5 action 1: resident=5477 accessed=3110 reused=3107 not_reused=3 (4.8s)
  call 10 step 6 action 1: resident=5477 accessed=3173 reused=3173 not_reused=0 (4.8s)
  call 11 step 7 action 1: resident=5477 accessed=3150 reused=3150 not_reused=0 (4.8s)
  call 12 step 8 action 1: resident=5477 accessed=3204 reused=3204 not_reused=0 (4.8s)
  call 13 step 10 action 1: resident=5488 accessed=3187 reused=3176 not_reused=11 (4.8s)
  call 14 step 11 action 1: resident=5488 accessed=3198 reused=3198 not_reused=0 (4.8s)
  call 15 step 13 action 1: resident=5488 accessed=3114 reused=3114 not_reused=0 (4.8s)
  call 16 step 14 action 1: resident=5488 accessed=3102 reused=3102 not_reused=0 (4.8s)
  call 17 step 15 action 1: resident=5568 accessed=3285 reused=3205 not_reused=80 (4.8s)
  call 18 step 16 action 1: resident=5603 accessed=3246 reused=3211 not_reused=35 (4.8s)
  call 19 step 17 action 1: resident=5636 accessed=3141 reused=3108 not_reused=33 (4.8s)
  call 20 step 18 action 1: resident=10027 accessed=7523 reused=3132 not_reused=4391 (5.2s)
  call 21 step 19 action 1: resident=10027 accessed=3121 reused=3121 not_reused=0 (5.8s)
  call 22 step 20 action 1: resident=10027 accessed=3133 reused=3133 not_reused=0 (5.8s)
[42/42] django__django-11239: steps=18 reused=0.8698681263996019 not_reused=0.1301318736003981 err=None
wrote results-v5-full/qwen-run-20260923T053154Z-PF12hU/trials.csv and results-v5-full/qwen-run-20260923T053154Z-PF12hU/calls.csv
