qwen-run-20260923T073021Z-LtPzSb: 58 tasks
[1/58] django__django-11265
  call 0 step 0 action 0: resident=640 accessed=0 reused=0 not_reused=0 (3.4s)
  call 1 step 1 action 1: resident=5428 accessed=5302 reused=0 not_reused=5302 (3.0s)
  call 2 step 2 action 1: resident=38749 accessed=36656 reused=3310 not_reused=33346 (6.4s)
  call 3 step 3 action 1: resident=38749 accessed=3189 reused=3185 not_reused=4 (7.4s)
  call 4 step 4 action 1: resident=38749 accessed=3227 reused=3223 not_reused=4 (7.4s)
  call 5 step 5 action 1: resident=38749 accessed=3206 reused=3206 not_reused=0 (7.4s)
  call 6 step 6 action 1: resident=38749 accessed=3207 reused=3207 not_reused=0 (7.4s)
  call 7 step 7 action 1: resident=38749 accessed=3208 reused=3208 not_reused=0 (7.4s)
  call 8 step 8 action 1: resident=38760 accessed=3207 reused=3196 not_reused=11 (7.4s)
  call 9 step 9 action 1: resident=38760 accessed=3202 reused=3202 not_reused=0 (7.4s)
  call 10 step 10 action 1: resident=38760 accessed=3217 reused=3217 not_reused=0 (7.4s)
  call 11 step 11 action 1: resident=38760 accessed=3218 reused=3218 not_reused=0 (7.4s)
  call 12 step 12 action 1: resident=38760 accessed=3216 reused=3215 not_reused=1 (7.4s)
  call 13 step 13 action 1: resident=38760 accessed=3248 reused=3248 not_reused=0 (7.4s)
  call 14 step 14 action 1: resident=38760 accessed=3207 reused=3207 not_reused=0 (7.4s)
  call 15 step 15 action 1: resident=38760 accessed=3193 reused=3193 not_reused=0 (7.4s)
  call 16 step 16 action 1: resident=38760 accessed=3227 reused=3227 not_reused=0 (7.4s)
  call 17 step 17 action 1: resident=38760 accessed=3217 reused=3217 not_reused=0 (7.4s)
  call 18 step 18 action 1: resident=38760 accessed=3230 reused=3230 not_reused=0 (7.4s)
  call 19 step 19 action 1: resident=38760 accessed=3213 reused=3213 not_reused=0 (7.4s)
  call 20 step 20 action 1: resident=38760 accessed=3211 reused=3211 not_reused=0 (7.4s)
  call 21 step 21 action 1: resident=38760 accessed=3225 reused=3225 not_reused=0 (7.4s)
  call 22 step 22 action 1: resident=38760 accessed=3211 reused=3211 not_reused=0 (7.4s)
  call 23 step 23 action 1: resident=38760 accessed=3222 reused=3222 not_reused=0 (7.4s)
  call 24 step 24 action 1: resident=38787 accessed=3181 reused=3154 not_reused=27 (7.4s)
[1/58] django__django-11265: steps=24 reused=0.6564719460227273 not_reused=0.3435280539772727 err=None
[2/58] django__django-11276
  call 0 step 0 action 0: resident=640 accessed=0 reused=0 not_reused=0 (3.5s)
  call 1 step 1 action 1: resident=9983 accessed=9881 reused=0 not_reused=9881 (3.5s)
  call 2 step 2 action 1: resident=9992 accessed=3140 reused=3128 not_reused=12 (5.5s)
  call 3 step 3 action 1: resident=11572 accessed=4682 reused=3098 not_reused=1584 (5.6s)
  call 4 step 4 action 1: resident=11573 accessed=3094 reused=3093 not_reused=1 (5.7s)
  call 5 step 5 action 1: resident=11573 accessed=3791 reused=3791 not_reused=0 (5.7s)
  call 6 step 6 action 1: resident=11573 accessed=3117 reused=3117 not_reused=0 (5.7s)
  call 7 step 7 action 1: resident=16635 accessed=9131 reused=4069 not_reused=5062 (5.8s)
  call 8 step 8 action 1: resident=16638 accessed=3101 reused=3098 not_reused=3 (6.0s)
  call 9 step 9 action 1: resident=16688 accessed=3213 reused=3160 not_reused=53 (6.0s)
  call 10 step 10 action 1: resident=16688 accessed=4718 reused=4718 not_reused=0 (6.0s)
  call 11 step 11 action 1: resident=16691 accessed=3126 reused=3123 not_reused=3 (6.0s)
  call 12 step 12 action 1: resident=16691 accessed=3118 reused=3118 not_reused=0 (6.0s)
  call 13 step 13 action 1: resident=16691 accessed=3154 reused=3154 not_reused=0 (6.0s)
  call 14 step 14 action 1: resident=16754 accessed=3316 reused=3250 not_reused=66 (6.0s)
  call 15 step 15 action 1: resident=16754 accessed=4719 reused=4718 not_reused=1 (6.0s)
  call 16 step 16 action 1: resident=16754 accessed=3185 reused=3185 not_reused=0 (6.0s)
  call 17 step 17 action 1: resident=16754 accessed=3290 reused=3287 not_reused=3 (6.0s)
  call 18 step 18 action 1: resident=16754 accessed=3227 reused=3227 not_reused=0 (6.0s)
  call 19 step 19 action 1: resident=16754 accessed=4747 reused=4747 not_reused=0 (6.0s)
  call 20 step 20 action 1: resident=16754 accessed=3105 reused=3105 not_reused=0 (6.0s)
  call 21 step 21 action 1: resident=16752 accessed=3133 reused=3133 not_reused=0 (6.0s)
  call 22 step 22 action 1: resident=16753 accessed=3110 reused=3109 not_reused=1 (6.0s)
  call 23 step 23 action 1: resident=16753 accessed=3815 reused=3815 not_reused=0 (6.0s)
  call 24 step 24 action 1: resident=16753 accessed=3128 reused=3128 not_reused=0 (6.0s)
  call 25 step 25 action 1: resident=16753 accessed=3787 reused=3787 not_reused=0 (6.0s)
  call 26 step 26 action 1: resident=16753 accessed=3114 reused=3114 not_reused=0 (6.0s)
  call 27 step 27 action 1: resident=16754 accessed=3110 reused=3109 not_reused=1 (6.0s)
  call 28 step 28 action 1: resident=16755 accessed=3778 reused=3777 not_reused=1 (6.0s)
  call 29 step 29 action 1: resident=16756 accessed=3109 reused=3108 not_reused=1 (6.0s)
  call 30 step 30 action 1: resident=16756 accessed=3111 reused=3111 not_reused=0 (6.0s)
  call 31 step 31 action 1: resident=16756 accessed=3771 reused=3771 not_reused=0 (6.0s)
  call 32 step 32 action 1: resident=16756 accessed=3181 reused=3181 not_reused=0 (6.0s)
  call 33 step 33 action 1: resident=16756 accessed=3184 reused=3184 not_reused=0 (6.0s)
  call 34 step 34 action 1: resident=16757 accessed=3121 reused=3120 not_reused=1 (6.0s)
  call 35 step 35 action 1: resident=16757 accessed=3788 reused=3788 not_reused=0 (6.0s)
  call 36 step 36 action 1: resident=16757 accessed=3169 reused=3169 not_reused=0 (6.0s)
  call 37 step 37 action 1: resident=16757 accessed=4756 reused=4756 not_reused=0 (6.0s)
  call 38 step 38 action 1: resident=16758 accessed=3128 reused=3127 not_reused=1 (6.0s)
  call 39 step 39 action 1: resident=16758 accessed=3119 reused=3119 not_reused=0 (6.0s)
  call 40 step 40 action 1: resident=16758 accessed=3772 reused=3772 not_reused=0 (6.0s)
  call 41 step 41 action 1: resident=16758 accessed=3194 reused=3194 not_reused=0 (6.0s)
  call 42 step 42 action 1: resident=16758 accessed=3105 reused=3105 not_reused=0 (6.0s)
  call 43 step 43 action 1: resident=16789 accessed=3225 reused=3194 not_reused=31 (6.0s)
  call 44 step 44 action 1: resident=16790 accessed=3132 reused=3131 not_reused=1 (6.0s)
  call 45 step 45 action 1: resident=16790 accessed=3081 reused=3081 not_reused=0 (6.0s)
  call 46 step 46 action 1: resident=16790 accessed=3817 reused=3817 not_reused=0 (6.0s)
  call 47 step 47 action 1: resident=16790 accessed=3194 reused=3194 not_reused=0 (6.0s)
  call 48 step 48 action 1: resident=16790 accessed=4752 reused=4752 not_reused=0 (6.0s)
  call 49 step 49 action 1: resident=16791 accessed=3097 reused=3096 not_reused=1 (6.0s)
  call 50 step 50 action 1: resident=16791 accessed=3802 reused=3802 not_reused=0 (6.0s)
  call 51 step 51 action 1: resident=16791 accessed=3193 reused=3190 not_reused=3 (6.0s)
  call 52 step 52 action 1: resident=16791 accessed=3187 reused=3187 not_reused=0 (6.0s)
  call 53 step 53 action 1: resident=16791 accessed=4767 reused=4767 not_reused=0 (6.0s)
  call 54 step 54 action 1: resident=16791 accessed=3194 reused=3194 not_reused=0 (6.0s)
  call 55 step 55 action 1: resident=16791 accessed=3085 reused=3085 not_reused=0 (6.0s)
  call 56 step 56 action 1: resident=16792 accessed=3097 reused=3096 not_reused=1 (6.0s)
  call 57 step 57 action 1: resident=16792 accessed=3211 reused=3211 not_reused=0 (6.0s)
  call 58 step 58 action 1: resident=16793 accessed=3127 reused=3126 not_reused=1 (6.0s)
  call 59 step 59 action 1: resident=16793 accessed=3852 reused=3852 not_reused=0 (6.0s)
  call 60 step 60 action 1: resident=16793 accessed=3209 reused=3209 not_reused=0 (6.0s)
  call 61 step 61 action 1: resident=16794 accessed=3114 reused=3113 not_reused=1 (6.0s)
  call 62 step 62 action 1: resident=16794 accessed=3790 reused=3790 not_reused=0 (6.0s)
  call 63 step 63 action 1: resident=16797 accessed=3289 reused=3286 not_reused=3 (6.0s)
  call 64 step 64 action 1: resident=16797 accessed=3162 reused=3162 not_reused=0 (6.0s)
  call 65 step 65 action 1: resident=16798 accessed=3106 reused=3105 not_reused=1 (6.0s)
  call 66 step 66 action 1: resident=16798 accessed=3094 reused=3094 not_reused=0 (6.0s)
  call 67 step 67 action 1: resident=16799 accessed=3131 reused=3130 not_reused=1 (6.0s)
  call 68 step 68 action 1: resident=16799 accessed=3818 reused=3818 not_reused=0 (6.0s)
  call 69 step 69 action 1: resident=16799 accessed=3172 reused=3172 not_reused=0 (6.0s)
  call 70 step 70 action 1: resident=16799 accessed=4742 reused=4742 not_reused=0 (6.0s)
  call 71 step 71 action 1: resident=16802 accessed=3149 reused=3146 not_reused=3 (6.0s)
  call 72 step 72 action 1: resident=16799 accessed=3212 reused=3212 not_reused=0 (6.0s)
  call 73 step 73 action 1: resident=16799 accessed=4749 reused=4749 not_reused=0 (6.0s)
  call 74 step 74 action 1: resident=16799 accessed=3088 reused=3088 not_reused=0 (6.0s)
  call 75 step 75 action 1: resident=16800 accessed=3120 reused=3119 not_reused=1 (6.0s)
  call 76 step 76 action 1: resident=16800 accessed=3788 reused=3788 not_reused=0 (6.0s)
  call 77 step 77 action 1: resident=33218 accessed=26312 reused=9894 not_reused=16418 (7.7s)
  call 78 step 78 action 1: resident=33219 accessed=4188 reused=3994 not_reused=194 (10.2s)
  call 79 step 79 action 1: resident=33219 accessed=3206 reused=3202 not_reused=4 (10.2s)
  call 80 step 80 action 1: resident=33219 accessed=4066 reused=4066 not_reused=0 (10.3s)
  call 81 step 81 action 1: resident=33220 accessed=4024 reused=4023 not_reused=1 (10.3s)
  call 82 step 82 action 1: resident=33220 accessed=3131 reused=3131 not_reused=0 (10.2s)
  call 83 step 83 action 1: resident=33220 accessed=3121 reused=3121 not_reused=0 (10.2s)
[2/58] django__django-11276: steps=83 reused=0.8967584506955024 not_reused=0.10324154930449754 err=None
[3/58] django__django-11292
  call 0 step 0 action 0: resident=639 accessed=0 reused=0 not_reused=0 (3.5s)
  call 1 step 1 action 1: resident=5230 accessed=5107 reused=0 not_reused=5107 (2.9s)
  call 2 step 1 action 2: resident=5486 accessed=3426 reused=3145 not_reused=281 (4.5s)
  call 3 step 1 action 3: resident=10027 accessed=7724 reused=3183 not_reused=4541 (5.5s)
  call 4 step 2 action 1: resident=10036 accessed=3200 reused=3188 not_reused=12 (6.9s)
  call 5 step 3 action 1: resident=10036 accessed=3223 reused=3222 not_reused=1 (6.9s)
  call 6 step 4 action 1: resident=10036 accessed=3173 reused=3173 not_reused=0 (6.9s)
  call 7 step 5 action 1: resident=10036 accessed=3175 reused=3174 not_reused=1 (6.9s)
  call 8 step 6 action 1: resident=10036 accessed=3186 reused=3186 not_reused=0 (6.9s)
  call 9 step 7 action 1: resident=10036 accessed=3148 reused=3148 not_reused=0 (6.9s)
  call 10 step 8 action 1: resident=10073 accessed=3238 reused=3201 not_reused=37 (6.9s)
  call 11 step 9 action 1: resident=10073 accessed=3247 reused=3244 not_reused=3 (6.9s)
  call 12 step 10 action 1: resident=10074 accessed=3131 reused=3130 not_reused=1 (6.9s)
  call 13 step 11 action 1: resident=10074 accessed=3188 reused=3188 not_reused=0 (6.9s)
  call 14 step 12 action 1: resident=10074 accessed=3198 reused=3198 not_reused=0 (6.9s)
  call 15 step 13 action 1: resident=10074 accessed=3168 reused=3168 not_reused=0 (6.9s)
  call 16 step 14 action 1: resident=10074 accessed=3132 reused=3132 not_reused=0 (6.9s)
  call 17 step 15 action 1: resident=10121 accessed=3175 reused=3128 not_reused=47 (6.9s)
  call 18 step 16 action 1: resident=10121 accessed=3187 reused=3187 not_reused=0 (6.9s)
  call 19 step 17 action 1: resident=10121 accessed=3176 reused=3176 not_reused=0 (6.9s)
  call 20 step 18 action 1: resident=10121 accessed=3230 reused=3230 not_reused=0 (6.9s)
  call 21 step 19 action 1: resident=10121 accessed=3128 reused=3128 not_reused=0 (6.9s)
  call 22 step 20 action 1: resident=10133 accessed=3157 reused=3145 not_reused=12 (7.0s)
  call 23 step 21 action 1: resident=14131 accessed=7144 reused=3146 not_reused=3998 (7.2s)
  call 24 step 22 action 1: resident=14132 accessed=4074 reused=4073 not_reused=1 (7.7s)
  call 25 step 23 action 1: resident=14132 accessed=3150 reused=3150 not_reused=0 (7.7s)
  call 26 step 24 action 1: resident=14132 accessed=3119 reused=3119 not_reused=0 (7.7s)
[3/58] django__django-11292: steps=24 reused=0.8509405120801664 not_reused=0.14905948791983356 err=None
[4/58] django__django-11299
  call 0 step 0 action 0: resident=640 accessed=0 reused=0 not_reused=0 (3.5s)
  call 1 step 1 action 1: resident=5428 accessed=5306 reused=0 not_reused=5306 (2.9s)
  call 2 step 1 action 2: resident=5428 accessed=3316 reused=3292 not_reused=24 (4.5s)
  call 3 step 2 action 1: resident=5439 accessed=3121 reused=3109 not_reused=12 (4.5s)
  call 4 step 3 action 1: resident=5444 accessed=3113 reused=3107 not_reused=6 (4.5s)
  call 5 step 4 action 1: resident=5444 accessed=3300 reused=3300 not_reused=0 (4.5s)
  call 6 step 5 action 1: resident=5446 accessed=3119 reused=3113 not_reused=6 (4.5s)
  call 7 step 6 action 1: resident=5460 accessed=3171 reused=3157 not_reused=14 (4.5s)
  call 8 step 7 action 1: resident=5460 accessed=3179 reused=3179 not_reused=0 (4.5s)
  call 9 step 8 action 1: resident=5497 accessed=3207 reused=3170 not_reused=37 (4.5s)
  call 10 step 9 action 1: resident=5497 accessed=3186 reused=3186 not_reused=0 (4.5s)
  call 11 step 10 action 1: resident=5497 accessed=3197 reused=3197 not_reused=0 (4.5s)
  call 12 step 11 action 1: resident=5497 accessed=3196 reused=3196 not_reused=0 (4.5s)
  call 13 step 12 action 1: resident=5501 accessed=3179 reused=3175 not_reused=4 (4.5s)
  call 14 step 13 action 1: resident=5508 accessed=3164 reused=3157 not_reused=7 (4.5s)
  call 15 step 14 action 1: resident=5508 accessed=3166 reused=3166 not_reused=0 (4.5s)
  call 16 step 15 action 1: resident=5508 accessed=3197 reused=3197 not_reused=0 (4.5s)
  call 17 step 16 action 1: resident=5508 accessed=3217 reused=3217 not_reused=0 (4.5s)
  call 18 step 17 action 1: resident=5511 accessed=3136 reused=3133 not_reused=3 (4.5s)
  call 19 step 18 action 1: resident=5528 accessed=3130 reused=3113 not_reused=17 (4.5s)
  call 20 step 19 action 1: resident=10016 accessed=7858 reused=3370 not_reused=4488 (5.4s)
  call 21 step 20 action 1: resident=10016 accessed=3207 reused=3207 not_reused=0 (7.0s)
  call 22 step 21 action 1: resident=10016 accessed=7838 reused=7838 not_reused=0 (7.0s)
  call 23 step 22 action 1: resident=10016 accessed=3187 reused=3187 not_reused=0 (7.0s)
  call 24 step 23 action 1: resident=10016 accessed=3221 reused=3221 not_reused=0 (6.9s)
  call 25 step 24 action 1: resident=10027 accessed=3214 reused=3203 not_reused=11 (7.0s)
  call 26 step 25 action 1: resident=10027 accessed=3231 reused=3231 not_reused=0 (7.0s)
  call 27 step 26 action 1: resident=10027 accessed=3201 reused=3201 not_reused=0 (7.0s)
  call 28 step 27 action 1: resident=10027 accessed=3182 reused=3182 not_reused=0 (7.0s)
  call 29 step 28 action 1: resident=10027 accessed=3171 reused=3171 not_reused=0 (7.0s)
  call 30 step 29 action 1: resident=10027 accessed=3222 reused=3222 not_reused=0 (7.0s)
  call 31 step 30 action 1: resident=10027 accessed=3196 reused=3196 not_reused=0 (7.0s)
  call 32 step 31 action 1: resident=10027 accessed=3187 reused=3187 not_reused=0 (7.0s)
  call 33 step 32 action 1: resident=10027 accessed=3191 reused=3191 not_reused=0 (7.0s)
  call 34 step 33 action 1: resident=10027 accessed=3223 reused=3223 not_reused=0 (7.0s)
  call 35 step 34 action 1: resident=10027 accessed=3183 reused=3183 not_reused=0 (7.0s)
  call 36 step 35 action 1: resident=10027 accessed=3175 reused=3175 not_reused=0 (7.0s)
  call 37 step 36 action 1: resident=10027 accessed=3248 reused=3248 not_reused=0 (7.0s)
  call 38 step 37 action 1: resident=10121 accessed=3339 reused=3245 not_reused=94 (7.0s)
  call 39 step 38 action 1: resident=10122 accessed=3094 reused=3093 not_reused=1 (7.0s)
  call 40 step 39 action 1: resident=22603 accessed=20160 reused=7679 not_reused=12481 (8.3s)
  call 41 step 40 action 1: resident=22636 accessed=3166 reused=3133 not_reused=33 (10.1s)
  call 42 step 41 action 1: resident=22636 accessed=3243 reused=3243 not_reused=0 (10.1s)
  call 43 step 42 action 1: resident=22636 accessed=3184 reused=3184 not_reused=0 (10.1s)
  call 44 step 43 action 1: resident=22636 accessed=3189 reused=3189 not_reused=0 (10.1s)
  call 45 step 44 action 1: resident=22662 accessed=3303 reused=3251 not_reused=52 (10.1s)
  call 46 step 45 action 1: resident=22662 accessed=3187 reused=3186 not_reused=1 (10.1s)
  call 47 step 46 action 1: resident=22662 accessed=3199 reused=3199 not_reused=0 (10.1s)
  call 48 step 47 action 1: resident=22688 accessed=3306 reused=3254 not_reused=52 (10.1s)
  call 49 step 48 action 1: resident=22688 accessed=3194 reused=3194 not_reused=0 (10.1s)
  call 50 step 49 action 1: resident=22709 accessed=3276 reused=3229 not_reused=47 (10.1s)
  call 51 step 50 action 1: resident=22709 accessed=3215 reused=3215 not_reused=0 (10.1s)
  call 52 step 51 action 1: resident=24031 accessed=4573 reused=3251 not_reused=1322 (10.3s)
  call 53 step 52 action 1: resident=24031 accessed=3210 reused=3210 not_reused=0 (10.8s)
  call 54 step 53 action 1: resident=24052 accessed=3255 reused=3234 not_reused=21 (10.8s)
  call 55 step 54 action 1: resident=24073 accessed=3300 reused=3258 not_reused=42 (10.8s)
  call 56 step 55 action 1: resident=24073 accessed=3203 reused=3203 not_reused=0 (10.8s)
  call 57 step 56 action 1: resident=24073 accessed=3199 reused=3199 not_reused=0 (10.8s)
  call 58 step 57 action 1: resident=24121 accessed=4094 reused=4046 not_reused=48 (10.8s)
  call 59 step 58 action 1: resident=24121 accessed=3187 reused=3187 not_reused=0 (10.8s)
  call 60 step 59 action 1: resident=24121 accessed=4145 reused=4145 not_reused=0 (10.8s)
  call 61 step 60 action 1: resident=24121 accessed=3285 reused=3285 not_reused=0 (10.8s)
  call 62 step 61 action 1: resident=24074 accessed=3091 reused=3091 not_reused=0 (10.8s)
  call 63 step 62 action 1: resident=24074 accessed=3122 reused=3122 not_reused=0 (10.8s)
[4/58] django__django-11299: steps=62 reused=0.8965548286417382 not_reused=0.10344517135826181 err=None
[5/58] django__django-11333
  call 0 step 0 action 0: resident=638 accessed=0 reused=0 not_reused=0 (3.5s)
  call 1 step 1 action 1: resident=5426 accessed=5316 reused=0 not_reused=5316 (3.0s)
  call 2 step 2 action 1: resident=5442 accessed=3212 reused=3178 not_reused=34 (4.5s)
  call 3 step 3 action 1: resident=5444 accessed=3176 reused=3172 not_reused=4 (4.5s)
  call 4 step 4 action 1: resident=5444 accessed=3198 reused=3198 not_reused=0 (4.5s)
  call 5 step 5 action 1: resident=5444 accessed=3210 reused=3210 not_reused=0 (4.5s)
  call 6 step 6 action 1: resident=5444 accessed=3218 reused=3218 not_reused=0 (4.5s)
  call 7 step 7 action 1: resident=5455 accessed=3117 reused=3106 not_reused=11 (4.5s)
  call 8 step 10 action 1: resident=5542 accessed=3385 reused=3298 not_reused=87 (4.5s)
  call 9 step 11 action 1: resident=6849 accessed=4480 reused=3173 not_reused=1307 (4.6s)
  call 10 step 12 action 1: resident=6849 accessed=3321 reused=3314 not_reused=7 (4.8s)
  call 11 step 14 action 1: resident=6850 accessed=3932 reused=3931 not_reused=1 (4.8s)
  call 12 step 15 action 1: resident=6850 accessed=3124 reused=3124 not_reused=0 (4.8s)
  call 13 step 16 action 1: resident=6884 accessed=3359 reused=3318 not_reused=41 (4.8s)
  call 14 step 17 action 1: resident=6884 accessed=3203 reused=3203 not_reused=0 (4.8s)
  call 15 step 18 action 1: resident=10854 accessed=7135 reused=3165 not_reused=3970 (5.0s)
  call 16 step 19 action 1: resident=10854 accessed=3208 reused=3208 not_reused=0 (5.4s)
  call 17 step 20 action 1: resident=10854 accessed=3267 reused=3260 not_reused=7 (5.4s)
  call 18 step 21 action 1: resident=10854 accessed=4058 reused=4058 not_reused=0 (5.4s)
  call 19 step 22 action 1: resident=10854 accessed=3171 reused=3171 not_reused=0 (5.4s)
  call 20 step 23 action 1: resident=10854 accessed=3088 reused=3088 not_reused=0 (5.4s)
[5/58] django__django-11333: steps=20 reused=0.8526196397824483 not_reused=0.14738036021755171 err=None
[6/58] django__django-11400
  call 0 step 0 action 0: resident=640 accessed=0 reused=0 not_reused=0 (3.5s)
  call 1 step 1 action 1: resident=5428 accessed=5311 reused=0 not_reused=5311 (2.9s)
  call 2 step 2 action 1: resident=5442 accessed=3180 reused=3154 not_reused=26 (4.6s)
  call 3 step 3 action 1: resident=5442 accessed=3109 reused=3108 not_reused=1 (4.6s)
  call 4 step 4 action 1: resident=5442 accessed=3156 reused=3156 not_reused=0 (4.6s)
  call 5 step 5 action 1: resident=5442 accessed=3166 reused=3154 not_reused=12 (4.6s)
  call 6 step 6 action 1: resident=5491 accessed=3371 reused=3321 not_reused=50 (4.6s)
  call 7 step 7 action 1: resident=5751 accessed=3594 reused=3334 not_reused=260 (4.6s)
  call 8 step 8 action 1: resident=5751 accessed=3196 reused=3196 not_reused=0 (4.7s)
  call 9 step 9 action 1: resident=5751 accessed=3202 reused=3202 not_reused=0 (4.7s)
  call 10 step 10 action 1: resident=5751 accessed=3198 reused=3198 not_reused=0 (4.7s)
  call 11 step 11 action 1: resident=5751 accessed=3569 reused=3569 not_reused=0 (4.7s)
  call 12 step 12 action 1: resident=5751 accessed=3187 reused=3187 not_reused=0 (4.7s)
  call 13 step 13 action 1: resident=5751 accessed=3203 reused=3203 not_reused=0 (4.7s)
  call 14 step 14 action 1: resident=5751 accessed=3183 reused=3183 not_reused=0 (4.7s)
  call 15 step 15 action 1: resident=5751 accessed=3209 reused=3209 not_reused=0 (4.7s)
  call 16 step 16 action 1: resident=5751 accessed=3209 reused=3209 not_reused=0 (4.7s)
  call 17 step 18 action 1: resident=5751 accessed=3123 reused=3123 not_reused=0 (4.7s)
  call 18 step 19 action 1: resident=5751 accessed=3210 reused=3210 not_reused=0 (4.7s)
  call 19 step 20 action 1: resident=5751 accessed=3179 reused=3179 not_reused=0 (4.7s)
  call 20 step 21 action 1: resident=5751 accessed=3171 reused=3171 not_reused=0 (4.7s)
  call 21 step 22 action 1: resident=5751 accessed=3103 reused=3103 not_reused=0 (4.7s)
  call 22 step 24 action 1: resident=7112 accessed=4560 reused=3199 not_reused=1361 (4.8s)
  call 23 step 25 action 1: resident=7145 accessed=3151 reused=3118 not_reused=33 (5.1s)
  call 24 step 26 action 1: resident=7178 accessed=3298 reused=3260 not_reused=38 (5.1s)
  call 25 step 27 action 1: resident=7178 accessed=3140 reused=3140 not_reused=0 (5.2s)
  call 26 step 28 action 1: resident=7178 accessed=3870 reused=3870 not_reused=0 (5.2s)
  call 27 step 29 action 1: resident=7179 accessed=3950 reused=3949 not_reused=1 (5.1s)
  call 28 step 30 action 1: resident=7179 accessed=3172 reused=3172 not_reused=0 (5.1s)
  call 29 step 31 action 1: resident=7179 accessed=3919 reused=3919 not_reused=0 (5.2s)
  call 30 step 32 action 1: resident=7179 accessed=3161 reused=3161 not_reused=0 (5.2s)
  call 31 step 33 action 1: resident=7179 accessed=3168 reused=3168 not_reused=0 (5.2s)
  call 32 step 34 action 1: resident=7179 accessed=3202 reused=3202 not_reused=0 (5.2s)
  call 33 step 35 action 1: resident=7179 accessed=3903 reused=3903 not_reused=0 (5.1s)
  call 34 step 36 action 1: resident=7179 accessed=3221 reused=3221 not_reused=0 (5.1s)
  call 35 step 37 action 1: resident=11599 accessed=7577 reused=3157 not_reused=4420 (5.5s)
  call 36 step 38 action 1: resident=11599 accessed=3169 reused=3169 not_reused=0 (6.3s)
  call 37 step 39 action 1: resident=11599 accessed=3135 reused=3135 not_reused=0 (6.3s)
  call 38 step 40 action 1: resident=11599 accessed=3108 reused=3108 not_reused=0 (6.3s)
  call 39 step 41 action 1: resident=27428 accessed=22289 reused=6459 not_reused=15830 (7.3s)
  call 40 step 42 action 1: resident=27429 accessed=3113 reused=3112 not_reused=1 (8.1s)
  call 41 step 43 action 1: resident=27429 accessed=3151 reused=3150 not_reused=1 (8.1s)
  call 42 step 44 action 1: resident=27429 accessed=3127 reused=3127 not_reused=0 (8.1s)
  call 43 step 45 action 1: resident=27429 accessed=3111 reused=3111 not_reused=0 (8.1s)
[6/58] django__django-11400: steps=43 reused=0.836574549974899 not_reused=0.163425450025101 err=None
[7/58] django__django-11433
  call 0 step 0 action 0: resident=640 accessed=0 reused=0 not_reused=0 (3.5s)
  call 1 step 1 action 1: resident=5231 accessed=5132 reused=0 not_reused=5132 (3.0s)
  call 2 step 1 action 2: resident=5473 accessed=3374 reused=3130 not_reused=244 (4.7s)
  call 3 step 2 action 1: resident=5473 accessed=3295 reused=3295 not_reused=0 (4.8s)
  call 4 step 2 action 2: resident=5473 accessed=3268 reused=3267 not_reused=1 (4.7s)
  call 5 step 3 action 1: resident=5473 accessed=3308 reused=3307 not_reused=1 (4.7s)
  call 6 step 3 action 2: resident=5473 accessed=3198 reused=3195 not_reused=3 (4.7s)
  call 7 step 4 action 1: resident=5487 accessed=3186 reused=3172 not_reused=14 (4.8s)
  call 8 step 5 action 1: resident=5487 accessed=3171 reused=3171 not_reused=0 (4.8s)
  call 9 step 6 action 1: resident=5524 accessed=3202 reused=3165 not_reused=37 (4.8s)
  call 10 step 7 action 1: resident=5524 accessed=3227 reused=3227 not_reused=0 (4.8s)
  call 11 step 8 action 1: resident=5524 accessed=3232 reused=3232 not_reused=0 (4.8s)
  call 12 step 9 action 1: resident=5524 accessed=3191 reused=3191 not_reused=0 (4.8s)
  call 13 step 10 action 1: resident=5524 accessed=3186 reused=3186 not_reused=0 (4.8s)
  call 14 step 11 action 1: resident=5524 accessed=3211 reused=3211 not_reused=0 (4.8s)
  call 15 step 12 action 1: resident=5524 accessed=3195 reused=3194 not_reused=1 (4.8s)
  call 16 step 13 action 1: resident=5524 accessed=3223 reused=3223 not_reused=0 (4.8s)
  call 17 step 14 action 1: resident=5524 accessed=3197 reused=3197 not_reused=0 (4.8s)
  call 18 step 15 action 1: resident=5524 accessed=3203 reused=3203 not_reused=0 (4.8s)
  call 19 step 16 action 1: resident=5524 accessed=3130 reused=3130 not_reused=0 (4.8s)
  call 20 step 17 action 1: resident=5603 accessed=3308 reused=3229 not_reused=79 (4.8s)
  call 21 step 18 action 1: resident=5590 accessed=3277 reused=3277 not_reused=0 (4.8s)
  call 22 step 19 action 1: resident=5654 accessed=3269 reused=3218 not_reused=51 (4.8s)
  call 23 step 20 action 1: resident=5654 accessed=3186 reused=3186 not_reused=0 (4.8s)
  call 24 step 21 action 1: resident=5654 accessed=3274 reused=3260 not_reused=14 (4.8s)
  call 25 step 22 action 1: resident=5654 accessed=3204 reused=3204 not_reused=0 (4.8s)
  call 26 step 23 action 1: resident=5655 accessed=3263 reused=3262 not_reused=1 (4.8s)
  call 27 step 24 action 1: resident=5655 accessed=3243 reused=3243 not_reused=0 (4.8s)
  call 28 step 25 action 1: resident=5654 accessed=3263 reused=3250 not_reused=13 (4.8s)
  call 29 step 26 action 1: resident=5654 accessed=3196 reused=3196 not_reused=0 (4.8s)
  call 30 step 27 action 1: resident=5654 accessed=3311 reused=3297 not_reused=14 (4.8s)
  call 31 step 28 action 1: resident=5654 accessed=3203 reused=3203 not_reused=0 (4.8s)
  call 32 step 29 action 1: resident=5654 accessed=3115 reused=3115 not_reused=0 (4.8s)
  call 33 step 30 action 1: resident=5654 accessed=3094 reused=3094 not_reused=0 (4.8s)
  call 34 step 31 action 1: resident=5668 accessed=3283 reused=3269 not_reused=14 (4.8s)
  call 35 step 32 action 1: resident=5668 accessed=3256 reused=3256 not_reused=0 (4.8s)
  call 36 step 33 action 1: resident=5668 accessed=3066 reused=3066 not_reused=0 (4.8s)
  call 37 step 34 action 1: resident=5669 accessed=3301 reused=3300 not_reused=1 (4.8s)
  call 38 step 35 action 1: resident=5669 accessed=3301 reused=3301 not_reused=0 (4.8s)
  call 39 step 36 action 1: resident=5669 accessed=3237 reused=3237 not_reused=0 (4.8s)
  call 40 step 37 action 1: resident=5669 accessed=3213 reused=3213 not_reused=0 (4.8s)
  call 41 step 38 action 1: resident=5668 accessed=3272 reused=3259 not_reused=13 (4.8s)
  call 42 step 39 action 1: resident=5668 accessed=3203 reused=3203 not_reused=0 (4.8s)
  call 43 step 40 action 1: resident=10070 accessed=7545 reused=3143 not_reused=4402 (5.1s)
  call 44 step 41 action 1: resident=10070 accessed=3133 reused=3133 not_reused=0 (5.7s)
  call 45 step 42 action 1: resident=10070 accessed=4208 reused=4208 not_reused=0 (5.7s)
  call 46 step 43 action 1: resident=10070 accessed=3097 reused=3097 not_reused=0 (5.7s)
  call 47 step 44 action 1: resident=10070 accessed=3228 reused=3228 not_reused=0 (5.7s)
  call 48 step 45 action 1: resident=10070 accessed=4149 reused=4135 not_reused=14 (5.7s)
  call 49 step 47 action 1: resident=10070 accessed=4220 reused=4206 not_reused=14 (5.7s)
  call 50 step 48 action 1: resident=10070 accessed=4207 reused=4193 not_reused=14 (5.7s)
  call 51 step 49 action 1: resident=10070 accessed=3080 reused=3080 not_reused=0 (5.7s)
  call 52 step 50 action 1: resident=10070 accessed=4212 reused=4198 not_reused=14 (5.7s)
  call 53 step 51 action 1: resident=10070 accessed=4190 reused=4176 not_reused=14 (5.7s)
  call 54 step 52 action 1: resident=10070 accessed=4192 reused=4178 not_reused=14 (5.7s)
  call 55 step 53 action 1: resident=10070 accessed=3122 reused=3122 not_reused=0 (5.7s)
[7/58] django__django-11433: steps=52 reused=0.9467561168113654 not_reused=0.05324388318863457 err=None
[8/58] django__django-11451
  call 0 step 0 action 0: resident=639 accessed=0 reused=0 not_reused=0 (3.5s)
  call 1 step 1 action 1: resident=6959 accessed=6856 reused=0 not_reused=6856 (3.3s)
  call 2 step 2 action 1: resident=6959 accessed=3195 reused=3183 not_reused=12 (5.4s)
  call 3 step 3 action 1: resident=6979 accessed=3214 reused=3194 not_reused=20 (5.4s)
  call 4 step 5 action 1: resident=6979 accessed=3139 reused=3139 not_reused=0 (5.4s)
  call 5 step 8 action 1: resident=7018 accessed=3222 reused=3183 not_reused=39 (5.4s)
  call 6 step 9 action 1: resident=7018 accessed=3170 reused=3170 not_reused=0 (5.4s)
  call 7 step 10 action 1: resident=8323 accessed=4406 reused=3098 not_reused=1308 (5.6s)
  call 8 step 11 action 1: resident=8323 accessed=3159 reused=3159 not_reused=0 (5.9s)
  call 9 step 12 action 1: resident=8323 accessed=3191 reused=3191 not_reused=0 (5.9s)
  call 10 step 13 action 1: resident=8324 accessed=3118 reused=3117 not_reused=1 (5.9s)
  call 11 step 14 action 1: resident=8325 accessed=3216 reused=3213 not_reused=3 (5.9s)
  call 12 step 15 action 1: resident=8325 accessed=3216 reused=3216 not_reused=0 (5.9s)
  call 13 step 16 action 1: resident=8327 accessed=3146 reused=3144 not_reused=2 (5.9s)
  call 14 step 17 action 1: resident=8365 accessed=3228 reused=3187 not_reused=41 (5.9s)
  call 15 step 18 action 1: resident=8365 accessed=3182 reused=3182 not_reused=0 (5.9s)
  call 16 step 19 action 1: resident=12768 accessed=7548 reused=3145 not_reused=4403 (6.1s)
  call 17 step 20 action 1: resident=12768 accessed=3099 reused=3099 not_reused=0 (6.6s)
  call 18 step 21 action 1: resident=12768 accessed=3118 reused=3118 not_reused=0 (6.6s)
[8/58] django__django-11451: steps=18 reused=0.809026993661834 not_reused=0.190973006338166 err=None
[9/58] django__django-11477
  call 0 step 0 action 0: resident=638 accessed=0 reused=0 not_reused=0 (3.5s)
  call 1 step 1 action 1: resident=5229 accessed=5117 reused=0 not_reused=5117 (2.9s)
  call 2 step 1 action 2: resident=5485 accessed=3442 reused=3173 not_reused=269 (4.6s)
  call 3 step 2 action 1: resident=7063 accessed=4884 reused=3305 not_reused=1579 (5.1s)
  call 4 step 3 action 1: resident=7072 accessed=3173 reused=3160 not_reused=13 (5.7s)
  call 5 step 4 action 1: resident=7072 accessed=3192 reused=3188 not_reused=4 (5.7s)
  call 6 step 5 action 1: resident=10081 accessed=6279 reused=3270 not_reused=3009 (6.3s)
  call 7 step 6 action 1: resident=10081 accessed=3194 reused=3194 not_reused=0 (7.2s)
  call 8 step 7 action 1: resident=10081 accessed=3201 reused=3200 not_reused=1 (7.2s)
  call 9 step 8 action 1: resident=10081 accessed=6313 reused=6313 not_reused=0 (7.1s)
  call 10 step 9 action 1: resident=10081 accessed=6340 reused=6340 not_reused=0 (7.2s)
  call 11 step 10 action 1: resident=10081 accessed=3444 reused=3444 not_reused=0 (7.2s)
  call 12 step 11 action 1: resident=10081 accessed=3170 reused=3170 not_reused=0 (7.2s)
  call 13 step 12 action 1: resident=10081 accessed=3190 reused=3190 not_reused=0 (7.2s)
  call 14 step 13 action 1: resident=10081 accessed=3410 reused=3410 not_reused=0 (7.2s)
  call 15 step 14 action 1: resident=10081 accessed=3397 reused=3397 not_reused=0 (7.2s)
  call 16 step 15 action 1: resident=10081 accessed=3165 reused=3165 not_reused=0 (7.2s)
  call 17 step 16 action 1: resident=10081 accessed=3214 reused=3214 not_reused=0 (7.2s)
  call 18 step 17 action 1: resident=10081 accessed=3275 reused=3275 not_reused=0 (7.2s)
  call 19 step 18 action 1: resident=10081 accessed=3188 reused=3188 not_reused=0 (7.2s)
  call 20 step 19 action 1: resident=10081 accessed=3436 reused=3436 not_reused=0 (7.2s)
  call 21 step 20 action 1: resident=10081 accessed=3199 reused=3199 not_reused=0 (7.2s)
  call 22 step 21 action 1: resident=10081 accessed=3236 reused=3236 not_reused=0 (7.2s)
  call 23 step 22 action 1: resident=10081 accessed=3209 reused=3209 not_reused=0 (7.2s)
  call 24 step 23 action 1: resident=10081 accessed=3178 reused=3178 not_reused=0 (7.1s)
  call 25 step 24 action 1: resident=10081 accessed=3181 reused=3181 not_reused=0 (7.2s)
  call 26 step 25 action 1: resident=10081 accessed=3183 reused=3183 not_reused=0 (7.1s)
  call 27 step 26 action 1: resident=10081 accessed=3158 reused=3158 not_reused=0 (7.2s)
  call 28 step 27 action 1: resident=10081 accessed=3186 reused=3186 not_reused=0 (7.2s)
  call 29 step 28 action 1: resident=10081 accessed=3224 reused=3224 not_reused=0 (7.1s)
  call 30 step 29 action 1: resident=10118 accessed=3243 reused=3206 not_reused=37 (7.2s)
  call 31 step 30 action 1: resident=10118 accessed=3188 reused=3188 not_reused=0 (7.2s)
  call 32 step 31 action 1: resident=10118 accessed=3177 reused=3177 not_reused=0 (7.2s)
  call 33 step 32 action 1: resident=10118 accessed=3199 reused=3199 not_reused=0 (7.2s)
  call 34 step 33 action 1: resident=10118 accessed=3202 reused=3202 not_reused=0 (7.2s)
  call 35 step 34 action 1: resident=10118 accessed=3187 reused=3187 not_reused=0 (7.2s)
  call 36 step 35 action 1: resident=10118 accessed=3200 reused=3200 not_reused=0 (7.2s)
  call 37 step 36 action 1: resident=10118 accessed=3184 reused=3184 not_reused=0 (7.2s)
  call 38 step 37 action 1: resident=10118 accessed=3204 reused=3204 not_reused=0 (7.2s)
  call 39 step 38 action 1: resident=10118 accessed=3203 reused=3203 not_reused=0 (7.2s)
  call 40 step 39 action 1: resident=10118 accessed=3191 reused=3191 not_reused=0 (7.2s)
  call 41 step 40 action 1: resident=10118 accessed=3174 reused=3174 not_reused=0 (7.2s)
  call 42 step 41 action 1: resident=10118 accessed=3223 reused=3223 not_reused=0 (7.2s)
  call 43 step 42 action 1: resident=10118 accessed=3184 reused=3184 not_reused=0 (7.2s)
  call 44 step 43 action 1: resident=10118 accessed=3403 reused=3403 not_reused=0 (7.2s)
  call 45 step 44 action 1: resident=10118 accessed=3426 reused=3426 not_reused=0 (7.2s)
  call 46 step 45 action 1: resident=10118 accessed=3149 reused=3149 not_reused=0 (7.2s)
  call 47 step 46 action 1: resident=10118 accessed=3194 reused=3194 not_reused=0 (7.2s)
  call 48 step 47 action 1: resident=10164 accessed=3285 reused=3239 not_reused=46 (7.2s)
  call 49 step 48 action 1: resident=10165 accessed=3138 reused=3137 not_reused=1 (7.2s)
  call 50 step 49 action 1: resident=11467 accessed=4459 reused=3157 not_reused=1302 (7.4s)
  call 51 step 50 action 1: resident=11467 accessed=3120 reused=3120 not_reused=0 (7.8s)
  call 52 step 51 action 1: resident=14928 accessed=7329 reused=3868 not_reused=3461 (8.1s)
  call 53 step 52 action 1: resident=14928 accessed=3239 reused=3237 not_reused=2 (8.5s)
  call 54 step 53 action 1: resident=18622 accessed=8932 reused=5238 not_reused=3694 (8.8s)
  call 55 step 54 action 1: resident=18622 accessed=3120 reused=3120 not_reused=0 (9.1s)
  call 56 step 55 action 1: resident=18792 accessed=7182 reused=7012 not_reused=170 (9.1s)
  call 57 step 56 action 1: resident=18792 accessed=3092 reused=3092 not_reused=0 (9.1s)
  call 58 step 57 action 1: resident=18807 accessed=7151 reused=7135 not_reused=16 (9.1s)
  call 59 step 58 action 1: resident=18809 accessed=3249 reused=3245 not_reused=4 (9.1s)
  call 60 step 59 action 1: resident=18810 accessed=3108 reused=3107 not_reused=1 (9.1s)
  call 61 step 60 action 1: resident=18811 accessed=7144 reused=7141 not_reused=3 (9.1s)
  call 62 step 61 action 1: resident=18811 accessed=3141 reused=3141 not_reused=0 (9.1s)
  call 63 step 62 action 1: resident=18811 accessed=7142 reused=7141 not_reused=1 (9.1s)
  call 64 step 63 action 1: resident=18811 accessed=3241 reused=3241 not_reused=0 (9.1s)
  call 65 step 64 action 1: resident=18811 accessed=3107 reused=3107 not_reused=0 (9.1s)
  call 66 step 65 action 1: resident=18811 accessed=3158 reused=3158 not_reused=0 (9.1s)
  call 67 step 66 action 1: resident=18811 accessed=7120 reused=7119 not_reused=1 (9.1s)
  call 68 step 67 action 1: resident=18811 accessed=3195 reused=3195 not_reused=0 (9.1s)
  call 69 step 68 action 1: resident=18811 accessed=3105 reused=3105 not_reused=0 (9.1s)
  call 70 step 69 action 1: resident=18811 accessed=7174 reused=7173 not_reused=1 (9.1s)
  call 71 step 70 action 1: resident=18813 accessed=3258 reused=3254 not_reused=4 (9.1s)
  call 72 step 71 action 1: resident=18814 accessed=3114 reused=3113 not_reused=1 (9.1s)
  call 73 step 72 action 1: resident=18815 accessed=7185 reused=7182 not_reused=3 (9.1s)
  call 74 step 73 action 1: resident=18816 accessed=3119 reused=3118 not_reused=1 (9.1s)
  call 75 step 74 action 1: resident=18817 accessed=7187 reused=7186 not_reused=1 (9.1s)
  call 76 step 75 action 1: resident=20467 accessed=5487 reused=3837 not_reused=1650 (9.1s)
  call 77 step 76 action 1: resident=20467 accessed=3131 reused=3131 not_reused=0 (9.2s)
  call 78 step 77 action 1: resident=20467 accessed=3141 reused=3141 not_reused=0 (9.2s)
[9/58] django__django-11477: steps=77 reused=0.9338484795401314 not_reused=0.06615152045986855 err=None
[10/58] django__django-11490
  call 0 step 0 action 0: resident=638 accessed=0 reused=0 not_reused=0 (3.5s)
  call 1 step 1 action 1: resident=5264 accessed=5137 reused=0 not_reused=5137 (3.0s)
  call 2 step 1 action 2: resident=5426 accessed=3419 reused=3228 not_reused=191 (4.5s)
  call 3 step 1 action 3: resident=5460 accessed=3227 reused=3186 not_reused=41 (4.5s)
  call 4 step 2 action 1: resident=5505 accessed=3171 reused=3126 not_reused=45 (4.5s)
  call 5 step 3 action 1: resident=5531 accessed=3218 reused=3192 not_reused=26 (4.5s)
  call 6 step 4 action 1: resident=5531 accessed=3226 reused=3226 not_reused=0 (4.5s)
  call 7 step 5 action 1: resident=5568 accessed=3199 reused=3162 not_reused=37 (4.5s)
  call 8 step 6 action 1: resident=5588 accessed=3221 reused=3201 not_reused=20 (4.5s)
  call 9 step 7 action 1: resident=5588 accessed=3173 reused=3173 not_reused=0 (4.5s)
  call 10 step 8 action 1: resident=5588 accessed=3211 reused=3211 not_reused=0 (4.5s)
  call 11 step 9 action 1: resident=5588 accessed=3208 reused=3208 not_reused=0 (4.5s)
  call 12 step 10 action 1: resident=5588 accessed=3215 reused=3215 not_reused=0 (4.5s)
  call 13 step 11 action 1: resident=5588 accessed=3214 reused=3214 not_reused=0 (4.5s)
  call 14 step 12 action 1: resident=5588 accessed=3188 reused=3188 not_reused=0 (4.5s)
  call 15 step 13 action 1: resident=5589 accessed=3104 reused=3103 not_reused=1 (4.5s)
  call 16 step 14 action 1: resident=5589 accessed=3095 reused=3095 not_reused=0 (4.5s)
  call 17 step 15 action 1: resident=5665 accessed=3314 reused=3238 not_reused=76 (4.5s)
  call 18 step 16 action 1: resident=5698 accessed=3147 reused=3112 not_reused=35 (4.5s)
  call 19 step 17 action 1: resident=5699 accessed=3097 reused=3096 not_reused=1 (4.5s)
  call 20 step 18 action 1: resident=7000 accessed=4397 reused=3096 not_reused=1301 (4.6s)
  call 21 step 19 action 1: resident=7009 accessed=3122 reused=3113 not_reused=9 (4.8s)
  call 22 step 20 action 1: resident=14449 accessed=11327 reused=3887 not_reused=7440 (5.2s)
  call 23 step 21 action 1: resident=14449 accessed=3134 reused=3134 not_reused=0 (5.8s)
  call 24 step 22 action 1: resident=14449 accessed=7465 reused=7465 not_reused=0 (5.8s)
  call 25 step 23 action 1: resident=16814 accessed=6168 reused=3803 not_reused=2365 (5.9s)
  call 26 step 24 action 1: resident=16814 accessed=3114 reused=3114 not_reused=0 (5.9s)
  call 27 step 25 action 1: resident=16814 accessed=3101 reused=3101 not_reused=0 (5.9s)
[10/58] django__django-11490: steps=25 reused=0.8401235039957176 not_reused=0.1598764960042825 err=None
[11/58] django__django-11532
  call 0 step 0 action 0: resident=639 accessed=0 reused=0 not_reused=0 (3.4s)
  call 1 step 1 action 1: resident=5230 accessed=5099 reused=0 not_reused=5099 (3.0s)
  call 2 step 2 action 1: resident=5244 accessed=3126 reused=3102 not_reused=24 (4.7s)
  call 3 step 3 action 1: resident=5245 accessed=3153 reused=3139 not_reused=14 (4.7s)
  call 4 step 4 action 1: resident=5424 accessed=3287 reused=3100 not_reused=187 (4.7s)
  call 5 step 5 action 1: resident=5424 accessed=3197 reused=3197 not_reused=0 (4.8s)
  call 6 step 6 action 1: resident=5435 accessed=3090 reused=3074 not_reused=16 (4.8s)
  call 7 step 7 action 1: resident=5435 accessed=3216 reused=3216 not_reused=0 (4.8s)
  call 8 step 8 action 1: resident=5472 accessed=3209 reused=3172 not_reused=37 (4.8s)
  call 9 step 9 action 1: resident=5472 accessed=3207 reused=3207 not_reused=0 (4.7s)
  call 10 step 11 action 1: resident=5473 accessed=3113 reused=3111 not_reused=2 (4.8s)
  call 11 step 12 action 1: resident=6774 accessed=4435 reused=3133 not_reused=1302 (5.0s)
  call 12 step 13 action 1: resident=6774 accessed=3145 reused=3145 not_reused=0 (5.5s)
  call 13 step 14 action 1: resident=11790 accessed=8853 reused=3837 not_reused=5016 (6.0s)
  call 14 step 15 action 1: resident=11790 accessed=3121 reused=3121 not_reused=0 (6.7s)
  call 15 step 16 action 1: resident=14359 accessed=8278 reused=5709 not_reused=2569 (6.9s)
  call 16 step 17 action 1: resident=14428 accessed=3252 reused=3181 not_reused=71 (7.1s)
  call 17 step 18 action 1: resident=14428 accessed=3204 reused=3204 not_reused=0 (7.1s)
  call 18 step 19 action 1: resident=14429 accessed=3108 reused=3107 not_reused=1 (7.1s)
  call 19 step 20 action 1: resident=14446 accessed=3273 reused=3256 not_reused=17 (7.0s)
  call 20 step 21 action 1: resident=14446 accessed=3174 reused=3174 not_reused=0 (7.1s)
  call 21 step 22 action 1: resident=14446 accessed=3251 reused=3251 not_reused=0 (7.0s)
  call 22 step 23 action 1: resident=14452 accessed=3184 reused=3178 not_reused=6 (7.1s)
  call 23 step 24 action 1: resident=14452 accessed=3136 reused=3136 not_reused=0 (7.1s)
  call 24 step 25 action 1: resident=14452 accessed=7055 reused=7055 not_reused=0 (7.0s)
  call 25 step 26 action 1: resident=14452 accessed=3224 reused=3224 not_reused=0 (7.1s)
  call 26 step 27 action 1: resident=14453 accessed=3121 reused=3120 not_reused=1 (7.1s)
  call 27 step 28 action 1: resident=14453 accessed=3129 reused=3128 not_reused=1 (7.0s)
  call 28 step 29 action 1: resident=14660 accessed=7211 reused=7004 not_reused=207 (7.1s)
  call 29 step 30 action 1: resident=14660 accessed=3080 reused=3080 not_reused=0 (7.2s)
  call 30 step 31 action 1: resident=14660 accessed=7151 reused=7151 not_reused=0 (7.2s)
  call 31 step 32 action 1: resident=14660 accessed=3125 reused=3125 not_reused=0 (7.2s)
  call 32 step 33 action 1: resident=14660 accessed=7231 reused=7231 not_reused=0 (7.2s)
  call 33 step 34 action 1: resident=14660 accessed=3116 reused=3116 not_reused=0 (7.2s)
  call 34 step 35 action 1: resident=14660 accessed=7195 reused=7195 not_reused=0 (7.2s)
  call 35 step 36 action 1: resident=14660 accessed=3176 reused=3176 not_reused=0 (7.2s)
  call 36 step 37 action 1: resident=14660 accessed=3184 reused=3184 not_reused=0 (7.2s)
  call 37 step 38 action 1: resident=14688 accessed=4667 reused=4639 not_reused=28 (7.2s)
  call 38 step 39 action 1: resident=14688 accessed=3107 reused=3107 not_reused=0 (7.2s)
  call 39 step 40 action 1: resident=14688 accessed=7223 reused=7223 not_reused=0 (7.2s)
  call 40 step 41 action 1: resident=14692 accessed=4608 reused=4604 not_reused=4 (7.2s)
  call 41 step 42 action 1: resident=14692 accessed=3769 reused=3769 not_reused=0 (7.2s)
  call 42 step 43 action 1: resident=14692 accessed=3786 reused=3786 not_reused=0 (7.2s)
  call 43 step 44 action 1: resident=14693 accessed=3117 reused=3116 not_reused=1 (7.2s)
  call 44 step 45 action 1: resident=14695 accessed=3942 reused=3940 not_reused=2 (7.2s)
  call 45 step 46 action 1: resident=14695 accessed=3117 reused=3117 not_reused=0 (7.2s)
  call 46 step 47 action 1: resident=14695 accessed=3954 reused=3954 not_reused=0 (7.2s)
  call 47 step 48 action 1: resident=14695 accessed=3779 reused=3779 not_reused=0 (7.2s)
  call 48 step 49 action 1: resident=14695 accessed=3801 reused=3801 not_reused=0 (7.2s)
  call 49 step 50 action 1: resident=14695 accessed=3883 reused=3883 not_reused=0 (7.2s)
  call 50 step 51 action 1: resident=14695 accessed=3783 reused=3783 not_reused=0 (7.2s)
  call 51 step 52 action 1: resident=14695 accessed=3099 reused=3099 not_reused=0 (7.2s)
  call 52 step 53 action 1: resident=14695 accessed=3957 reused=3957 not_reused=0 (7.2s)
  call 53 step 54 action 1: resident=14695 accessed=3107 reused=3107 not_reused=0 (7.2s)
  call 54 step 55 action 1: resident=14695 accessed=3806 reused=3806 not_reused=0 (7.2s)
  call 55 step 56 action 1: resident=14695 accessed=3209 reused=3209 not_reused=0 (7.2s)
  call 56 step 57 action 1: resident=14695 accessed=3130 reused=3130 not_reused=0 (7.2s)
  call 57 step 58 action 1: resident=14696 accessed=3112 reused=3111 not_reused=1 (7.2s)
  call 58 step 59 action 1: resident=14697 accessed=3106 reused=3105 not_reused=1 (7.2s)
  call 59 step 60 action 1: resident=14703 accessed=7196 reused=7189 not_reused=7 (7.2s)
  call 60 step 61 action 1: resident=14703 accessed=3107 reused=3107 not_reused=0 (7.2s)
  call 61 step 62 action 1: resident=14750 accessed=3241 reused=3194 not_reused=47 (7.2s)
[11/58] django__django-11532: steps=61 reused=0.9400894918578755 not_reused=0.059910508142124515 err=None
[12/58] django__django-11551
  call 0 step 0 action 0: resident=639 accessed=0 reused=0 not_reused=0 (3.4s)
  call 1 step 1 action 1: resident=5427 accessed=5316 reused=0 not_reused=5316 (3.0s)
  call 2 step 2 action 1: resident=10023 accessed=7903 reused=3298 not_reused=4605 (5.6s)
  call 3 step 3 action 1: resident=10032 accessed=3215 reused=3204 not_reused=11 (7.1s)
  call 4 step 4 action 1: resident=10131 accessed=3289 reused=3189 not_reused=100 (7.1s)
  call 5 step 5 action 1: resident=10131 accessed=3202 reused=3198 not_reused=4 (7.1s)
  call 6 step 6 action 1: resident=14521 accessed=7548 reused=3154 not_reused=4394 (7.5s)
  call 7 step 7 action 1: resident=14521 accessed=3130 reused=3130 not_reused=0 (8.0s)
  call 8 step 8 action 1: resident=14532 accessed=4070 reused=4059 not_reused=11 (8.0s)
  call 9 step 9 action 1: resident=14532 accessed=3111 reused=3111 not_reused=0 (8.0s)
[12/58] django__django-11551: steps=9 reused=0.6459150647312671 not_reused=0.35408493526873286 err=None
[13/58] django__django-11555
  call 0 step 0 action 0: resident=639 accessed=0 reused=0 not_reused=0 (3.4s)
  call 1 step 1 action 1: resident=5230 accessed=5127 reused=0 not_reused=5127 (2.9s)
  call 2 step 2 action 1: resident=5461 accessed=3418 reused=3179 not_reused=239 (4.4s)
  call 3 step 3 action 1: resident=5461 accessed=3301 reused=3301 not_reused=0 (4.5s)
  call 4 step 4 action 1: resident=7040 accessed=4897 reused=3318 not_reused=1579 (4.8s)
  call 5 step 5 action 1: resident=7040 accessed=3229 reused=3229 not_reused=0 (5.3s)
  call 6 step 6 action 1: resident=7077 accessed=3202 reused=3165 not_reused=37 (5.3s)
  call 7 step 7 action 1: resident=7088 accessed=3192 reused=3177 not_reused=15 (5.3s)
  call 8 step 8 action 1: resident=7088 accessed=3212 reused=3212 not_reused=0 (5.3s)
  call 9 step 9 action 1: resident=7088 accessed=3173 reused=3173 not_reused=0 (5.3s)
  call 10 step 10 action 1: resident=7088 accessed=4898 reused=4898 not_reused=0 (5.3s)
  call 11 step 11 action 1: resident=7088 accessed=3169 reused=3169 not_reused=0 (5.3s)
  call 12 step 12 action 1: resident=7088 accessed=4893 reused=4893 not_reused=0 (5.3s)
  call 13 step 13 action 1: resident=7088 accessed=3530 reused=3530 not_reused=0 (5.3s)
  call 14 step 14 action 1: resident=7088 accessed=3219 reused=3219 not_reused=0 (5.3s)
  call 15 step 15 action 1: resident=7088 accessed=3211 reused=3211 not_reused=0 (5.3s)
  call 16 step 16 action 1: resident=7088 accessed=3210 reused=3210 not_reused=0 (5.3s)
  call 17 step 17 action 1: resident=7088 accessed=3227 reused=3227 not_reused=0 (5.4s)
  call 18 step 18 action 1: resident=7088 accessed=3225 reused=3225 not_reused=0 (5.3s)
  call 19 step 19 action 1: resident=7088 accessed=3204 reused=3203 not_reused=1 (5.3s)
  call 20 step 20 action 1: resident=7088 accessed=3206 reused=3206 not_reused=0 (5.3s)
  call 21 step 21 action 1: resident=7088 accessed=3252 reused=3252 not_reused=0 (5.3s)
  call 22 step 22 action 1: resident=10844 accessed=7091 reused=3335 not_reused=3756 (5.7s)
  call 23 step 23 action 1: resident=10853 accessed=3217 reused=3208 not_reused=9 (6.2s)
  call 24 step 24 action 1: resident=10853 accessed=3205 reused=3205 not_reused=0 (6.2s)
  call 25 step 26 action 1: resident=10853 accessed=3109 reused=3109 not_reused=0 (6.2s)
  call 26 step 27 action 1: resident=10879 accessed=3230 reused=3204 not_reused=26 (6.2s)
  call 27 step 28 action 1: resident=10879 accessed=3204 reused=3204 not_reused=0 (6.2s)
  call 28 step 29 action 1: resident=15292 accessed=7578 reused=3165 not_reused=4413 (6.4s)
  call 29 step 30 action 1: resident=15292 accessed=3130 reused=3130 not_reused=0 (6.6s)
  call 30 step 31 action 1: resident=15292 accessed=3215 reused=3189 not_reused=26 (6.6s)
  call 31 step 32 action 1: resident=15292 accessed=3189 reused=3189 not_reused=0 (6.7s)
  call 32 step 33 action 1: resident=15292 accessed=4091 reused=4091 not_reused=0 (6.7s)
  call 33 step 34 action 1: resident=15292 accessed=3109 reused=3109 not_reused=0 (6.6s)
  call 34 step 35 action 1: resident=15267 accessed=3152 reused=3152 not_reused=0 (6.6s)
  call 35 step 36 action 1: resident=15267 accessed=3113 reused=3113 not_reused=0 (6.6s)
  call 36 step 37 action 1: resident=15268 accessed=3134 reused=3133 not_reused=1 (6.6s)
  call 37 step 38 action 1: resident=15268 accessed=3161 reused=3161 not_reused=0 (6.6s)
  call 38 step 39 action 1: resident=15268 accessed=3158 reused=3158 not_reused=0 (6.6s)
  call 39 step 40 action 1: resident=15285 accessed=3131 reused=3114 not_reused=17 (6.6s)
  call 40 step 41 action 1: resident=15325 accessed=3232 reused=3191 not_reused=41 (6.6s)
  call 41 step 42 action 1: resident=15325 accessed=3172 reused=3172 not_reused=0 (6.6s)
  call 42 step 43 action 1: resident=15325 accessed=3198 reused=3198 not_reused=0 (6.6s)
  call 43 step 44 action 1: resident=15325 accessed=3196 reused=3196 not_reused=0 (6.6s)
  call 44 step 45 action 1: resident=15325 accessed=3092 reused=3092 not_reused=0 (6.7s)
  call 45 step 46 action 1: resident=16698 accessed=4496 reused=3123 not_reused=1373 (6.7s)
  call 46 step 47 action 1: resident=16698 accessed=3187 reused=3187 not_reused=0 (6.8s)
  call 47 step 48 action 1: resident=16698 accessed=3826 reused=3826 not_reused=0 (6.8s)
  call 48 step 49 action 1: resident=16698 accessed=3184 reused=3184 not_reused=0 (6.8s)
  call 49 step 50 action 1: resident=16698 accessed=3085 reused=3085 not_reused=0 (6.8s)
  call 50 step 53 action 1: resident=16698 accessed=3766 reused=3766 not_reused=0 (6.8s)
  call 51 step 54 action 1: resident=16698 accessed=3801 reused=3801 not_reused=0 (6.8s)
  call 52 step 57 action 1: resident=16698 accessed=3811 reused=3811 not_reused=0 (6.8s)
  call 53 step 58 action 1: resident=16698 accessed=3210 reused=3210 not_reused=0 (6.7s)
  call 54 step 59 action 1: resident=16698 accessed=3859 reused=3859 not_reused=0 (6.8s)
  call 55 step 60 action 1: resident=16698 accessed=3185 reused=3185 not_reused=0 (6.8s)
  call 56 step 61 action 1: resident=16724 accessed=4077 reused=4051 not_reused=26 (6.7s)
  call 57 step 62 action 1: resident=16724 accessed=3153 reused=3153 not_reused=0 (6.7s)
  call 58 step 63 action 1: resident=16724 accessed=3128 reused=3128 not_reused=0 (6.7s)
[13/58] django__django-11555: steps=58 reused=0.9193406487165853 not_reused=0.0806593512834147 err=None
[14/58] django__django-11603
  call 0 step 0 action 0: resident=640 accessed=0 reused=0 not_reused=0 (3.4s)
  call 1 step 1 action 1: resident=5231 accessed=5110 reused=0 not_reused=5110 (2.9s)
  call 2 step 2 action 1: resident=5462 accessed=3402 reused=3160 not_reused=242 (4.5s)
  call 3 step 3 action 1: resident=5473 accessed=3256 reused=3240 not_reused=16 (4.5s)
  call 4 step 4 action 1: resident=5484 accessed=3121 reused=3103 not_reused=18 (4.5s)
[14/58] django__django-11603: steps=4 reused=0.6382564309221573 not_reused=0.3617435690778427 err=None
[15/58] django__django-11728
  call 0 step 0 action 0: resident=639 accessed=0 reused=0 not_reused=0 (3.5s)
  call 1 step 1 action 1: resident=5230 accessed=5121 reused=0 not_reused=5121 (3.0s)
  call 2 step 1 action 2: resident=5461 accessed=3409 reused=3176 not_reused=233 (4.7s)
  call 3 step 1 action 3: resident=39052 accessed=36745 reused=3153 not_reused=33592 (7.0s)
  call 4 step 1 action 4: resident=39052 accessed=36759 reused=36759 not_reused=0 (9.7s)
  call 5 step 2 action 1: resident=39052 accessed=36756 reused=36744 not_reused=12 (9.6s)
  call 6 step 2 action 2: resident=39061 accessed=3097 reused=3088 not_reused=9 (9.7s)
  call 7 step 3 action 1: resident=39061 accessed=7761 reused=7761 not_reused=0 (9.7s)
  call 8 step 3 action 2: resident=39088 accessed=5796 reused=5769 not_reused=27 (9.7s)
  call 9 step 4 action 1: resident=39088 accessed=3133 reused=3133 not_reused=0 (9.7s)
  call 10 step 5 action 1: resident=39088 accessed=3163 reused=3163 not_reused=0 (9.6s)
  call 11 step 6 action 1: resident=39088 accessed=3200 reused=3200 not_reused=0 (9.7s)
  call 12 step 7 action 1: resident=39088 accessed=3205 reused=3205 not_reused=0 (9.7s)
  call 13 step 8 action 1: resident=39088 accessed=3118 reused=3116 not_reused=2 (9.6s)
  call 14 step 9 action 1: resident=40389 accessed=4423 reused=3121 not_reused=1302 (9.7s)
  call 15 step 10 action 1: resident=40389 accessed=3122 reused=3122 not_reused=0 (9.7s)
  call 16 step 11 action 1: resident=40389 accessed=3801 reused=3801 not_reused=0 (9.7s)
  call 17 step 12 action 1: resident=40389 accessed=3128 reused=3128 not_reused=0 (9.7s)
  call 18 step 13 action 1: resident=40389 accessed=3785 reused=3785 not_reused=0 (9.7s)
  call 19 step 14 action 1: resident=40389 accessed=3113 reused=3113 not_reused=0 (9.7s)
  call 20 step 15 action 1: resident=40389 accessed=3772 reused=3772 not_reused=0 (9.7s)
  call 21 step 16 action 1: resident=40472 accessed=3275 reused=3192 not_reused=83 (9.7s)
  call 22 step 17 action 1: resident=40472 accessed=3110 reused=3110 not_reused=0 (9.7s)
  call 23 step 18 action 1: resident=40472 accessed=3128 reused=3128 not_reused=0 (9.7s)
  call 24 step 19 action 1: resident=40472 accessed=3799 reused=3799 not_reused=0 (9.7s)
  call 25 step 20 action 1: resident=41407 accessed=4361 reused=3426 not_reused=935 (9.7s)
  call 26 step 21 action 1: resident=41407 accessed=3105 reused=3105 not_reused=0 (9.7s)
  call 27 step 22 action 1: resident=41407 accessed=3228 reused=3228 not_reused=0 (9.7s)
  call 28 step 23 action 1: resident=41407 accessed=3196 reused=3194 not_reused=2 (9.7s)
  call 29 step 24 action 1: resident=41407 accessed=4052 reused=4051 not_reused=1 (9.7s)
  call 30 step 25 action 1: resident=41407 accessed=3144 reused=3144 not_reused=0 (9.7s)
  call 31 step 26 action 1: resident=41407 accessed=3806 reused=3806 not_reused=0 (9.7s)
  call 32 step 27 action 1: resident=41407 accessed=3101 reused=3101 not_reused=0 (9.7s)
[15/58] django__django-11728: steps=27 reused=0.81021257441023 not_reused=0.18978742558976996 err=None
[16/58] django__django-11734
  call 0 step 0 action 0: resident=639 accessed=0 reused=0 not_reused=0 (3.4s)
  call 1 step 1 action 1: resident=10078 accessed=9976 reused=0 not_reused=9976 (3.8s)
  call 2 step 2 action 1: resident=10087 accessed=3249 reused=3235 not_reused=14 (6.8s)
  call 3 step 3 action 1: resident=10087 accessed=3213 reused=3212 not_reused=1 (6.8s)
  call 4 step 4 action 1: resident=10087 accessed=3179 reused=3179 not_reused=0 (6.8s)
  call 5 step 5 action 1: resident=10087 accessed=3193 reused=3190 not_reused=3 (6.8s)
  call 6 step 6 action 1: resident=10087 accessed=3211 reused=3209 not_reused=2 (6.8s)
  call 7 step 7 action 1: resident=10087 accessed=3207 reused=3207 not_reused=0 (6.9s)
  call 8 step 8 action 1: resident=10087 accessed=3210 reused=3210 not_reused=0 (6.9s)
  call 9 step 9 action 1: resident=10087 accessed=3195 reused=3195 not_reused=0 (6.9s)
  call 10 step 10 action 1: resident=10087 accessed=3213 reused=3213 not_reused=0 (6.8s)
  call 11 step 11 action 1: resident=10087 accessed=3180 reused=3180 not_reused=0 (6.8s)
  call 12 step 12 action 1: resident=10087 accessed=3224 reused=3224 not_reused=0 (6.8s)
  call 13 step 13 action 1: resident=10087 accessed=3238 reused=3238 not_reused=0 (6.8s)
  call 14 step 14 action 1: resident=10087 accessed=3213 reused=3213 not_reused=0 (6.8s)
  call 15 step 15 action 1: resident=10087 accessed=3219 reused=3219 not_reused=0 (6.8s)
  call 16 step 16 action 1: resident=10087 accessed=3174 reused=3174 not_reused=0 (6.8s)
  call 17 step 17 action 1: resident=10087 accessed=3208 reused=3208 not_reused=0 (6.8s)
  call 18 step 18 action 1: resident=10087 accessed=3194 reused=3194 not_reused=0 (6.8s)
  call 19 step 19 action 1: resident=10087 accessed=3205 reused=3205 not_reused=0 (6.8s)
  call 20 step 20 action 1: resident=10087 accessed=3205 reused=3205 not_reused=0 (6.8s)
  call 21 step 21 action 1: resident=10087 accessed=3386 reused=3386 not_reused=0 (6.8s)
  call 22 step 22 action 1: resident=10087 accessed=3212 reused=3212 not_reused=0 (6.9s)
  call 23 step 23 action 1: resident=10087 accessed=3185 reused=3185 not_reused=0 (6.9s)
  call 24 step 24 action 1: resident=10087 accessed=3188 reused=3188 not_reused=0 (6.9s)
  call 25 step 25 action 1: resident=10087 accessed=3194 reused=3194 not_reused=0 (6.8s)
  call 26 step 26 action 1: resident=10124 accessed=3259 reused=3222 not_reused=37 (6.9s)
  call 27 step 27 action 1: resident=10124 accessed=3226 reused=3226 not_reused=0 (6.9s)
  call 28 step 28 action 1: resident=10124 accessed=3201 reused=3201 not_reused=0 (6.8s)
  call 29 step 29 action 1: resident=10124 accessed=3201 reused=3201 not_reused=0 (6.9s)
  call 30 step 30 action 1: resident=10124 accessed=3220 reused=3220 not_reused=0 (6.9s)
  call 31 step 31 action 1: resident=10135 accessed=3478 reused=3467 not_reused=11 (6.9s)
  call 32 step 32 action 1: resident=10135 accessed=3198 reused=3198 not_reused=0 (6.9s)
  call 33 step 33 action 1: resident=10135 accessed=3328 reused=3328 not_reused=0 (6.9s)
  call 34 step 34 action 1: resident=10135 accessed=3196 reused=3196 not_reused=0 (6.9s)
  call 35 step 35 action 1: resident=10135 accessed=3233 reused=3233 not_reused=0 (6.9s)
  call 36 step 36 action 1: resident=10135 accessed=3224 reused=3224 not_reused=0 (6.9s)
  call 37 step 37 action 1: resident=10135 accessed=3195 reused=3195 not_reused=0 (6.8s)
  call 38 step 38 action 1: resident=10135 accessed=3196 reused=3195 not_reused=1 (6.8s)
  call 39 step 39 action 1: resident=10135 accessed=3192 reused=3192 not_reused=0 (6.9s)
  call 40 step 40 action 1: resident=10153 accessed=3207 reused=3189 not_reused=18 (6.8s)
  call 41 step 41 action 1: resident=10154 accessed=3189 reused=3188 not_reused=1 (6.9s)
  call 42 step 42 action 1: resident=10218 accessed=3273 reused=3209 not_reused=64 (6.9s)
  call 43 step 43 action 1: resident=10219 accessed=3123 reused=3122 not_reused=1 (6.9s)
  call 44 step 44 action 1: resident=17180 accessed=10765 reused=3804 not_reused=6961 (7.3s)
  call 45 step 45 action 1: resident=17180 accessed=3114 reused=3114 not_reused=0 (8.0s)
  call 46 step 46 action 1: resident=17180 accessed=3127 reused=3127 not_reused=0 (8.0s)
  call 47 step 47 action 1: resident=17191 accessed=6978 reused=6966 not_reused=12 (8.0s)
  call 48 step 48 action 1: resident=17191 accessed=3199 reused=3199 not_reused=0 (8.0s)
  call 49 step 49 action 1: resident=17191 accessed=4543 reused=4543 not_reused=0 (8.0s)
  call 50 step 50 action 1: resident=17191 accessed=4565 reused=4565 not_reused=0 (8.0s)
  call 51 step 51 action 1: resident=17191 accessed=4528 reused=4528 not_reused=0 (8.0s)
  call 52 step 52 action 1: resident=17191 accessed=3163 reused=3163 not_reused=0 (8.0s)
  call 53 step 53 action 1: resident=17191 accessed=3194 reused=3194 not_reused=0 (8.0s)
  call 54 step 54 action 1: resident=17191 accessed=3125 reused=3125 not_reused=0 (8.0s)
  call 55 step 55 action 1: resident=17191 accessed=3197 reused=3197 not_reused=0 (8.0s)
  call 56 step 56 action 1: resident=17191 accessed=3153 reused=3153 not_reused=0 (8.0s)
  call 57 step 57 action 1: resident=17191 accessed=4576 reused=4576 not_reused=0 (8.0s)
  call 58 step 58 action 1: resident=17191 accessed=3153 reused=3153 not_reused=0 (8.0s)
  call 59 step 59 action 1: resident=17191 accessed=3192 reused=3192 not_reused=0 (8.0s)
  call 60 step 60 action 1: resident=28827 accessed=19999 reused=8363 not_reused=11636 (8.6s)
  call 61 step 61 action 1: resident=28889 accessed=3271 reused=3209 not_reused=62 (8.9s)
  call 62 step 62 action 1: resident=28915 accessed=3698 reused=3672 not_reused=26 (8.8s)
  call 63 step 63 action 1: resident=28916 accessed=4045 reused=4044 not_reused=1 (8.8s)
  call 64 step 64 action 1: resident=28916 accessed=3149 reused=3149 not_reused=0 (8.9s)
  call 65 step 67 action 1: resident=28916 accessed=3115 reused=3115 not_reused=0 (8.9s)
[16/58] django__django-11734: steps=65 reused=0.8847192062673209 not_reused=0.11528079373267909 err=None
[17/58] django__django-11740
  call 0 step 0 action 0: resident=640 accessed=0 reused=0 not_reused=0 (3.4s)
  call 1 step 1 action 1: resident=5231 accessed=5123 reused=0 not_reused=5123 (2.9s)
  call 2 step 2 action 1: resident=5462 accessed=3420 reused=3188 not_reused=232 (4.5s)
  call 3 step 3 action 1: resident=5478 accessed=3309 reused=3283 not_reused=26 (4.5s)
  call 4 step 4 action 1: resident=5489 accessed=3218 reused=3207 not_reused=11 (4.5s)
  call 5 step 5 action 1: resident=5489 accessed=3335 reused=3332 not_reused=3 (4.6s)
  call 6 step 6 action 1: resident=5506 accessed=3218 reused=3201 not_reused=17 (4.6s)
  call 7 step 7 action 1: resident=5506 accessed=3072 reused=3070 not_reused=2 (4.6s)
  call 8 step 8 action 1: resident=5521 accessed=3117 reused=3102 not_reused=15 (4.6s)
  call 9 step 9 action 1: resident=5521 accessed=3189 reused=3189 not_reused=0 (4.6s)
  call 10 step 10 action 1: resident=5544 accessed=3127 reused=3104 not_reused=23 (4.6s)
  call 11 step 11 action 1: resident=5545 accessed=3099 reused=3097 not_reused=2 (4.6s)
  call 12 step 12 action 1: resident=5546 accessed=3117 reused=3116 not_reused=1 (4.5s)
  call 13 step 13 action 1: resident=8103 accessed=5708 reused=3151 not_reused=2557 (4.8s)
  call 14 step 14 action 1: resident=8103 accessed=4325 reused=4325 not_reused=0 (5.0s)
  call 15 step 15 action 1: resident=12306 accessed=8565 reused=4362 not_reused=4203 (5.8s)
  call 16 step 16 action 1: resident=12307 accessed=3112 reused=3111 not_reused=1 (7.3s)
  call 17 step 17 action 1: resident=12437 accessed=6394 reused=6264 not_reused=130 (7.3s)
  call 18 step 18 action 1: resident=12638 accessed=6790 reused=6589 not_reused=201 (7.4s)
  call 19 step 19 action 1: resident=12638 accessed=3140 reused=3140 not_reused=0 (7.4s)
  call 20 step 20 action 1: resident=12638 accessed=6754 reused=6754 not_reused=0 (7.3s)
  call 21 step 21 action 1: resident=12638 accessed=3238 reused=3238 not_reused=0 (7.3s)
  call 22 step 22 action 1: resident=12691 accessed=3256 reused=3203 not_reused=53 (7.4s)
  call 23 step 23 action 1: resident=13302 accessed=7341 reused=6730 not_reused=611 (7.4s)
  call 24 step 24 action 1: resident=13302 accessed=6306 reused=6306 not_reused=0 (7.5s)
  call 25 step 25 action 1: resident=13303 accessed=7004 reused=7003 not_reused=1 (7.4s)
  call 26 step 26 action 1: resident=13340 accessed=3199 reused=3161 not_reused=38 (7.5s)
  call 27 step 27 action 1: resident=13340 accessed=7030 reused=7029 not_reused=1 (7.5s)
  call 28 step 28 action 1: resident=13340 accessed=7092 reused=7092 not_reused=0 (7.4s)
  call 29 step 29 action 1: resident=13340 accessed=3796 reused=3796 not_reused=0 (7.5s)
  call 30 step 30 action 1: resident=13340 accessed=7171 reused=7171 not_reused=0 (7.5s)
  call 31 step 31 action 1: resident=13340 accessed=3153 reused=3153 not_reused=0 (7.5s)
  call 32 step 32 action 1: resident=13340 accessed=6982 reused=6982 not_reused=0 (7.5s)
  call 33 step 33 action 1: resident=13340 accessed=3798 reused=3798 not_reused=0 (7.5s)
  call 34 step 34 action 1: resident=13340 accessed=3800 reused=3800 not_reused=0 (7.5s)
  call 35 step 35 action 1: resident=13340 accessed=4453 reused=4453 not_reused=0 (7.5s)
  call 36 step 36 action 1: resident=13340 accessed=7021 reused=7021 not_reused=0 (7.5s)
  call 37 step 37 action 1: resident=13340 accessed=4433 reused=4433 not_reused=0 (7.5s)
  call 38 step 38 action 1: resident=13340 accessed=6974 reused=6974 not_reused=0 (7.5s)
  call 39 step 39 action 1: resident=13340 accessed=3107 reused=3107 not_reused=0 (7.5s)
  call 40 step 40 action 1: resident=13340 accessed=6961 reused=6961 not_reused=0 (7.5s)
  call 41 step 41 action 1: resident=13340 accessed=6990 reused=6990 not_reused=0 (7.5s)
  call 42 step 42 action 1: resident=13340 accessed=6888 reused=6888 not_reused=0 (7.5s)
  call 43 step 43 action 1: resident=13344 accessed=7251 reused=7247 not_reused=4 (7.5s)
  call 44 step 44 action 1: resident=13344 accessed=3106 reused=3106 not_reused=0 (7.5s)
  call 45 step 45 action 1: resident=13347 accessed=7229 reused=7226 not_reused=3 (7.5s)
  call 46 step 46 action 1: resident=13347 accessed=3099 reused=3099 not_reused=0 (7.5s)
  call 47 step 47 action 1: resident=13347 accessed=3191 reused=3190 not_reused=1 (7.5s)
  call 48 step 48 action 1: resident=13350 accessed=7213 reused=7209 not_reused=4 (7.5s)
  call 49 step 49 action 1: resident=13350 accessed=3096 reused=3096 not_reused=0 (7.5s)
  call 50 step 50 action 1: resident=13670 accessed=3728 reused=3408 not_reused=320 (7.5s)
  call 51 step 51 action 1: resident=13670 accessed=3701 reused=3701 not_reused=0 (7.5s)
  call 52 step 52 action 1: resident=13670 accessed=3401 reused=3401 not_reused=0 (7.5s)
  call 53 step 53 action 1: resident=13670 accessed=3122 reused=3122 not_reused=0 (7.5s)
  call 54 step 54 action 1: resident=13670 accessed=3222 reused=3222 not_reused=0 (7.5s)
  call 55 step 55 action 1: resident=13670 accessed=3198 reused=3198 not_reused=0 (7.5s)
  call 56 step 56 action 1: resident=13670 accessed=3177 reused=3177 not_reused=0 (7.5s)
  call 57 step 57 action 1: resident=13670 accessed=3212 reused=3212 not_reused=0 (7.5s)
  call 58 step 58 action 1: resident=13670 accessed=3196 reused=3196 not_reused=0 (7.5s)
  call 59 step 59 action 1: resident=13670 accessed=3193 reused=3193 not_reused=0 (7.5s)
  call 60 step 60 action 1: resident=13670 accessed=3180 reused=3180 not_reused=0 (7.5s)
  call 61 step 61 action 1: resident=13670 accessed=3178 reused=3178 not_reused=0 (7.5s)
  call 62 step 62 action 1: resident=13670 accessed=3210 reused=3210 not_reused=0 (7.5s)
  call 63 step 63 action 1: resident=13670 accessed=3226 reused=3226 not_reused=0 (7.5s)
  call 64 step 64 action 1: resident=13670 accessed=3193 reused=3193 not_reused=0 (7.5s)
  call 65 step 65 action 1: resident=13670 accessed=3218 reused=3218 not_reused=0 (7.5s)
  call 66 step 66 action 1: resident=13670 accessed=3183 reused=3183 not_reused=0 (7.5s)
  call 67 step 67 action 1: resident=13670 accessed=3401 reused=3401 not_reused=0 (7.5s)
  call 68 step 68 action 1: resident=13670 accessed=3296 reused=3296 not_reused=0 (7.5s)
  call 69 step 69 action 1: resident=13670 accessed=3185 reused=3185 not_reused=0 (7.5s)
  call 70 step 70 action 1: resident=13670 accessed=3190 reused=3190 not_reused=0 (7.5s)
  call 71 step 71 action 1: resident=13670 accessed=3188 reused=3188 not_reused=0 (7.5s)
  call 72 step 72 action 1: resident=13670 accessed=3208 reused=3208 not_reused=0 (7.5s)
  call 73 step 73 action 1: resident=13670 accessed=3192 reused=3192 not_reused=0 (7.5s)
  call 74 step 74 action 1: resident=13670 accessed=3180 reused=3180 not_reused=0 (7.5s)
  call 75 step 75 action 1: resident=13670 accessed=3211 reused=3211 not_reused=0 (7.5s)
  call 76 step 76 action 1: resident=13670 accessed=3170 reused=3170 not_reused=0 (7.5s)
  call 77 step 77 action 1: resident=13670 accessed=3276 reused=3276 not_reused=0 (7.5s)
  call 78 step 78 action 1: resident=13670 accessed=3401 reused=3401 not_reused=0 (7.5s)
  call 79 step 79 action 1: resident=13670 accessed=3239 reused=3239 not_reused=0 (7.5s)
  call 80 step 80 action 1: resident=13670 accessed=3259 reused=3259 not_reused=0 (7.5s)
  call 81 step 81 action 1: resident=13670 accessed=3191 reused=3191 not_reused=0 (7.5s)
  call 82 step 82 action 1: resident=13670 accessed=3198 reused=3198 not_reused=0 (7.5s)
  call 83 step 83 action 1: resident=13670 accessed=3188 reused=3188 not_reused=0 (7.5s)
  call 84 step 84 action 1: resident=13670 accessed=3194 reused=3194 not_reused=0 (7.5s)
  call 85 step 85 action 1: resident=13670 accessed=3215 reused=3215 not_reused=0 (7.5s)
  call 86 step 86 action 1: resident=13670 accessed=3168 reused=3168 not_reused=0 (7.5s)
  call 87 step 87 action 1: resident=13670 accessed=3175 reused=3175 not_reused=0 (7.5s)
  call 88 step 88 action 1: resident=13670 accessed=3175 reused=3175 not_reused=0 (7.5s)
  call 89 step 89 action 1: resident=13670 accessed=3203 reused=3203 not_reused=0 (7.5s)
  call 90 step 90 action 1: resident=13670 accessed=3191 reused=3191 not_reused=0 (7.5s)
  call 91 step 91 action 1: resident=13670 accessed=3195 reused=3195 not_reused=0 (7.5s)
  call 92 step 92 action 1: resident=13670 accessed=3217 reused=3217 not_reused=0 (7.5s)
  call 93 step 93 action 1: resident=13670 accessed=3193 reused=3193 not_reused=0 (7.5s)
  call 94 step 94 action 1: resident=13670 accessed=3187 reused=3187 not_reused=0 (7.5s)
  call 95 step 95 action 1: resident=13670 accessed=3212 reused=3212 not_reused=0 (7.5s)
  call 96 step 96 action 1: resident=13670 accessed=3190 reused=3190 not_reused=0 (7.5s)
  call 97 step 97 action 1: resident=13670 accessed=3211 reused=3211 not_reused=0 (7.5s)
  call 98 step 98 action 1: resident=13688 accessed=3221 reused=3203 not_reused=18 (7.5s)
  call 99 step 99 action 1: resident=13688 accessed=3229 reused=3211 not_reused=18 (7.5s)
  call 100 step 100 action 1: resident=13688 accessed=3205 reused=3205 not_reused=0 (7.5s)
  call 101 step 101 action 1: resident=13688 accessed=3239 reused=3239 not_reused=0 (7.5s)
  call 102 step 102 action 1: resident=13688 accessed=3194 reused=3194 not_reused=0 (7.5s)
  call 103 step 103 action 1: resident=13688 accessed=3184 reused=3184 not_reused=0 (7.6s)
  call 104 step 104 action 1: resident=13688 accessed=3193 reused=3193 not_reused=0 (7.5s)
  call 105 step 105 action 1: resident=13688 accessed=3187 reused=3187 not_reused=0 (7.5s)
  call 106 step 106 action 1: resident=13688 accessed=3187 reused=3187 not_reused=0 (7.5s)
  call 107 step 107 action 1: resident=13688 accessed=3187 reused=3187 not_reused=0 (7.5s)
  call 108 step 108 action 1: resident=13688 accessed=3216 reused=3198 not_reused=18 (7.5s)
  call 109 step 109 action 1: resident=13688 accessed=3197 reused=3197 not_reused=0 (7.5s)
  call 110 step 110 action 1: resident=13688 accessed=3216 reused=3216 not_reused=0 (7.5s)
  call 111 step 111 action 1: resident=13688 accessed=3193 reused=3193 not_reused=0 (7.5s)
  call 112 step 112 action 1: resident=13688 accessed=3253 reused=3235 not_reused=18 (7.5s)
  call 113 step 114 action 1: resident=13688 accessed=3216 reused=3198 not_reused=18 (7.5s)
  call 114 step 115 action 1: resident=16755 accessed=6856 reused=3789 not_reused=3067 (7.7s)
  call 115 step 116 action 1: resident=37805 accessed=27682 reused=6614 not_reused=21068 (10.1s)
  call 116 step 117 action 1: resident=37807 accessed=9399 reused=9190 not_reused=209 (12.8s)
  call 117 step 118 action 1: resident=37807 accessed=6316 reused=6107 not_reused=209 (12.8s)
  call 118 step 119 action 1: resident=37807 accessed=6276 reused=6067 not_reused=209 (12.8s)
  call 119 step 120 action 1: resident=37807 accessed=6257 reused=6048 not_reused=209 (12.8s)
  call 120 step 121 action 1: resident=37807 accessed=6235 reused=6026 not_reused=209 (12.8s)
  call 121 step 122 action 1: resident=37807 accessed=6263 reused=6054 not_reused=209 (12.7s)
  call 122 step 123 action 1: resident=37807 accessed=6229 reused=6020 not_reused=209 (12.8s)
  call 123 step 124 action 1: resident=37807 accessed=6270 reused=6061 not_reused=209 (12.8s)
  call 124 step 125 action 1: resident=37807 accessed=6291 reused=6082 not_reused=209 (12.8s)
  call 125 step 126 action 1: resident=37807 accessed=6255 reused=6046 not_reused=209 (12.8s)
  call 126 step 127 action 1: resident=37807 accessed=6261 reused=6052 not_reused=209 (12.8s)
  call 127 step 128 action 1: resident=37807 accessed=6273 reused=6064 not_reused=209 (12.8s)
  call 128 step 129 action 1: resident=37807 accessed=6289 reused=6080 not_reused=209 (12.8s)
  call 129 step 130 action 1: resident=37807 accessed=6282 reused=6073 not_reused=209 (12.9s)
  call 130 step 131 action 1: resident=37807 accessed=6268 reused=6059 not_reused=209 (12.9s)
  call 131 step 132 action 1: resident=37807 accessed=6269 reused=6060 not_reused=209 (12.8s)
  call 132 step 133 action 1: resident=37807 accessed=6275 reused=6066 not_reused=209 (12.8s)
  call 133 step 134 action 1: resident=37807 accessed=6235 reused=6026 not_reused=209 (12.8s)
  call 134 step 135 action 1: resident=37807 accessed=6269 reused=6060 not_reused=209 (12.8s)
  call 135 step 136 action 1: resident=37807 accessed=6298 reused=6089 not_reused=209 (12.8s)
  call 136 step 137 action 1: resident=37807 accessed=6228 reused=6019 not_reused=209 (12.8s)
  call 137 step 138 action 1: resident=37807 accessed=6298 reused=6089 not_reused=209 (12.8s)
  call 138 step 139 action 1: resident=37807 accessed=6266 reused=6057 not_reused=209 (12.9s)
  call 139 step 140 action 1: resident=37807 accessed=6281 reused=6072 not_reused=209 (12.8s)
  call 140 step 141 action 1: resident=37808 accessed=6237 reused=6027 not_reused=210 (12.8s)
  call 141 step 142 action 1: resident=37808 accessed=6278 reused=6069 not_reused=209 (12.8s)
  call 142 step 143 action 1: resident=37808 accessed=6229 reused=6020 not_reused=209 (12.8s)
  call 143 step 144 action 1: resident=37808 accessed=6275 reused=6066 not_reused=209 (12.8s)
  call 144 step 145 action 1: resident=37808 accessed=6246 reused=6037 not_reused=209 (12.9s)
  call 145 step 146 action 1: resident=37808 accessed=6252 reused=6043 not_reused=209 (12.8s)
  call 146 step 147 action 1: resident=37808 accessed=6262 reused=6053 not_reused=209 (12.8s)
  call 147 step 148 action 1: resident=37808 accessed=6268 reused=6059 not_reused=209 (12.8s)
  call 148 step 149 action 1: resident=37808 accessed=6241 reused=6032 not_reused=209 (12.7s)
  call 149 step 150 action 1: resident=37808 accessed=4062 reused=4062 not_reused=0 (12.8s)
  call 150 step 151 action 1: resident=37808 accessed=6244 reused=6035 not_reused=209 (12.8s)
  call 151 step 152 action 1: resident=37808 accessed=6295 reused=6086 not_reused=209 (12.8s)
  call 152 step 153 action 1: resident=37808 accessed=6320 reused=6111 not_reused=209 (12.7s)
  call 153 step 154 action 1: resident=37808 accessed=6241 reused=6032 not_reused=209 (12.7s)
  call 154 step 155 action 1: resident=37808 accessed=6253 reused=6044 not_reused=209 (12.7s)
  call 155 step 156 action 1: resident=37808 accessed=6247 reused=6038 not_reused=209 (12.8s)
  call 156 step 157 action 1: resident=37808 accessed=6257 reused=6048 not_reused=209 (12.8s)
  call 157 step 158 action 1: resident=37808 accessed=6295 reused=6086 not_reused=209 (12.8s)
  call 158 step 159 action 1: resident=37808 accessed=6268 reused=6059 not_reused=209 (12.8s)
  call 159 step 160 action 1: resident=37808 accessed=6287 reused=6078 not_reused=209 (12.9s)
  call 160 step 161 action 1: resident=37808 accessed=6247 reused=6038 not_reused=209 (12.8s)
  call 161 step 162 action 1: resident=37808 accessed=6249 reused=6040 not_reused=209 (12.8s)
  call 162 step 163 action 1: resident=37808 accessed=6254 reused=6045 not_reused=209 (12.8s)
  call 163 step 164 action 1: resident=37808 accessed=6291 reused=6082 not_reused=209 (12.8s)
  call 164 step 165 action 1: resident=37808 accessed=6244 reused=6035 not_reused=209 (12.7s)
  call 165 step 166 action 1: resident=37808 accessed=4079 reused=4079 not_reused=0 (12.7s)
  call 166 step 167 action 1: resident=37808 accessed=6203 reused=5994 not_reused=209 (12.8s)
  call 167 step 168 action 1: resident=37808 accessed=6312 reused=6103 not_reused=209 (12.8s)
  call 168 step 169 action 1: resident=37808 accessed=6347 reused=6138 not_reused=209 (12.7s)
  call 169 step 170 action 1: resident=37809 accessed=6277 reused=6067 not_reused=210 (12.8s)
  call 170 step 171 action 1: resident=37809 accessed=6309 reused=6100 not_reused=209 (12.8s)
  call 171 step 172 action 1: resident=37809 accessed=6325 reused=6116 not_reused=209 (12.8s)
  call 172 step 173 action 1: resident=37809 accessed=6324 reused=6115 not_reused=209 (12.8s)
  call 173 step 174 action 1: resident=37809 accessed=6329 reused=6120 not_reused=209 (12.7s)
  call 174 step 175 action 1: resident=37809 accessed=6299 reused=6090 not_reused=209 (12.8s)
  call 175 step 176 action 1: resident=37809 accessed=6317 reused=6108 not_reused=209 (12.8s)
  call 176 step 177 action 1: resident=37809 accessed=6353 reused=6144 not_reused=209 (12.8s)
  call 177 step 178 action 1: resident=37809 accessed=6294 reused=6085 not_reused=209 (12.8s)
  call 178 step 179 action 1: resident=37809 accessed=6319 reused=6110 not_reused=209 (12.8s)
  call 179 step 180 action 1: resident=37809 accessed=6305 reused=6096 not_reused=209 (12.8s)
  call 180 step 181 action 1: resident=37809 accessed=6313 reused=6104 not_reused=209 (12.8s)
  call 181 step 182 action 1: resident=37809 accessed=6305 reused=6096 not_reused=209 (12.8s)
  call 182 step 183 action 1: resident=37809 accessed=6297 reused=6088 not_reused=209 (12.8s)
  call 183 step 184 action 1: resident=37809 accessed=6304 reused=6095 not_reused=209 (12.8s)
  call 184 step 185 action 1: resident=37809 accessed=6322 reused=6113 not_reused=209 (12.8s)
  call 185 step 186 action 1: resident=37809 accessed=6318 reused=6109 not_reused=209 (12.9s)
  call 186 step 187 action 1: resident=37809 accessed=6341 reused=6132 not_reused=209 (12.8s)
  call 187 step 188 action 1: resident=37809 accessed=6295 reused=6086 not_reused=209 (12.9s)
  call 188 step 189 action 1: resident=37809 accessed=6310 reused=6101 not_reused=209 (12.9s)
  call 189 step 190 action 1: resident=37809 accessed=6347 reused=6138 not_reused=209 (12.9s)
  call 190 step 191 action 1: resident=37809 accessed=6305 reused=6096 not_reused=209 (12.9s)
  call 191 step 192 action 1: resident=37809 accessed=6319 reused=6110 not_reused=209 (12.9s)
  call 192 step 193 action 1: resident=37809 accessed=6285 reused=6076 not_reused=209 (12.8s)
  call 193 step 194 action 1: resident=37809 accessed=6317 reused=6108 not_reused=209 (12.9s)
  call 194 step 195 action 1: resident=37809 accessed=6314 reused=6105 not_reused=209 (12.8s)
  call 195 step 196 action 1: resident=37809 accessed=6295 reused=6086 not_reused=209 (12.8s)
  call 196 step 197 action 1: resident=37810 accessed=6301 reused=6091 not_reused=210 (12.9s)
  call 197 step 198 action 1: resident=37810 accessed=6293 reused=6084 not_reused=209 (12.9s)
  call 198 step 199 action 1: resident=37810 accessed=6366 reused=6157 not_reused=209 (12.9s)
  call 199 step 200 action 1: resident=37810 accessed=6285 reused=6076 not_reused=209 (12.8s)
  call 200 step 201 action 1: resident=37810 accessed=6342 reused=6133 not_reused=209 (12.8s)
  call 201 step 202 action 1: resident=37810 accessed=6355 reused=6146 not_reused=209 (12.8s)
  call 202 step 203 action 1: resident=37810 accessed=6303 reused=6094 not_reused=209 (12.8s)
  call 203 step 204 action 1: resident=37810 accessed=6299 reused=6090 not_reused=209 (12.8s)
  call 204 step 205 action 1: resident=37810 accessed=6346 reused=6137 not_reused=209 (12.8s)
  call 205 step 206 action 1: resident=37810 accessed=6309 reused=6100 not_reused=209 (12.8s)
  call 206 step 207 action 1: resident=37810 accessed=6313 reused=6104 not_reused=209 (12.8s)
  call 207 step 208 action 1: resident=37810 accessed=6308 reused=6099 not_reused=209 (12.7s)
  call 208 step 209 action 1: resident=37810 accessed=6300 reused=6091 not_reused=209 (12.8s)
  call 209 step 210 action 1: resident=37810 accessed=6311 reused=6102 not_reused=209 (12.8s)
  call 210 step 211 action 1: resident=37810 accessed=6258 reused=6049 not_reused=209 (12.8s)
  call 211 step 212 action 1: resident=37810 accessed=6353 reused=6144 not_reused=209 (12.8s)
  call 212 step 213 action 1: resident=37810 accessed=6353 reused=6144 not_reused=209 (12.8s)
  call 213 step 214 action 1: resident=37810 accessed=6347 reused=6138 not_reused=209 (12.8s)
  call 214 step 215 action 1: resident=37810 accessed=6321 reused=6112 not_reused=209 (12.8s)
  call 215 step 216 action 1: resident=37810 accessed=6313 reused=6104 not_reused=209 (12.9s)
  call 216 step 217 action 1: resident=37810 accessed=6356 reused=6147 not_reused=209 (12.9s)
  call 217 step 218 action 1: resident=37810 accessed=6331 reused=6122 not_reused=209 (12.8s)
  call 218 step 219 action 1: resident=37810 accessed=6312 reused=6103 not_reused=209 (12.8s)
  call 219 step 220 action 1: resident=37810 accessed=6343 reused=6134 not_reused=209 (12.9s)
  call 220 step 221 action 1: resident=37810 accessed=6308 reused=6099 not_reused=209 (12.9s)
  call 221 step 222 action 1: resident=37810 accessed=6283 reused=6074 not_reused=209 (12.9s)
  call 222 step 223 action 1: resident=37810 accessed=6328 reused=6119 not_reused=209 (12.9s)
  call 223 step 224 action 1: resident=37811 accessed=6315 reused=6105 not_reused=210 (12.9s)
  call 224 step 225 action 1: resident=37811 accessed=6288 reused=6079 not_reused=209 (12.8s)
  call 225 step 226 action 1: resident=37811 accessed=6299 reused=6090 not_reused=209 (12.8s)
  call 226 step 227 action 1: resident=37811 accessed=6317 reused=6108 not_reused=209 (12.8s)
  call 227 step 228 action 1: resident=37811 accessed=6295 reused=6086 not_reused=209 (12.8s)
  call 228 step 229 action 1: resident=37811 accessed=6318 reused=6109 not_reused=209 (12.9s)
  call 229 step 230 action 1: resident=37811 accessed=6303 reused=6094 not_reused=209 (12.8s)
  call 230 step 231 action 1: resident=37811 accessed=6311 reused=6102 not_reused=209 (12.9s)
  call 231 step 232 action 1: resident=37811 accessed=6337 reused=6128 not_reused=209 (12.8s)
  call 232 step 233 action 1: resident=37811 accessed=6319 reused=6110 not_reused=209 (12.8s)
  call 233 step 234 action 1: resident=37811 accessed=6311 reused=6102 not_reused=209 (12.9s)
  call 234 step 235 action 1: resident=37811 accessed=6333 reused=6124 not_reused=209 (12.8s)
  call 235 step 236 action 1: resident=37811 accessed=6302 reused=6093 not_reused=209 (12.8s)
  call 236 step 237 action 1: resident=37811 accessed=6326 reused=6117 not_reused=209 (12.8s)
  call 237 step 238 action 1: resident=37811 accessed=6282 reused=6073 not_reused=209 (12.8s)
  call 238 step 239 action 1: resident=37811 accessed=6299 reused=6090 not_reused=209 (12.8s)
  call 239 step 240 action 1: resident=37811 accessed=6291 reused=6082 not_reused=209 (12.9s)
  call 240 step 241 action 1: resident=37811 accessed=6323 reused=6114 not_reused=209 (12.9s)
  call 241 step 242 action 1: resident=37811 accessed=6310 reused=6101 not_reused=209 (12.8s)
  call 242 step 243 action 1: resident=37811 accessed=6319 reused=6110 not_reused=209 (12.8s)
  call 243 step 244 action 1: resident=37811 accessed=6326 reused=6117 not_reused=209 (12.9s)
  call 244 step 245 action 1: resident=37811 accessed=6295 reused=6086 not_reused=209 (12.8s)
  call 245 step 246 action 1: resident=37811 accessed=6312 reused=6103 not_reused=209 (12.8s)
  call 246 step 247 action 1: resident=37811 accessed=6299 reused=6090 not_reused=209 (12.8s)
  call 247 step 248 action 1: resident=37811 accessed=6312 reused=6103 not_reused=209 (12.8s)
  call 248 step 249 action 1: resident=37811 accessed=6311 reused=6102 not_reused=209 (12.8s)
  call 249 step 250 action 1: resident=37811 accessed=6341 reused=6132 not_reused=209 (12.7s)
[17/58] django__django-11740: steps=249 reused=0.9505570646318958 not_reused=0.049442935368104166 err=None
[18/58] django__django-11749
  call 0 step 0 action 0: resident=639 accessed=0 reused=0 not_reused=0 (3.4s)
  call 1 step 1 action 1: resident=10073 accessed=9957 reused=0 not_reused=9957 (3.5s)
  call 2 step 1 action 2: resident=10073 accessed=7962 reused=7942 not_reused=20 (5.6s)
  call 3 step 2 action 1: resident=10073 accessed=7943 reused=7942 not_reused=1 (5.7s)
  call 4 step 3 action 1: resident=10082 accessed=3184 reused=3175 not_reused=9 (5.6s)
  call 5 step 3 action 2: resident=10082 accessed=3188 reused=3186 not_reused=2 (5.6s)
  call 6 step 4 action 1: resident=10082 accessed=3182 reused=3182 not_reused=0 (5.6s)
  call 7 step 5 action 1: resident=10099 accessed=3204 reused=3187 not_reused=17 (5.6s)
  call 8 step 6 action 1: resident=10099 accessed=3193 reused=3191 not_reused=2 (5.6s)
  call 9 step 7 action 1: resident=10099 accessed=3246 reused=3246 not_reused=0 (5.6s)
  call 10 step 8 action 1: resident=10099 accessed=7939 reused=7939 not_reused=0 (5.6s)
  call 11 step 9 action 1: resident=10099 accessed=3193 reused=3193 not_reused=0 (5.6s)
  call 12 step 10 action 1: resident=10117 accessed=3179 reused=3160 not_reused=19 (5.6s)
  call 13 step 11 action 1: resident=14350 accessed=7473 reused=3240 not_reused=4233 (5.8s)
  call 14 step 12 action 1: resident=14351 accessed=3120 reused=3119 not_reused=1 (6.0s)
  call 15 step 13 action 1: resident=14351 accessed=5260 reused=5260 not_reused=0 (6.0s)
  call 16 step 14 action 1: resident=14351 accessed=3122 reused=3122 not_reused=0 (6.0s)
  call 17 step 15 action 1: resident=14352 accessed=3205 reused=3204 not_reused=1 (6.0s)
  call 18 step 16 action 1: resident=14352 accessed=3132 reused=3132 not_reused=0 (6.0s)
  call 19 step 17 action 1: resident=14353 accessed=5301 reused=5300 not_reused=1 (6.0s)
  call 20 step 18 action 1: resident=14409 accessed=3221 reused=3165 not_reused=56 (6.0s)
  call 21 step 19 action 1: resident=14465 accessed=3189 reused=3133 not_reused=56 (6.0s)
  call 22 step 20 action 1: resident=14465 accessed=5323 reused=5319 not_reused=4 (6.1s)
  call 23 step 21 action 1: resident=14465 accessed=3127 reused=3127 not_reused=0 (6.1s)
  call 24 step 22 action 1: resident=14465 accessed=5247 reused=5247 not_reused=0 (6.1s)
  call 25 step 23 action 1: resident=14466 accessed=3135 reused=3134 not_reused=1 (6.1s)
  call 26 step 24 action 1: resident=14467 accessed=3152 reused=3151 not_reused=1 (6.0s)
  call 27 step 25 action 1: resident=14468 accessed=5256 reused=5255 not_reused=1 (6.1s)
  call 28 step 26 action 1: resident=17959 accessed=7247 reused=3756 not_reused=3491 (6.7s)
  call 29 step 27 action 1: resident=17959 accessed=3119 reused=3119 not_reused=0 (7.8s)
[18/58] django__django-11749: steps=27 reused=0.8645974590716596 not_reused=0.13540254092834036 err=None
[19/58] django__django-11790
  call 0 step 0 action 0: resident=640 accessed=0 reused=0 not_reused=0 (3.4s)
  call 1 step 1 action 1: resident=10063 accessed=9956 reused=0 not_reused=9956 (4.0s)
  call 2 step 2 action 1: resident=10072 accessed=3188 reused=3167 not_reused=21 (7.3s)
  call 3 step 3 action 1: resident=10072 accessed=7935 reused=7935 not_reused=0 (7.3s)
  call 4 step 4 action 1: resident=10072 accessed=3143 reused=3140 not_reused=3 (7.3s)
  call 5 step 5 action 1: resident=10072 accessed=3154 reused=3154 not_reused=0 (7.3s)
  call 6 step 6 action 1: resident=10072 accessed=3177 reused=3177 not_reused=0 (7.3s)
  call 7 step 7 action 1: resident=10072 accessed=3225 reused=3225 not_reused=0 (7.3s)
  call 8 step 8 action 1: resident=10072 accessed=3200 reused=3200 not_reused=0 (7.3s)
  call 9 step 9 action 1: resident=10072 accessed=3173 reused=3173 not_reused=0 (7.3s)
  call 10 step 10 action 1: resident=10072 accessed=3187 reused=3187 not_reused=0 (7.3s)
  call 11 step 11 action 1: resident=10072 accessed=3179 reused=3179 not_reused=0 (7.3s)
  call 12 step 12 action 1: resident=10072 accessed=3163 reused=3163 not_reused=0 (7.3s)
  call 13 step 13 action 1: resident=10072 accessed=3167 reused=3167 not_reused=0 (7.3s)
  call 14 step 14 action 1: resident=10072 accessed=3209 reused=3209 not_reused=0 (7.3s)
  call 15 step 15 action 1: resident=10072 accessed=3187 reused=3187 not_reused=0 (7.3s)
  call 16 step 16 action 1: resident=10072 accessed=3225 reused=3225 not_reused=0 (7.3s)
  call 17 step 17 action 1: resident=10072 accessed=3196 reused=3196 not_reused=0 (7.3s)
  call 18 step 19 action 1: resident=10072 accessed=3176 reused=3176 not_reused=0 (7.3s)
  call 19 step 21 action 1: resident=10072 accessed=3192 reused=3192 not_reused=0 (7.3s)
[19/58] django__django-11790: steps=19 reused=0.8614504664593514 not_reused=0.1385495335406486 err=None
[20/58] django__django-11815
  call 0 step 0 action 0: resident=640 accessed=0 reused=0 not_reused=0 (3.6s)
  call 1 step 1 action 1: resident=5231 accessed=5110 reused=0 not_reused=5110 (3.1s)
  call 2 step 1 action 2: resident=5462 accessed=3404 reused=3151 not_reused=253 (4.8s)
  call 3 step 1 action 3: resident=5462 accessed=3332 reused=3331 not_reused=1 (4.8s)
  call 4 step 2 action 1: resident=5474 accessed=3126 reused=3112 not_reused=14 (4.8s)
  call 5 step 2 action 2: resident=5478 accessed=3127 reused=3121 not_reused=6 (4.8s)
  call 6 step 2 action 3: resident=5479 accessed=3122 reused=3121 not_reused=1 (4.8s)
  call 7 step 3 action 1: resident=5546 accessed=3262 reused=3195 not_reused=67 (4.8s)
  call 8 step 4 action 1: resident=5546 accessed=3186 reused=3186 not_reused=0 (4.8s)
  call 9 step 5 action 1: resident=5546 accessed=3192 reused=3191 not_reused=1 (4.8s)
  call 10 step 6 action 1: resident=5546 accessed=3136 reused=3136 not_reused=0 (4.8s)
  call 11 step 7 action 1: resident=6847 accessed=4395 reused=3094 not_reused=1301 (5.0s)
  call 12 step 8 action 1: resident=6936 accessed=3275 reused=3185 not_reused=90 (5.2s)
  call 13 step 9 action 1: resident=6936 accessed=3078 reused=3078 not_reused=0 (5.3s)
  call 14 step 10 action 1: resident=6936 accessed=3772 reused=3772 not_reused=0 (5.3s)
  call 15 step 11 action 1: resident=10909 accessed=7146 reused=3173 not_reused=3973 (5.5s)
  call 16 step 12 action 1: resident=10909 accessed=3116 reused=3116 not_reused=0 (5.9s)
  call 17 step 13 action 1: resident=10907 accessed=3189 reused=3189 not_reused=0 (6.0s)
  call 18 step 14 action 1: resident=10907 accessed=3145 reused=3145 not_reused=0 (5.9s)
  call 19 step 15 action 1: resident=11028 accessed=3907 reused=3786 not_reused=121 (6.0s)
  call 20 step 16 action 1: resident=11028 accessed=3112 reused=3112 not_reused=0 (6.0s)
  call 21 step 17 action 1: resident=11028 accessed=3810 reused=3809 not_reused=1 (6.0s)
  call 22 step 18 action 1: resident=11028 accessed=3159 reused=3159 not_reused=0 (6.0s)
  call 23 step 19 action 1: resident=11028 accessed=3096 reused=3096 not_reused=0 (6.0s)
  call 24 step 20 action 1: resident=11028 accessed=3801 reused=3801 not_reused=0 (6.0s)
  call 25 step 21 action 1: resident=11028 accessed=3206 reused=3206 not_reused=0 (6.0s)
  call 26 step 22 action 1: resident=11032 accessed=3295 reused=3287 not_reused=8 (6.0s)
  call 27 step 23 action 1: resident=11032 accessed=3169 reused=3169 not_reused=0 (6.0s)
  call 28 step 24 action 1: resident=11032 accessed=3783 reused=3783 not_reused=0 (6.0s)
  call 29 step 25 action 1: resident=11491 accessed=4527 reused=4065 not_reused=462 (6.0s)
  call 30 step 26 action 1: resident=11491 accessed=3133 reused=3133 not_reused=0 (6.0s)
  call 31 step 27 action 1: resident=11491 accessed=3114 reused=3114 not_reused=0 (6.0s)
[20/58] django__django-11815: steps=27 reused=0.8964935359491948 not_reused=0.10350646405080517 err=None
[21/58] django__django-11820
  call 0 step 0 action 0: resident=638 accessed=0 reused=0 not_reused=0 (3.5s)
  call 1 step 1 action 1: resident=5426 accessed=5327 reused=0 not_reused=5327 (2.9s)
  call 2 step 1 action 2: resident=5426 accessed=3353 reused=3352 not_reused=1 (4.5s)
  call 3 step 1 action 3: resident=5426 accessed=3295 reused=3295 not_reused=0 (4.5s)
  call 4 step 2 action 1: resident=10051 accessed=7980 reused=3352 not_reused=4628 (5.2s)
  call 5 step 3 action 1: resident=10051 accessed=3206 reused=3206 not_reused=0 (6.1s)
  call 6 step 4 action 1: resident=10060 accessed=3182 reused=3171 not_reused=11 (6.1s)
  call 7 step 5 action 1: resident=10094 accessed=3202 reused=3168 not_reused=34 (6.0s)
  call 8 step 6 action 1: resident=10094 accessed=3223 reused=3223 not_reused=0 (6.0s)
  call 9 step 7 action 1: resident=10094 accessed=3104 reused=3101 not_reused=3 (6.1s)
  call 10 step 8 action 1: resident=10094 accessed=3197 reused=3197 not_reused=0 (6.0s)
  call 11 step 9 action 1: resident=10094 accessed=3177 reused=3177 not_reused=0 (6.1s)
  call 12 step 10 action 1: resident=10193 accessed=3316 reused=3217 not_reused=99 (6.1s)
  call 13 step 11 action 1: resident=10193 accessed=3090 reused=3089 not_reused=1 (6.1s)
  call 14 step 12 action 1: resident=11586 accessed=4673 reused=3280 not_reused=1393 (6.2s)
  call 15 step 13 action 1: resident=11619 accessed=3171 reused=3138 not_reused=33 (6.4s)
  call 16 step 14 action 1: resident=11619 accessed=4004 reused=4004 not_reused=0 (6.4s)
  call 17 step 15 action 1: resident=11619 accessed=3168 reused=3168 not_reused=0 (6.4s)
  call 18 step 16 action 1: resident=11620 accessed=3118 reused=3117 not_reused=1 (6.4s)
  call 19 step 17 action 1: resident=15887 accessed=8550 reused=4283 not_reused=4267 (6.7s)
  call 20 step 18 action 1: resident=15887 accessed=3306 reused=3306 not_reused=0 (7.0s)
  call 21 step 19 action 1: resident=15887 accessed=3935 reused=3935 not_reused=0 (7.0s)
  call 22 step 20 action 1: resident=15887 accessed=3182 reused=3182 not_reused=0 (7.0s)
  call 23 step 21 action 1: resident=15887 accessed=3948 reused=3948 not_reused=0 (7.0s)
  call 24 step 22 action 1: resident=15887 accessed=3197 reused=3197 not_reused=0 (7.0s)
  call 25 step 23 action 1: resident=15931 accessed=6314 reused=6270 not_reused=44 (7.0s)
  call 26 step 24 action 1: resident=15931 accessed=3114 reused=3114 not_reused=0 (7.0s)
  call 27 step 25 action 1: resident=16650 accessed=7130 reused=6411 not_reused=719 (7.1s)
  call 28 step 26 action 1: resident=16650 accessed=3131 reused=3131 not_reused=0 (7.1s)
  call 29 step 27 action 1: resident=17192 accessed=7380 reused=6838 not_reused=542 (7.1s)
  call 30 step 28 action 1: resident=20201 accessed=6766 reused=3757 not_reused=3009 (7.3s)
  call 31 step 29 action 1: resident=20201 accessed=3139 reused=3139 not_reused=0 (7.5s)
  call 32 step 30 action 1: resident=20201 accessed=3125 reused=3125 not_reused=0 (7.5s)
[21/58] django__django-11820: steps=30 reused=0.8487853657436298 not_reused=0.15121463425637016 err=None
[22/58] django__django-11848
  call 0 step 0 action 0: resident=640 accessed=0 reused=0 not_reused=0 (3.7s)
  call 1 step 2 action 1: resident=5231 accessed=5115 reused=0 not_reused=5115 (3.1s)
  call 2 step 3 action 1: resident=5245 accessed=3144 reused=3116 not_reused=28 (4.7s)
  call 3 step 4 action 1: resident=5407 accessed=3272 reused=3106 not_reused=166 (4.7s)
  call 4 step 5 action 1: resident=5444 accessed=3219 reused=3179 not_reused=40 (4.8s)
  call 5 step 6 action 1: resident=5444 accessed=3212 reused=3211 not_reused=1 (4.8s)
  call 6 step 7 action 1: resident=6746 accessed=4401 reused=3099 not_reused=1302 (5.0s)
  call 7 step 8 action 1: resident=9484 accessed=6590 reused=3851 not_reused=2739 (5.6s)
  call 8 step 9 action 1: resident=9484 accessed=5153 reused=5153 not_reused=0 (6.1s)
  call 9 step 10 action 1: resident=9484 accessed=3077 reused=3077 not_reused=0 (6.1s)
  call 10 step 11 action 1: resident=9484 accessed=3120 reused=3119 not_reused=1 (6.1s)
  call 11 step 13 action 1: resident=9484 accessed=3185 reused=3185 not_reused=0 (6.1s)
  call 12 step 14 action 1: resident=9526 accessed=3237 reused=3195 not_reused=42 (6.1s)
  call 13 step 15 action 1: resident=9526 accessed=4389 reused=4389 not_reused=0 (6.1s)
  call 14 step 16 action 1: resident=9562 accessed=3238 reused=3202 not_reused=36 (6.1s)
  call 15 step 17 action 1: resident=9563 accessed=3912 reused=3911 not_reused=1 (6.1s)
  call 16 step 18 action 1: resident=9563 accessed=4371 reused=4371 not_reused=0 (6.1s)
  call 17 step 19 action 1: resident=9574 accessed=3120 reused=3109 not_reused=11 (6.1s)
  call 18 step 20 action 1: resident=9591 accessed=3237 reused=3219 not_reused=18 (6.1s)
  call 19 step 21 action 1: resident=9591 accessed=3166 reused=3166 not_reused=0 (6.1s)
  call 20 step 22 action 1: resident=9592 accessed=3196 reused=3195 not_reused=1 (6.1s)
  call 21 step 23 action 1: resident=9592 accessed=3200 reused=3200 not_reused=0 (6.1s)
  call 22 step 24 action 1: resident=9591 accessed=3289 reused=3289 not_reused=0 (6.1s)
  call 23 step 25 action 1: resident=9591 accessed=3180 reused=3180 not_reused=0 (6.1s)
  call 24 step 26 action 1: resident=9591 accessed=3210 reused=3209 not_reused=1 (6.1s)
  call 25 step 27 action 1: resident=10570 accessed=4072 reused=3092 not_reused=980 (6.2s)
  call 26 step 28 action 1: resident=10572 accessed=3872 reused=3870 not_reused=2 (6.3s)
  call 27 step 29 action 1: resident=10572 accessed=3200 reused=3200 not_reused=0 (6.3s)
  call 28 step 30 action 1: resident=10572 accessed=3152 reused=3152 not_reused=0 (6.3s)
  call 29 step 31 action 1: resident=10587 accessed=3375 reused=3359 not_reused=16 (6.3s)
  call 30 step 32 action 1: resident=10587 accessed=3200 reused=3200 not_reused=0 (6.3s)
  call 31 step 33 action 1: resident=10587 accessed=3279 reused=3277 not_reused=2 (6.3s)
  call 32 step 34 action 1: resident=10587 accessed=3169 reused=3169 not_reused=0 (6.3s)
  call 33 step 35 action 1: resident=10587 accessed=3192 reused=3192 not_reused=0 (6.3s)
  call 34 step 36 action 1: resident=10584 accessed=5108 reused=5107 not_reused=1 (6.3s)
  call 35 step 37 action 1: resident=10584 accessed=5127 reused=5127 not_reused=0 (6.3s)
  call 36 step 38 action 1: resident=10584 accessed=5069 reused=5069 not_reused=0 (6.3s)
  call 37 step 39 action 1: resident=10584 accessed=3191 reused=3191 not_reused=0 (6.3s)
  call 38 step 40 action 1: resident=10584 accessed=5067 reused=5067 not_reused=0 (6.4s)
  call 39 step 41 action 1: resident=10584 accessed=3150 reused=3150 not_reused=0 (6.3s)
  call 40 step 42 action 1: resident=10584 accessed=3132 reused=3132 not_reused=0 (6.3s)
  call 41 step 43 action 1: resident=10584 accessed=3328 reused=3328 not_reused=0 (6.3s)
  call 42 step 44 action 1: resident=10584 accessed=3174 reused=3174 not_reused=0 (6.3s)
  call 43 step 45 action 1: resident=10584 accessed=3124 reused=3124 not_reused=0 (6.3s)
  call 44 step 46 action 1: resident=10584 accessed=3220 reused=3220 not_reused=0 (6.3s)
  call 45 step 47 action 1: resident=10584 accessed=3132 reused=3132 not_reused=0 (6.3s)
  call 46 step 48 action 1: resident=10584 accessed=3265 reused=3264 not_reused=1 (6.3s)
  call 47 step 49 action 1: resident=10584 accessed=3120 reused=3120 not_reused=0 (6.3s)
  call 48 step 50 action 1: resident=10584 accessed=3190 reused=3190 not_reused=0 (6.3s)
  call 49 step 51 action 1: resident=10584 accessed=3137 reused=3137 not_reused=0 (6.3s)
  call 50 step 52 action 1: resident=10584 accessed=3286 reused=3286 not_reused=0 (6.3s)
  call 51 step 53 action 1: resident=10584 accessed=3117 reused=3117 not_reused=0 (6.3s)
  call 52 step 54 action 1: resident=10584 accessed=3080 reused=3080 not_reused=0 (6.3s)
  call 53 step 55 action 1: resident=10587 accessed=3115 reused=3112 not_reused=3 (6.3s)
  call 54 step 56 action 1: resident=10589 accessed=5070 reused=5067 not_reused=3 (6.3s)
  call 55 step 57 action 1: resident=13568 accessed=6757 reused=3778 not_reused=2979 (6.5s)
  call 56 step 58 action 1: resident=13568 accessed=3097 reused=3097 not_reused=0 (6.8s)
  call 57 step 59 action 1: resident=14161 accessed=4833 reused=4236 not_reused=597 (6.8s)
  call 58 step 60 action 1: resident=14161 accessed=3118 reused=3118 not_reused=0 (6.9s)
  call 59 step 61 action 1: resident=14157 accessed=4120 reused=4120 not_reused=0 (6.9s)
  call 60 step 62 action 1: resident=14157 accessed=3118 reused=3118 not_reused=0 (6.9s)
  call 61 step 63 action 1: resident=14157 accessed=3115 reused=3115 not_reused=0 (6.9s)
  call 62 step 64 action 1: resident=14157 accessed=3141 reused=3141 not_reused=0 (6.9s)
  call 63 step 65 action 1: resident=14157 accessed=4130 reused=4130 not_reused=0 (6.9s)
  call 64 step 66 action 1: resident=14157 accessed=3140 reused=3140 not_reused=0 (6.8s)
  call 65 step 67 action 1: resident=14157 accessed=3124 reused=3124 not_reused=0 (6.8s)
  call 66 step 68 action 1: resident=14157 accessed=3101 reused=3101 not_reused=0 (6.9s)
  call 67 step 69 action 1: resident=14157 accessed=3114 reused=3114 not_reused=0 (6.9s)
[22/58] django__django-11848: steps=67 reused=0.9419980729162377 not_reused=0.05800192708376226 err=None
[23/58] django__django-11880
  call 0 step 0 action 0: resident=639 accessed=0 reused=0 not_reused=0 (3.5s)
  call 1 step 1 action 1: resident=5427 accessed=5304 reused=0 not_reused=5304 (2.6s)
  call 2 step 2 action 1: resident=5447 accessed=3196 reused=3169 not_reused=27 (3.6s)
  call 3 step 3 action 1: resident=5458 accessed=3190 reused=3178 not_reused=12 (3.6s)
  call 4 step 5 action 1: resident=5458 accessed=3212 reused=3195 not_reused=17 (3.6s)
  call 5 step 6 action 1: resident=5458 accessed=3216 reused=3216 not_reused=0 (3.6s)
  call 6 step 7 action 1: resident=5459 accessed=3103 reused=3101 not_reused=2 (3.6s)
  call 7 step 8 action 1: resident=6760 accessed=4450 reused=3148 not_reused=1302 (3.7s)
  call 8 step 9 action 1: resident=6760 accessed=3095 reused=3095 not_reused=0 (4.1s)
  call 9 step 10 action 1: resident=6760 accessed=3103 reused=3103 not_reused=0 (4.1s)
  call 10 step 11 action 1: resident=11054 accessed=8159 reused=3865 not_reused=4294 (4.8s)
[23/58] django__django-11880: steps=10 reused=0.7262416308583991 not_reused=0.2737583691416009 err=None
[24/58] django__django-11885
  call 0 step 0 action 0: resident=639 accessed=0 reused=0 not_reused=0 (3.5s)
  call 1 step 1 action 1: resident=5230 accessed=5117 reused=0 not_reused=5117 (2.9s)
  call 2 step 1 action 2: resident=5486 accessed=3417 reused=3142 not_reused=275 (4.5s)
  call 3 step 2 action 1: resident=5486 accessed=3309 reused=3306 not_reused=3 (4.6s)
  call 4 step 3 action 1: resident=5720 accessed=3604 reused=3370 not_reused=234 (4.7s)
  call 5 step 4 action 1: resident=5729 accessed=3149 reused=3140 not_reused=9 (4.8s)
  call 6 step 5 action 1: resident=5729 accessed=3206 reused=3206 not_reused=0 (4.8s)
  call 7 step 6 action 1: resident=5729 accessed=3383 reused=3383 not_reused=0 (4.8s)
  call 8 step 7 action 1: resident=5729 accessed=3179 reused=3179 not_reused=0 (4.7s)
  call 9 step 8 action 1: resident=5729 accessed=3361 reused=3361 not_reused=0 (4.8s)
  call 10 step 9 action 1: resident=5729 accessed=3191 reused=3191 not_reused=0 (4.8s)
  call 11 step 10 action 1: resident=5730 accessed=3130 reused=3129 not_reused=1 (4.8s)
  call 12 step 11 action 1: resident=5813 accessed=3239 reused=3156 not_reused=83 (4.8s)
  call 13 step 12 action 1: resident=5815 accessed=3139 reused=3137 not_reused=2 (4.8s)
  call 14 step 13 action 1: resident=7116 accessed=4420 reused=3119 not_reused=1301 (5.1s)
  call 15 step 14 action 1: resident=7116 accessed=3104 reused=3103 not_reused=1 (5.6s)
  call 16 step 15 action 1: resident=7188 accessed=3840 reused=3768 not_reused=72 (5.6s)
  call 17 step 16 action 1: resident=7188 accessed=3189 reused=3189 not_reused=0 (5.6s)
  call 18 step 17 action 1: resident=7188 accessed=3124 reused=3124 not_reused=0 (5.6s)
  call 19 step 18 action 1: resident=7192 accessed=3875 reused=3871 not_reused=4 (5.6s)
  call 20 step 19 action 1: resident=7194 accessed=3128 reused=3126 not_reused=2 (5.6s)
  call 21 step 20 action 1: resident=7194 accessed=3182 reused=3180 not_reused=2 (5.6s)
  call 22 step 21 action 1: resident=7194 accessed=3851 reused=3851 not_reused=0 (5.6s)
  call 23 step 22 action 1: resident=7194 accessed=3200 reused=3200 not_reused=0 (5.6s)
  call 24 step 23 action 1: resident=7194 accessed=3121 reused=3121 not_reused=0 (5.6s)
  call 25 step 24 action 1: resident=7194 accessed=3867 reused=3867 not_reused=0 (5.6s)
  call 26 step 25 action 1: resident=7194 accessed=3153 reused=3153 not_reused=0 (5.6s)
  call 27 step 26 action 1: resident=7194 accessed=3190 reused=3190 not_reused=0 (5.6s)
  call 28 step 27 action 1: resident=7194 accessed=3196 reused=3196 not_reused=0 (5.6s)
  call 29 step 28 action 1: resident=7194 accessed=3212 reused=3212 not_reused=0 (5.6s)
  call 30 step 29 action 1: resident=7194 accessed=3298 reused=3298 not_reused=0 (5.6s)
  call 31 step 30 action 1: resident=7194 accessed=3203 reused=3203 not_reused=0 (5.6s)
  call 32 step 31 action 1: resident=7195 accessed=3124 reused=3123 not_reused=1 (5.6s)
  call 33 step 32 action 1: resident=7196 accessed=3211 reused=3206 not_reused=5 (5.6s)
  call 34 step 33 action 1: resident=7196 accessed=3231 reused=3231 not_reused=0 (5.6s)
  call 35 step 34 action 1: resident=11593 accessed=7550 reused=3153 not_reused=4397 (6.2s)
  call 36 step 35 action 1: resident=11593 accessed=3134 reused=3134 not_reused=0 (7.1s)
  call 37 step 36 action 1: resident=12188 accessed=5508 reused=4908 not_reused=600 (7.2s)
  call 38 step 37 action 1: resident=12190 accessed=4120 reused=3922 not_reused=198 (7.3s)
  call 39 step 38 action 1: resident=12191 accessed=3153 reused=3152 not_reused=1 (7.3s)
  call 40 step 39 action 1: resident=12195 accessed=3723 reused=3719 not_reused=4 (7.3s)
  call 41 step 40 action 1: resident=12195 accessed=4170 reused=3978 not_reused=192 (7.3s)
  call 42 step 41 action 1: resident=12197 accessed=4034 reused=3840 not_reused=194 (7.3s)
  call 43 step 42 action 1: resident=12200 accessed=3118 reused=3115 not_reused=3 (7.3s)
  call 44 step 43 action 1: resident=12231 accessed=4163 reused=4128 not_reused=35 (7.3s)
  call 45 step 44 action 1: resident=12231 accessed=3129 reused=3129 not_reused=0 (7.3s)
  call 46 step 45 action 1: resident=12231 accessed=3123 reused=3123 not_reused=0 (7.3s)
[24/58] django__django-11885: steps=45 reused=0.9223736499500207 not_reused=0.07762635004997928 err=None
[25/58] django__django-11951
  call 0 step 0 action 0: resident=639 accessed=0 reused=0 not_reused=0 (3.5s)
  call 1 step 1 action 1: resident=5427 accessed=5332 reused=0 not_reused=5332 (2.9s)
  call 2 step 2 action 1: resident=5447 accessed=3211 reused=3191 not_reused=20 (4.5s)
  call 3 step 2 action 2: resident=5447 accessed=3189 reused=3188 not_reused=1 (4.5s)
  call 4 step 3 action 1: resident=5447 accessed=3181 reused=3181 not_reused=0 (4.4s)
  call 5 step 3 action 2: resident=5447 accessed=3197 reused=3197 not_reused=0 (4.5s)
  call 6 step 4 action 1: resident=5447 accessed=3209 reused=3206 not_reused=3 (4.4s)
  call 7 step 5 action 1: resident=12200 accessed=9961 reused=3208 not_reused=6753 (5.3s)
  call 8 step 6 action 1: resident=12257 accessed=3216 reused=3159 not_reused=57 (6.3s)
  call 9 step 7 action 1: resident=12257 accessed=3214 reused=3214 not_reused=0 (6.3s)
  call 10 step 8 action 1: resident=12257 accessed=3210 reused=3210 not_reused=0 (6.3s)
  call 11 step 9 action 1: resident=16125 accessed=7036 reused=3168 not_reused=3868 (6.5s)
  call 12 step 10 action 1: resident=16134 accessed=3134 reused=3125 not_reused=9 (6.8s)
  call 13 step 13 action 1: resident=16134 accessed=3105 reused=3105 not_reused=0 (6.8s)
[25/58] django__django-11951: steps=11 reused=0.7039763815850171 not_reused=0.2960236184149829 err=None
[26/58] django__django-11964
  call 0 step 0 action 0: resident=640 accessed=0 reused=0 not_reused=0 (3.6s)
  call 1 step 1 action 1: resident=5231 accessed=5121 reused=0 not_reused=5121 (3.0s)
  call 2 step 2 action 1: resident=5462 accessed=3415 reused=3178 not_reused=237 (4.7s)
  call 3 step 3 action 1: resident=5462 accessed=3198 reused=3196 not_reused=2 (4.8s)
  call 4 step 4 action 1: resident=5472 accessed=3091 reused=3079 not_reused=12 (4.8s)
  call 5 step 5 action 1: resident=5472 accessed=3243 reused=3236 not_reused=7 (4.8s)
  call 6 step 6 action 1: resident=5494 accessed=3206 reused=3184 not_reused=22 (4.7s)
  call 7 step 7 action 1: resident=5494 accessed=3193 reused=3193 not_reused=0 (4.8s)
  call 8 step 8 action 1: resident=5494 accessed=3190 reused=3190 not_reused=0 (4.8s)
  call 9 step 9 action 1: resident=5494 accessed=3194 reused=3194 not_reused=0 (4.8s)
  call 10 step 10 action 1: resident=5537 accessed=3392 reused=3349 not_reused=43 (4.8s)
  call 11 step 11 action 1: resident=5537 accessed=3213 reused=3213 not_reused=0 (4.8s)
  call 12 step 12 action 1: resident=5537 accessed=3179 reused=3179 not_reused=0 (4.8s)
  call 13 step 13 action 1: resident=5537 accessed=3192 reused=3190 not_reused=2 (4.8s)
  call 14 step 14 action 1: resident=5537 accessed=3420 reused=3420 not_reused=0 (4.8s)
  call 15 step 15 action 1: resident=5548 accessed=3237 reused=3226 not_reused=11 (4.8s)
  call 16 step 16 action 1: resident=5548 accessed=3220 reused=3220 not_reused=0 (4.8s)
  call 17 step 17 action 1: resident=5548 accessed=3227 reused=3227 not_reused=0 (4.8s)
  call 18 step 18 action 1: resident=5548 accessed=3193 reused=3193 not_reused=0 (4.8s)
  call 19 step 19 action 1: resident=5549 accessed=3110 reused=3109 not_reused=1 (4.8s)
  call 20 step 20 action 1: resident=11587 accessed=9286 reused=3248 not_reused=6038 (5.8s)
  call 21 step 21 action 1: resident=11587 accessed=3123 reused=3123 not_reused=0 (7.6s)
  call 22 step 22 action 1: resident=13124 accessed=7819 reused=6282 not_reused=1537 (7.8s)
  call 23 step 23 action 1: resident=13124 accessed=3104 reused=3104 not_reused=0 (8.0s)
  call 24 step 24 action 1: resident=13248 accessed=3299 reused=3175 not_reused=124 (8.0s)
  call 25 step 25 action 1: resident=13249 accessed=6995 reused=6976 not_reused=19 (8.0s)
  call 26 step 26 action 1: resident=13249 accessed=3095 reused=3095 not_reused=0 (8.0s)
  call 27 step 27 action 1: resident=13278 accessed=7277 reused=7248 not_reused=29 (8.0s)
  call 28 step 28 action 1: resident=13278 accessed=3115 reused=3115 not_reused=0 (8.0s)
  call 29 step 29 action 1: resident=13278 accessed=7161 reused=7161 not_reused=0 (8.0s)
  call 30 step 30 action 1: resident=13278 accessed=3206 reused=3206 not_reused=0 (8.0s)
  call 31 step 31 action 1: resident=13278 accessed=3203 reused=3203 not_reused=0 (8.0s)
  call 32 step 32 action 1: resident=13278 accessed=3215 reused=3215 not_reused=0 (8.0s)
  call 33 step 33 action 1: resident=13303 accessed=3297 reused=3249 not_reused=48 (8.0s)
  call 34 step 34 action 1: resident=13330 accessed=3318 reused=3266 not_reused=52 (8.0s)
  call 35 step 35 action 1: resident=13330 accessed=5295 reused=5295 not_reused=0 (8.0s)
  call 36 step 36 action 1: resident=13358 accessed=3300 reused=3245 not_reused=55 (8.0s)
  call 37 step 37 action 1: resident=13358 accessed=5317 reused=5317 not_reused=0 (8.0s)
  call 38 step 38 action 1: resident=13386 accessed=3323 reused=3267 not_reused=56 (8.0s)
  call 39 step 39 action 1: resident=13386 accessed=5276 reused=5276 not_reused=0 (8.0s)
  call 40 step 40 action 1: resident=13387 accessed=3125 reused=3124 not_reused=1 (8.0s)
  call 41 step 41 action 1: resident=13388 accessed=3135 reused=3134 not_reused=1 (8.0s)
  call 42 step 42 action 1: resident=13389 accessed=3904 reused=3903 not_reused=1 (8.0s)
  call 43 step 43 action 1: resident=13389 accessed=3094 reused=3094 not_reused=0 (8.0s)
  call 44 step 44 action 1: resident=13389 accessed=5323 reused=5323 not_reused=0 (8.0s)
  call 45 step 45 action 1: resident=13389 accessed=3209 reused=3209 not_reused=0 (8.0s)
  call 46 step 46 action 1: resident=13389 accessed=3117 reused=3117 not_reused=0 (8.0s)
  call 47 step 47 action 1: resident=13368 accessed=3847 reused=3847 not_reused=0 (8.0s)
  call 48 step 48 action 1: resident=13368 accessed=3225 reused=3225 not_reused=0 (8.0s)
  call 49 step 49 action 1: resident=13368 accessed=3106 reused=3106 not_reused=0 (8.0s)
  call 50 step 50 action 1: resident=13368 accessed=3092 reused=3092 not_reused=0 (8.0s)
  call 51 step 51 action 1: resident=13368 accessed=3908 reused=3908 not_reused=0 (8.0s)
  call 52 step 52 action 1: resident=13368 accessed=3210 reused=3210 not_reused=0 (8.0s)
  call 53 step 53 action 1: resident=13368 accessed=3158 reused=3158 not_reused=0 (8.0s)
  call 54 step 54 action 1: resident=13368 accessed=3190 reused=3190 not_reused=0 (8.0s)
  call 55 step 55 action 1: resident=13368 accessed=3216 reused=3216 not_reused=0 (8.0s)
  call 56 step 56 action 1: resident=13368 accessed=3168 reused=3168 not_reused=0 (8.0s)
  call 57 step 57 action 1: resident=13368 accessed=3193 reused=3193 not_reused=0 (8.0s)
  call 58 step 58 action 1: resident=13368 accessed=3174 reused=3174 not_reused=0 (8.0s)
  call 59 step 59 action 1: resident=13368 accessed=3118 reused=3118 not_reused=0 (8.0s)
  call 60 step 60 action 1: resident=13368 accessed=3856 reused=3856 not_reused=0 (8.0s)
  call 61 step 61 action 1: resident=13368 accessed=3196 reused=3196 not_reused=0 (8.0s)
  call 62 step 62 action 1: resident=13368 accessed=3547 reused=3547 not_reused=0 (8.0s)
  call 63 step 63 action 1: resident=13368 accessed=3231 reused=3231 not_reused=0 (8.0s)
  call 64 step 64 action 1: resident=13368 accessed=3115 reused=3115 not_reused=0 (8.0s)
  call 65 step 65 action 1: resident=13368 accessed=3868 reused=3868 not_reused=0 (8.0s)
  call 66 step 66 action 1: resident=13368 accessed=3175 reused=3175 not_reused=0 (8.0s)
  call 67 step 67 action 1: resident=13368 accessed=3198 reused=3198 not_reused=0 (8.0s)
  call 68 step 68 action 1: resident=13368 accessed=5296 reused=5296 not_reused=0 (8.0s)
  call 69 step 69 action 1: resident=13368 accessed=3111 reused=3111 not_reused=0 (8.0s)
  call 70 step 70 action 1: resident=13368 accessed=3885 reused=3885 not_reused=0 (8.0s)
  call 71 step 71 action 1: resident=13368 accessed=3228 reused=3228 not_reused=0 (8.0s)
  call 72 step 72 action 1: resident=13368 accessed=5276 reused=5276 not_reused=0 (8.0s)
  call 73 step 73 action 1: resident=13368 accessed=3231 reused=3224 not_reused=7 (8.0s)
  call 74 step 74 action 1: resident=13368 accessed=5313 reused=5313 not_reused=0 (8.0s)
  call 75 step 75 action 1: resident=13369 accessed=3133 reused=3132 not_reused=1 (8.0s)
  call 76 step 76 action 1: resident=13369 accessed=3773 reused=3773 not_reused=0 (8.0s)
  call 77 step 77 action 1: resident=13369 accessed=3144 reused=3144 not_reused=0 (8.0s)
  call 78 step 78 action 1: resident=13369 accessed=3854 reused=3854 not_reused=0 (8.0s)
  call 79 step 79 action 1: resident=13369 accessed=5234 reused=5234 not_reused=0 (8.0s)
  call 80 step 80 action 1: resident=13369 accessed=3185 reused=3185 not_reused=0 (8.0s)
  call 81 step 81 action 1: resident=13369 accessed=3177 reused=3177 not_reused=0 (8.0s)
  call 82 step 82 action 1: resident=13384 accessed=3282 reused=3267 not_reused=15 (8.0s)
  call 83 step 83 action 1: resident=13385 accessed=3094 reused=3093 not_reused=1 (8.0s)
  call 84 step 84 action 1: resident=13385 accessed=3784 reused=3784 not_reused=0 (8.0s)
  call 85 step 85 action 1: resident=13385 accessed=3129 reused=3129 not_reused=0 (8.0s)
  call 86 step 86 action 1: resident=13385 accessed=3811 reused=3811 not_reused=0 (8.0s)
  call 87 step 87 action 1: resident=13387 accessed=6809 reused=6788 not_reused=21 (8.0s)
  call 88 step 88 action 1: resident=13387 accessed=3224 reused=3224 not_reused=0 (8.0s)
  call 89 step 89 action 1: resident=13387 accessed=3209 reused=3209 not_reused=0 (8.0s)
  call 90 step 90 action 1: resident=13387 accessed=3099 reused=3099 not_reused=0 (8.0s)
  call 91 step 91 action 1: resident=13387 accessed=3809 reused=3809 not_reused=0 (8.0s)
  call 92 step 92 action 1: resident=13387 accessed=6835 reused=6817 not_reused=18 (8.0s)
  call 93 step 93 action 1: resident=13387 accessed=3204 reused=3204 not_reused=0 (8.0s)
  call 94 step 94 action 1: resident=13387 accessed=3273 reused=3273 not_reused=0 (8.0s)
  call 95 step 95 action 1: resident=13387 accessed=3203 reused=3203 not_reused=0 (8.0s)
  call 96 step 96 action 1: resident=13387 accessed=3198 reused=3176 not_reused=22 (8.0s)
  call 97 step 97 action 1: resident=13387 accessed=5280 reused=5280 not_reused=0 (8.0s)
  call 98 step 98 action 1: resident=13387 accessed=3299 reused=3277 not_reused=22 (8.0s)
  call 99 step 99 action 1: resident=13387 accessed=3226 reused=3226 not_reused=0 (8.0s)
  call 100 step 100 action 1: resident=13387 accessed=5284 reused=5284 not_reused=0 (8.0s)
  call 101 step 101 action 1: resident=13387 accessed=3219 reused=3219 not_reused=0 (8.0s)
  call 102 step 102 action 1: resident=13381 accessed=3270 reused=3254 not_reused=16 (8.0s)
  call 103 step 103 action 1: resident=13387 accessed=3321 reused=3315 not_reused=6 (8.0s)
  call 104 step 104 action 1: resident=13387 accessed=3116 reused=3116 not_reused=0 (8.0s)
  call 105 step 105 action 1: resident=13387 accessed=3811 reused=3811 not_reused=0 (8.0s)
  call 106 step 106 action 1: resident=13387 accessed=3207 reused=3207 not_reused=0 (8.0s)
  call 107 step 107 action 1: resident=13387 accessed=3091 reused=3091 not_reused=0 (8.0s)
  call 108 step 108 action 1: resident=13387 accessed=3794 reused=3794 not_reused=0 (8.0s)
  call 109 step 109 action 1: resident=13387 accessed=3228 reused=3228 not_reused=0 (8.0s)
  call 110 step 110 action 1: resident=13387 accessed=3283 reused=3283 not_reused=0 (8.0s)
  call 111 step 111 action 1: resident=13387 accessed=3286 reused=3286 not_reused=0 (8.0s)
  call 112 step 113 action 1: resident=13390 accessed=3277 reused=3252 not_reused=25 (8.0s)
  call 113 step 114 action 1: resident=13390 accessed=3189 reused=3189 not_reused=0 (8.0s)
  call 114 step 115 action 1: resident=13387 accessed=3276 reused=3276 not_reused=0 (8.0s)
  call 115 step 116 action 1: resident=13460 accessed=3341 reused=3246 not_reused=95 (8.0s)
  call 116 step 117 action 1: resident=13460 accessed=3223 reused=3223 not_reused=0 (8.1s)
  call 117 step 118 action 1: resident=13460 accessed=3324 reused=3302 not_reused=22 (8.1s)
  call 118 step 119 action 1: resident=13460 accessed=3185 reused=3185 not_reused=0 (8.1s)
  call 119 step 120 action 1: resident=13460 accessed=3099 reused=3099 not_reused=0 (8.1s)
  call 120 step 121 action 1: resident=13460 accessed=3809 reused=3809 not_reused=0 (8.0s)
  call 121 step 122 action 1: resident=13460 accessed=3220 reused=3220 not_reused=0 (8.0s)
  call 122 step 123 action 1: resident=13460 accessed=3121 reused=3121 not_reused=0 (8.0s)
  call 123 step 124 action 1: resident=13460 accessed=3814 reused=3814 not_reused=0 (8.0s)
  call 124 step 125 action 1: resident=13460 accessed=3227 reused=3227 not_reused=0 (8.0s)
  call 125 step 126 action 1: resident=13460 accessed=3146 reused=3146 not_reused=0 (8.0s)
  call 126 step 127 action 1: resident=13460 accessed=3847 reused=3847 not_reused=0 (8.0s)
  call 127 step 128 action 1: resident=13460 accessed=3241 reused=3241 not_reused=0 (8.0s)
  call 128 step 129 action 1: resident=13460 accessed=3112 reused=3112 not_reused=0 (8.0s)
  call 129 step 130 action 1: resident=13460 accessed=3799 reused=3799 not_reused=0 (8.0s)
  call 130 step 131 action 1: resident=13460 accessed=3212 reused=3212 not_reused=0 (8.0s)
  call 131 step 132 action 1: resident=13460 accessed=3093 reused=3093 not_reused=0 (8.0s)
  call 132 step 133 action 1: resident=13461 accessed=3111 reused=3110 not_reused=1 (8.0s)
  call 133 step 134 action 1: resident=13461 accessed=3107 reused=3107 not_reused=0 (8.0s)
  call 134 step 135 action 1: resident=13461 accessed=3083 reused=3083 not_reused=0 (8.0s)
  call 135 step 136 action 1: resident=14440 accessed=4265 reused=3286 not_reused=979 (8.2s)
  call 136 step 137 action 1: resident=14441 accessed=3130 reused=3129 not_reused=1 (8.4s)
  call 137 step 138 action 1: resident=14441 accessed=3873 reused=3873 not_reused=0 (8.4s)
  call 138 step 139 action 1: resident=14441 accessed=3213 reused=3213 not_reused=0 (8.4s)
  call 139 step 140 action 1: resident=14441 accessed=7263 reused=7245 not_reused=18 (8.4s)
  call 140 step 141 action 1: resident=14441 accessed=3134 reused=3134 not_reused=0 (8.4s)
  call 141 step 142 action 1: resident=14441 accessed=7304 reused=7304 not_reused=0 (8.4s)
  call 142 step 143 action 1: resident=14441 accessed=3108 reused=3108 not_reused=0 (8.4s)
  call 143 step 144 action 1: resident=14441 accessed=7243 reused=7243 not_reused=0 (8.4s)
  call 144 step 145 action 1: resident=14441 accessed=3205 reused=3205 not_reused=0 (8.4s)
  call 145 step 146 action 1: resident=14441 accessed=3842 reused=3842 not_reused=0 (8.4s)
  call 146 step 147 action 1: resident=14441 accessed=3135 reused=3135 not_reused=0 (8.4s)
  call 147 step 148 action 1: resident=14441 accessed=3822 reused=3822 not_reused=0 (8.4s)
  call 148 step 149 action 1: resident=14441 accessed=3190 reused=3190 not_reused=0 (8.4s)
  call 149 step 150 action 1: resident=14441 accessed=3187 reused=3187 not_reused=0 (8.4s)
  call 150 step 151 action 1: resident=14441 accessed=3203 reused=3203 not_reused=0 (8.4s)
  call 151 step 152 action 1: resident=14441 accessed=3183 reused=3183 not_reused=0 (8.4s)
  call 152 step 153 action 1: resident=14441 accessed=3199 reused=3199 not_reused=0 (8.4s)
  call 153 step 154 action 1: resident=14441 accessed=3176 reused=3176 not_reused=0 (8.4s)
  call 154 step 155 action 1: resident=14441 accessed=3211 reused=3211 not_reused=0 (8.4s)
  call 155 step 156 action 1: resident=14441 accessed=3121 reused=3121 not_reused=0 (8.4s)
  call 156 step 157 action 1: resident=14441 accessed=7237 reused=7237 not_reused=0 (8.4s)
  call 157 step 158 action 1: resident=14441 accessed=3166 reused=3166 not_reused=0 (8.4s)
  call 158 step 159 action 1: resident=14463 accessed=3285 reused=3241 not_reused=44 (8.4s)
  call 159 step 160 action 1: resident=14463 accessed=7237 reused=7219 not_reused=18 (8.4s)
  call 160 step 161 action 1: resident=14463 accessed=3208 reused=3208 not_reused=0 (8.4s)
  call 161 step 162 action 1: resident=14463 accessed=3218 reused=3218 not_reused=0 (8.4s)
  call 162 step 163 action 1: resident=14463 accessed=3173 reused=3173 not_reused=0 (8.4s)
  call 163 step 164 action 1: resident=14463 accessed=3217 reused=3217 not_reused=0 (8.4s)
  call 164 step 165 action 1: resident=14463 accessed=3198 reused=3198 not_reused=0 (8.4s)
  call 165 step 166 action 1: resident=14463 accessed=3190 reused=3190 not_reused=0 (8.4s)
  call 166 step 167 action 1: resident=14463 accessed=3190 reused=3190 not_reused=0 (8.4s)
  call 167 step 168 action 1: resident=14463 accessed=3373 reused=3373 not_reused=0 (8.4s)
  call 168 step 169 action 1: resident=14463 accessed=3080 reused=3080 not_reused=0 (8.4s)
  call 169 step 170 action 1: resident=14463 accessed=3198 reused=3198 not_reused=0 (8.4s)
  call 170 step 171 action 1: resident=14463 accessed=3193 reused=3193 not_reused=0 (8.4s)
  call 171 step 172 action 1: resident=14463 accessed=3163 reused=3163 not_reused=0 (8.4s)
  call 172 step 173 action 1: resident=14463 accessed=3225 reused=3225 not_reused=0 (8.4s)
  call 173 step 174 action 1: resident=14463 accessed=3191 reused=3191 not_reused=0 (8.4s)
  call 174 step 175 action 1: resident=14463 accessed=3185 reused=3185 not_reused=0 (8.4s)
  call 175 step 176 action 1: resident=14463 accessed=3186 reused=3186 not_reused=0 (8.4s)
  call 176 step 177 action 1: resident=14463 accessed=3179 reused=3179 not_reused=0 (8.4s)
  call 177 step 178 action 1: resident=14463 accessed=3200 reused=3200 not_reused=0 (8.4s)
  call 178 step 179 action 1: resident=14463 accessed=3230 reused=3230 not_reused=0 (8.4s)
  call 179 step 180 action 1: resident=14463 accessed=3192 reused=3192 not_reused=0 (8.4s)
  call 180 step 181 action 1: resident=14463 accessed=3218 reused=3218 not_reused=0 (8.4s)
  call 181 step 182 action 1: resident=14463 accessed=3193 reused=3193 not_reused=0 (8.4s)
  call 182 step 183 action 1: resident=14463 accessed=3190 reused=3190 not_reused=0 (8.4s)
  call 183 step 184 action 1: resident=14463 accessed=3208 reused=3208 not_reused=0 (8.4s)
  call 184 step 185 action 1: resident=14485 accessed=3267 reused=3245 not_reused=22 (8.4s)
  call 185 step 186 action 1: resident=14485 accessed=3313 reused=3313 not_reused=0 (8.4s)
  call 186 step 187 action 1: resident=14486 accessed=3105 reused=3104 not_reused=1 (8.4s)
  call 187 step 188 action 1: resident=14486 accessed=3803 reused=3803 not_reused=0 (8.4s)
  call 188 step 189 action 1: resident=14486 accessed=3224 reused=3224 not_reused=0 (8.4s)
  call 189 step 190 action 1: resident=14486 accessed=3128 reused=3128 not_reused=0 (8.4s)
  call 190 step 191 action 1: resident=14486 accessed=3848 reused=3848 not_reused=0 (8.4s)
  call 191 step 192 action 1: resident=14486 accessed=3199 reused=3199 not_reused=0 (8.4s)
  call 192 step 193 action 1: resident=14486 accessed=7270 reused=7252 not_reused=18 (8.4s)
  call 193 step 194 action 1: resident=14487 accessed=3294 reused=3271 not_reused=23 (8.4s)
  call 194 step 195 action 1: resident=14487 accessed=7256 reused=7238 not_reused=18 (8.4s)
  call 195 step 196 action 1: resident=14510 accessed=3297 reused=3251 not_reused=46 (8.4s)
  call 196 step 197 action 1: resident=14511 accessed=7275 reused=7256 not_reused=19 (8.4s)
  call 197 step 198 action 1: resident=14534 accessed=3273 reused=3227 not_reused=46 (8.5s)
  call 198 step 199 action 1: resident=14534 accessed=7248 reused=7229 not_reused=19 (8.4s)
  call 199 step 200 action 1: resident=14557 accessed=3293 reused=3247 not_reused=46 (8.4s)
  call 200 step 201 action 1: resident=14557 accessed=7304 reused=7285 not_reused=19 (8.4s)
  call 201 step 202 action 1: resident=14557 accessed=3219 reused=3219 not_reused=0 (8.5s)
  call 202 step 203 action 1: resident=14557 accessed=3118 reused=3118 not_reused=0 (8.4s)
  call 203 step 204 action 1: resident=14556 accessed=3793 reused=3793 not_reused=0 (8.4s)
  call 204 step 205 action 1: resident=14556 accessed=3192 reused=3192 not_reused=0 (8.4s)
  call 205 step 206 action 1: resident=14555 accessed=7283 reused=7265 not_reused=18 (8.4s)
  call 206 step 207 action 1: resident=14556 accessed=3288 reused=3265 not_reused=23 (8.4s)
  call 207 step 208 action 1: resident=14556 accessed=7227 reused=7209 not_reused=18 (8.4s)
  call 208 step 209 action 1: resident=14556 accessed=3123 reused=3123 not_reused=0 (8.5s)
  call 209 step 210 action 1: resident=14556 accessed=7213 reused=7213 not_reused=0 (8.4s)
  call 210 step 211 action 1: resident=14556 accessed=3079 reused=3079 not_reused=0 (8.5s)
  call 211 step 212 action 1: resident=14556 accessed=7245 reused=7245 not_reused=0 (8.5s)
  call 212 step 213 action 1: resident=14556 accessed=3311 reused=3288 not_reused=23 (8.5s)
  call 213 step 214 action 1: resident=14556 accessed=7246 reused=7228 not_reused=18 (8.5s)
  call 214 step 215 action 1: resident=14556 accessed=3135 reused=3135 not_reused=0 (8.5s)
  call 215 step 216 action 1: resident=14556 accessed=3823 reused=3823 not_reused=0 (8.4s)
  call 216 step 217 action 1: resident=14556 accessed=7284 reused=7266 not_reused=18 (8.4s)
  call 217 step 218 action 1: resident=14556 accessed=3225 reused=3225 not_reused=0 (8.4s)
  call 218 step 219 action 1: resident=14556 accessed=7241 reused=7241 not_reused=0 (8.5s)
  call 219 step 220 action 1: resident=14556 accessed=7142 reused=7142 not_reused=0 (8.5s)
  call 220 step 221 action 1: resident=14556 accessed=3105 reused=3105 not_reused=0 (8.5s)
  call 221 step 222 action 1: resident=14556 accessed=3819 reused=3819 not_reused=0 (8.5s)
  call 222 step 223 action 1: resident=14556 accessed=7246 reused=7228 not_reused=18 (8.4s)
  call 223 step 224 action 1: resident=14556 accessed=3097 reused=3097 not_reused=0 (8.4s)
  call 224 step 225 action 1: resident=14556 accessed=3795 reused=3795 not_reused=0 (8.4s)
  call 225 step 226 action 1: resident=14556 accessed=3199 reused=3199 not_reused=0 (8.5s)
  call 226 step 227 action 1: resident=14592 accessed=3323 reused=3287 not_reused=36 (8.5s)
  call 227 step 228 action 1: resident=14592 accessed=7282 reused=7271 not_reused=11 (8.4s)
  call 228 step 229 action 1: resident=14592 accessed=3275 reused=3257 not_reused=18 (8.5s)
  call 229 step 230 action 1: resident=14592 accessed=7253 reused=7242 not_reused=11 (8.5s)
  call 230 step 231 action 1: resident=14593 accessed=3299 reused=3275 not_reused=24 (8.5s)
  call 231 step 232 action 1: resident=14593 accessed=7238 reused=7220 not_reused=18 (8.5s)
  call 232 step 233 action 1: resident=14593 accessed=3279 reused=3279 not_reused=0 (8.5s)
  call 233 step 234 action 1: resident=14593 accessed=3104 reused=3104 not_reused=0 (8.5s)
  call 234 step 235 action 1: resident=14593 accessed=3812 reused=3812 not_reused=0 (8.5s)
  call 235 step 236 action 1: resident=14595 accessed=7214 reused=7194 not_reused=20 (8.5s)
  call 236 step 237 action 1: resident=14595 accessed=3120 reused=3120 not_reused=0 (8.5s)
  call 237 step 238 action 1: resident=14595 accessed=3129 reused=3129 not_reused=0 (8.5s)
  call 238 step 239 action 1: resident=14595 accessed=3797 reused=3797 not_reused=0 (8.5s)
  call 239 step 240 action 1: resident=14595 accessed=7197 reused=7178 not_reused=19 (8.5s)
  call 240 step 241 action 1: resident=14595 accessed=3101 reused=3101 not_reused=0 (8.4s)
  call 241 step 242 action 1: resident=14595 accessed=3121 reused=3121 not_reused=0 (8.5s)
  call 242 step 243 action 1: resident=14595 accessed=3803 reused=3803 not_reused=0 (8.5s)
  call 243 step 244 action 1: resident=14595 accessed=5295 reused=5295 not_reused=0 (8.5s)
  call 244 step 245 action 1: resident=14595 accessed=3107 reused=3107 not_reused=0 (8.5s)
  call 245 step 246 action 1: resident=14595 accessed=3833 reused=3833 not_reused=0 (8.5s)
  call 246 step 247 action 1: resident=14595 accessed=5270 reused=5270 not_reused=0 (8.5s)
  call 247 step 249 action 1: resident=14595 accessed=3112 reused=3112 not_reused=0 (8.5s)
  call 248 step 250 action 1: resident=14595 accessed=3802 reused=3802 not_reused=0 (8.5s)
[26/58] django__django-11964: steps=248 reused=0.9841671394513218 not_reused=0.015832860548678218 err=None
[27/58] django__django-11999
  call 0 step 0 action 0: resident=639 accessed=0 reused=0 not_reused=0 (3.6s)
  call 1 step 1 action 1: resident=5230 accessed=5110 reused=0 not_reused=5110 (3.0s)
  call 2 step 2 action 1: resident=5472 accessed=3417 reused=3161 not_reused=256 (4.5s)
  call 3 step 3 action 1: resident=5494 accessed=3194 reused=3171 not_reused=23 (4.6s)
  call 4 step 4 action 1: resident=5691 accessed=3552 reused=3347 not_reused=205 (4.6s)
  call 5 step 5 action 1: resident=5691 accessed=3190 reused=3190 not_reused=0 (4.7s)
  call 6 step 6 action 1: resident=5691 accessed=3220 reused=3214 not_reused=6 (4.7s)
  call 7 step 7 action 1: resident=5691 accessed=3327 reused=3327 not_reused=0 (4.7s)
  call 8 step 8 action 1: resident=5691 accessed=3308 reused=3308 not_reused=0 (4.7s)
  call 9 step 9 action 1: resident=5691 accessed=3323 reused=3323 not_reused=0 (4.7s)
  call 10 step 10 action 1: resident=8743 accessed=6364 reused=3312 not_reused=3052 (5.1s)
  call 11 step 11 action 1: resident=8743 accessed=3174 reused=3174 not_reused=0 (5.7s)
  call 12 step 12 action 1: resident=8753 accessed=3130 reused=3120 not_reused=10 (5.7s)
  call 13 step 13 action 1: resident=15515 accessed=10121 reused=3359 not_reused=6762 (6.3s)
  call 14 step 14 action 1: resident=15515 accessed=3107 reused=3107 not_reused=0 (7.1s)
  call 15 step 15 action 1: resident=16123 accessed=7345 reused=6737 not_reused=608 (7.2s)
  call 16 step 16 action 1: resident=16196 accessed=3276 reused=3203 not_reused=73 (7.3s)
  call 17 step 18 action 1: resident=16197 accessed=3119 reused=3118 not_reused=1 (7.3s)
  call 18 step 19 action 1: resident=16197 accessed=3225 reused=3225 not_reused=0 (7.3s)
  call 19 step 20 action 1: resident=16197 accessed=3208 reused=3208 not_reused=0 (7.3s)
  call 20 step 21 action 1: resident=16197 accessed=3109 reused=3109 not_reused=0 (7.3s)
  call 21 step 22 action 1: resident=16197 accessed=3102 reused=3102 not_reused=0 (7.3s)
  call 22 step 23 action 1: resident=16244 accessed=3318 reused=3271 not_reused=47 (7.3s)
  call 23 step 24 action 1: resident=16294 accessed=3301 reused=3251 not_reused=50 (7.3s)
  call 24 step 25 action 1: resident=16294 accessed=3196 reused=3196 not_reused=0 (7.3s)
  call 25 step 26 action 1: resident=16294 accessed=5293 reused=5293 not_reused=0 (7.3s)
  call 26 step 27 action 1: resident=16294 accessed=3213 reused=3191 not_reused=22 (7.3s)
  call 27 step 28 action 1: resident=16294 accessed=3178 reused=3178 not_reused=0 (7.3s)
  call 28 step 29 action 1: resident=16294 accessed=3215 reused=3215 not_reused=0 (7.3s)
  call 29 step 30 action 1: resident=16294 accessed=6938 reused=6920 not_reused=18 (7.3s)
  call 30 step 31 action 1: resident=19801 accessed=7273 reused=3766 not_reused=3507 (7.4s)
  call 31 step 32 action 1: resident=19802 accessed=4068 reused=4067 not_reused=1 (7.5s)
  call 32 step 33 action 1: resident=19802 accessed=3100 reused=3099 not_reused=1 (7.5s)
  call 33 step 34 action 1: resident=19802 accessed=3097 reused=3097 not_reused=0 (7.5s)
[27/58] django__django-11999: steps=33 reused=0.8516125639503873 not_reused=0.14838743604961274 err=None
